,Timestamp,Acc-x, Acc-y, Acc-z,Time
1,1640237328595,0.2838642,3.404574,9.025564,2021:12:23:14:28:48.595
2,1640237328616,0.30781898,3.4237378,9.01179,2021:12:23:14:28:48.616
3,1640237328635,0.3174009,3.4291275,8.983644,2021:12:23:14:28:48.635
4,1640237328661,0.31260994,3.4339185,8.992626,2021:12:23:14:28:48.661
5,1640237328677,0.35572857,3.4189467,9.016582,2021:12:23:14:28:48.677
6,1640237328698,0.3653105,3.3949919,9.006999,2021:12:23:14:28:48.698
7,1640237328715,0.36051953,3.4291275,9.030355,2021:12:23:14:28:48.715
8,1640237328743,0.36051953,3.4291275,9.016582,2021:12:23:14:28:48.743
9,1640237328759,0.38507318,3.4141557,9.002209,2021:12:23:14:28:48.759
10,1640237328779,0.3653105,3.4189467,9.01179,2021:12:23:14:28:48.779
11,1640237328797,0.34614664,3.4291275,9.006999,2021:12:23:14:28:48.797
12,1640237328820,0.3509376,3.4387095,8.978852,2021:12:23:14:28:48.820
13,1640237328843,0.33656475,3.4339185,8.987836,2021:12:23:14:28:48.843
14,1640237328860,0.2976382,3.399783,9.05431,2021:12:23:14:28:48.860
15,1640237328878,0.3120111,3.409365,9.039937,2021:12:23:14:28:48.878
16,1640237328901,0.2976382,3.4578733,8.983644,2021:12:23:14:28:48.901
17,1640237328919,0.28805628,3.4339185,8.987836,2021:12:23:14:28:48.919
18,1640237328943,0.28326535,3.404574,9.020773,2021:12:23:14:28:48.943
19,1640237328959,0.28805628,3.404574,9.035146,2021:12:23:14:28:48.959
20,1640237328982,0.29284725,3.4189467,9.006999,2021:12:23:14:28:48.982
21,1640237329000,0.26889247,3.4482913,8.997417,2021:12:23:14:28:49.000
22,1640237329026,0.2641015,3.4387095,8.987836,2021:12:23:14:28:49.026
23,1640237329043,0.28326535,3.4339185,9.030355,2021:12:23:14:28:49.043
24,1640237329062,0.2976382,3.4189467,9.030355,2021:12:23:14:28:49.062
25,1640237329079,0.2976382,3.4243367,9.01179,2021:12:23:14:28:49.079
26,1640237329103,0.3120111,3.4626641,8.987836,2021:12:23:14:28:49.103
27,1640237329128,0.321593,3.4243367,8.987836,2021:12:23:14:28:49.128
28,1640237329142,0.3120111,3.3949919,9.04952,2021:12:23:14:28:49.142
29,1640237329162,0.30722013,3.4141557,9.044728,2021:12:23:14:28:49.162
30,1640237329182,0.321593,3.4141557,9.01179,2021:12:23:14:28:49.182
31,1640237329201,0.34075683,3.4626641,8.997417,2021:12:23:14:28:49.201
32,1640237329227,0.34075683,3.4387095,8.983045,2021:12:23:14:28:49.227
33,1640237329244,0.25451958,3.390201,9.05431,2021:12:23:14:28:49.244
34,1640237329263,0.15810159,3.404574,9.063293,2021:12:23:14:28:49.263
35,1640237329285,0.0670734,3.4770372,9.002209,2021:12:23:14:28:49.285
36,1640237329309,-0.038926527,3.5249467,8.997417,2021:12:23:14:28:49.309
37,1640237329326,-0.10120897,3.4482913,9.04952,2021:12:23:14:28:49.326
38,1640237329345,-0.14432758,3.5153646,9.058502,2021:12:23:14:28:49.345
39,1640237329366,-0.2838642,3.6405284,8.936333,2021:12:23:14:28:49.366
40,1640237329393,-0.4521466,3.7273645,8.907587,2021:12:23:14:28:49.393
41,1640237329408,-0.44256467,3.8716922,9.01179,2021:12:23:14:28:49.408
42,1640237329426,-0.38926527,3.9339747,8.738107,2021:12:23:14:28:49.426
43,1640237329447,-0.36051953,3.9339747,8.917169,2021:12:23:14:28:49.447
44,1640237329467,-0.3174009,3.9004378,8.851294,2021:12:23:14:28:49.467
45,1640237329492,-0.37010142,3.8573194,8.841711,2021:12:23:14:28:49.492
46,1640237329508,-0.16349141,3.8669012,8.874649,2021:12:23:14:28:49.508
47,1640237329528,0.09102818,3.8183928,8.889022,2021:12:23:14:28:49.528
48,1640237329546,0.15331063,3.80402,8.865666,2021:12:23:14:28:49.546
49,1640237329567,0.35033873,3.7082007,8.851294,2021:12:23:14:28:49.567
50,1640237329587,0.7929034,3.6117828,8.823146,2021:12:23:14:28:49.587
51,1640237329609,1.5277164,3.4243367,8.808773,2021:12:23:14:28:49.609
52,1640237329626,1.778044,3.3710372,8.92196,2021:12:23:14:28:49.626
53,1640237329647,1.6289254,3.4339185,8.92196,2021:12:23:14:28:49.647
54,1640237329669,1.5714339,3.496201,8.7944,2021:12:23:14:28:49.669
55,1640237329693,1.7055807,3.5489016,8.874649,2021:12:23:14:28:49.693
56,1640237329710,1.6480893,3.5297377,8.903395,2021:12:23:14:28:49.710
57,1640237329730,1.470225,3.5153646,8.846502,2021:12:23:14:28:49.730
58,1640237329750,1.561852,3.5638733,8.818356,2021:12:23:14:28:49.750
59,1640237329775,1.4941797,3.5489016,9.04952,2021:12:23:14:28:49.775
60,1640237329792,1.254033,3.6117828,8.893813,2021:12:23:14:28:49.792
61,1640237329811,1.1288693,3.5489016,8.884231,2021:12:23:14:28:49.811
62,1640237329831,1.2492421,3.6261556,8.931541,2021:12:23:14:28:49.831
63,1640237329852,1.2731968,3.5830371,8.771045,2021:12:23:14:28:49.852
64,1640237329875,1.1677958,3.5297377,8.92196,2021:12:23:14:28:49.875
65,1640237329892,1.0090953,3.6022007,8.978852,2021:12:23:14:28:49.892
66,1640237329912,1.0090953,3.5009918,8.959688,2021:12:23:14:28:49.912
67,1640237329931,1.047423,3.5105739,8.8321295,2021:12:23:14:28:49.931
68,1640237329958,0.78811246,3.6309466,8.907587,2021:12:23:14:28:49.958
69,1640237329976,0.6821125,3.7561104,8.771045,2021:12:23:14:28:49.976
70,1640237329993,0.58150244,3.6405284,8.974062,2021:12:23:14:28:49.993
71,1640237330013,0.40363812,3.8525283,8.997417,2021:12:23:14:28:50.013
72,1640237330033,0.105401054,3.7752743,8.823146,2021:12:23:14:28:50.033
73,1640237330060,-0.18265525,3.6692743,8.823146,2021:12:23:14:28:50.060
74,1640237330079,-0.2982371,3.8136017,8.799191,2021:12:23:14:28:50.079
75,1640237330094,-0.35572857,3.8812742,8.917169,2021:12:23:14:28:50.094
76,1640237330114,-0.053299397,3.6165738,8.987836,2021:12:23:14:28:50.114
77,1640237330133,0.21140099,3.6069918,9.05431,2021:12:23:14:28:50.133
78,1640237330153,0.0,3.9052289,8.813564,2021:12:23:14:28:50.153
79,1640237330179,0.20661002,3.886065,8.351237,2021:12:23:14:28:50.179
80,1640237330195,0.2209829,4.0351834,9.077666,2021:12:23:14:28:50.195
81,1640237330214,-0.20720889,4.376539,9.092039,2021:12:23:14:28:50.214
82,1640237330234,0.4084291,3.8231838,8.176966,2021:12:23:14:28:50.234
83,1640237330254,0.21140099,3.9387655,9.176479,2021:12:23:14:28:50.254
84,1640237330281,0.48987538,3.8716922,8.775836,2021:12:23:14:28:50.281
85,1640237330298,-0.29344612,3.6261556,8.454842,2021:12:23:14:28:50.298
86,1640237330315,0.1772654,3.987274,8.766253,2021:12:23:14:28:50.315
87,1640237330343,0.5521578,3.7082007,9.068084,2021:12:23:14:28:50.343
88,1640237330358,0.62462103,4.1507654,8.332672,2021:12:23:14:28:50.358
89,1640237330379,1.0570049,3.9052289,8.469214,2021:12:23:14:28:50.379
90,1640237330395,1.6337163,3.996856,8.926751,2021:12:23:14:28:50.395
91,1640237330420,2.3547554,3.9776921,8.360819,2021:12:23:14:28:50.420
92,1640237330443,2.4218287,3.5153646,8.87944,2021:12:23:14:28:50.443
93,1640237330459,2.9793766,3.8764832,8.75248,2021:12:23:14:28:50.459
94,1640237330477,3.229105,3.6692743,8.337463,2021:12:23:14:28:50.477
95,1640237330499,2.623648,3.895647,8.903395,2021:12:23:14:28:50.499
96,1640237330517,2.488902,3.409365,8.756672,2021:12:23:14:28:50.517
97,1640237330543,2.2918742,3.6644833,8.92196,2021:12:23:14:28:50.543
98,1640237330558,2.1289816,3.2602463,8.690796,2021:12:23:14:28:50.558
99,1640237330580,2.2200098,3.2075458,8.57761,2021:12:23:14:28:50.580
100,1640237330599,2.176891,3.6788561,9.242954,2021:12:23:14:28:50.599
101,1640237330620,2.2535465,3.587828,7.983531,2021:12:23:14:28:50.620
102,1640237330646,1.6576711,4.588539,8.62013,2021:12:23:14:28:50.646
103,1640237330661,1.3402703,4.896358,9.101022,2021:12:23:14:28:50.661
104,1640237330679,1.1336602,4.1507654,7.7050567,2021:12:23:14:28:50.679
105,1640237330700,1.6145525,5.045477,8.412921,2021:12:23:14:28:50.700
106,1640237330731,1.893027,5.2526855,8.06857,2021:12:23:14:28:50.731
107,1640237330745,0.6198301,5.608414,7.9032826,2021:12:23:14:28:50.745
108,1640237330761,0.5665307,5.8491597,8.23326,2021:12:23:14:28:50.761
109,1640237330781,0.038327657,6.32586,7.648763,2021:12:23:14:28:50.781
110,1640237330799,0.28805628,7.1678705,7.535577,2021:12:23:14:28:50.799
111,1640237330825,0.50424826,7.239735,6.903769,2021:12:23:14:28:50.825
112,1640237330844,0.24972863,7.0954075,7.8230343,2021:12:23:14:28:50.844
113,1640237330862,1.0090953,7.537972,7.7290115,2021:12:23:14:28:50.862
114,1640237330883,0.61024815,7.947,8.124865,2021:12:23:14:28:50.883
115,1640237330911,1.0713778,8.100909,7.110978,2021:12:23:14:28:50.911
116,1640237330925,0.4946663,7.0618706,7.0451026,2021:12:23:14:28:50.925
117,1640237330942,0.30242917,5.4880414,7.0451026,2021:12:23:14:28:50.942
118,1640237330962,1.7013886,7.3936443,8.129655,2021:12:23:14:28:50.962
119,1640237330984,2.8452296,4.670584,8.40813,2021:12:23:14:28:50.984
120,1640237331010,1.9511173,5.213759,7.8469887,2021:12:23:14:28:51.010
121,1640237331026,1.3073324,2.8416364,10.501778,2021:12:23:14:28:51.026
122,1640237331059,0.39884716,3.3375006,9.120186,2021:12:23:14:28:51.059
123,1640237331077,-1.0432309,3.0488453,9.629225,2021:12:23:14:28:51.077
124,1640237331093,-1.2929596,3.8136017,8.162593,2021:12:23:14:28:51.093
125,1640237331116,-2.2972639,4.997567,7.606243,2021:12:23:14:28:51.116
126,1640237331145,-2.4847102,5.8539505,9.511248,2021:12:23:14:28:51.145
127,1640237331161,-1.5426881,5.329341,7.7475767,2021:12:23:14:28:51.161
128,1640237331179,-0.72103906,4.612494,8.903395,2021:12:23:14:28:51.179
129,1640237331201,-1.0959314,3.164427,9.059101,2021:12:23:14:28:51.201
130,1640237331211,-1.2785866,2.8272636,9.879553,2021:12:23:14:28:51.211
131,1640237331233,-0.7689486,0.849796,10.030468,2021:12:23:14:28:51.233
132,1640237331258,0.28805628,1.061197,10.440693,2021:12:23:14:28:51.258
133,1640237331275,0.5767115,0.54197705,10.4167385,2021:12:23:14:28:51.275
134,1640237331293,1.1821686,0.98454165,9.7897215,2021:12:23:14:28:51.293
135,1640237331317,1.3264962,2.7458172,9.384287,2021:12:23:14:28:51.317
136,1640237331343,1.8163716,2.1876707,9.299248,2021:12:23:14:28:51.343
137,1640237331360,1.9606992,3.2075458,8.813564,2021:12:23:14:28:51.360
138,1640237331377,1.0713778,2.4954898,7.8469887,2021:12:23:14:28:51.377
139,1640237331408,1.4995695,2.273908,8.761463,2021:12:23:14:28:51.408
140,1640237331427,1.1869596,2.1056256,10.803608,2021:12:23:14:28:51.427
141,1640237331443,1.0138863,1.1336602,13.185313,2021:12:23:14:28:51.443
142,1640237331463,2.4463825,1.9325523,9.511248,2021:12:23:14:28:51.463
143,1640237331475,3.5081782,1.8073885,8.808773,2021:12:23:14:28:51.475
144,1640237331491,3.8255792,2.0864618,9.336976,2021:12:23:14:28:51.491
145,1640237331509,2.7871392,1.55227,9.148333,2021:12:23:14:28:51.509
146,1640237331528,1.6432983,2.4038627,8.285361,2021:12:23:14:28:51.528
147,1640237331550,2.0858629,0.8833327,9.021372,2021:12:23:14:28:51.550
148,1640237331575,1.7684621,1.4947786,10.265823,2021:12:23:14:28:51.575
149,1640237331597,1.9702811,1.9181794,8.162593,2021:12:23:14:28:51.597
150,1640237331616,2.2685182,2.6973088,9.072875,2021:12:23:14:28:51.616
151,1640237331643,2.6386197,3.3087547,9.299248,2021:12:23:14:28:51.643
152,1640237331662,3.5369241,2.764981,7.9224463,2021:12:23:14:28:51.662
153,1640237331680,2.518247,4.5693755,9.902908,2021:12:23:14:28:51.680
154,1640237331708,1.143841,4.3525844,8.771045,2021:12:23:14:28:51.708
155,1640237331724,0.8935135,4.319048,5.7719054,2021:12:23:14:28:51.724
156,1640237331730,1.0138863,5.247895,8.323091,2021:12:23:14:28:51.730
157,1640237331757,2.1146088,5.1610584,8.398548,2021:12:23:14:28:51.757
158,1640237331777,1.047423,4.588539,8.412921,2021:12:23:14:28:51.777
159,1640237331794,1.8019987,5.021522,7.1768537,2021:12:23:14:28:51.794
160,1640237331811,3.1859865,4.69933,8.229068,2021:12:23:14:28:51.811
161,1640237331833,2.9314668,6.0899053,8.483587,2021:12:23:14:28:51.833
162,1640237331853,2.2493544,4.0399747,6.375566,2021:12:23:14:28:51.853
163,1640237331877,1.8067896,4.28072,8.224277,2021:12:23:14:28:51.877
164,1640237331897,1.3360782,4.271138,9.91249,2021:12:23:14:28:51.897
165,1640237331925,1.2300782,4.1124377,7.1768537,2021:12:23:14:28:51.925
166,1640237331944,1.0186772,4.102257,10.044242,2021:12:23:14:28:51.944
167,1640237331964,0.7593667,4.79994,9.464536,2021:12:23:14:28:51.964
168,1640237331991,-0.029344613,5.0598497,7.0025826,2021:12:23:14:28:51.991
169,1640237332011,-0.822248,5.0742226,7.9553843,2021:12:23:14:28:52.011
170,1640237332032,-0.96657556,5.632968,7.5403676,2021:12:23:14:28:52.032
171,1640237332057,-0.918666,4.8532395,8.903395,2021:12:23:14:28:52.057
172,1640237332074,-0.28925404,4.896358,10.732942,2021:12:23:14:28:52.074
173,1640237332075,0.2012202,3.6836472,9.284875,2021:12:23:14:28:52.075
174,1640237332108,0.6527679,3.6788561,6.9792266,2021:12:23:14:28:52.108
175,1640237332125,0.9366321,1.8169705,9.2944565,2021:12:23:14:28:52.125
176,1640237332143,1.4169255,2.3799078,10.171801,2021:12:23:14:28:52.143
177,1640237332157,0.78751355,3.274619,7.445746,2021:12:23:14:28:52.157
178,1640237332190,-0.04850844,3.169218,9.35135,2021:12:23:14:28:52.190
179,1640237332208,-0.038926527,2.7068908,10.926376,2021:12:23:14:28:52.208
180,1640237332226,-0.1497174,-0.20421454,11.0443535,2021:12:23:14:28:52.226
181,1640237332242,0.0041920873,3.9052289,7.3894525,2021:12:23:14:28:52.242
182,1640237332274,-0.39465508,1.9900438,9.355541,2021:12:23:14:28:52.274
183,1640237332290,-0.67372835,3.7465284,6.068945,2021:12:23:14:28:52.290
184,1640237332308,-0.8372198,3.380619,9.087248,2021:12:23:14:28:52.308
185,1640237332327,1.1288693,3.987274,12.383427,2021:12:23:14:28:52.327
186,1640237332358,1.0755699,3.6644833,8.6009655,2021:12:23:14:28:52.358
187,1640237332375,0.1676835,4.1124377,7.3702884,2021:12:23:14:28:52.375
188,1640237332394,0.095220275,2.38949,8.587192,2021:12:23:14:28:52.394
189,1640237332414,-0.38507318,3.0200996,8.860875,2021:12:23:14:28:52.414
190,1640237332426,-1.134858,2.2451622,12.600217,2021:12:23:14:28:52.426
191,1640237332445,-1.0582026,1.7157615,11.732455,2021:12:23:14:28:52.445
192,1640237332464,-0.84201074,4.0303926,7.4271812,2021:12:23:14:28:52.464
193,1640237332490,-0.80368304,2.4182355,6.761837,2021:12:23:14:28:52.490
194,1640237332506,0.18205637,3.9100199,10.322716,2021:12:23:14:28:52.506
195,1640237332532,1.0803608,4.227421,8.6009655,2021:12:23:14:28:52.532
196,1640237332556,1.4408803,2.9140997,10.525134,2021:12:23:14:28:52.556
197,1640237332576,1.6091627,3.1596363,9.153124,2021:12:23:14:28:52.576
198,1640237332592,1.1091065,1.9373432,7.7290115,2021:12:23:14:28:52.592
199,1640237332624,0.36411273,1.6678519,10.780252,2021:12:23:14:28:52.624
200,1640237332641,0.85458696,1.5378972,10.676049,2021:12:23:14:28:52.641
201,1640237332659,0.82584125,2.28349,9.846016,2021:12:23:14:28:52.659
202,1640237332675,2.089456,5.1754313,4.6915445,2021:12:23:14:28:52.675
203,1640237332682,1.5175357,2.6350265,6.4510236,2021:12:23:14:28:52.682
204,1640237332706,0.4988584,2.9668002,12.680466,2021:12:23:14:28:52.706
205,1640237332723,-0.27488115,2.5481904,9.01179,2021:12:23:14:28:52.723
206,1640237332743,0.7102594,3.6836472,9.200435,2021:12:23:14:28:52.743
207,1640237332764,-0.3707003,3.3183367,9.2944565,2021:12:23:14:28:52.764
208,1640237332792,0.7102594,4.198675,8.766253,2021:12:23:14:28:52.792
209,1640237332811,0.7198413,4.766403,8.959688,2021:12:23:14:28:52.811
210,1640237332831,0.14312984,3.7321556,9.238163,2021:12:23:14:28:52.831
211,1640237332849,-0.27488115,4.6316576,8.676423,2021:12:23:14:28:52.849
212,1640237332879,-0.15450837,3.4578733,8.521316,2021:12:23:14:28:52.879
213,1640237332898,-0.81326497,3.8333645,8.856084,2021:12:23:14:28:52.898
214,1640237332923,-1.322903,3.197964,9.52562,2021:12:23:14:28:52.923
215,1640237332940,-1.6109593,3.8183928,9.751993,2021:12:23:14:28:52.940
216,1640237332959,-0.6976831,3.9483476,7.667328,2021:12:23:14:28:52.959
217,1640237332983,-0.9276491,4.213048,8.176966,2021:12:23:14:28:52.983
218,1640237333009,-1.2396601,6.407306,8.672231,2021:12:23:14:28:53.009
219,1640237333028,-1.3791968,3.6644833,10.091552,2021:12:23:14:28:53.028
220,1640237333029,-1.975072,3.5584834,9.964592,2021:12:23:14:28:53.029
221,1640237333059,-2.5901113,4.415466,8.049407,2021:12:23:14:28:53.059
222,1640237333075,-1.153423,4.3334208,7.323577,2021:12:23:14:28:53.075
223,1640237333091,-1.6965977,3.7177827,9.072875,2021:12:23:14:28:53.091
224,1640237333112,-2.3499644,3.70341,9.072875,2021:12:23:14:28:53.112
225,1640237333139,-1.676835,2.6685631,7.469701,2021:12:23:14:28:53.139
226,1640237333162,-1.984654,2.7841449,9.799304,2021:12:23:14:28:53.162
227,1640237333179,-1.4941797,3.3662462,9.374705,2021:12:23:14:28:53.179
228,1640237333196,0.18265525,2.682936,8.323091,2021:12:23:14:28:53.196
229,1640237333223,-0.532994,1.1049144,12.591234,2021:12:23:14:28:53.223
230,1640237333243,-1.3019426,0.9749598,11.8366585,2021:12:23:14:28:53.243
231,1640237333264,-1.6097616,2.9140997,8.846502,2021:12:23:14:28:53.264
232,1640237333288,-0.61024815,4.0639296,7.3846617,2021:12:23:14:28:53.288
233,1640237333289,-1.3258973,5.2431035,6.1587753,2021:12:23:14:28:53.289
234,1640237333313,-2.3212187,3.2362914,8.506943,2021:12:23:14:28:53.313
235,1640237333332,-1.3019426,3.8764832,11.7043085,2021:12:23:14:28:53.332
236,1640237333359,0.32698283,3.1548452,9.889134,2021:12:23:14:28:53.359
237,1640237333375,1.0432309,2.8368454,8.101508,2021:12:23:14:28:53.375
238,1640237333397,0.7018752,2.8224726,7.2289553,2021:12:23:14:28:53.397
239,1640237333422,-0.78751355,1.4798069,10.888648,2021:12:23:14:28:53.422
240,1640237333437,-0.77793163,2.9620092,9.56814,2021:12:23:14:28:53.437
241,1640237333458,-0.5856945,3.0099187,8.941124,2021:12:23:14:28:53.458
242,1640237333481,-1.254033,3.3422914,10.228693,2021:12:23:14:28:53.481
243,1640237333507,-0.6240222,3.69802,8.351237,2021:12:23:14:28:53.507
244,1640237333524,-0.836022,3.49141,9.143541,2021:12:23:14:28:53.524
245,1640237333543,-0.67732155,4.7951493,6.7672267,2021:12:23:14:28:53.543
246,1640237333570,-1.2103156,3.1494553,9.445372,2021:12:23:14:28:53.570
247,1640237333594,-1.254033,3.6884382,8.62013,2021:12:23:14:28:53.594
248,1640237333611,-1.1049144,3.70341,8.035633,2021:12:23:14:28:53.611
249,1640237333627,-0.8695587,2.5002806,9.992739,2021:12:23:14:28:53.627
250,1640237333637,-0.3120111,2.9045177,7.8613615,2021:12:23:14:28:53.637
251,1640237333660,-0.19163829,3.0344725,8.672231,2021:12:23:14:28:53.660
252,1640237333680,0.5485646,3.2554553,8.045215,2021:12:23:14:28:53.680
253,1640237333708,0.43298274,2.2499533,9.177078,2021:12:23:14:28:53.708
254,1640237333725,0.8414118,2.8608003,10.138863,2021:12:23:14:28:53.725
255,1640237333744,1.1731856,2.9380543,8.681813,2021:12:23:14:28:53.744
256,1640237333763,1.1252761,3.6357377,8.695587,2021:12:23:14:28:53.763
257,1640237333787,0.500655,2.8853538,9.572931,2021:12:23:14:28:53.787
258,1640237333806,1.5480781,4.5406294,7.266684,2021:12:23:14:28:53.806
259,1640237333837,0.8515926,3.808811,9.115395,2021:12:23:14:28:53.837
260,1640237333855,0.33237264,2.6685631,9.9077,2021:12:23:14:28:53.855
261,1640237333871,0.15929933,2.779354,9.582513,2021:12:23:14:28:53.871
262,1640237333890,1.1923494,2.3218176,9.063892,2021:12:23:14:28:53.890
263,1640237333896,1.0582026,2.8949358,9.002209,2021:12:23:14:28:53.896
264,1640237333923,0.58689225,3.1063368,9.030954,2021:12:23:14:28:53.923
265,1640237333941,0.16409028,2.774563,8.591983,2021:12:23:14:28:53.941
266,1640237333959,0.25571734,3.886065,8.978852,2021:12:23:14:28:53.959
267,1640237333979,0.418011,2.7601902,9.502265,2021:12:23:14:28:53.979
268,1640237334006,0.2641015,2.7308455,10.780252,2021:12:23:14:28:54.006
269,1640237334025,0.48987538,1.9996257,9.228581,2021:12:23:14:28:54.025
270,1640237334046,1.152824,3.7944381,8.70996,2021:12:23:14:28:54.046
271,1640237334062,0.32638395,1.5235244,9.56814,2021:12:23:14:28:54.062
272,1640237334091,0.062282443,4.343003,9.13396,2021:12:23:14:28:54.091
273,1640237334109,0.6677396,2.764981,7.4128084,2021:12:23:14:28:54.109
274,1640237334127,1.5905977,2.5966988,8.308718,2021:12:23:14:28:54.127
275,1640237334149,0.4850844,2.8272636,9.86997,2021:12:23:14:28:54.149
276,1640237334176,0.3886664,2.5529811,8.742898,2021:12:23:14:28:54.176
277,1640237334196,0.39345735,3.0248904,8.8321295,2021:12:23:14:28:54.196
278,1640237334214,0.54736686,2.9476364,8.738107,2021:12:23:14:28:54.214
279,1640237334238,0.0670734,3.0584273,9.002209,2021:12:23:14:28:54.238
280,1640237334242,-0.20241794,3.9627204,8.294943,2021:12:23:14:28:54.242
281,1640237334273,-0.9426208,3.6357377,9.092039,2021:12:23:14:28:54.273
282,1640237334291,-0.5964742,3.486619,9.3603325,2021:12:23:14:28:54.291
283,1640237334309,-1.0049032,3.8573194,9.379497,2021:12:23:14:28:54.309
284,1640237334326,-0.83662087,3.005128,8.87944,2021:12:23:14:28:54.326
285,1640237334355,-0.92345697,3.3470824,9.719055,2021:12:23:14:28:54.355
286,1640237334375,-0.21679081,2.769772,9.52562,2021:12:23:14:28:54.375
287,1640237334392,0.052101657,3.0200996,10.030468,2021:12:23:14:28:54.392
288,1640237334411,0.8210503,2.1295805,9.827451,2021:12:23:14:28:54.411
289,1640237334437,0.67732155,2.5002806,9.332186,2021:12:23:14:28:54.437
290,1640237334456,0.39345735,3.9579294,5.6018267,2021:12:23:14:28:54.456
291,1640237334477,0.7923045,2.8655913,8.544672,2021:12:23:14:28:54.477
292,1640237334497,1.6864169,1.2636149,9.8885355,2021:12:23:14:28:54.497
293,1640237334506,-0.7743384,5.526968,8.341655,2021:12:23:14:28:54.506
294,1640237334523,1.364225,0.32997715,10.836546,2021:12:23:14:28:54.523
295,1640237334545,-2.273908,4.5262566,11.831867,2021:12:23:14:28:54.545
296,1640237334563,1.9217727,0.21439533,5.9743233,2021:12:23:14:28:54.563
297,1640237334586,-1.3558408,4.295093,13.331437,2021:12:23:14:28:54.586
298,1640237334611,1.8451173,1.1336602,6.0737357,2021:12:23:14:28:54.611
299,1640237334630,-0.5533555,5.507804,8.803983,2021:12:23:14:28:54.630
300,1640237334652,0.78751355,-0.66115206,10.101134,2021:12:23:14:28:54.652
301,1640237334672,0.4413669,5.310177,8.162593,2021:12:23:14:28:54.672
302,1640237334706,0.532994,0.26769474,9.601078,2021:12:23:14:28:54.706
303,1640237334722,0.35033873,4.4585843,11.015608,2021:12:23:14:28:54.722
304,1640237334737,0.8210503,2.3846989,4.635251,2021:12:23:14:28:54.737
305,1640237334756,-1.4229143,4.790358,14.533967,2021:12:23:14:28:54.756
306,1640237334780,1.2151065,0.62821424,6.8420854,2021:12:23:14:28:54.780
307,1640237334805,0.47969458,5.0502677,2.7913313,2021:12:23:14:28:54.805
308,1640237334822,0.7156492,3.188382,8.262006,2021:12:23:14:28:54.822
309,1640237334843,-3.821387,-0.9114796,20.782574,2021:12:23:14:28:54.843
310,1640237334854,3.5411162,1.9325523,10.049032,2021:12:23:14:28:54.854
311,1640237334873,0.17247446,2.18288,3.9657147,2021:12:23:14:28:54.873
312,1640237334890,3.1805966,4.3382115,5.503013,2021:12:23:14:28:54.890
313,1640237334907,-2.793128,0.6330052,21.273046,2021:12:23:14:28:54.907
314,1640237334928,2.2918742,1.874462,18.697908,2021:12:23:14:28:54.928
315,1640237334961,0.061683573,3.6069918,1.8714676,2021:12:23:14:28:54.961
316,1640237334986,4.5699744,4.626867,-2.9620092,2021:12:23:14:28:54.986
317,1640237335005,0.18684733,-0.27128795,18.759592,2021:12:23:14:28:55.005
318,1640237335021,-5.301793,-6.6276903,44.909233,2021:12:23:14:28:55.021
319,1640237335043,3.6998167,-1.7439084,2.508066,2021:12:23:14:28:55.043
320,1640237335071,-2.5284276,4.193884,4.1256127,2021:12:23:14:28:55.071
321,1640237335090,5.6898603,3.0200996,6.6534414,2021:12:23:14:28:55.090
322,1640237335107,3.4117603,2.5913088,10.303552,2021:12:23:14:28:55.107
323,1640237335109,1.4648352,0.41202232,8.738107,2021:12:23:14:28:55.109
324,1640237335130,2.2631283,9.472321,2.9182918,2021:12:23:14:28:55.130
325,1640237335155,4.728076,-0.95938915,7.327769,2021:12:23:14:28:55.155
326,1640237335171,4.6514206,3.890856,10.034659,2021:12:23:14:28:55.171
327,1640237335189,1.8445184,8.390163,1.5696373,2021:12:23:14:28:55.189
328,1640237335221,-0.8030842,1.2055246,8.346446,2021:12:23:14:28:55.221
329,1640237335238,1.479208,2.793727,9.983157,2021:12:23:14:28:55.238
330,1640237335258,-0.6204289,2.5966988,14.887899,2021:12:23:14:28:55.258
331,1640237335275,-2.2355804,4.1124377,7.860763,2021:12:23:14:28:55.275
332,1640237335305,2.3493655,7.418198,-0.6419883,2021:12:23:14:28:55.305
333,1640237335323,3.1949694,4.7951493,12.279822,2021:12:23:14:28:55.323
334,1640237335343,1.3306884,0.9941236,10.704795,2021:12:23:14:28:55.343
335,1640237335361,-0.24134447,0.61384135,8.723734,2021:12:23:14:28:55.361
336,1640237335389,2.5416028,2.0912528,7.497848,2021:12:23:14:28:55.389
337,1640237335409,7.347532,17.258224,1.6876147,2021:12:23:14:28:55.409
338,1640237335428,1.787027,4.0591383,16.962383,2021:12:23:14:28:55.428
339,1640237335454,0.2012202,-3.505184,7.1960177,2021:12:23:14:28:55.454
340,1640237335455,-2.375117,6.931916,4.894562,2021:12:23:14:28:55.455
341,1640237335476,-2.6248455,0.23355916,13.670996,2021:12:23:14:28:55.476
342,1640237335497,-1.2360669,-2.3547554,15.302916,2021:12:23:14:28:55.497
343,1640237335522,4.891567,3.0200996,7.7379947,2021:12:23:14:28:55.522
344,1640237335538,3.771681,2.3122356,9.068084,2021:12:23:14:28:55.538
345,1640237335570,1.0372422,2.18288,7.7757235,2021:12:23:14:28:55.570
346,1640237335590,0.03293783,2.7116816,8.421904,2021:12:23:14:28:55.590
347,1640237335605,2.0559194,4.3477936,8.596773,2021:12:23:14:28:55.605
348,1640237335624,2.522439,2.7068908,9.025564,2021:12:23:14:28:55.624
349,1640237335654,1.8397275,2.2978628,10.020885,2021:12:23:14:28:55.654
350,1640237335672,2.5751395,3.409365,12.421155,2021:12:23:14:28:55.672
351,1640237335690,-2.2547443,4.7951493,8.181757,2021:12:23:14:28:55.690
352,1640237335711,-2.370326,3.5345285,4.0315905,2021:12:23:14:28:55.711
353,1640237335721,-1.6732417,1.6001797,11.1102295,2021:12:23:14:28:55.721
354,1640237335740,4.1417823,5.4401317,9.714264,2021:12:23:14:28:55.740
355,1640237335758,0.37848562,0.5228132,7.827825,2021:12:23:14:28:55.758
356,1640237335778,-2.2259984,5.295804,9.374705,2021:12:23:14:28:55.778
357,1640237335803,1.6091627,4.0687203,8.539881,2021:12:23:14:28:55.803
358,1640237335824,0.89291465,3.7656922,8.836921,2021:12:23:14:28:55.824
359,1640237335846,-0.6641464,4.598121,8.70996,2021:12:23:14:28:55.846
360,1640237335862,-1.3660216,4.083093,8.006887,2021:12:23:14:28:55.862
361,1640237335891,-1.8079875,4.482539,7.615825,2021:12:23:14:28:55.891
362,1640237335911,-1.5103493,4.7520304,6.889396,2021:12:23:14:28:55.911
363,1640237335929,1.2055246,4.1363926,11.190478,2021:12:23:14:28:55.929
364,1640237335951,0.18624845,3.7704833,10.992252,2021:12:23:14:28:55.951
365,1640237335972,-4.681364,7.836808,6.6157126,2021:12:23:14:28:55.972
366,1640237336004,-1.9565071,5.74316,7.3894525,2021:12:23:14:28:56.004
367,1640237336021,-1.5864056,4.718494,9.299248,2021:12:23:14:28:56.021
368,1640237336037,-1.4420781,3.4530823,8.257215,2021:12:23:14:28:56.037
369,1640237336054,-0.6060561,4.5837483,9.577723,2021:12:23:14:28:56.054
370,1640237336062,-0.61084706,3.5345285,8.775836,2021:12:23:14:28:56.062
371,1640237336085,-1.1827675,2.764981,13.331437,2021:12:23:14:28:56.085
372,1640237336102,-1.3175132,4.401093,8.36561,2021:12:23:14:28:56.102
373,1640237336122,-0.15450837,5.9216228,3.5596812,2021:12:23:14:28:56.122
374,1640237336140,1.8115807,2.3074448,9.412434,2021:12:23:14:28:56.140
375,1640237336172,0.4611296,4.7951493,8.7944,2021:12:23:14:28:56.172
376,1640237336187,-0.2742823,3.784856,8.058989,2021:12:23:14:28:56.187
377,1640237336207,0.023355916,5.7916684,8.634502,2021:12:23:14:28:56.207
378,1640237336226,0.9749598,4.227421,8.06857,2021:12:23:14:28:56.226
379,1640237336257,1.157615,4.612494,8.27578,2021:12:23:14:28:56.257
380,1640237336287,1.0809597,4.7807765,7.8703446,2021:12:23:14:28:56.287
381,1640237336304,0.14372872,5.3485045,5.2574763,2021:12:23:14:28:56.304
382,1640237336319,-0.4713104,4.2082567,6.9552717,2021:12:23:14:28:56.319
383,1640237336322,-1.0049032,3.8812742,15.095108,2021:12:23:14:28:56.322
384,1640237336343,-1.4037504,5.7916684,5.18681,2021:12:23:14:28:56.343
385,1640237336365,-0.8318299,5.3586855,8.242842,2021:12:23:14:28:56.365
386,1640237336391,-1.8792529,2.572145,9.516039,2021:12:23:14:28:56.391
387,1640237336410,-1.6343153,2.172699,10.8790655,2021:12:23:14:28:56.410
388,1640237336436,-0.26470038,2.687727,10.506569,2021:12:23:14:28:56.436
389,1640237336452,0.047909573,2.586518,11.350975,2021:12:23:14:28:56.452
390,1640237336473,-0.13474567,3.5105739,10.864693,2021:12:23:14:28:56.473
391,1640237336490,0.72044015,4.732867,4.9370813,2021:12:23:14:28:56.490
392,1640237336520,1.0617958,3.4189467,7.3517237,2021:12:23:14:28:56.520
393,1640237336537,0.67732155,1.869671,10.072988,2021:12:23:14:28:56.537
394,1640237336556,1.0378411,1.6438972,9.035146,2021:12:23:14:28:56.556
395,1640237336576,2.5565746,4.3525844,7.832616,2021:12:23:14:28:56.576
396,1640237336607,2.1433544,3.2075458,8.36561,2021:12:23:14:28:56.607
397,1640237336624,1.0857507,2.38949,9.389078,2021:12:23:14:28:56.624
398,1640237336641,1.244451,2.682936,8.889022,2021:12:23:14:28:56.641
399,1640237336669,1.8163716,3.7656922,5.516787,2021:12:23:14:28:56.669
400,1640237336671,1.773253,2.481117,9.8885355,2021:12:23:14:28:56.671
401,1640237336688,0.7833215,1.6486881,14.142306,2021:12:23:14:28:56.688
402,1640237336707,0.48029345,4.766403,8.228469,2021:12:23:14:28:56.707
403,1640237336728,-0.04850844,5.314968,8.526107,2021:12:23:14:28:56.728
404,1640237336751,0.37429354,3.486619,9.992739,2021:12:23:14:28:56.751
405,1640237336775,-0.60126513,3.077591,9.742412,2021:12:23:14:28:56.775
406,1640237336796,-0.8797395,4.2567654,9.704682,2021:12:23:14:28:56.796
407,1640237336823,-0.2838642,4.410675,9.591496,2021:12:23:14:28:56.823
408,1640237336839,-0.110790886,4.8580303,10.195157,2021:12:23:14:28:56.839
409,1640237336871,-0.5719205,5.829996,4.267545,2021:12:23:14:28:56.871
410,1640237336888,-0.7066662,3.5153646,7.615825,2021:12:23:14:28:56.888
411,1640237336904,-0.6922933,3.4387095,10.101134,2021:12:23:14:28:56.904
412,1640237336925,-1.5959876,2.4182355,9.516039,2021:12:23:14:28:56.925
413,1640237336937,-1.4899876,6.137815,9.987947,2021:12:23:14:28:56.937
414,1640237336955,-0.94681287,5.0598497,4.3711495,2021:12:23:14:28:56.955
415,1640237336974,-0.6833103,5.4982224,9.681327,2021:12:23:14:28:56.974
416,1640237336991,-0.8372198,3.7225738,6.771419,2021:12:23:14:28:56.991
417,1640237337009,-0.76954746,4.4298387,6.1066737,2021:12:23:14:28:57.009
418,1640237337036,-0.45274544,2.9428453,7.0259385,2021:12:23:14:28:57.036
419,1640237337057,-0.12576263,2.0044167,12.086387,2021:12:23:14:28:57.057
420,1640237337076,-0.23176254,4.396302,9.794513,2021:12:23:14:28:57.076
421,1640237337101,-0.11138975,4.2903023,7.851181,2021:12:23:14:28:57.101
422,1640237337123,0.037728786,2.5146537,9.596287,2021:12:23:14:28:57.123
423,1640237337145,0.13354793,2.678145,9.539993,2021:12:23:14:28:57.145
424,1640237337169,0.056892615,3.0296814,10.42153,2021:12:23:14:28:57.169
425,1640237337185,0.97975075,3.274619,10.096343,2021:12:23:14:28:57.185
426,1640237337209,0.5952764,3.4195457,10.332298,2021:12:23:14:28:57.209
427,1640237337234,0.6767227,4.217839,7.2714753,2021:12:23:14:28:57.234
428,1640237337251,0.71505034,1.7540891,8.940525,2021:12:23:14:28:57.251
429,1640237337269,0.46053076,2.1247895,9.162705,2021:12:23:14:28:57.269
430,1640237337275,0.0808474,3.8573194,8.530299,2021:12:23:14:28:57.275
431,1640237337297,0.45094883,4.6897483,8.285361,2021:12:23:14:28:57.297
432,1640237337322,0.5952764,4.0783024,9.072875,2021:12:23:14:28:57.322
433,1640237337339,0.77793163,1.5762249,8.672231,2021:12:23:14:28:57.339
434,1640237337354,-0.31320882,4.0783024,9.591496,2021:12:23:14:28:57.354
435,1640237337386,-0.500655,3.2650373,8.672231,2021:12:23:14:28:57.386
436,1640237337404,-1.0055021,1.5474792,10.831755,2021:12:23:14:28:57.404
437,1640237337422,-1.8031964,3.9531384,11.020399,2021:12:23:14:28:57.422
438,1640237337441,-1.2743946,6.6624246,8.247633,2021:12:23:14:28:57.441
439,1640237337470,-1.3708127,4.198675,9.837032,2021:12:23:14:28:57.470
440,1640237337486,-2.2259984,3.1350825,9.153124,2021:12:23:14:28:57.486
441,1640237337511,-1.7744508,3.274619,9.053711,2021:12:23:14:28:57.511
442,1640237337534,-0.7797283,3.3422914,9.473518,2021:12:23:14:28:57.534
443,1640237337536,-1.1785754,3.1207097,8.889022,2021:12:23:14:28:57.536
444,1640237337559,-1.8942246,2.4571621,12.553505,2021:12:23:14:28:57.559
445,1640237337585,-1.0869484,1.966089,11.921099,2021:12:23:14:28:57.585
446,1640237337602,0.44615787,5.4886403,-2.3397837,2021:12:23:14:28:57.602
447,1640237337619,-0.67372835,1.2300782,9.931055,2021:12:23:14:28:57.619
448,1640237337653,-1.3127222,4.0639296,13.00146,2021:12:23:14:28:57.653
449,1640237337670,-1.6157503,3.091964,6.162967,2021:12:23:14:28:57.670
450,1640237337686,-0.6114459,2.5338175,8.044616,2021:12:23:14:28:57.686
451,1640237337703,0.052101657,2.5242355,9.044728,2021:12:23:14:28:57.703
452,1640237337736,-0.40004492,2.985964,8.700378,2021:12:23:14:28:57.736
453,1640237337756,-0.7414006,2.3511622,7.606243,2021:12:23:14:28:57.756
454,1640237337769,-0.14492646,1.9708799,10.761088,2021:12:23:14:28:57.769
455,1640237337789,0.9941236,5.199386,5.7575326,2021:12:23:14:28:57.789
456,1640237337816,1.5708351,2.0912528,12.491821,2021:12:23:14:28:57.816
457,1640237337834,0.0035932178,3.409365,12.411573,2021:12:23:14:28:57.834
458,1640237337855,0.10001123,2.9955459,10.096343,2021:12:23:14:28:57.855
459,1640237337874,0.68151367,2.7116816,9.601078,2021:12:23:14:28:57.874
460,1640237337886,-0.48628214,3.1207097,9.9077,2021:12:23:14:28:57.886
461,1640237337903,-1.318112,3.0296814,10.199947,2021:12:23:14:28:57.903
462,1640237337923,-1.4474679,2.8949358,10.803608,2021:12:23:14:28:57.923
463,1640237337943,-1.5151402,5.420968,7.139125,2021:12:23:14:28:57.943
464,1640237337961,-1.024666,1.7253435,11.232998,2021:12:23:14:28:57.961
465,1640237337987,-1.5283153,-1.5127447,10.247258,2021:12:23:14:28:57.987
466,1640237338008,-0.9707677,5.3005953,7.832616,2021:12:23:14:28:58.008
467,1640237338033,-0.7066662,4.3477936,10.077179,2021:12:23:14:28:58.033
468,1640237338049,-1.0138863,3.2267096,8.488379,2021:12:23:14:28:58.049
469,1640237338086,-2.8308568,3.895647,8.860875,2021:12:23:14:28:58.086
470,1640237338102,-2.605083,4.102257,9.917281,2021:12:23:14:28:58.102
471,1640237338120,-3.7147884,2.1295805,8.889022,2021:12:23:14:28:58.120
472,1640237338137,-3.0997493,2.8655913,8.308718,2021:12:23:14:28:58.137
473,1640237338167,-1.3073324,3.5584834,8.162593,2021:12:23:14:28:58.167
474,1640237338186,0.42759293,1.9996257,9.445372,2021:12:23:14:28:58.186
475,1640237338203,1.2210952,3.197964,8.53509,2021:12:23:14:28:58.203
476,1640237338220,2.3164277,4.607703,8.530898,2021:12:23:14:28:58.220
477,1640237338234,2.9368567,2.5146537,9.605869,2021:12:23:14:28:58.234
478,1640237338250,1.9612981,2.5338175,10.417337,2021:12:23:14:28:58.250
479,1640237338270,1.76427,3.6884382,9.195643,2021:12:23:14:28:58.270
480,1640237338290,1.0767676,2.976382,8.823146,2021:12:23:14:28:58.290
481,1640237338310,-0.7108583,3.1548452,9.577723,2021:12:23:14:28:58.310
482,1640237338336,-0.5767115,3.4141557,10.011304,2021:12:23:14:28:58.336
483,1640237338356,-0.6006662,3.6405284,8.987836,2021:12:23:14:28:58.356
484,1640237338377,-0.39884716,3.3422914,7.80926,2021:12:23:14:28:58.377
485,1640237338401,0.15390949,2.6254444,9.323202,2021:12:23:14:28:58.401
486,1640237338424,-0.25451958,2.9955459,9.402852,2021:12:23:14:28:58.424
487,1640237338445,-0.98514056,2.9524274,7.865554,2021:12:23:14:28:58.445
488,1640237338472,-0.4084291,2.269117,9.544785,2021:12:23:14:28:58.472
489,1640237338487,-0.4850844,2.8464274,10.157428,2021:12:23:14:28:58.487
490,1640237338489,-0.32638395,2.2978628,12.237302,2021:12:23:14:28:58.489
491,1640237338507,-1.6049706,2.9380543,8.997417,2021:12:23:14:28:58.507
492,1640237338534,-1.6049706,2.7068908,8.530898,2021:12:23:14:28:58.534
493,1640237338552,-1.0665869,3.8136017,8.978852,2021:12:23:14:28:58.552
494,1640237338569,-1.0378411,2.985964,10.167009,2021:12:23:14:28:58.569
495,1640237338600,-2.0038178,4.0639296,9.549575,2021:12:23:14:28:58.600
496,1640237338615,-1.0570049,2.8416364,9.747202,2021:12:23:14:28:58.615
497,1640237338634,-1.2013324,3.2554553,10.252049,2021:12:23:14:28:58.634
498,1640237338654,-1.3402703,3.0099187,9.200435,2021:12:23:14:28:58.654
499,1640237338685,-1.5085527,2.6302354,9.332186,2021:12:23:14:28:58.685
500,1640237338700,-1.2827787,2.6398172,8.596773,2021:12:23:14:28:58.700
501,1640237338720,-1.2827787,3.6022007,9.95501,2021:12:23:14:28:58.720
502,1640237338740,-1.2252873,3.4339185,8.1584015,2021:12:23:14:28:58.740
503,1640237338749,-0.6964854,2.7458172,9.403451,2021:12:23:14:28:58.749
504,1640237338771,-1.2779878,2.9715912,8.096718,2021:12:23:14:28:58.771
505,1640237338802,-0.48029345,2.8224726,10.327507,2021:12:23:14:28:58.802
506,1640237338816,-0.57611257,3.799229,9.44118,2021:12:23:14:28:58.816
507,1640237338834,-0.4222031,3.0248904,7.097204,2021:12:23:14:28:58.834
508,1640237338857,-1.1863607,2.576936,8.79979,2021:12:23:14:28:58.857
509,1640237338885,-0.24912977,3.082382,10.563461,2021:12:23:14:28:58.885
510,1640237338903,-0.6192312,3.5830371,8.356028,2021:12:23:14:28:58.903
511,1640237338918,-1.1240783,2.7601902,8.02126,2021:12:23:14:28:58.918
512,1640237338942,-1.3258973,3.6069918,11.204851,2021:12:23:14:28:58.942
513,1640237338967,-1.0755699,4.531048,7.1960177,2021:12:23:14:28:58.967
514,1640237338983,-0.5581465,3.063218,9.384287,2021:12:23:14:28:58.983
515,1640237339004,-0.50005615,2.8128908,8.115282,2021:12:23:14:28:59.004
516,1640237339033,0.56173974,2.769772,10.096343,2021:12:23:14:28:59.033
517,1640237339050,0.69169444,2.6254444,8.992626,2021:12:23:14:28:59.050
518,1640237339071,-0.038926527,3.4770372,8.559045,2021:12:23:14:28:59.071
519,1640237339088,-0.76954746,2.9955459,9.874762,2021:12:23:14:28:59.088
520,1640237339100,-1.1779766,4.9346857,10.51615,2021:12:23:14:28:59.100
521,1640237339119,-0.57251936,4.0687203,6.630086,2021:12:23:14:28:59.119
522,1640237339134,-0.92345697,3.6165738,8.874649,2021:12:23:14:28:59.134
523,1640237339156,-1.8990157,3.5536923,8.893813,2021:12:23:14:28:59.156
524,1640237339175,-1.3366771,2.4278176,9.176479,2021:12:23:14:28:59.175
525,1640237339204,-1.7834338,2.5433993,10.379009,2021:12:23:14:28:59.204
526,1640237339223,-1.5576599,3.7129917,7.0498934,2021:12:23:14:28:59.223
527,1640237339242,-1.1875585,2.8320546,8.162593,2021:12:23:14:28:59.242
528,1640237339268,-0.7791294,3.274619,10.629337,2021:12:23:14:28:59.268
529,1640237339299,-0.24074559,4.0208106,6.969645,2021:12:23:14:28:59.299
530,1640237339315,-0.75517464,1.8073885,10.808399,2021:12:23:14:28:59.315
531,1640237339336,-0.7791294,3.5830371,8.096718,2021:12:23:14:28:59.336
532,1640237339354,0.22517498,3.0584273,7.9128647,2021:12:23:14:28:59.354
533,1640237339356,0.45094883,2.4278176,11.477936,2021:12:23:14:28:59.356
534,1640237339382,0.68151367,3.3470824,8.554254,2021:12:23:14:28:59.382
535,1640237339400,-0.03413557,3.0440543,8.638695,2021:12:23:14:28:59.400
536,1640237339419,-0.5821013,3.7273645,9.662163,2021:12:23:14:28:59.419
537,1640237339440,0.07126549,2.976382,7.7290115,2021:12:23:14:28:59.440
538,1640237339469,0.5952764,3.3039637,8.902796,2021:12:23:14:28:59.469
539,1640237339486,0.643186,3.1548452,10.619755,2021:12:23:14:28:59.486
540,1640237339504,1.7295355,3.188382,6.757046,2021:12:23:14:28:59.504
541,1640237339523,0.946214,2.1199985,11.718681,2021:12:23:14:28:59.523
542,1640237339554,1.2390612,3.6405284,8.06857,2021:12:23:14:28:59.554
543,1640237339573,0.6192312,3.6453195,7.9362206,2021:12:23:14:28:59.573
544,1640237339590,-0.5581465,3.7369466,9.784931,2021:12:23:14:28:59.590
545,1640237339612,-0.7791294,3.380619,8.511734,2021:12:23:14:28:59.612
546,1640237339640,0.1479208,3.799229,8.356028,2021:12:23:14:28:59.640
547,1640237339658,-0.5533555,3.7273645,9.742412,2021:12:23:14:28:59.658
548,1640237339675,-1.0294569,3.8669012,6.092301,2021:12:23:14:28:59.675
549,1640237339704,-0.2605083,3.568664,10.440693,2021:12:23:14:28:59.704
550,1640237339705,-1.1109031,2.9045177,9.445372,2021:12:23:14:28:59.705
551,1640237339723,-0.92345697,2.9380543,6.577984,2021:12:23:14:28:59.723
552,1640237339741,-0.9042932,2.7164726,12.378635,2021:12:23:14:28:59.741
553,1640237339769,1.5319085,2.0283716,7.8703446,2021:12:23:14:28:59.769
554,1640237339783,1.9115919,2.5433993,6.3659844,2021:12:23:14:28:59.783
555,1640237339809,1.4360894,2.985964,10.888648,2021:12:23:14:28:59.809
556,1640237339836,1.479208,3.164427,9.053711,2021:12:23:14:28:59.836
557,1640237339853,1.3977617,3.2075458,6.526481,2021:12:23:14:28:59.853
558,1640237339867,3.3153422,2.7260547,8.308718,2021:12:23:14:28:59.867
559,1640237339899,0.8354232,3.5345285,9.072875,2021:12:23:14:28:59.899
560,1640237339919,-0.24134447,3.987274,3.9417598,2021:12:23:14:28:59.919
561,1640237339940,-0.21259873,2.9188907,9.978366,2021:12:23:14:28:59.940
562,1640237339958,0.54197705,3.2991729,20.42385,2021:12:23:14:28:59.958
563,1640237339983,-1.3941685,5.3586855,2.7440207,2021:12:23:14:28:59.983
564,1640237340000,-2.07149,3.59741,7.625407,2021:12:23:14:29:00.000
565,1640237340020,-1.0528128,3.274619,12.788861,2021:12:23:14:29:00.020
566,1640237340039,-1.9271625,4.3382115,12.124116,2021:12:23:14:29:00.039
567,1640237340050,-1.9415354,4.1603475,8.087135,2021:12:23:14:29:00.050
568,1640237340069,-1.6391062,5.2718496,6.587566,2021:12:23:14:29:00.069
569,1640237340089,-1.5570611,3.1015458,10.671857,2021:12:23:14:29:00.089
570,1640237340107,-1.0049032,4.001647,9.251937,2021:12:23:14:29:00.107
571,1640237340131,-0.7018752,2.6398172,9.8555975,2021:12:23:14:29:00.131
572,1640237340157,-1.0576038,3.7082007,5.7814875,2021:12:23:14:29:00.157
573,1640237340176,-1.4324962,3.082382,9.01179,2021:12:23:14:29:00.176
574,1640237340200,-0.96118575,3.2650373,11.364749,2021:12:23:14:29:00.200
575,1640237340220,-1.0043044,3.8381555,10.167009,2021:12:23:14:29:00.220
576,1640237340249,-0.5719205,3.7417374,6.540255,2021:12:23:14:29:00.249
577,1640237340266,-0.55275667,2.8853538,10.789834,2021:12:23:14:29:00.266
578,1640237340286,-0.18744619,4.5502114,8.002695,2021:12:23:14:29:00.286
579,1640237340303,0.321593,3.698619,6.021634,2021:12:23:14:29:00.303
580,1640237340313,-0.43238387,1.7930157,13.798555,2021:12:23:14:29:00.313
581,1640237340333,-1.8361343,0.6425871,8.356028,2021:12:23:14:29:00.333
582,1640237340352,-1.1150953,7.42778,6.3096905,2021:12:23:14:29:00.352
583,1640237340371,-1.0090953,9.164502,8.917169,2021:12:23:14:29:00.371
584,1640237340389,-0.105999924,-2.9230826,9.389078,2021:12:23:14:29:00.389
585,1640237340417,2.1337726,2.3122356,10.091552,2021:12:23:14:29:00.417
586,1640237340438,1.4995695,2.7985177,9.176479,2021:12:23:14:29:00.438
587,1640237340458,0.37968335,3.2842011,10.42153,2021:12:23:14:29:00.458
588,1640237340482,0.27368343,3.2506645,8.987836,2021:12:23:14:29:00.482
589,1640237340500,0.6821125,2.880563,12.043867,2021:12:23:14:29:00.500
590,1640237340523,0.3653105,5.3826404,7.0498934,2021:12:23:14:29:00.523
591,1640237340541,0.2784744,2.6733541,9.7897215,2021:12:23:14:29:00.541
592,1640237340565,-0.69708425,2.981173,9.205225,2021:12:23:14:29:00.565
593,1640237340570,-0.73541194,1.6822248,14.369278,2021:12:23:14:29:00.570
594,1640237340600,-1.6965977,4.7137027,7.068458,2021:12:23:14:29:00.600
595,1640237340614,-1.4995695,4.1363926,3.5177603,2021:12:23:14:29:00.614
596,1640237340633,-1.3791968,3.7177827,10.89823,2021:12:23:14:29:00.633
597,1640237340652,-1.4708239,4.366957,9.110603,2021:12:23:14:29:00.652
598,1640237340682,-1.0330502,3.808811,9.077666,2021:12:23:14:29:00.682
599,1640237340703,-1.7397163,2.8176816,8.898604,2021:12:23:14:29:00.703
600,1640237340721,-1.4318973,2.8368454,8.893813,2021:12:23:14:29:00.721
601,1640237340737,-1.1821686,3.8525283,6.7103343,2021:12:23:14:29:00.737
602,1640237340763,-0.31260994,1.9229704,15.345435,2021:12:23:14:29:00.763
603,1640237340787,-0.7593667,3.674065,15.066961,2021:12:23:14:29:00.787
604,1640237340804,1.1965415,4.2082567,2.7769585,2021:12:23:14:29:00.804
605,1640237340823,-0.5335928,4.309466,6.715125,2021:12:23:14:29:00.823
606,1640237340850,-0.98514056,4.366957,9.063293,2021:12:23:14:29:00.850
607,1640237340870,0.52401096,4.3813305,9.341767,2021:12:23:14:29:00.870
608,1640237340890,-0.057491485,2.9715912,6.4270687,2021:12:23:14:29:00.890
609,1640237340912,0.36051953,4.0208106,7.832616,2021:12:23:14:29:00.912
610,1640237340914,-0.14432758,1.8792529,10.072988,2021:12:23:14:29:00.914
611,1640237340936,1.350451,-0.78631586,7.281057,2021:12:23:14:29:00.936
612,1640237340956,-0.24493769,2.9524274,13.736872,2021:12:23:14:29:00.956
613,1640237340982,0.951005,4.929895,5.035895,2021:12:23:14:29:00.982
614,1640237341001,-0.38028222,2.581727,10.704795,2021:12:23:14:29:01.001
615,1640237341023,-0.120971665,4.083093,7.596661,2021:12:23:14:29:01.023
616,1640237341048,0.946214,4.4537935,8.205112,2021:12:23:14:29:01.048
617,1640237341065,0.19642924,3.0153086,10.280196,2021:12:23:14:29:01.065
618,1640237341084,-0.72642887,5.493431,9.317813,2021:12:23:14:29:01.084
619,1640237341115,-1.5624509,5.5940413,10.817981,2021:12:23:14:29:01.115
620,1640237341131,-1.3270952,-0.95938915,10.869484,2021:12:23:14:29:01.131
621,1640237341149,-1.3899764,1.6438972,10.780252,2021:12:23:14:29:01.149
622,1640237341168,-1.1013212,3.2794101,11.359958,2021:12:23:14:29:01.168
623,1640237341193,-1.3366771,4.7711945,12.793652,2021:12:23:14:29:01.193
624,1640237341220,-2.7116816,4.7568216,3.4608676,2021:12:23:14:29:01.220
625,1640237341238,-1.6780328,1.9421343,9.52562,2021:12:23:14:29:01.238
626,1640237341256,-0.4575364,4.636449,15.156193,2021:12:23:14:29:01.256
627,1640237341266,-0.9090841,3.9531384,4.5358386,2021:12:23:14:29:01.266
628,1640237341282,-0.96657556,4.217839,4.998166,2021:12:23:14:29:01.282
629,1640237341300,-1.3756036,4.6801662,8.403338,2021:12:23:14:29:01.300
630,1640237341318,-1.8750608,3.1350825,7.148707,2021:12:23:14:29:01.318
631,1640237341346,-1.7600778,2.476326,8.718943,2021:12:23:14:29:01.346
632,1640237341373,-1.4139313,2.0912528,10.110117,2021:12:23:14:29:01.373
633,1640237341398,-0.84680164,2.2259984,13.887787,2021:12:23:14:29:01.398
634,1640237341414,-1.6828237,5.3341317,5.9886966,2021:12:23:14:29:01.414
635,1640237341433,-1.740914,1.4175245,5.540742,2021:12:23:14:29:01.433
636,1640237341455,-1.7888236,3.895647,10.72815,2021:12:23:14:29:01.455
637,1640237341481,-1.9044055,4.0783024,9.874762,2021:12:23:14:29:01.481
638,1640237341498,-0.8515926,4.5358386,10.114908,2021:12:23:14:29:01.498
639,1640237341516,-2.2116256,4.4777484,7.346933,2021:12:23:14:29:01.516
640,1640237341522,-0.8611745,2.793727,8.808773,2021:12:23:14:29:01.522
641,1640237341549,0.4413669,3.6836472,7.502639,2021:12:23:14:29:01.549
642,1640237341567,0.29224837,3.996856,9.468728,2021:12:23:14:29:01.567
643,1640237341584,-0.25571734,3.568664,8.205112,2021:12:23:14:29:01.584
644,1640237341601,-0.91387504,2.1583261,7.7571583,2021:12:23:14:29:01.601
645,1640237341630,0.34015796,3.274619,8.936333,2021:12:23:14:29:01.630
646,1640237341648,0.44615787,4.4442115,8.874649,2021:12:23:14:29:01.648
647,1640237341667,0.20062132,4.2663474,8.45005,2021:12:23:14:29:01.667
648,1640237341688,0.4557398,5.0748215,7.3325596,2021:12:23:14:29:01.688
649,1640237341715,0.63360405,4.607703,8.823146,2021:12:23:14:29:01.715
650,1640237341736,-0.08743497,2.0139985,9.619643,2021:12:23:14:29:01.736
651,1640237341756,2.3439758,4.5741663,7.5918703,2021:12:23:14:29:01.756
652,1640237341775,2.5990942,2.8224726,9.384287,2021:12:23:14:29:01.775
653,1640237341783,-0.82763785,2.4134445,10.718569,2021:12:23:14:29:01.783
654,1640237341806,-1.6205412,2.5338175,11.058127,2021:12:23:14:29:01.806
655,1640237341832,1.1138976,3.1255007,7.5822883,2021:12:23:14:29:01.832
656,1640237341849,0.57072276,3.9387655,7.648763,2021:12:23:14:29:01.849
657,1640237341867,-0.18864393,4.3238387,9.190852,2021:12:23:14:29:01.867
658,1640237341893,-0.6887001,3.49141,8.06378,2021:12:23:14:29:01.893
659,1640237341921,0.12875697,2.1631172,9.747202,2021:12:23:14:29:01.921
660,1640237341937,1.0318524,3.3566644,11.3743305,2021:12:23:14:29:01.937
661,1640237341954,1.4935808,3.7944381,7.8799267,2021:12:23:14:29:01.954
662,1640237341980,1.5426881,3.4189467,6.974436,2021:12:23:14:29:01.980
663,1640237341999,0.66294867,3.1063368,10.152637,2021:12:23:14:29:01.999
664,1640237342018,0.37968335,3.4674551,11.095857,2021:12:23:14:29:02.018
665,1640237342036,1.0090953,2.8224726,7.97874,2021:12:23:14:29:02.036
666,1640237342066,0.23535576,3.578246,4.7580194,2021:12:23:14:29:02.066
667,1640237342083,-1.0144851,2.793727,10.591608,2021:12:23:14:29:02.083
668,1640237342103,-2.388891,2.7506082,19.839354,2021:12:23:14:29:02.103
669,1640237342123,0.29284725,5.3005953,4.2058616,2021:12:23:14:29:02.123
670,1640237342133,2.0756822,3.8183928,1.3384737,2021:12:23:14:29:02.133
671,1640237342150,-1.3654227,3.404574,12.694839,2021:12:23:14:29:02.150
672,1640237342170,-0.5288019,3.5584834,8.483587,2021:12:23:14:29:02.170
673,1640237342189,0.8503949,3.8327656,8.252423,2021:12:23:14:29:02.189
674,1640237342216,-0.31260994,3.1350825,11.633641,2021:12:23:14:29:02.216
675,1640237342237,0.528203,4.9831944,7.9314294,2021:12:23:14:29:02.237
676,1640237342264,0.86476773,2.5673542,8.035633,2021:12:23:14:29:02.264
677,1640237342280,-0.06288131,3.0488453,8.644084,2021:12:23:14:29:02.280
678,1640237342296,-0.6204289,3.5830371,11.530037,2021:12:23:14:29:02.296
679,1640237342322,0.4850844,3.8231838,8.941124,2021:12:23:14:29:02.322
680,1640237342349,0.7449938,4.193884,5.304787,2021:12:23:14:29:02.349
681,1640237342363,-1.4037504,2.067298,12.086387,2021:12:23:14:29:02.363
682,1640237342379,0.72103906,3.404574,8.771045,2021:12:23:14:29:02.379
683,1640237342411,1.0959314,6.9702435,8.28057,2021:12:23:14:29:02.411
684,1640237342430,-0.37489238,4.7855673,9.280683,2021:12:23:14:29:02.430
685,1640237342446,0.43238387,-1.5516713,9.497474,2021:12:23:14:29:02.446
686,1640237342466,0.7833215,3.7465284,7.8937006,2021:12:23:14:29:02.466
687,1640237342480,0.67732155,3.9387655,9.577723,2021:12:23:14:29:02.480
688,1640237342495,-1.1869596,3.7417374,9.968784,2021:12:23:14:29:02.495
689,1640237342514,-0.37968335,4.4442115,9.157914,2021:12:23:14:29:02.514
690,1640237342535,-0.33656475,4.3286295,9.978366,2021:12:23:14:29:02.535
691,1640237342553,0.3653105,3.3327096,8.384175,2021:12:23:14:29:02.553
692,1640237342582,0.043118615,3.2075458,10.096343,2021:12:23:14:29:02.582
693,1640237342605,-0.8989033,3.587828,7.606243,2021:12:23:14:29:02.605
694,1640237342631,-0.9036943,4.179511,7.5307856,2021:12:23:14:29:02.631
695,1640237342649,-0.9563948,3.1350825,10.756297,2021:12:23:14:29:02.649
696,1640237342671,-1.2061235,3.780065,9.832242,2021:12:23:14:29:02.671
697,1640237342696,-0.96118575,5.0646405,6.7055435,2021:12:23:14:29:02.696
698,1640237342712,-0.9707677,2.6733541,8.799191,2021:12:23:14:29:02.712
699,1640237342733,-1.3121234,4.1459746,9.86997,2021:12:23:14:29:02.733
700,1640237342733,-1.1007224,3.5584834,7.092413,2021:12:23:14:29:02.733
701,1640237342764,-0.37968335,2.2499533,9.271101,2021:12:23:14:29:02.764
702,1640237342781,-0.9947225,3.8525283,10.450275,2021:12:23:14:29:02.781
703,1640237342797,-0.6581577,3.3087547,7.596661,2021:12:23:14:29:02.797
704,1640237342815,-0.78811246,3.063218,7.290639,2021:12:23:14:29:02.815
705,1640237342845,-0.730621,2.7410264,11.774975,2021:12:23:14:29:02.845
706,1640237342864,-0.028745743,2.9668002,8.648276,2021:12:23:14:29:02.864
707,1640237342884,0.14911854,2.769772,8.054197,2021:12:23:14:29:02.884
708,1640237342902,0.42280197,3.000337,8.308718,2021:12:23:14:29:02.902
709,1640237342930,0.043118615,2.9236815,9.39866,2021:12:23:14:29:02.930
710,1640237342950,0.32698283,3.6117828,8.568626,2021:12:23:14:29:02.950
711,1640237342967,0.052700527,3.9824831,10.143654,2021:12:23:14:29:02.967
712,1640237342988,-0.33656475,3.0200996,8.728525,2021:12:23:14:29:02.988
713,1640237343016,-0.19762698,2.6206536,10.600592,2021:12:23:14:29:03.016
714,1640237343034,-0.10120897,4.4585843,11.162332,2021:12:23:14:29:03.034
715,1640237343054,0.21080211,3.7369466,7.148707,2021:12:23:14:29:03.054
716,1640237343079,-0.57251936,2.6973088,9.459744,2021:12:23:14:29:03.079
717,1640237343083,-0.7216379,4.4633756,8.450649,2021:12:23:14:29:03.083
718,1640237343111,-0.61563796,3.193173,9.629225,2021:12:23:14:29:03.111
719,1640237343129,-0.36111838,3.0488453,8.172175,2021:12:23:14:29:03.129
720,1640237343145,0.1676835,3.1788,9.077666,2021:12:23:14:29:03.145
721,1640237343164,-0.43298274,4.1172285,9.101022,2021:12:23:14:29:03.164
722,1640237343195,-0.08204514,2.9572182,7.1439157,2021:12:23:14:29:03.195
723,1640237343213,-0.40902796,3.0200996,9.445372,2021:12:23:14:29:03.213
724,1640237343231,-0.058090355,2.4619532,11.128795,2021:12:23:14:29:03.231
725,1640237343251,0.25451958,3.592619,8.454842,2021:12:23:14:29:03.251
726,1640237343276,-0.12516375,4.2417936,6.370775,2021:12:23:14:29:03.276
727,1640237343302,-0.33237264,2.8901448,8.464423,2021:12:23:14:29:03.302
728,1640237343319,-0.34674552,3.3422914,9.963993,2021:12:23:14:29:03.319
729,1640237343337,0.48987538,3.5009918,11.124602,2021:12:23:14:29:03.337
730,1640237343346,0.65336674,2.779354,9.47831,2021:12:23:14:29:03.346
731,1640237343363,0.6581577,2.4619532,8.954898,2021:12:23:14:29:03.363
732,1640237343386,0.31680202,3.1063368,8.884231,2021:12:23:14:29:03.386
733,1640237343406,0.25931054,3.0440543,8.983045,2021:12:23:14:29:03.406
734,1640237343429,-0.28865516,4.2082567,7.511622,2021:12:23:14:29:03.429
735,1640237343448,0.095819145,2.9955459,8.860875,2021:12:23:14:29:03.448
736,1640237343470,-0.5096381,3.0105176,10.162219,2021:12:23:14:29:03.470
737,1640237343491,1.254033,2.9524274,7.662537,2021:12:23:14:29:03.491
738,1640237343516,0.8791406,3.8621104,7.5685143,2021:12:23:14:29:03.516
739,1640237343535,0.7300221,2.5481904,10.751507,2021:12:23:14:29:03.535
740,1640237343562,0.2012202,3.4291275,11.58633,2021:12:23:14:29:03.562
741,1640237343580,0.21559307,3.4674551,8.228469,2021:12:23:14:29:03.580
742,1640237343594,0.018564958,3.4387095,8.761463,2021:12:23:14:29:03.594
743,1640237343621,0.46592057,3.1398735,9.8226595,2021:12:23:14:29:03.621
744,1640237343647,0.8839316,4.3717484,7.9224463,2021:12:23:14:29:03.647
745,1640237343662,-0.37549126,4.1843023,8.327881,2021:12:23:14:29:03.662
746,1640237343682,-0.28865516,3.164427,10.077179,2021:12:23:14:29:03.682
747,1640237343695,0.37908447,3.274619,8.841711,2021:12:23:14:29:03.695
748,1640237343712,0.06647453,3.087173,8.785418,2021:12:23:14:29:03.712
749,1640237343729,-0.54377365,3.3327096,10.20953,2021:12:23:14:29:03.729
750,1640237343750,-1.3223041,3.6836472,8.813564,2021:12:23:14:29:03.750
751,1640237343767,-1.134858,3.6836472,6.403713,2021:12:23:14:29:03.767
752,1640237343797,-0.43298274,2.9907548,10.261032,2021:12:23:14:29:03.797
753,1640237343820,-0.8995022,3.8183928,8.101508,2021:12:23:14:29:03.820
754,1640237343845,-0.500655,2.9428453,10.785044,2021:12:23:14:29:03.845
755,1640237343863,0.19163829,4.0351834,8.823146,2021:12:23:14:29:03.863
756,1640237343883,-0.17846315,2.9045177,8.945315,2021:12:23:14:29:03.883
757,1640237343903,0.25392073,2.658981,9.506456,2021:12:23:14:29:03.903
758,1640237343929,0.1341468,2.976382,9.666954,2021:12:23:14:29:03.929
759,1640237343946,-0.35632744,3.8669012,9.483101,2021:12:23:14:29:03.946
760,1640237343947,-0.29883596,2.880563,8.5680275,2021:12:23:14:29:03.947
761,1640237343970,0.042519744,3.1350825,7.639181,2021:12:23:14:29:03.970
762,1640237343991,0.4222031,3.3518734,8.714751,2021:12:23:14:29:03.991
763,1640237344012,0.052101657,3.274619,9.271101,2021:12:23:14:29:04.012
764,1640237344029,-0.03413557,2.6350265,9.497474,2021:12:23:14:29:04.029
765,1640237344065,0.4078302,5.0550585,7.257102,2021:12:23:14:29:04.065
766,1640237344077,0.28805628,2.7841449,7.983531,2021:12:23:14:29:04.077
767,1640237344097,0.31680202,2.2547443,11.0725,2021:12:23:14:29:04.097
768,1640237344116,0.4850844,4.01602,12.345697,2021:12:23:14:29:04.116
769,1640237344146,1.5133436,3.886065,5.667702,2021:12:23:14:29:04.146
770,1640237344162,-0.48568326,3.4770372,7.2337465,2021:12:23:14:29:04.162
771,1640237344187,-1.134858,3.164427,10.407756,2021:12:23:14:29:04.187
772,1640237344201,0.09102818,2.9620092,11.327021,2021:12:23:14:29:04.201
773,1640237344229,0.46592057,3.70341,7.855972,2021:12:23:14:29:04.229
774,1640237344247,-0.0868361,3.3710372,6.6678147,2021:12:23:14:29:04.247
775,1640237344269,-0.89471126,2.18288,13.223042,2021:12:23:14:29:04.269
776,1640237344293,0.22038403,3.7082007,9.950219,2021:12:23:14:29:04.293
777,1640237344295,0.6677396,3.5489016,5.18681,2021:12:23:14:29:04.295
778,1640237344314,-1.2019314,3.5441105,8.624921,2021:12:23:14:29:04.314
779,1640237344335,-0.9426208,3.0584273,12.36007,2021:12:23:14:29:04.335
780,1640237344360,-0.18804507,4.5262566,9.686117,2021:12:23:14:29:04.360
781,1640237344376,-0.16409028,3.789647,7.0732493,2021:12:23:14:29:04.376
782,1640237344405,-1.0144851,3.3710372,6.1066737,2021:12:23:14:29:04.405
783,1640237344427,-0.5048471,2.981173,8.341655,2021:12:23:14:29:04.427
784,1640237344448,-0.8605757,3.5153646,15.632893,2021:12:23:14:29:04.448
785,1640237344465,-0.20241794,3.2458735,8.247633,2021:12:23:14:29:04.465
786,1640237344494,1.1863607,4.102257,3.6638844,2021:12:23:14:29:04.494
787,1640237344512,-0.35153648,1.2923607,10.864693,2021:12:23:14:29:04.512
788,1640237344530,-0.66833854,4.3573756,10.072389,2021:12:23:14:29:04.530
789,1640237344550,0.60485834,2.259535,9.695101,2021:12:23:14:29:04.550
790,1640237344560,2.1667104,3.5249467,6.587566,2021:12:23:14:29:04.560
791,1640237344577,-1.2115133,1.7978066,13.467979,2021:12:23:14:29:04.577
792,1640237344596,-0.15929933,4.626867,5.6395555,2021:12:23:14:29:04.596
793,1640237344617,0.4946663,1.9517162,10.8790655,2021:12:23:14:29:04.617
794,1640237344637,0.87434965,4.4394207,9.431598,2021:12:23:14:29:04.637
795,1640237344663,-0.42819178,3.5153646,9.56814,2021:12:23:14:29:04.663
796,1640237344684,-0.7887113,2.7164726,13.067335,2021:12:23:14:29:04.684
797,1640237344702,-0.014971741,5.90725,5.365872,2021:12:23:14:29:04.702
798,1640237344725,-0.3275817,1.4414792,7.322978,2021:12:23:14:29:04.725
799,1640237344749,-1.446869,4.092675,10.902422,2021:12:23:14:29:04.749
800,1640237344769,-0.58689225,4.4298387,7.4601192,2021:12:23:14:29:04.769
801,1640237344789,-0.5246098,1.6097616,10.435903,2021:12:23:14:29:04.789
802,1640237344818,-0.79829323,3.005128,8.889022,2021:12:23:14:29:04.818
803,1640237344836,0.2012202,3.8279748,8.011678,2021:12:23:14:29:04.836
804,1640237344860,-1.0432309,3.4674551,8.780626,2021:12:23:14:29:04.860
805,1640237344878,-1.0719767,3.8621104,7.3942432,2021:12:23:14:29:04.878
806,1640237344895,-0.500655,2.7116816,9.747202,2021:12:23:14:29:04.895
807,1640237344902,-0.29344612,2.9188907,10.921585,2021:12:23:14:29:04.902
808,1640237344925,-0.12576263,4.12202,8.813564,2021:12:23:14:29:04.925
809,1640237344944,-0.10120897,3.0344725,8.686006,2021:12:23:14:29:04.944
810,1640237344963,-0.6204289,3.2650373,9.978366,2021:12:23:14:29:04.963
811,1640237344981,-0.836022,4.6316576,7.80926,2021:12:23:14:29:04.981
812,1640237345013,-0.5767115,3.3183367,8.766253,2021:12:23:14:29:05.013
813,1640237345031,-0.49945727,2.692518,7.7475767,2021:12:23:14:29:05.031
814,1640237345052,-0.25931054,3.1548452,9.464536,2021:12:23:14:29:05.052
815,1640237345077,-0.67732155,4.087884,11.539619,2021:12:23:14:29:05.077
816,1640237345100,-0.21619193,3.0296814,6.9792266,2021:12:23:14:29:05.100
817,1640237345120,-0.37908447,2.774563,8.794999,2021:12:23:14:29:05.120
818,1640237345144,-0.46592057,3.7225738,9.70049,2021:12:23:14:29:05.144
819,1640237345161,0.24553655,3.174009,10.204739,2021:12:23:14:29:05.161
820,1640237345163,0.2742823,4.1843023,7.8942995,2021:12:23:14:29:05.163
821,1640237345194,-0.038327657,2.4182355,8.172175,2021:12:23:14:29:05.194
822,1640237345202,0.024553655,2.8512182,10.539507,2021:12:23:14:29:05.202
823,1640237345229,0.5096381,4.2663474,8.379983,2021:12:23:14:29:05.229
824,1640237345246,0.52401096,3.1063368,8.162593,2021:12:23:14:29:05.246
825,1640237345269,0.06288131,2.678145,10.332298,2021:12:23:14:29:05.269
826,1640237345294,0.58689225,2.7212636,8.266796,2021:12:23:14:29:05.294
827,1640237345309,0.2742823,2.2451622,9.549575,2021:12:23:14:29:05.309
828,1640237345328,-0.09102818,2.8997269,9.940637,2021:12:23:14:29:05.328
829,1640237345360,-0.5569488,1.9469252,10.289778,2021:12:23:14:29:05.360
830,1640237345378,-0.3647116,3.0728002,9.766366,2021:12:23:14:29:05.378
831,1640237345398,-0.22996594,4.4346294,8.242842,2021:12:23:14:29:05.398
832,1640237345416,0.038926527,2.581727,8.096718,2021:12:23:14:29:05.416
833,1640237345442,-0.5569488,2.5050716,9.44118,2021:12:23:14:29:05.442
834,1640237345464,-0.23954785,3.486619,9.318412,2021:12:23:14:29:05.464
835,1640237345484,-0.042519744,2.9188907,9.238163,2021:12:23:14:29:05.484
836,1640237345502,-0.07605644,2.7116816,8.516525,2021:12:23:14:29:05.502
837,1640237345512,-0.07126549,2.5290265,7.634989,2021:12:23:14:29:05.512
838,1640237345527,-0.74439496,2.7212636,11.690535,2021:12:23:14:29:05.527
839,1640237345548,-0.061683573,2.9524274,9.733428,2021:12:23:14:29:05.548
840,1640237345569,0.08204514,2.3122356,7.6110344,2021:12:23:14:29:05.569
841,1640237345589,-0.6288131,2.8176816,9.313621,2021:12:23:14:29:05.589
842,1640237345613,-0.64797693,3.3183367,10.605981,2021:12:23:14:29:05.613
843,1640237345635,-0.008983045,2.3122356,9.181271,2021:12:23:14:29:05.635
844,1640237345659,0.25511846,2.1295805,8.40813,2021:12:23:14:29:05.659
845,1640237345677,-0.40303928,2.3367894,8.4225025,2021:12:23:14:29:05.677
846,1640237345708,-0.7252311,2.0139985,9.620242,2021:12:23:14:29:05.708
847,1640237345727,-0.18684733,3.087173,9.751993,2021:12:23:14:29:05.727
848,1640237345745,-0.0041920873,3.000337,9.454954,2021:12:23:14:29:05.745
849,1640237345763,-0.45094883,2.0816708,10.652693,2021:12:23:14:29:05.763
850,1640237345776,0.1401355,3.005128,9.374705,2021:12:23:14:29:05.776
851,1640237345794,-0.19163829,3.4626641,7.7056556,2021:12:23:14:29:05.794
852,1640237345810,-0.849796,2.17749,9.115395,2021:12:23:14:29:05.810
853,1640237345830,-0.123966016,2.870382,9.502265,2021:12:23:14:29:05.830
854,1640237345850,-0.1143841,2.1295805,9.157914,2021:12:23:14:29:05.850
855,1640237345878,-0.3545308,2.0577161,9.52562,2021:12:23:14:29:05.878
856,1640237345899,-0.0041920873,3.5297377,9.323202,2021:12:23:14:29:05.899
857,1640237345916,0.3275817,2.7164726,8.559045,2021:12:23:14:29:05.916
858,1640237345944,0.65935546,3.0536363,6.408504,2021:12:23:14:29:05.944
859,1640237345960,-0.34015796,2.067298,12.223528,2021:12:23:14:29:05.960
860,1640237345985,0.3509376,2.8949358,11.147958,2021:12:23:14:29:05.985
861,1640237346010,0.23535576,3.3375006,6.5546284,2021:12:23:14:29:06.010
862,1640237346027,-0.6875023,2.581727,8.66744,2021:12:23:14:29:06.027
863,1640237346047,-0.8845304,2.5673542,9.935846,2021:12:23:14:29:06.047
864,1640237346067,0.30302805,1.874462,8.044616,2021:12:23:14:29:06.067
865,1640237346091,-0.6198301,3.2075458,9.412434,2021:12:23:14:29:06.091
866,1640237346108,-0.63420296,1.8169705,13.142793,2021:12:23:14:29:06.108
867,1640237346115,0.7737396,5.4784594,8.356028,2021:12:23:14:29:06.115
868,1640237346135,0.5479657,2.2930717,9.469327,2021:12:23:14:29:06.135
869,1640237346154,0.32698283,3.4722462,9.016582,2021:12:23:14:29:06.154
870,1640237346180,-0.7593667,3.4243367,6.762436,2021:12:23:14:29:06.180
871,1640237346196,-2.3212187,1.7445072,11.228207,2021:12:23:14:29:06.196
872,1640237346228,1.047423,2.8033087,11.600703,2021:12:23:14:29:06.228
873,1640237346247,1.4804057,5.6856685,6.2719617,2021:12:23:14:29:06.247
874,1640237346266,-0.5335928,-0.6563611,11.298873,2021:12:23:14:29:06.266
875,1640237346292,-2.605083,3.992065,8.318299,2021:12:23:14:29:06.292
876,1640237346309,0.39405623,1.056406,6.1444025,2021:12:23:14:29:06.309
877,1640237346329,0.4611296,3.390201,13.081708,2021:12:23:14:29:06.329
878,1640237346357,1.5043606,1.3019426,10.379009,2021:12:23:14:29:06.357
879,1640237346377,0.5575476,6.4893513,7.0403113,2021:12:23:14:29:06.377
880,1640237346378,-0.23535576,1.3498522,2.7631845,2021:12:23:14:29:06.378
881,1640237346396,-0.4515477,2.3463712,10.610173,2021:12:23:14:29:06.396
882,1640237346419,-2.0427444,2.6350265,15.92035,2021:12:23:14:29:06.419
883,1640237346442,1.3648239,5.1658497,8.06857,2021:12:23:14:29:06.442
884,1640237346459,2.402665,2.2259984,7.3565145,2021:12:23:14:29:06.459
885,1640237346487,-0.32698283,3.3470824,9.648389,2021:12:23:14:29:06.487
886,1640237346512,-1.1055133,1.5570611,12.742149,2021:12:23:14:29:06.512
887,1640237346526,-1.55227,3.0488453,10.836546,2021:12:23:14:29:06.526
888,1640237346545,0.052700527,4.203466,3.908822,2021:12:23:14:29:06.545
889,1640237346576,0.418011,1.8648801,10.605382,2021:12:23:14:29:06.576
890,1640237346592,0.25451958,4.8867764,13.015234,2021:12:23:14:29:06.592
891,1640237346609,0.55275667,3.9531384,4.804731,2021:12:23:14:29:06.609
892,1640237346629,-2.2733092,2.4954898,13.190104,2021:12:23:14:29:06.629
893,1640237346659,0.50005615,3.693229,7.6343904,2021:12:23:14:29:06.659
894,1640237346677,0.9036943,2.9380543,7.8847175,2021:12:23:14:29:06.677
895,1640237346695,-0.47610137,3.69802,9.143541,2021:12:23:14:29:06.695
896,1640237346714,-1.143841,3.6549015,7.818243,2021:12:23:14:29:06.714
897,1640237346725,-1.3264962,1.9996257,8.803983,2021:12:23:14:29:06.725
898,1640237346745,-0.105999924,3.5830371,9.9077,2021:12:23:14:29:06.745
899,1640237346761,0.6054572,3.5584834,9.129767,2021:12:23:14:29:06.761
900,1640237346780,-0.110790886,2.8655913,8.375192,2021:12:23:14:29:06.780
901,1640237346810,-0.58150244,3.197964,7.9176555,2021:12:23:14:29:06.810
902,1640237346828,-0.009581914,2.8416364,8.695587,2021:12:23:14:29:06.828
903,1640237346848,0.30242917,3.895647,9.271101,2021:12:23:14:29:06.848
904,1640237346867,0.15390949,3.005128,9.572931,2021:12:23:14:29:06.867
905,1640237346890,-0.37489238,3.9776921,7.7667403,2021:12:23:14:29:06.890
906,1640237346924,-0.052700527,3.2075458,9.771157,2021:12:23:14:29:06.924
907,1640237346942,0.41322005,3.698619,10.242467,2021:12:23:14:29:06.942
908,1640237346959,0.34614664,3.1398735,8.653068,2021:12:23:14:29:06.959
909,1640237346977,0.0035932178,3.5009918,8.106299,2021:12:23:14:29:06.977
910,1640237346983,-0.077853054,2.3367894,9.105813,2021:12:23:14:29:06.983
911,1640237347008,0.5228132,3.0488453,7.299622,2021:12:23:14:29:07.008
912,1640237347029,0.47969458,3.2267096,6.592357,2021:12:23:14:29:07.029
913,1640237347045,-1.0102931,2.4469814,16.061684,2021:12:23:14:29:07.045
914,1640237347066,-0.63060975,3.0057268,11.973201,2021:12:23:14:29:07.066
915,1640237347099,1.2917618,3.972901,5.8281994,2021:12:23:14:29:07.099
916,1640237347116,-0.14073436,4.2471833,7.337351,2021:12:23:14:29:07.116
917,1640237347130,-1.6930045,4.2663474,9.105813,2021:12:23:14:29:07.130
918,1640237347148,-1.1833664,3.6022007,9.794513,2021:12:23:14:29:07.148
919,1640237347175,-0.121570535,3.4482913,9.313022,2021:12:23:14:29:07.175
920,1640237347195,-0.43358162,4.5017033,7.667328,2021:12:23:14:29:07.195
921,1640237347215,-0.90010107,2.1535351,9.751993,2021:12:23:14:29:07.215
922,1640237347242,-0.5874911,3.183591,9.719055,2021:12:23:14:29:07.242
923,1640237347260,-0.63060975,3.2698283,8.62013,2021:12:23:14:29:07.260
924,1640237347282,-0.89051914,3.4435005,8.459633,2021:12:23:14:29:07.282
925,1640237347304,-0.8186548,3.390201,8.8980055,2021:12:23:14:29:07.304
926,1640237347326,-0.52520865,3.4770372,8.756672,2021:12:23:14:29:07.326
927,1640237347328,-0.3329715,3.0728002,8.53509,2021:12:23:14:29:07.328
928,1640237347348,-0.6887001,3.0200996,9.454954,2021:12:23:14:29:07.348
929,1640237347374,-0.73660964,3.3231275,9.181271,2021:12:23:14:29:07.374
930,1640237347390,-0.53958154,3.2075458,8.62013,2021:12:23:14:29:07.390
931,1640237347408,-0.59288096,3.4141557,8.44526,2021:12:23:14:29:07.408
932,1640237347439,-0.66953623,3.0728002,8.6339035,2021:12:23:14:29:07.439
933,1640237347464,-0.6407905,3.4243367,8.695587,2021:12:23:14:29:07.464
934,1640237347479,-0.69349104,2.2164166,9.827451,2021:12:23:14:29:07.479
935,1640237347497,-0.6599543,4.3717484,8.964479,2021:12:23:14:29:07.497
936,1640237347522,-0.7318187,5.8587418,8.681214,2021:12:23:14:29:07.522
937,1640237347547,-0.7707452,3.0200996,9.586705,2021:12:23:14:29:07.547
938,1640237347563,-0.42938954,2.0235806,9.379497,2021:12:23:14:29:07.563
939,1640237347580,-0.011378523,3.4722462,9.336976,2021:12:23:14:29:07.580
940,1640237347592,-0.7084628,3.5345285,8.954898,2021:12:23:14:29:07.592
941,1640237347611,-1.4480668,3.808811,8.74709,2021:12:23:14:29:07.611
942,1640237347633,-1.006101,3.169218,8.553655,2021:12:23:14:29:07.633
943,1640237347651,-0.48688102,3.1255007,8.436276,2021:12:23:14:29:07.651
944,1640237347678,-0.38147995,3.197964,8.987836,2021:12:23:14:29:07.678
945,1640237347698,-0.06887001,3.0536363,8.738107,2021:12:23:14:29:07.698
946,1640237347716,0.0077853054,3.1596363,9.1950445,2021:12:23:14:29:07.716
947,1640237347738,0.18085863,2.9380543,9.369914,2021:12:23:14:29:07.738
948,1640237347758,0.41142344,3.4482913,9.0064,2021:12:23:14:29:07.758
949,1640237347789,0.44496015,3.1452634,9.450163,2021:12:23:14:29:07.789
950,1640237347808,0.52700526,3.2362914,10.077179,2021:12:23:14:29:07.808
951,1640237347825,0.37309578,3.5489016,9.369914,2021:12:23:14:29:07.825
952,1640237347843,0.10360444,3.38541,8.308718,2021:12:23:14:29:07.843
953,1640237347872,-0.04551409,3.3039637,8.327282,2021:12:23:14:29:07.872
954,1640237347892,0.35393196,3.087173,8.591384,2021:12:23:14:29:07.892
955,1640237347908,0.58449674,2.8320546,8.997417,2021:12:23:14:29:07.908
956,1640237347928,0.37309578,3.4243367,9.020773,2021:12:23:14:29:07.928
957,1640237347941,0.6946888,3.380619,8.45005,2021:12:23:14:29:07.941
958,1640237347956,0.61803347,3.1111279,9.218999,2021:12:23:14:29:07.956
959,1640237347975,0.65336674,3.2171278,9.539993,2021:12:23:14:29:07.975
960,1640237347994,0.89830446,3.2698283,9.087248,2021:12:23:14:29:07.994
961,1640237348016,0.6198301,3.1446645,9.087248,2021:12:23:14:29:08.016
962,1640237348041,0.4611296,3.6022007,8.950107,2021:12:23:14:29:08.041
963,1640237348061,0.42280197,3.1398735,9.01179,2021:12:23:14:29:08.061
964,1640237348081,0.15870045,3.274619,9.61066,2021:12:23:14:29:08.081
965,1640237348107,0.19223715,3.005128,9.662163,2021:12:23:14:29:08.107
966,1640237348132,0.5138301,3.3422914,9.322603,2021:12:23:14:29:08.132
967,1640237348157,0.6389939,3.4626641,9.214209,2021:12:23:14:29:08.157
968,1640237348174,0.6054572,3.1788,10.063405,2021:12:23:14:29:08.174
969,1640237348191,0.74020284,3.4243367,9.987947,2021:12:23:14:29:08.191
970,1640237348213,0.8024853,3.274619,9.059101,2021:12:23:14:29:08.213
971,1640237348240,0.61024815,3.5489016,8.629711,2021:12:23:14:29:08.240
972,1640237348258,0.6389939,3.0536363,10.101134,2021:12:23:14:29:08.258
973,1640237348274,0.9276491,2.9045177,9.968784,2021:12:23:14:29:08.274
974,1640237348281,1.0522139,2.9907548,8.544672,2021:12:23:14:29:08.281
975,1640237348306,0.6581577,2.9332635,8.091927,2021:12:23:14:29:08.306
976,1640237348326,0.63420296,2.5338175,9.549575,2021:12:23:14:29:08.326
977,1640237348344,0.5719205,2.6254444,12.1336975,2021:12:23:14:29:08.344
978,1640237348363,0.48089233,3.3710372,10.138863,2021:12:23:14:29:08.363
979,1640237348391,0.5335928,3.7177827,5.9557586,2021:12:23:14:29:08.391
980,1640237348409,-0.17786428,4.217839,5.347307,2021:12:23:14:29:08.409
981,1640237348432,-0.65336674,2.764981,11.15754,2021:12:23:14:29:08.432
982,1640237348450,-0.6198301,3.8716922,9.714264,2021:12:23:14:29:08.450
983,1640237348476,-0.41322005,3.8381555,8.304525,2021:12:23:14:29:08.476
984,1640237348498,-1.2684059,3.8716922,9.629225,2021:12:23:14:29:08.498
985,1640237348517,-0.8839316,4.79994,7.3846617,2021:12:23:14:29:08.517
986,1640237348540,-1.0809597,3.5249467,9.200435,2021:12:23:14:29:08.540
987,1640237348541,-1.6385074,3.9824831,10.827563,2021:12:23:14:29:08.541
988,1640237348563,-1.7588801,3.4141557,8.375192,2021:12:23:14:29:08.563
989,1640237348591,-1.1342591,3.6501105,8.511734,2021:12:23:14:29:08.591
990,1640237348609,-1.1486319,3.169218,9.167497,2021:12:23:14:29:08.609
991,1640237348624,-1.1582139,3.7704833,8.573418,2021:12:23:14:29:08.624
992,1640237348646,-1.1097054,2.5050716,9.902908,2021:12:23:14:29:08.646
993,1640237348672,-1.350451,2.9907548,9.572931,2021:12:23:14:29:08.672
994,1640237348690,-0.9659767,3.091964,8.49796,2021:12:23:14:29:08.690
995,1640237348709,-0.84560394,3.0200996,9.643598,2021:12:23:14:29:08.709
996,1640237348739,-0.8503949,3.2698283,9.35614,2021:12:23:14:29:08.739
997,1640237348758,-1.1097054,2.9236815,9.662762,2021:12:23:14:29:08.758
998,1640237348778,-0.58090353,2.7841449,9.105813,2021:12:23:14:29:08.778
999,1640237348801,-0.50903916,3.4435005,7.960175,2021:12:23:14:29:08.801
1000,1640237348802,-0.98454165,4.1363926,8.803983,2021:12:23:14:29:08.802
1001,1640237348827,-0.8503949,2.985964,9.332186,2021:12:23:14:29:08.827
1002,1640237348847,-0.14372872,2.1679082,9.898117,2021:12:23:14:29:08.847
1003,1640237348865,0.04850844,2.692518,9.52562,2021:12:23:14:29:08.865
1004,1640237348889,-0.1772654,4.3525844,7.25291,2021:12:23:14:29:08.889
1005,1640237348915,-0.1772654,4.213048,5.4089904,2021:12:23:14:29:08.915
1006,1640237348940,0.0868361,3.4530823,6.0168433,2021:12:23:14:29:08.940
1007,1640237348959,-0.836022,2.7506082,13.298499,2021:12:23:14:29:08.959
1008,1640237348975,-0.8318299,3.4722462,11.459371,2021:12:23:14:29:08.975
1009,1640237348997,1.2204963,2.6973088,8.718943,2021:12:23:14:29:08.997
1010,1640237349017,-1.1779766,4.261556,10.68084,2021:12:23:14:29:09.017
1011,1640237349045,-0.65396565,4.1411834,8.629711,2021:12:23:14:29:09.045
1012,1640237349062,-0.6060561,3.890856,7.818243,2021:12:23:14:29:09.062
1013,1640237349089,-0.5677284,2.581727,9.766366,2021:12:23:14:29:09.089
1014,1640237349107,-0.9132762,3.3470824,9.035146,2021:12:23:14:29:09.107
1015,1640237349123,-0.76954746,3.3327096,7.8469887,2021:12:23:14:29:09.123
1016,1640237349141,-0.39465508,3.2848,9.01179,2021:12:23:14:29:09.141
1017,1640237349148,-0.29344612,3.7944381,8.884231,2021:12:23:14:29:09.148
1018,1640237349169,-0.14432758,3.6692743,8.662649,2021:12:23:14:29:09.169
1019,1640237349194,-0.38986415,3.9531384,8.488379,2021:12:23:14:29:09.194
1020,1640237349209,0.17247446,3.4530823,9.01179,2021:12:23:14:29:09.209
1021,1640237349229,0.7300221,3.0488453,9.548976,2021:12:23:14:29:09.229
1022,1640237349255,0.83123106,2.6973088,8.483587,2021:12:23:14:29:09.255
1023,1640237349273,1.0138863,2.8368454,8.53509,2021:12:23:14:29:09.273
1024,1640237349296,0.946214,2.278699,8.889022,2021:12:23:14:29:09.296
1025,1640237349315,1.4893888,3.6453195,8.483587,2021:12:23:14:29:09.315
1026,1640237349342,1.258824,2.2355804,10.275405,2021:12:23:14:29:09.342
1027,1640237349362,1.1917505,3.5489016,9.002209,2021:12:23:14:29:09.362
1028,1640237349383,0.9366321,2.692518,9.454954,2021:12:23:14:29:09.383
1029,1640237349405,1.042632,3.7129917,9.553767,2021:12:23:14:29:09.405
1030,1640237349409,0.2305648,2.981173,9.922072,2021:12:23:14:29:09.409
1031,1640237349430,0.35992065,6.6863794,7.219373,2021:12:23:14:29:09.430
1032,1640237349454,-0.51922,5.940787,6.43186,2021:12:23:14:29:09.454
1033,1640237349476,-0.4377737,3.087173,7.5876784,2021:12:23:14:29:09.476
1034,1640237349490,0.110192016,2.8655913,10.1196995,2021:12:23:14:29:09.490
1035,1640237349519,0.24014673,2.3367894,10.265823,2021:12:23:14:29:09.519
1036,1640237349539,0.25451958,3.399783,8.629711,2021:12:23:14:29:09.539
1037,1640237349556,-0.19283602,2.8080997,8.959688,2021:12:23:14:29:09.556
1038,1640237349579,-0.6348018,3.992065,9.120186,2021:12:23:14:29:09.579
1039,1640237349608,-0.7018752,3.5345285,9.454954,2021:12:23:14:29:09.608
1040,1640237349625,-0.7312198,3.8669012,9.666954,2021:12:23:14:29:09.625
1041,1640237349643,-0.105999924,4.3717484,8.775836,2021:12:23:14:29:09.643
1042,1640237349662,0.16289254,3.8231838,8.49257,2021:12:23:14:29:09.662
1043,1640237349693,-0.19283602,4.2082567,8.252423,2021:12:23:14:29:09.693
1044,1640237349710,-0.7647565,3.6022007,8.23805,2021:12:23:14:29:09.710
1045,1640237349731,-0.9330389,3.8327656,9.535202,2021:12:23:14:29:09.731
1046,1640237349758,-1.331886,3.063218,9.271101,2021:12:23:14:29:09.758
1047,1640237349759,-1.3654227,4.131602,9.511248,2021:12:23:14:29:09.759
1048,1640237349779,-1.4181232,3.693229,8.808773,2021:12:23:14:29:09.779
1049,1640237349794,-1.2115133,4.555002,7.851181,2021:12:23:14:29:09.794
1050,1640237349822,-1.1923494,4.073511,8.526107,2021:12:23:14:29:09.822
1051,1640237349841,-1.249841,4.275929,8.375192,2021:12:23:14:29:09.841
1052,1640237349860,-1.0719767,4.3142567,8.124865,2021:12:23:14:29:09.860
1053,1640237349880,-0.9330389,3.4674551,7.07804,2021:12:23:14:29:09.880
1054,1640237349905,-1.1540217,1.7109705,11.379122,2021:12:23:14:29:09.905
1055,1640237349922,-1.1636037,3.0488453,13.982409,2021:12:23:14:29:09.922
1056,1640237349947,-1.3845866,3.9531384,7.2618933,2021:12:23:14:29:09.947
1057,1640237349971,-0.9713665,4.2465844,7.0498934,2021:12:23:14:29:09.971
1058,1640237349990,-1.1923494,3.6117828,9.601078,2021:12:23:14:29:09.990
1059,1640237350009,-1.552869,4.22263,8.634502,2021:12:23:14:29:10.009
1060,1640237350021,-1.240259,3.1788,8.129655,2021:12:23:14:29:10.021
1061,1640237350039,-0.404237,3.6117828,8.992626,2021:12:23:14:29:10.039
1062,1640237350061,-0.37549126,3.568664,9.8885355,2021:12:23:14:29:10.061
1063,1640237350080,0.30722013,2.9715912,9.176479,2021:12:23:14:29:10.080
1064,1640237350097,0.6821125,2.365535,9.058502,2021:12:23:14:29:10.097
1065,1640237350125,1.1384512,2.793727,8.728525,2021:12:23:14:29:10.125
1066,1640237350145,1.3839878,2.3367894,9.332186,2021:12:23:14:29:10.145
1067,1640237350164,1.2636149,3.409365,8.270988,2021:12:23:14:29:10.164
1068,1640237350194,0.95579594,3.2506645,8.375192,2021:12:23:14:29:10.194
1069,1640237350201,0.9276491,3.2602463,8.856084,2021:12:23:14:29:10.201
1070,1640237350221,0.6875023,3.8477373,8.327881,2021:12:23:14:29:10.221
1071,1640237350256,0.85099375,2.9284725,9.167497,2021:12:23:14:29:10.256
1072,1640237350276,1.461242,3.193173,9.247745,2021:12:23:14:29:10.276
1073,1640237350296,0.9276491,2.9620092,9.172287,2021:12:23:14:29:10.296
1074,1640237350322,0.6635476,3.8183928,9.101022,2021:12:23:14:29:10.322
1075,1640237350338,0.21140099,3.2506645,9.469327,2021:12:23:14:29:10.338
1076,1640237350356,-0.028745743,4.111839,7.5637236,2021:12:23:14:29:10.356
1077,1640237350377,0.019163828,5.8060412,8.728525,2021:12:23:14:29:10.377
1078,1640237350395,-0.37489238,4.087884,9.686117,2021:12:23:14:29:10.395
1079,1640237350422,-0.52401096,1.8457162,9.775948,2021:12:23:14:29:10.422
1080,1640237350439,-0.3509376,3.7225738,8.742898,2021:12:23:14:29:10.439
1081,1640237350460,0.16828237,3.2842011,8.403338,2021:12:23:14:29:10.460
1082,1640237350476,0.32698283,4.0591383,8.987836,2021:12:23:14:29:10.476
1083,1640237350504,0.17307332,3.7513194,8.615338,2021:12:23:14:29:10.504
1084,1640237350521,0.26470038,4.896358,8.983644,2021:12:23:14:29:10.521
1085,1640237350539,-0.023954786,4.9346857,8.469214,2021:12:23:14:29:10.539
1086,1640237350557,0.49047422,4.704121,7.8847175,2021:12:23:14:29:10.557
1087,1640237350589,0.29344612,4.01602,9.157914,2021:12:23:14:29:10.589
1088,1640237350605,0.058090355,3.6549015,9.742412,2021:12:23:14:29:10.605
1089,1640237350621,-0.13953662,3.6213646,8.695587,2021:12:23:14:29:10.621
1090,1640237350639,-0.17307332,4.6412396,8.15361,2021:12:23:14:29:10.639
1091,1640237350660,0.47610137,4.006438,7.4601192,2021:12:23:14:29:10.660
1092,1640237350677,0.2305648,4.4346294,9.129767,2021:12:23:14:29:10.677
1093,1640237350694,-0.24014673,3.5393195,11.331811,2021:12:23:14:29:10.694
1094,1640237350721,-0.105401054,4.1747203,6.974436,2021:12:23:14:29:10.721
1095,1640237350742,-0.48987538,4.0399747,7.7571583,2021:12:23:14:29:10.742
1096,1640237350755,-0.55275667,2.4954898,10.921585,2021:12:23:14:29:10.755
1097,1640237350776,-0.30722013,3.5536923,8.464423,2021:12:23:14:29:10.776
1098,1640237350795,-1.047423,3.486619,9.205225,2021:12:23:14:29:10.795
1099,1640237350821,-0.90848523,3.6549015,9.016582,2021:12:23:14:29:10.821
1100,1640237350839,-0.80727625,3.082382,9.129767,2021:12:23:14:29:10.839
1101,1640237350860,-0.73541194,3.8381555,8.554254,2021:12:23:14:29:10.860
1102,1640237350876,-1.3983606,4.0783024,8.823146,2021:12:23:14:29:10.876
1103,1640237350906,-1.0090953,3.9291837,9.728638,2021:12:23:14:29:10.906
1104,1640237350920,-1.153423,4.516076,8.181757,2021:12:23:14:29:10.920
1105,1640237350939,-1.4031515,3.7704833,8.657858,2021:12:23:14:29:10.939
1106,1640237350960,-1.1725868,3.0440543,10.51615,2021:12:23:14:29:10.960
1107,1640237350978,-0.97555864,3.69802,9.006999,2021:12:23:14:29:10.978
1108,1640237351003,-1.2396601,3.69802,9.190852,2021:12:23:14:29:11.003
1109,1640237351021,-1.1198862,4.3142567,7.832616,2021:12:23:14:29:11.021
1110,1640237351038,-1.355242,2.8080997,8.634502,2021:12:23:14:29:11.038
1111,1640237351060,-0.98514056,3.063218,10.709586,2021:12:23:14:29:11.060
1112,1640237351077,0.25990942,3.409365,8.62013,2021:12:23:14:29:11.077
1113,1640237351103,-0.30722013,3.9435565,7.3325596,2021:12:23:14:29:11.103
1114,1640237351125,-0.48987538,3.7321556,8.917169,2021:12:23:14:29:11.125
1115,1640237351139,-0.105401054,3.1111279,9.8226595,2021:12:23:14:29:11.139
1116,1640237351156,0.0868361,3.2698283,9.384287,2021:12:23:14:29:11.156
1117,1640237351176,-0.58150244,3.693229,8.497361,2021:12:23:14:29:11.176
1118,1640237351196,-0.6006662,3.9243927,8.549463,2021:12:23:14:29:11.196
1119,1640237351220,-0.15870045,4.203466,9.006999,2021:12:23:14:29:11.220
1120,1640237351239,-0.07725418,3.3662462,10.044242,2021:12:23:14:29:11.239
1121,1640237351256,-0.14911854,4.131602,8.02126,2021:12:23:14:29:11.256
1122,1640237351276,-0.5096381,3.4674551,8.818356,2021:12:23:14:29:11.276
1123,1640237351305,-0.43298274,3.0536363,9.9077,2021:12:23:14:29:11.305
1124,1640237351321,-0.5383838,3.59741,7.9553843,2021:12:23:14:29:11.321
1125,1640237351338,-0.2838642,3.2554553,9.200435,2021:12:23:14:29:11.338
1126,1640237351357,-0.7066662,4.405884,9.110603,2021:12:23:14:29:11.357
1127,1640237351377,-1.5426881,3.8231838,7.7385936,2021:12:23:14:29:11.377
1128,1640237351403,-1.249841,4.5358386,8.62013,2021:12:23:14:29:11.403
1129,1640237351421,-1.3312871,3.799229,10.440693,2021:12:23:14:29:11.421
1130,1640237351437,-1.4229143,4.9251037,9.025564,2021:12:23:14:29:11.437
1131,1640237351461,-0.6204289,4.670584,7.898492,2021:12:23:14:29:11.461
1132,1640237351477,-0.6875023,4.2322116,9.205225,2021:12:23:14:29:11.477
1133,1640237351506,-1.355242,4.401093,9.271101,2021:12:23:14:29:11.506
1134,1640237351520,-0.93244004,5.1945953,8.559045,2021:12:23:14:29:11.520
1135,1640237351544,-1.4372871,4.2663474,7.323577,2021:12:23:14:29:11.544
1136,1640237351555,-0.11558184,3.2991729,9.35614,2021:12:23:14:29:11.555
1137,1640237351575,-1.13905,3.2171278,8.941124,2021:12:23:14:29:11.575
1138,1640237351594,-0.9228581,3.4722462,9.016582,2021:12:23:14:29:11.594
1139,1640237351620,-0.4952652,3.1015458,8.823146,2021:12:23:14:29:11.620
1140,1640237351638,-0.12995471,3.80402,9.167497,2021:12:23:14:29:11.638
1141,1640237351658,-0.16349141,2.9907548,8.511734,2021:12:23:14:29:11.658
1142,1640237351676,0.6006662,3.5638733,8.431485,2021:12:23:14:29:11.676
1143,1640237351702,0.65336674,3.7129917,10.365235,2021:12:23:14:29:11.702
1144,1640237351721,0.095819145,3.3231275,8.969271,2021:12:23:14:29:11.721
1145,1640237351737,1.042632,3.996856,9.138751,2021:12:23:14:29:11.737
1146,1640237351756,1.3887787,3.4770372,8.436276,2021:12:23:14:29:11.756
1147,1640237351780,0.6581577,3.2506645,7.67691,2021:12:23:14:29:11.780
1148,1640237351803,0.12935585,2.981173,10.398173,2021:12:23:14:29:11.803
1149,1640237351822,-0.5677284,3.4530823,10.893438,2021:12:23:14:29:11.822
1150,1640237351839,-0.07246323,2.880563,8.120073,2021:12:23:14:29:11.839
1151,1640237351863,0.70127636,2.682936,8.681214,2021:12:23:14:29:11.863
1152,1640237351877,0.46592057,2.8512182,9.058502,2021:12:23:14:29:11.877
1153,1640237351907,0.9749598,2.6733541,9.86997,2021:12:23:14:29:11.907
1154,1640237351922,1.3887787,2.4086537,10.76588,2021:12:23:14:29:11.922
1155,1640237351940,1.3546431,2.7985177,7.898492,2021:12:23:14:29:11.940
1156,1640237351958,1.7295355,2.7362354,7.9410114,2021:12:23:14:29:11.958
1157,1640237351988,1.9990269,3.174009,9.940637,2021:12:23:14:29:11.988
1158,1640237352020,2.3158288,2.8512182,9.35135,2021:12:23:14:29:12.020
1159,1640237352036,2.594902,3.7513194,8.917169,2021:12:23:14:29:12.036
1160,1640237352039,2.7727664,3.0536363,7.502639,2021:12:23:14:29:12.039
1161,1640237352059,1.975072,3.2698283,9.634016,2021:12:23:14:29:12.059
1162,1640237352103,0.9941236,3.592619,9.898117,2021:12:23:14:29:12.103
1163,1640237352119,-0.13474567,4.3334208,7.9883223,2021:12:23:14:29:12.119
1164,1640237352137,0.24493769,3.2650373,8.266197,2021:12:23:14:29:12.137
1165,1640237352156,0.38387543,2.8464274,10.195157,2021:12:23:14:29:12.156
1166,1640237352177,-0.25990942,4.073511,8.75248,2021:12:23:14:29:12.177
1167,1640237352201,-0.6922933,3.9243927,8.766253,2021:12:23:14:29:12.201
1168,1640237352218,-0.5964742,3.3566644,10.327507,2021:12:23:14:29:12.218
1169,1640237352237,0.321593,3.8716922,7.837407,2021:12:23:14:29:12.237
1170,1640237352257,-0.5964742,5.214358,7.865554,2021:12:23:14:29:12.257
1171,1640237352279,-0.8845304,4.0447655,9.101022,2021:12:23:14:29:12.279
1172,1640237352304,-0.16828237,3.6549015,10.21432,2021:12:23:14:29:12.304
1173,1640237352322,0.07186436,3.8327656,8.554254,2021:12:23:14:29:12.322
1174,1640237352339,0.009581914,4.410675,7.615825,2021:12:23:14:29:12.339
1175,1640237352357,0.009581914,3.9243927,9.634016,2021:12:23:14:29:12.357
1176,1640237352388,0.4515477,4.2663474,7.8847175,2021:12:23:14:29:12.388
1177,1640237352403,0.028745743,3.9627204,8.262006,2021:12:23:14:29:12.403
1178,1640237352419,0.34554777,3.9627204,9.464536,2021:12:23:14:29:12.419
1179,1640237352438,0.6150391,3.8621104,8.441068,2021:12:23:14:29:12.438
1180,1640237352460,-0.22637272,3.6884382,8.681214,2021:12:23:14:29:12.460
1181,1640237352486,-0.58689225,3.3135457,8.441068,2021:12:23:14:29:12.486
1182,1640237352504,0.08144627,3.7417374,9.171688,2021:12:23:14:29:12.504
1183,1640237352522,1.047423,3.5057828,8.615338,2021:12:23:14:29:12.522
1184,1640237352536,1.0665869,3.399783,8.615338,2021:12:23:14:29:12.536
1185,1640237352555,0.15331063,3.2794101,9.402852,2021:12:23:14:29:12.555
1186,1640237352577,0.26889247,4.1411834,9.256728,2021:12:23:14:29:12.577
1187,1640237352595,0.052700527,3.49141,8.803983,2021:12:23:14:29:12.595
1188,1640237352624,0.36950257,3.7177827,9.3603325,2021:12:23:14:29:12.624
1189,1640237352639,-0.18265525,3.9579294,9.006999,2021:12:23:14:29:12.639
1190,1640237352660,0.038327657,3.568664,9.742412,2021:12:23:14:29:12.660
1191,1640237352677,0.41322005,3.5638733,8.634502,2021:12:23:14:29:12.677
1192,1640237352700,0.65336674,3.6117828,8.677022,2021:12:23:14:29:12.700
1193,1640237352717,0.41322005,2.9907548,10.72815,2021:12:23:14:29:12.717
1194,1640237352737,0.5521578,4.203466,8.101508,2021:12:23:14:29:12.737
1195,1640237352756,0.43717483,3.274619,7.818243,2021:12:23:14:29:12.756
1196,1640237352786,0.23535576,3.3327096,10.346072,2021:12:23:14:29:12.786
1197,1640237352802,0.3120111,3.6453195,8.242842,2021:12:23:14:29:12.802
1198,1640237352818,0.124564886,3.698619,7.9649663,2021:12:23:14:29:12.818
1199,1640237352836,0.15810159,4.011229,8.681214,2021:12:23:14:29:12.836
1200,1640237352858,0.14372872,3.2650373,10.223903,2021:12:23:14:29:12.858
1201,1640237352877,0.07186436,3.886065,7.865554,2021:12:23:14:29:12.877
1202,1640237352904,0.1676835,2.7553992,8.657858,2021:12:23:14:29:12.904
1203,1640237352919,0.19163829,2.9907548,11.364749,2021:12:23:14:29:12.919
1204,1640237352936,0.095819145,3.0584273,9.190852,2021:12:23:14:29:12.936
1205,1640237352954,0.23535576,3.7082007,7.5780964,2021:12:23:14:29:12.954
1206,1640237352986,-0.029344613,3.5105739,8.337463,2021:12:23:14:29:12.986
1207,1640237353001,-0.39465508,3.587828,10.199947,2021:12:23:14:29:13.001
1208,1640237353020,-0.39944604,3.9579294,8.851294,2021:12:23:14:29:13.020
1209,1640237353036,-0.7449938,4.261556,8.987836,2021:12:23:14:29:13.036
1210,1640237353057,-1.4756148,5.016731,7.535577,2021:12:23:14:29:13.057
1211,1640237353079,-1.2833776,4.4777484,8.153011,2021:12:23:14:29:13.079
1212,1640237353104,-1.240259,4.3525844,9.502265,2021:12:23:14:29:13.104
1213,1640237353123,-0.9857394,4.7376575,10.874275,2021:12:23:14:29:13.123
1214,1640237353140,-1.331886,4.092675,6.931916,2021:12:23:14:29:13.140
1215,1640237353158,-1.235468,3.9004378,8.252423,2021:12:23:14:29:13.158
1216,1640237353185,-0.3174009,3.6501105,10.860501,2021:12:23:14:29:13.185
1217,1640237353203,-0.6252199,4.1747203,5.9886966,2021:12:23:14:29:13.203
1218,1640237353221,-0.730621,2.6733541,9.643598,2021:12:23:14:29:13.221
1219,1640237353237,0.16349141,4.4346294,10.138863,2021:12:23:14:29:13.237
1220,1640237353260,-0.76415765,3.7944381,6.1252384,2021:12:23:14:29:13.260
1221,1640237353277,-0.54317474,2.7841449,12.161844,2021:12:23:14:29:13.277
1222,1640237353302,-0.052700527,4.5597935,8.931541,2021:12:23:14:29:13.302
1223,1640237353320,-0.2838642,5.141895,6.398922,2021:12:23:14:29:13.320
1224,1640237353340,0.12995471,3.1207097,9.605869,2021:12:23:14:29:13.340
1225,1640237353358,0.48029345,3.3422914,9.101022,2021:12:23:14:29:13.358
1226,1640237353376,0.5479657,3.183591,9.157914,2021:12:23:14:29:13.376
1227,1640237353400,0.13474567,3.573455,7.6912827,2021:12:23:14:29:13.400
1228,1640237353421,-0.19223715,3.4482913,8.677022,2021:12:23:14:29:13.421
1229,1640237353437,0.65336674,2.2930717,10.148445,2021:12:23:14:29:13.437
1230,1640237353459,1.2785866,3.4530823,8.596773,2021:12:23:14:29:13.459
1231,1640237353476,0.7929034,2.9524274,8.308718,2021:12:23:14:29:13.476
1232,1640237353501,0.46592057,2.471535,9.341767,2021:12:23:14:29:13.501
1233,1640237353516,0.5288019,3.2602463,8.526107,2021:12:23:14:29:13.516
1234,1640237353538,1.3025415,4.8292847,9.247745,2021:12:23:14:29:13.538
1235,1640237353558,1.4756148,2.7601902,9.431598,2021:12:23:14:29:13.558
1236,1640237353585,0.8264401,3.3566644,8.106299,2021:12:23:14:29:13.585
1237,1640237353601,1.0767676,2.9524274,8.219485,2021:12:23:14:29:13.601
1238,1640237353618,0.5623386,2.3074448,11.619867,2021:12:23:14:29:13.618
1239,1640237353637,0.39884716,4.2082567,10.355654,2021:12:23:14:29:13.637
1240,1640237353669,0.40363812,3.1500542,8.006887,2021:12:23:14:29:13.669
1241,1640237353687,0.9563948,3.2362914,8.917169,2021:12:23:14:29:13.687
1242,1640237353703,0.8845304,3.2506645,9.874762,2021:12:23:14:29:13.703
1243,1640237353719,1.0767676,4.2417936,9.087248,2021:12:23:14:29:13.719
1244,1640237353740,1.042632,4.107048,8.087135,2021:12:23:14:29:13.740
1245,1640237353776,0.9276491,3.404574,8.653068,2021:12:23:14:29:13.776
1246,1640237353802,0.72103906,3.9723022,8.969271,2021:12:23:14:29:13.802
1247,1640237353818,0.69708425,4.261556,7.8703446,2021:12:23:14:29:13.818
1248,1640237353836,0.29344612,4.203466,7.4834747,2021:12:23:14:29:13.836
1249,1640237353856,0.68271136,3.8136017,9.2944565,2021:12:23:14:29:13.856
1250,1640237353886,0.6054572,2.5002806,9.436389,2021:12:23:14:29:13.886
1251,1640237353900,0.6198301,4.083093,9.431598,2021:12:23:14:29:13.900
1252,1640237353916,0.34135568,3.5584834,8.66744,2021:12:23:14:29:13.916
1253,1640237353936,0.24972863,4.22263,8.587192,2021:12:23:14:29:13.936
1254,1640237353957,0.58150244,3.1302917,8.950107,2021:12:23:14:29:13.957
1255,1640237353984,0.22577386,3.380619,9.016582,2021:12:23:14:29:13.984
1256,1640237354002,0.8503949,3.188382,8.926751,2021:12:23:14:29:14.002
1257,1640237354019,0.80727625,3.693229,10.134072,2021:12:23:14:29:14.019
1258,1640237354036,0.062282443,3.8231838,9.671744,2021:12:23:14:29:14.036
1259,1640237354067,-0.028745743,3.914811,9.898117,2021:12:23:14:29:14.067
1260,1640237354076,-0.16349141,4.0495563,7.8937006,2021:12:23:14:29:14.076
1261,1640237354103,-0.009581914,3.0296814,7.2008085,2021:12:23:14:29:14.103
1262,1640237354117,0.20661002,3.6501105,9.601078,2021:12:23:14:29:14.117
1263,1640237354139,0.2209829,3.2219186,9.143541,2021:12:23:14:29:14.139
1264,1640237354157,-0.0335367,3.4626641,7.4128084,2021:12:23:14:29:14.157
1265,1640237354184,0.30781898,2.172699,10.176592,2021:12:23:14:29:14.184
1266,1640237354200,0.5288019,4.2082567,10.610173,2021:12:23:14:29:14.200
1267,1640237354219,-0.26889247,3.164427,7.2481194,2021:12:23:14:29:14.219
1268,1640237354236,-0.1006101,2.3799078,8.912378,2021:12:23:14:29:14.236
1269,1640237354256,-0.13893776,3.0296814,9.483101,2021:12:23:14:29:14.256
1270,1640237354275,-0.21619193,2.9045177,10.72815,2021:12:23:14:29:14.275
1271,1640237354304,-0.3509376,4.189093,9.99753,2021:12:23:14:29:14.304
1272,1640237354317,-0.26889247,3.4243367,8.120672,2021:12:23:14:29:14.317
1273,1640237354337,-0.34075683,5.2574763,9.889134,2021:12:23:14:29:14.337
1274,1640237354356,0.14432758,3.808811,9.365124,2021:12:23:14:29:14.356
1275,1640237354384,-0.48987538,1.9756709,9.940637,2021:12:23:14:29:14.384
1276,1640237354400,-0.5719205,4.102257,9.507055,2021:12:23:14:29:14.400
1277,1640237354418,-0.26889247,2.5242355,9.275892,2021:12:23:14:29:14.418
1278,1640237354437,0.16828237,3.2554553,9.299248,2021:12:23:14:29:14.437
1279,1640237354467,-0.8695587,3.6692743,7.299622,2021:12:23:14:29:14.467
1280,1640237354484,-1.0570049,3.8183928,8.983644,2021:12:23:14:29:14.484
1281,1640237354503,-0.6964854,2.9668002,6.0881085,2021:12:23:14:29:14.503
1282,1640237354518,-0.86476773,2.2259984,11.298873,2021:12:23:14:29:14.518
1283,1640237354538,-0.13893776,3.70341,12.8601265,2021:12:23:14:29:14.538
1284,1640237354557,-1.4510611,4.3813305,6.4887524,2021:12:23:14:29:14.557
1285,1640237354581,-1.1869596,3.6261556,11.251563,2021:12:23:14:29:14.581
1286,1640237354604,-0.047909573,4.1459746,10.284987,2021:12:23:14:29:14.604
1287,1640237354621,-1.9415354,4.401093,8.026051,2021:12:23:14:29:14.621
1288,1640237354637,-1.8978179,4.107048,9.256728,2021:12:23:14:29:14.637
1289,1640237354662,-1.254033,3.7417374,8.4554405,2021:12:23:14:29:14.662
1290,1640237354683,-1.4893888,4.366957,7.7146387,2021:12:23:14:29:14.683
1291,1640237354699,-1.9702811,3.5489016,9.059101,2021:12:23:14:29:14.699
1292,1640237354719,-1.7972078,3.6788561,11.308455,2021:12:23:14:29:14.719
1293,1640237354737,-1.9990269,3.9824831,6.8941875,2021:12:23:14:29:14.737
1294,1640237354755,-1.6864169,2.9428453,9.2615185,2021:12:23:14:29:14.755
1295,1640237354777,-1.3648239,3.8327656,7.709848,2021:12:23:14:29:14.777
1296,1640237354796,-1.989445,4.891567,6.3282557,2021:12:23:14:29:14.796
1297,1640237354820,-2.6763484,2.7116816,10.171801,2021:12:23:14:29:14.820
1298,1640237354836,-1.7684621,4.1747203,10.025677,2021:12:23:14:29:14.836
1299,1640237354867,-0.836022,1.5139425,8.780626,2021:12:23:14:29:14.867
1300,1640237354882,-0.4084291,3.5393195,10.355654,2021:12:23:14:29:14.882
1301,1640237354901,-0.59587526,3.587828,7.865554,2021:12:23:14:29:14.901
1302,1640237354919,0.57251936,2.5002806,8.219485,2021:12:23:14:29:14.919
1303,1640237354939,0.29344612,3.380619,9.469327,2021:12:23:14:29:14.939
1304,1640237354958,0.23595464,3.8716922,10.020885,2021:12:23:14:29:14.958
1305,1640237354984,0.6875023,3.5489016,8.615338,2021:12:23:14:29:14.984
1306,1640237354999,0.16828237,2.6493993,8.860875,2021:12:23:14:29:14.999
1307,1640237355021,0.18804507,3.6884382,7.3660965,2021:12:23:14:29:15.021
1308,1640237355037,0.26470038,3.3422914,10.190965,2021:12:23:14:29:15.037
1309,1640237355058,0.5335928,3.5345285,9.120186,2021:12:23:14:29:15.058
1310,1640237355082,1.130067,3.2267096,6.997792,2021:12:23:14:29:15.082
1311,1640237355101,1.1252761,4.391511,8.115881,2021:12:23:14:29:15.101
1312,1640237355117,0.8797395,2.5913088,10.355654,2021:12:23:14:29:15.117
1313,1640237355133,0.56293744,3.2895908,8.464423,2021:12:23:14:29:15.133
1314,1640237355156,0.72583,4.1507654,10.520942,2021:12:23:14:29:15.156
1315,1640237355181,0.49047422,2.5002806,9.374705,2021:12:23:14:29:15.181
1316,1640237355199,1.4564509,2.8176816,7.502639,2021:12:23:14:29:15.199
1317,1640237355221,-0.28745744,4.006438,9.587304,2021:12:23:14:29:15.221
1318,1640237355235,0.54377365,3.6309466,7.7146387,2021:12:23:14:29:15.235
1319,1640237355258,0.21199985,4.8197026,8.950706,2021:12:23:14:29:15.258
1320,1640237355284,0.35632744,2.9907548,10.011304,2021:12:23:14:29:15.284
1321,1640237355299,0.4575364,3.077591,9.902908,2021:12:23:14:29:15.299
1322,1640237355318,0.43837258,4.5454206,6.2623796,2021:12:23:14:29:15.318
1323,1640237355338,0.500655,2.4182355,9.190852,2021:12:23:14:29:15.338
1324,1640237355357,-0.5084403,4.1507654,10.445484,2021:12:23:14:29:15.357
1325,1640237355385,-0.109593146,4.1651382,7.431972,2021:12:23:14:29:15.385
1326,1640237355403,0.2365535,3.5393195,8.681813,2021:12:23:14:29:15.403
1327,1640237355419,0.32279074,3.5009918,9.690908,2021:12:23:14:29:15.419
1328,1640237355453,-0.7635588,3.7752743,11.600703,2021:12:23:14:29:15.453
1329,1640237355473,-0.104802184,3.6309466,7.092413,2021:12:23:14:29:15.473
1330,1640237355485,0.40962684,3.1398735,9.592095,2021:12:23:14:29:15.485
1331,1640237355501,0.40004492,3.9243927,10.219111,2021:12:23:14:29:15.501
1332,1640237355518,0.42879066,4.366957,8.271587,2021:12:23:14:29:15.518
1333,1640237355542,0.3808811,3.4141557,9.077666,2021:12:23:14:29:15.542
1334,1640237355575,0.38567203,4.6651945,7.1445146,2021:12:23:14:29:15.575
1335,1640237355602,-0.06647453,2.1295805,11.827077,2021:12:23:14:29:15.602
1336,1640237355603,0.1694801,3.4674551,8.1254635,2021:12:23:14:29:15.603
1337,1640237355622,-0.09042931,3.578246,6.3426285,2021:12:23:14:29:15.622
1338,1640237355655,0.38567203,3.9579294,8.016469,2021:12:23:14:29:15.655
1339,1640237355682,0.13534454,2.3511622,8.035633,2021:12:23:14:29:15.682
1340,1640237355698,0.24134447,2.6398172,15.595164,2021:12:23:14:29:15.698
1341,1640237355716,0.039525397,5.113149,10.158027,2021:12:23:14:29:15.716
1342,1640237355737,-1.2103156,2.067298,5.258075,2021:12:23:14:29:15.737
1343,1640237355757,-0.23415802,2.1104167,9.530412,2021:12:23:14:29:15.757
1344,1640237355782,-0.19103941,4.3861213,8.398548,2021:12:23:14:29:15.782
1345,1640237355798,-2.118202,2.9715912,10.035258,2021:12:23:14:29:15.798
1346,1640237355817,-1.6570723,4.1843023,10.817981,2021:12:23:14:29:15.817
1347,1640237355837,-1.272598,4.261556,6.757645,2021:12:23:14:29:15.837
1348,1640237355865,-1.6283265,4.3334208,7.3331585,2021:12:23:14:29:15.865
1349,1640237355882,-0.59467757,4.684957,10.049631,2021:12:23:14:29:15.882
1350,1640237355900,-0.5994685,4.2417936,6.6348767,2021:12:23:14:29:15.900
1351,1640237355917,-0.50364935,2.9380543,8.681813,2021:12:23:14:29:15.917
1352,1640237355939,0.5204177,3.3518734,11.058726,2021:12:23:14:29:15.939
1353,1640237355957,-0.095220275,5.2383127,6.621103,2021:12:23:14:29:15.957
1354,1640237355981,-0.87854177,4.7616124,7.667927,2021:12:23:14:29:15.981
1355,1640237355997,-0.83482426,2.1152077,11.775574,2021:12:23:14:29:15.997
1356,1640237356020,-0.32578507,2.7308455,9.879553,2021:12:23:14:29:16.020
1357,1640237356037,0.058689225,3.9435565,7.5733056,2021:12:23:14:29:16.037
1358,1640237356056,-0.97915184,3.9531384,7.4271812,2021:12:23:14:29:16.056
1359,1640237356077,-0.28685856,5.021522,9.124977,2021:12:23:14:29:16.077
1360,1640237356101,-0.046711832,2.7308455,9.530412,2021:12:23:14:29:16.101
1361,1640237356118,-0.39285848,3.409365,9.021372,2021:12:23:14:29:16.118
1362,1640237356147,-0.33057603,2.8464274,7.828424,2021:12:23:14:29:16.147
1363,1640237356157,-0.25811282,2.5913088,10.016094,2021:12:23:14:29:16.157
1364,1640237356177,-0.13354793,3.288992,9.823258,2021:12:23:14:29:16.177
1365,1640237356205,-0.22936708,3.5830371,10.204739,2021:12:23:14:29:16.205
1366,1640237356223,0.57251936,3.2027547,7.0265374,2021:12:23:14:29:16.223
1367,1640237356237,0.22637272,3.2027547,9.13935,2021:12:23:14:29:16.237
1368,1640237356267,0.16409028,3.987274,9.643598,2021:12:23:14:29:16.267
1369,1640237356282,1.2115133,1.8313433,8.554254,2021:12:23:14:29:16.282
1370,1640237356300,0.26470038,4.011229,9.889134,2021:12:23:14:29:16.300
1371,1640237356317,0.1497174,2.9572182,6.422877,2021:12:23:14:29:16.317
1372,1640237356339,0.75517464,3.3375006,8.091927,2021:12:23:14:29:16.339
1373,1640237356358,0.78392035,3.9387655,11.322828,2021:12:23:14:29:16.358
1374,1640237356382,0.50005615,3.2362914,8.139237,2021:12:23:14:29:16.382
1375,1640237356398,0.18804507,2.1056256,7.5307856,2021:12:23:14:29:16.398
1376,1640237356419,0.6635476,4.3334208,11.398286,2021:12:23:14:29:16.419
1377,1640237356437,0.6204289,3.8375566,7.827825,2021:12:23:14:29:16.437
1378,1640237356465,0.47610137,3.0488453,8.983644,2021:12:23:14:29:16.465
1379,1640237356482,0.8030842,2.6254444,7.7433844,2021:12:23:14:29:16.482
1380,1640237356498,0.91387504,3.6501105,7.0828314,2021:12:23:14:29:16.498
1381,1640237356516,-0.119773924,3.9531384,2.876371,2021:12:23:14:29:16.516
1382,1640237356536,0.404237,0.0029943483,20.698132,2021:12:23:14:29:16.536
1383,1640237356557,-0.8839316,6.657634,14.374069,2021:12:23:14:29:16.557
1384,1640237356582,0.93782985,2.7116816,-1.8918291,2021:12:23:14:29:16.582
1385,1640237356596,-0.26889247,4.0399747,10.431111,2021:12:23:14:29:16.596
1386,1640237356619,1.5576599,2.981173,10.12449,2021:12:23:14:29:16.619
1387,1640237356637,1.1827675,5.1850133,5.635363,2021:12:23:14:29:16.637
1388,1640237356665,1.0965303,2.048134,9.006999,2021:12:23:14:29:16.665
1389,1640237356681,2.706292,4.1507654,11.318037,2021:12:23:14:29:16.681
1390,1640237356700,1.5576599,2.2499533,10.997043,2021:12:23:14:29:16.700
1391,1640237356716,1.0192761,2.4421904,10.091552,2021:12:23:14:29:16.716
1392,1640237356739,1.1204851,2.7601902,9.39866,2021:12:23:14:29:16.739
1393,1640237356765,1.2983494,3.6309466,9.157914,2021:12:23:14:29:16.765
1394,1640237356782,0.17846315,4.9346857,5.31916,2021:12:23:14:29:16.782
1395,1640237356799,-0.9030954,8.674027,14.680091,2021:12:23:14:29:16.799
1396,1640237356819,0.71145713,2.394281,10.134072,2021:12:23:14:29:16.819
1397,1640237356836,-0.16289254,0.11857619,8.502152,2021:12:23:14:29:16.836
1398,1640237356867,-0.6677396,4.4681664,9.917281,2021:12:23:14:29:16.867
1399,1640237356884,-0.7060673,4.1603475,5.673092,2021:12:23:14:29:16.884
1400,1640237356899,-2.094846,3.1111279,9.587304,2021:12:23:14:29:16.899
1401,1640237356914,-2.1283827,3.2602463,8.271587,2021:12:23:14:29:16.914
1402,1640237356947,-1.6097616,4.704121,11.0443535,2021:12:23:14:29:16.947
1403,1640237356964,-1.883445,4.8628216,7.2618933,2021:12:23:14:29:16.964
1404,1640237356983,-1.3067335,1.7492982,8.124865,2021:12:23:14:29:16.983
1405,1640237356999,-0.6389939,2.2451622,11.242579,2021:12:23:14:29:16.999
1406,1640237357019,-1.4271064,3.6405284,11.275517,2021:12:23:14:29:17.019
1407,1640237357036,-1.8307445,3.7944381,10.327507,2021:12:23:14:29:17.036
1408,1640237357064,-2.0469365,3.5297377,5.4275556,2021:12:23:14:29:17.064
1409,1640237357080,-1.2923607,2.38949,8.969271,2021:12:23:14:29:17.080
1410,1640237357100,-0.32638395,4.4490027,10.794625,2021:12:23:14:29:17.100
1411,1640237357118,-1.3258973,3.2410824,5.3712616,2021:12:23:14:29:17.118
1412,1640237357139,-0.64857584,3.1350825,8.832728,2021:12:23:14:29:17.139
1413,1640237357163,0.5383838,5.0502677,6.77621,2021:12:23:14:29:17.163
1414,1640237357180,0.32219186,5.2718496,8.252423,2021:12:23:14:29:17.180
1415,1640237357198,0.42819178,3.3566644,8.483587,2021:12:23:14:29:17.198
1416,1640237357218,-0.25451958,0.9024965,9.676536,2021:12:23:14:29:17.218
1417,1640237357238,0.5910843,2.9188907,13.185313,2021:12:23:14:29:17.238
1418,1640237357264,-0.33596587,4.6508217,6.8612494,2021:12:23:14:29:17.264
1419,1640237357282,0.7066662,3.2554553,10.921585,2021:12:23:14:29:17.282
1420,1640237357300,0.86536664,3.3135457,11.628851,2021:12:23:14:29:17.300
1421,1640237357334,-0.24493769,3.808811,6.43186,2021:12:23:14:29:17.334
1422,1640237357354,0.07725418,4.087884,4.790957,2021:12:23:14:29:17.354
1423,1640237357364,-0.43238387,3.077591,10.798818,2021:12:23:14:29:17.364
1424,1640237357382,-0.41322005,3.3662462,11.553393,2021:12:23:14:29:17.382
1425,1640237357417,-0.6054572,5.132313,5.724595,2021:12:23:14:29:17.417
1426,1640237357436,-0.5138301,2.9236815,10.199947,2021:12:23:14:29:17.436
1427,1640237357457,-0.6006662,4.5017033,9.511847,2021:12:23:14:29:17.457
1428,1640237357482,-0.2305648,2.172699,8.719542,2021:12:23:14:29:17.482
1429,1640237357501,0.7018752,5.2431035,9.195643,2021:12:23:14:29:17.501
1430,1640237357516,0.58150244,4.0495563,9.964592,2021:12:23:14:29:17.516
1431,1640237357537,-0.30722013,1.9948348,6.592357,2021:12:23:14:29:17.537
1432,1640237357562,-0.24493769,2.8655913,13.020024,2021:12:23:14:29:17.562
1433,1640237357580,-0.93244004,2.5577722,13.524872,2021:12:23:14:29:17.580
1434,1640237357597,-0.8168582,2.18288,5.512595,2021:12:23:14:29:17.597
1435,1640237357618,0.0868361,2.9236815,4.7484374,2021:12:23:14:29:17.618
1436,1640237357636,0.30781898,5.90725,10.388592,2021:12:23:14:29:17.636
1437,1640237357657,-0.58150244,3.5830371,8.356028,2021:12:23:14:29:17.657
1438,1640237357683,-0.5383838,3.38541,6.6582327,2021:12:23:14:29:17.683
1439,1640237357700,0.19702812,3.9100199,10.407756,2021:12:23:14:29:17.700
1440,1640237357717,0.76415765,2.663772,8.445858,2021:12:23:14:29:17.717
1441,1640237357747,-0.009581914,2.4421904,9.634016,2021:12:23:14:29:17.747
1442,1640237357761,0.36051953,3.077591,10.921585,2021:12:23:14:29:17.761
1443,1640237357783,-0.24014673,2.2212074,8.4554405,2021:12:23:14:29:17.783
1444,1640237357798,-0.3844743,3.9100199,7.5307856,2021:12:23:14:29:17.798
1445,1640237357818,0.0670734,5.103567,9.837032,2021:12:23:14:29:17.818
1446,1640237357834,0.6437849,3.404574,9.176479,2021:12:23:14:29:17.834
1447,1640237357863,-0.11558184,2.1679082,11.346184,2021:12:23:14:29:17.863
1448,1640237357880,0.20661002,3.3279185,8.591983,2021:12:23:14:29:17.880
1449,1640237357898,0.30781898,3.784856,10.42153,2021:12:23:14:29:17.898
1450,1640237357915,0.22577386,2.9907548,9.120186,2021:12:23:14:29:17.915
1451,1640237357938,0.4952652,4.602912,6.064154,2021:12:23:14:29:17.938
1452,1640237357963,0.7689486,3.8621104,4.5220647,2021:12:23:14:29:17.963
1453,1640237357981,0.629412,2.5146537,10.501778,2021:12:23:14:29:17.981
1454,1640237357997,-0.16828237,3.2991729,12.91642,2021:12:23:14:29:17.997
1455,1640237358019,0.17786428,4.520867,11.407269,2021:12:23:14:29:18.019
1456,1640237358037,0.21140099,3.9579294,3.9417598,2021:12:23:14:29:18.037
1457,1640237358064,0.5623386,2.273908,7.0498934,2021:12:23:14:29:18.064
1458,1640237358080,-1.0959314,3.2362914,15.034023,2021:12:23:14:29:18.080
1459,1640237358099,-0.63420296,3.8477373,15.519707,2021:12:23:14:29:18.099
1460,1640237358118,-0.18265525,4.6460304,5.823408,2021:12:23:14:29:18.118
1461,1640237358139,0.4419658,4.3525844,4.3142567,2021:12:23:14:29:18.139
1462,1640237358164,-0.091627054,1.7397163,9.218999,2021:12:23:14:29:18.164
1463,1640237358182,-0.8989033,1.7588801,13.581165,2021:12:23:14:29:18.182
1464,1640237358196,-0.5767115,3.9776921,7.2241645,2021:12:23:14:29:18.196
1465,1640237358216,0.44675675,3.7369466,5.106561,2021:12:23:14:29:18.216
1466,1640237358235,0.5665307,4.7807765,7.0594754,2021:12:23:14:29:18.235
1467,1640237358264,-1.3750046,4.4442115,8.205112,2021:12:23:14:29:18.264
1468,1640237358282,-0.9569937,2.7553992,14.793278,2021:12:23:14:29:18.282
1469,1640237358303,-0.7503837,-0.10300558,6.4695888,2021:12:23:14:29:18.303
1470,1640237358316,0.53778493,7.1678705,-0.9390276,2021:12:23:14:29:18.316
1471,1640237358338,-0.053299397,0.7054684,10.9120035,2021:12:23:14:29:18.338
1472,1640237358355,-3.9896696,2.365535,33.082157,2021:12:23:14:29:18.355
1473,1640237358382,-0.7935023,5.6425495,5.894075,2021:12:23:14:29:18.382
1474,1640237358398,0.6869035,3.49141,-7.9284353,2021:12:23:14:29:18.398
1475,1640237358421,-0.1736722,3.7082007,7.511622,2021:12:23:14:29:18.421
1476,1640237358437,-2.3026538,3.4674551,12.727777,2021:12:23:14:29:18.437
1477,1640237358463,-0.7935023,4.304675,12.812816,2021:12:23:14:29:18.463
1478,1640237358479,0.018564958,3.8429465,7.818243,2021:12:23:14:29:18.479
1479,1640237358498,-1.03844,2.682936,5.634764,2021:12:23:14:29:18.498
1480,1640237358518,0.1772654,3.8136017,9.238163,2021:12:23:14:29:18.518
1481,1640237358546,0.39345735,4.3717484,11.945054,2021:12:23:14:29:18.546
1482,1640237358562,-0.058090355,1.7882247,7.2714753,2021:12:23:14:29:18.562
1483,1640237358580,0.5713216,3.0248904,7.5733056,2021:12:23:14:29:18.580
1484,1640237358598,1.1384512,4.1411834,10.006513,2021:12:23:14:29:18.598
1485,1640237358619,2.0325634,7.47569,9.289666,2021:12:23:14:29:18.619
1486,1640237358637,1.6432983,3.2895908,6.403713,2021:12:23:14:29:18.637
1487,1640237358656,-4.3980985,-2.4847102,12.878692,2021:12:23:14:29:18.656
1488,1640237358682,-0.024553655,3.3087547,11.987574,2021:12:23:14:29:18.682
1489,1640237358694,2.6571846,6.9079614,4.894562,2021:12:23:14:29:18.694
1490,1640237358716,-0.9042932,2.9620092,8.5824,2021:12:23:14:29:18.716
1491,1640237358747,-1.3654227,2.6254444,10.798818,2021:12:23:14:29:18.747
1492,1640237358763,-0.13055357,5.310177,6.361193,2021:12:23:14:29:18.763
1493,1640237358781,0.20601116,0.6958865,6.5546284,2021:12:23:14:29:18.781
1494,1640237358795,0.42699406,3.1452634,11.742037,2021:12:23:14:29:18.795
1495,1640237358819,0.6623498,3.082382,10.9120035,2021:12:23:14:29:18.819
1496,1640237358836,0.07126549,3.3470824,10.143654,2021:12:23:14:29:18.836
1497,1640237358862,1.5708351,2.687727,8.969271,2021:12:23:14:29:18.862
1498,1640237358880,-0.29883596,4.728076,7.46491,2021:12:23:14:29:18.880
1499,1640237358898,-0.00059886964,2.1247895,9.412434,2021:12:23:14:29:18.898
1500,1640237358918,1.2198974,5.2766404,9.445372,2021:12:23:14:29:18.918
1501,1640237358939,-0.6976831,3.9291837,11.086275,2021:12:23:14:29:18.939
1502,1640237358967,-0.6689374,3.2027547,5.1820188,2021:12:23:14:29:18.967
1503,1640237358981,-0.24134447,3.8525283,8.959688,2021:12:23:14:29:18.981
1504,1640237358998,-0.22158177,4.2567654,11.562975,2021:12:23:14:29:18.998
1505,1640237359028,-0.61084706,2.6350265,6.526481,2021:12:23:14:29:19.028
1506,1640237359037,-0.6401916,2.5098627,9.120186,2021:12:23:14:29:19.037
1507,1640237359063,-0.6449826,5.5940413,8.823146,2021:12:23:14:29:19.063
1508,1640237359081,-0.48628214,3.7273645,11.430625,2021:12:23:14:29:19.081
1509,1640237359102,-1.3031403,3.9435565,8.808773,2021:12:23:14:29:19.102
1510,1640237359136,1.364225,2.0235806,7.9218473,2021:12:23:14:29:19.136
1511,1640237359161,0.7491859,3.2698283,11.180896,2021:12:23:14:29:19.161
1512,1640237359179,0.018564958,4.309466,6.1773405,2021:12:23:14:29:19.179
1513,1640237359197,-0.5821013,3.1398735,9.450163,2021:12:23:14:29:19.197
1514,1640237359218,-0.24433881,4.295093,6.4839616,2021:12:23:14:29:19.218
1515,1640237359236,0.79829323,0.7342142,9.917281,2021:12:23:14:29:19.236
1516,1640237359260,0.014971741,5.3437138,10.619755,2021:12:23:14:29:19.260
1517,1640237359277,-0.1676835,2.7308455,8.931541,2021:12:23:14:29:19.277
1518,1640237359297,-0.1772654,3.7656922,7.827825,2021:12:23:14:29:19.297
1519,1640237359317,0.5485646,3.6884382,9.775948,2021:12:23:14:29:19.317
1520,1640237359344,0.014971741,4.2567654,9.771157,2021:12:23:14:29:19.344
1521,1640237359361,-0.3647116,4.376539,7.582887,2021:12:23:14:29:19.361
1522,1640237359377,-0.5132313,1.4798069,7.5733056,2021:12:23:14:29:19.377
1523,1640237359397,-0.10001123,3.5105739,12.124116,2021:12:23:14:29:19.397
1524,1640237359417,-0.09042931,3.5201557,8.813564,2021:12:23:14:29:19.417
1525,1640237359436,0.21679081,2.2930717,6.6965604,2021:12:23:14:29:19.436
1526,1640237359461,-0.08563836,3.5297377,11.62945,2021:12:23:14:29:19.461
1527,1640237359479,-0.6958865,2.5673542,9.992739,2021:12:23:14:29:19.479
1528,1640237359501,-0.59048545,5.4592957,5.70603,2021:12:23:14:29:19.501
1529,1640237359519,0.31320882,3.7609012,8.115881,2021:12:23:14:29:19.519
1530,1640237359547,0.04431635,4.0303926,9.190852,2021:12:23:14:29:19.547
1531,1640237359562,-1.0276603,1.9756709,10.676648,2021:12:23:14:29:19.562
1532,1640237359580,-0.38327658,4.415466,9.450163,2021:12:23:14:29:19.580
1533,1640237359593,0.7557735,3.2123368,5.87551,2021:12:23:14:29:19.593
1534,1640237359621,-0.047310703,2.476326,7.7385936,2021:12:23:14:29:19.621
1535,1640237359638,0.27488115,3.9339747,14.840589,2021:12:23:14:29:19.638
1536,1640237359663,-0.29703933,4.6316576,7.9272375,2021:12:23:14:29:19.663
1537,1640237359682,-0.24912977,2.8608003,-0.31141222,2021:12:23:14:29:19.682
1538,1640237359697,0.03473444,2.0475352,13.194895,2021:12:23:14:29:19.697
1539,1640237359717,0.5587454,4.578957,12.374443,2021:12:23:14:29:19.717
1540,1640237359746,-0.1143841,2.7260547,11.242579,2021:12:23:14:29:19.746
1541,1640237359763,1.4426769,3.3662462,6.889396,2021:12:23:14:29:19.763
1542,1640237359780,0.26529926,2.586518,8.983644,2021:12:23:14:29:19.780
1543,1640237359797,0.54916346,4.0783024,9.620242,2021:12:23:14:29:19.797
1544,1640237359816,-0.25332186,4.366957,10.931168,2021:12:23:14:29:19.816
1545,1640237359846,-1.4115357,3.077591,7.9883223,2021:12:23:14:29:19.846
1546,1640237359863,0.42879066,3.5830371,10.544297,2021:12:23:14:29:19.863
1547,1640237359877,1.1402478,4.4681664,10.704795,2021:12:23:14:29:19.877
1548,1640237359898,-0.62821424,5.189804,5.3712616,2021:12:23:14:29:19.898
1549,1640237359918,-0.6958865,0.9941236,7.7763224,2021:12:23:14:29:19.918
1550,1640237359943,0.39525396,4.0783024,11.62945,2021:12:23:14:29:19.943
1551,1640237359961,-0.19103941,3.193173,5.4371376,2021:12:23:14:29:19.961
1552,1640237359980,-1.0031066,2.7458172,11.883969,2021:12:23:14:29:19.980
1553,1640237359997,-0.97915184,3.6501105,12.558296,2021:12:23:14:29:19.997
1554,1640237360016,-0.7725418,2.764981,7.0451026,2021:12:23:14:29:20.016
1555,1640237360035,-0.29164952,5.5844593,6.927724,2021:12:23:14:29:20.035
1556,1640237360062,-0.23415802,3.2650373,10.04005,2021:12:23:14:29:20.062
1557,1640237360076,-0.3156043,1.4893888,9.177078,2021:12:23:14:29:20.076
1558,1640237360095,-0.11857619,3.7321556,8.573418,2021:12:23:14:29:20.095
1559,1640237360115,0.5683273,2.7212636,10.752106,2021:12:23:14:29:20.115
1560,1640237360136,0.3473444,3.7369466,9.280683,2021:12:23:14:29:20.136
1561,1640237360161,-0.3012314,4.155556,9.65797,2021:12:23:14:29:20.161
1562,1640237360178,0.6312086,3.1350825,5.6539283,2021:12:23:14:29:20.178
1563,1640237360196,1.0540105,3.7129917,7.837407,2021:12:23:14:29:20.196
1564,1640237360221,-0.1341468,4.492121,7.842198,2021:12:23:14:29:20.221
1565,1640237360236,0.2503275,2.172699,11.459371,2021:12:23:14:29:20.236
1566,1640237360261,-0.35992065,3.5153646,11.062919,2021:12:23:14:29:20.261
1567,1640237360278,0.38028222,2.3074448,8.1584015,2021:12:23:14:29:20.278
1568,1640237360299,-1.4989707,3.7656922,8.92196,2021:12:23:14:29:20.299
1569,1640237360317,-0.52341205,2.8224726,10.586818,2021:12:23:14:29:20.317
1570,1640237360347,-0.7156492,4.401093,12.110342,2021:12:23:14:29:20.347
1571,1640237360361,-1.6432983,3.7417374,6.1539845,2021:12:23:14:29:20.361
1572,1640237360380,-0.5910843,4.343003,8.516525,2021:12:23:14:29:20.380
1573,1640237360397,-0.43717483,4.2903023,7.0169554,2021:12:23:14:29:20.397
1574,1640237360420,-0.2784744,3.2991729,9.030355,2021:12:23:14:29:20.420
1575,1640237360444,-0.22577386,1.2396601,11.096456,2021:12:23:14:29:20.444
1576,1640237360463,-0.39884716,4.997567,9.035146,2021:12:23:14:29:20.463
1577,1640237360479,-0.4084291,3.573455,6.809148,2021:12:23:14:29:20.479
1578,1640237360497,-0.9659767,4.3142567,9.860389,2021:12:23:14:29:20.497
1579,1640237360515,-0.87434965,3.3087547,8.813564,2021:12:23:14:29:20.515
1580,1640237360537,-0.82164913,3.481828,8.06378,2021:12:23:14:29:20.537
1581,1640237360564,-0.739604,2.8560092,10.798818,2021:12:23:14:29:20.564
1582,1640237360580,0.30302805,4.3286295,7.686492,2021:12:23:14:29:20.580
1583,1640237360596,-0.73481303,1.763671,9.56814,2021:12:23:14:29:20.596
1584,1640237360620,-0.2976382,2.6254444,10.888648,2021:12:23:14:29:20.620
1585,1640237360644,0.55275667,3.4482913,7.9224463,2021:12:23:14:29:20.644
1586,1640237360662,-0.09102818,3.2075458,8.917169,2021:12:23:14:29:20.662
1587,1640237360678,-0.0670734,3.992065,6.549837,2021:12:23:14:29:20.678
1588,1640237360698,-0.30242917,3.2219186,10.563461,2021:12:23:14:29:20.698
1589,1640237360717,-0.17307332,4.179511,10.011304,2021:12:23:14:29:20.717
1590,1640237360742,-0.30722013,3.3518734,5.9743233,2021:12:23:14:29:20.742
1591,1640237360759,0.15390949,2.870382,7.9553843,2021:12:23:14:29:20.759
1592,1640237360780,0.091627054,2.6685631,12.209155,2021:12:23:14:29:20.780
1593,1640237360797,0.023954786,4.0399747,9.115395,2021:12:23:14:29:20.797
1594,1640237360818,-0.7108583,3.8621104,8.167384,2021:12:23:14:29:20.818
1595,1640237360844,-0.1006101,3.7609012,8.511734,2021:12:23:14:29:20.844
1596,1640237360860,0.014372871,4.203466,9.242954,2021:12:23:14:29:20.860
1597,1640237360895,-0.937231,3.2267096,6.337837,2021:12:23:14:29:20.895
1598,1640237360914,-0.37489238,2.7553992,10.077778,2021:12:23:14:29:20.914
1599,1640237360936,-0.34135568,3.1500542,11.256353,2021:12:23:14:29:20.936
1600,1640237360960,-0.4611296,4.3477936,7.323577,2021:12:23:14:29:20.960
1601,1640237360962,-0.14911854,3.2075458,8.572819,2021:12:23:14:29:20.962
1602,1640237360981,-0.39405623,3.5105739,8.539881,2021:12:23:14:29:20.981
1603,1640237361018,-0.014372871,3.193173,8.893813,2021:12:23:14:29:21.018
1604,1640237361044,0.4084291,3.780065,8.836921,2021:12:23:14:29:21.044
1605,1640237361061,0.14911854,2.5194445,9.143541,2021:12:23:14:29:21.061
1606,1640237361076,0.6635476,3.486619,11.666579,2021:12:23:14:29:21.076
1607,1640237361097,1.0815586,2.9572182,8.657858,2021:12:23:14:29:21.097
1608,1640237361116,1.9415354,2.4134445,7.827825,2021:12:23:14:29:21.116
1609,1640237361142,1.9654901,3.4435005,10.006513,2021:12:23:14:29:21.142
1610,1640237361160,0.85099375,3.077591,9.827451,2021:12:23:14:29:21.160
1611,1640237361179,0.730621,3.8429465,5.1209345,2021:12:23:14:29:21.179
1612,1640237361196,0.836022,3.1015458,9.502265,2021:12:23:14:29:21.196
1613,1640237361228,0.019762699,3.5345285,12.8601265,2021:12:23:14:29:21.228
1614,1640237361242,0.67372835,3.0296814,7.0403113,2021:12:23:14:29:21.242
1615,1640237361262,1.3845866,2.8655913,8.205112,2021:12:23:14:29:21.262
1616,1640237361278,0.96657556,3.9531384,10.520942,2021:12:23:14:29:21.278
1617,1640237361295,0.98094845,3.000337,8.460232,2021:12:23:14:29:21.295
1618,1640237361316,-0.047310703,4.2567654,8.554254,2021:12:23:14:29:21.316
1619,1640237361336,-0.037728786,3.6405284,9.157914,2021:12:23:14:29:21.336
1620,1640237361359,-0.28266647,3.3183367,9.987947,2021:12:23:14:29:21.359
1621,1640237361377,-0.52341205,4.718494,5.824007,2021:12:23:14:29:21.377
1622,1640237361394,-0.27308455,3.3662462,9.134559,2021:12:23:14:29:21.394
1623,1640237361415,-0.2682936,4.3477936,10.162219,2021:12:23:14:29:21.415
1624,1640237361442,-0.2012202,3.404574,7.3894525,2021:12:23:14:29:21.442
1625,1640237361460,-0.4557398,3.9004378,12.119325,2021:12:23:14:29:21.460
1626,1640237361476,1.1971405,4.555002,7.12056,2021:12:23:14:29:21.476
1627,1640237361499,1.3079313,1.3163154,7.101995,2021:12:23:14:29:21.499
1628,1640237361516,-0.33057603,2.9476364,12.690047,2021:12:23:14:29:21.516
1629,1640237361543,1.6876147,3.2794101,6.536063,2021:12:23:14:29:21.543
1630,1640237361561,0.27488115,2.365535,10.98806,2021:12:23:14:29:21.561
1631,1640237361577,0.6401916,3.6692743,8.912977,2021:12:23:14:29:21.577
1632,1640237361597,-0.056892615,4.102257,7.0732493,2021:12:23:14:29:21.597
1633,1640237361626,-0.5425759,2.7841449,10.530523,2021:12:23:14:29:21.626
1634,1640237361644,0.09701688,4.2417936,9.841824,2021:12:23:14:29:21.644
1635,1640237361660,-0.59048545,4.087884,10.072988,2021:12:23:14:29:21.660
1636,1640237361677,-0.82584125,4.9544487,8.941124,2021:12:23:14:29:21.677
1637,1640237361699,-0.7731407,4.472957,4.767601,2021:12:23:14:29:21.699
1638,1640237361718,-1.575626,2.7985177,11.80372,2021:12:23:14:29:21.718
1639,1640237361740,-0.9312423,3.380619,10.695212,2021:12:23:14:29:21.740
1640,1640237361761,-0.7827226,3.2410824,6.1210465,2021:12:23:14:29:21.761
1641,1640237361779,-0.93603325,3.5201557,10.68623,2021:12:23:14:29:21.779
1642,1640237361796,-0.54676795,3.3949919,7.8565707,2021:12:23:14:29:21.796
1643,1640237361816,-0.5856945,3.5441105,7.7433844,2021:12:23:14:29:21.816
1644,1640237361841,-0.43657598,2.586518,12.548715,2021:12:23:14:29:21.841
1645,1640237361858,-0.99891454,2.687727,8.846502,2021:12:23:14:29:21.858
1646,1640237361875,0.09701688,4.8628216,5.5688887,2021:12:23:14:29:21.875
1647,1640237361899,-0.28745744,3.5345285,7.346933,2021:12:23:14:29:21.899
1648,1640237361916,-0.9551971,2.9188907,10.709586,2021:12:23:14:29:21.916
1649,1640237361937,0.48628214,3.2602463,9.403451,2021:12:23:14:29:21.937
1650,1640237361963,0.9671745,3.164427,10.568253,2021:12:23:14:29:21.963
1651,1640237361982,-0.6671408,4.4537935,9.341767,2021:12:23:14:29:21.982
1652,1640237361998,-0.25392073,4.179511,6.8708315,2021:12:23:14:29:21.998
1653,1640237362015,0.3036269,4.3286295,10.5490885,2021:12:23:14:29:22.015
1654,1640237362041,0.6545645,4.1459746,7.0828314,2021:12:23:14:29:22.041
1655,1640237362061,-0.85458696,2.3846989,10.219111,2021:12:23:14:29:22.061
1656,1640237362077,-1.3348805,5.045477,9.728638,2021:12:23:14:29:22.077
1657,1640237362099,-0.9941236,4.092675,7.281057,2021:12:23:14:29:22.099
1658,1640237362115,-0.7629599,2.4326084,11.322828,2021:12:23:14:29:22.115
1659,1640237362143,0.03473444,4.4537935,8.578209,2021:12:23:14:29:22.143
1660,1640237362159,0.17427106,3.7656922,7.59726,2021:12:23:14:29:22.159
1661,1640237362179,-0.022757046,3.4770372,9.336976,2021:12:23:14:29:22.179
1662,1640237362196,-0.54197705,4.9592395,7.8613615,2021:12:23:14:29:22.196
1663,1640237362216,-0.37429354,2.5194445,9.818468,2021:12:23:14:29:22.216
1664,1640237362242,-0.39345735,2.9380543,11.049145,2021:12:23:14:29:22.242
1665,1640237362260,0.3371636,3.992065,8.3704,2021:12:23:14:29:22.260
1666,1640237362277,0.7791294,3.4435005,7.6912827,2021:12:23:14:29:22.277
1667,1640237362296,0.077853054,2.5386083,11.1102295,2021:12:23:14:29:22.296
1668,1640237362316,0.29883596,3.8573194,12.864918,2021:12:23:14:29:22.316
1669,1640237362343,0.14492646,3.780065,12.039675,2021:12:23:14:29:22.343
1670,1640237362358,1.0486207,5.719205,-2.2733092,2021:12:23:14:29:22.358
1671,1640237362377,0.12576263,-0.12696037,8.639294,2021:12:23:14:29:22.377
1672,1640237362398,0.19283602,4.0543475,11.964217,2021:12:23:14:29:22.398
1673,1640237362424,0.7935023,4.704121,7.304413,2021:12:23:14:29:22.424
1674,1640237362443,0.9042932,3.6549015,4.144777,2021:12:23:14:29:22.443
1675,1640237362459,0.8180559,-0.54557025,12.647528,2021:12:23:14:29:22.459
1676,1640237362477,0.7791294,4.425048,11.440805,2021:12:23:14:29:22.477
1677,1640237362499,2.052925,3.1596363,9.002209,2021:12:23:14:29:22.499
1678,1640237362520,0.7887113,2.6158626,9.059101,2021:12:23:14:29:22.520
1679,1640237362542,0.9713665,4.275929,7.5074296,2021:12:23:14:29:22.542
1680,1640237362560,0.28446308,3.808811,10.822772,2021:12:23:14:29:22.560
1681,1640237362580,0.11618071,5.1562676,9.327993,2021:12:23:14:29:22.580
1682,1640237362599,0.33237264,-0.670734,11.54441,2021:12:23:14:29:22.599
1683,1640237362627,0.1497174,5.9599504,6.573792,2021:12:23:14:29:22.627
1684,1640237362658,-0.1676835,5.2287307,8.955497,2021:12:23:14:29:22.658
1685,1640237362676,-0.052101657,5.1371036,8.252423,2021:12:23:14:29:22.676
1686,1640237362697,-0.44615787,2.1876707,8.530898,2021:12:23:14:29:22.697
1687,1640237362714,-0.31141222,4.694539,8.441068,2021:12:23:14:29:22.714
1688,1640237362745,-0.2347569,4.929895,7.2618933,2021:12:23:14:29:22.745
1689,1640237362760,-0.42699406,1.8169705,10.964106,2021:12:23:14:29:22.760
1690,1640237362775,-0.7970955,1.966089,12.303777,2021:12:23:14:29:22.775
1691,1640237362796,-0.10001123,3.8812742,8.695587,2021:12:23:14:29:22.796
1692,1640237362824,-0.87854177,3.7321556,7.3798704,2021:12:23:14:29:22.824
1693,1640237362841,-1.1959426,4.5017033,7.9410114,2021:12:23:14:29:22.841
1694,1640237362858,-0.8066774,3.0344725,9.827451,2021:12:23:14:29:22.858
1695,1640237362877,-0.19642924,5.1850133,8.79979,2021:12:23:14:29:22.877
1696,1640237362897,-0.69109553,3.1111279,8.601564,2021:12:23:14:29:22.897
1697,1640237362925,-1.0037055,2.9093087,8.54048,2021:12:23:14:29:22.925
1698,1640237362942,0.09701688,2.7601902,8.144028,2021:12:23:14:29:22.942
1699,1640237362957,0.34674552,2.9284725,11.912116,2021:12:23:14:29:22.957
1700,1640237362977,0.1497174,3.69802,10.007112,2021:12:23:14:29:22.977
1701,1640237362997,-0.104802184,3.8573194,6.913351,2021:12:23:14:29:22.997
1702,1640237363024,-0.18205637,3.7656922,8.66744,2021:12:23:14:29:23.024
1703,1640237363040,-0.08563836,2.6398172,9.70049,2021:12:23:14:29:23.040
1704,1640237363061,0.38028222,3.4578733,8.875248,2021:12:23:14:29:23.061
1705,1640237363076,0.106598794,3.7417374,7.1630797,2021:12:23:14:29:23.076
1706,1640237363093,-1.2773889,3.197964,10.247258,2021:12:23:14:29:23.093
1707,1640237363114,-0.7491859,5.2383127,8.695587,2021:12:23:14:29:23.114
1708,1640237363140,-0.9264513,4.203466,6.6252947,2021:12:23:14:29:23.140
1709,1640237363158,-0.75876784,3.1788,8.70996,2021:12:23:14:29:23.158
1710,1640237363182,-0.9941236,3.3375006,9.65797,2021:12:23:14:29:23.182
1711,1640237363196,-1.2869709,5.045477,9.9077,2021:12:23:14:29:23.196
1712,1640237363225,-1.1671969,3.3183367,9.242954,2021:12:23:14:29:23.225
1713,1640237363241,-0.57611257,4.0303926,9.205225,2021:12:23:14:29:23.241
1714,1640237363257,-0.4749036,3.7369466,9.124977,2021:12:23:14:29:23.257
1715,1640237363277,-0.6240222,3.7704833,8.247633,2021:12:23:14:29:23.277
1716,1640237363297,-0.61444026,3.9052289,8.808773,2021:12:23:14:29:23.297
1717,1640237363316,-0.7731407,4.299884,8.596773,2021:12:23:14:29:23.316
1718,1640237363340,-0.44615787,3.674065,6.1917133,2021:12:23:14:29:23.340
1719,1640237363359,-0.4078302,2.5960999,9.554366,2021:12:23:14:29:23.359
1720,1640237363379,-0.41262117,2.6733541,10.181383,2021:12:23:14:29:23.379
1721,1640237363397,-0.21080211,3.3327096,9.964592,2021:12:23:14:29:23.397
1722,1640237363425,0.5964742,4.4298387,6.611521,2021:12:23:14:29:23.425
1723,1640237363440,0.50544596,3.1446645,10.544297,2021:12:23:14:29:23.440
1724,1640237363460,0.8995022,2.9045177,10.322716,2021:12:23:14:29:23.460
1725,1640237363477,1.0629936,3.3135457,9.238163,2021:12:23:14:29:23.477
1726,1640237363499,0.61563796,3.6022007,9.535202,2021:12:23:14:29:23.499
1727,1640237363525,0.06288131,2.788936,8.997417,2021:12:23:14:29:23.525
1728,1640237363543,0.3371636,3.8621104,8.464423,2021:12:23:14:29:23.543
1729,1640237363557,0.56293744,3.3710372,10.431111,2021:12:23:14:29:23.557
1730,1640237363577,0.23116368,2.6493993,6.913351,2021:12:23:14:29:23.577
1731,1640237363594,1.6103605,4.390912,3.2015572,2021:12:23:14:29:23.594
1732,1640237363623,0.46172848,2.3559532,20.231014,2021:12:23:14:29:23.623
1733,1640237363640,-0.6240222,6.9941983,14.383052,2021:12:23:14:29:23.640
1734,1640237363658,1.7019875,3.0248904,-5.9144363,2021:12:23:14:29:23.658
1735,1640237363677,-0.72044015,3.1398735,10.586818,2021:12:23:14:29:23.677
1736,1640237363697,-0.6821125,3.2362914,10.332298,2021:12:23:14:29:23.697
1737,1640237363723,-0.37429354,4.824494,7.59726,2021:12:23:14:29:23.723
1738,1640237363741,-1.5852079,3.5830371,12.209155,2021:12:23:14:29:23.741
1739,1640237363756,-0.48987538,3.2943819,8.356028,2021:12:23:14:29:23.756
1740,1640237363778,0.48568326,3.693229,7.101995,2021:12:23:14:29:23.778
1741,1640237363799,-0.013774002,3.8327656,10.85571,2021:12:23:14:29:23.799
1742,1640237363822,0.31799978,1.7013886,8.214695,2021:12:23:14:29:23.822
1743,1640237363838,0.19283602,3.886065,8.332672,2021:12:23:14:29:23.838
1744,1640237363859,0.46651945,9.405248,4.998765,2021:12:23:14:29:23.859
1745,1640237363878,-0.30722013,-2.6631732,11.997155,2021:12:23:14:29:23.878
1746,1640237363908,0.92345697,1.8840439,11.308455,2021:12:23:14:29:23.908
1747,1640237363925,0.4713104,4.237003,9.837032,2021:12:23:14:29:23.925
1748,1640237363941,1.2210952,4.8292847,6.2390237,2021:12:23:14:29:23.941
1749,1640237363959,-0.321593,3.6261556,7.59726,2021:12:23:14:29:23.959
1750,1640237363984,-0.6437849,4.9688215,9.134559,2021:12:23:14:29:23.984
1751,1640237363998,-0.32638395,2.481117,9.860389,2021:12:23:14:29:23.998
1752,1640237364029,0.15450837,4.285511,7.9410114,2021:12:23:14:29:24.029
1753,1640237364039,0.12516375,2.9140997,8.309317,2021:12:23:14:29:24.039
1754,1640237364058,0.120372795,2.5386083,12.05824,2021:12:23:14:29:24.058
1755,1640237364077,0.014971741,3.4237378,9.643598,2021:12:23:14:29:24.077
1756,1640237364097,-0.25451958,2.4517722,8.606356,2021:12:23:14:29:24.097
1757,1640237364115,0.00059886964,4.5406294,8.714751,2021:12:23:14:29:24.115
1758,1640237364137,-0.2641015,3.5441105,8.893813,2021:12:23:14:29:24.137
1759,1640237364161,-0.2976382,3.8279748,9.167497,2021:12:23:14:29:24.161
1760,1640237364179,0.07246323,3.2219186,8.233859,2021:12:23:14:29:24.179
1761,1640237364196,-0.21559307,3.8183928,6.5168996,2021:12:23:14:29:24.196
1762,1640237364224,0.019762699,3.5441105,9.959801,2021:12:23:14:29:24.224
1763,1640237364241,-0.14851967,3.6692743,9.205225,2021:12:23:14:29:24.241
1764,1640237364259,-0.095220275,3.0584273,10.94554,2021:12:23:14:29:24.259
1765,1640237364278,0.13534454,4.506494,6.7055435,2021:12:23:14:29:24.278
1766,1640237364305,-0.47011265,3.0099187,7.4271812,2021:12:23:14:29:24.305
1767,1640237364323,0.47670022,2.7068908,11.346184,2021:12:23:14:29:24.323
1768,1640237364342,0.23595464,4.6651945,9.690908,2021:12:23:14:29:24.342
1769,1640237364357,-0.32578507,3.2171278,9.275892,2021:12:23:14:29:24.357
1770,1640237364381,-0.10001123,4.790358,8.813564,2021:12:23:14:29:24.381
1771,1640237364399,0.44316354,3.808811,8.639294,2021:12:23:14:29:24.399
1772,1640237364424,0.8659655,3.000337,9.733428,2021:12:23:14:29:24.424
1773,1640237364456,0.54377365,4.7376575,7.97874,2021:12:23:14:29:24.456
1774,1640237364474,0.19762698,3.7513194,8.026051,2021:12:23:14:29:24.474
1775,1640237364478,-0.10001123,4.4585843,7.3660965,2021:12:23:14:29:24.478
1776,1640237364507,0.36111838,2.5002806,10.016094,2021:12:23:14:29:24.507
1777,1640237364538,0.005389827,2.3319983,10.832354,2021:12:23:14:29:24.538
1778,1640237364556,0.3371636,6.2965155,-6.329453,2021:12:23:14:29:24.556
1779,1640237364579,0.077853054,-5.7952614,27.564173,2021:12:23:14:29:24.579
1780,1640237364595,0.5533555,12.248681,13.062545,2021:12:23:14:29:24.595
1781,1640237364623,-0.6192312,-0.20421454,-1.4810046,2021:12:23:14:29:24.623
1782,1640237364640,0.019762699,3.2602463,15.576599,2021:12:23:14:29:24.640
1783,1640237364658,-0.5521578,3.9531384,5.9228206,2021:12:23:14:29:24.658
1784,1640237364678,-0.21080211,3.3231275,10.025677,2021:12:23:14:29:24.678
1785,1640237364706,-0.2587117,4.766403,10.752106,2021:12:23:14:29:24.706
1786,1640237364725,0.13534454,3.1446645,8.521316,2021:12:23:14:29:24.725
1787,1640237364739,-0.46053076,5.425759,5.4323463,2021:12:23:14:29:24.739
1788,1640237364758,-0.28266647,3.9723022,11.209641,2021:12:23:14:29:24.758
1789,1640237364780,-0.739604,-0.09821462,9.554366,2021:12:23:14:29:24.780
1790,1640237364797,0.28925404,9.145338,1.8954223,2021:12:23:14:29:24.797
1791,1640237364819,-1.6618632,2.9476364,33.129467,2021:12:23:14:29:24.819
1792,1640237364842,-0.48448554,4.1603475,0.15510723,2021:12:23:14:29:24.842
1793,1640237364861,-1.373807,4.366957,-6.352809,2021:12:23:14:29:24.861
1794,1640237364875,-0.6096493,1.2779878,13.397911,2021:12:23:14:29:24.875
1795,1640237364895,0.43837258,2.2451622,10.64371,2021:12:23:14:29:24.895
1796,1640237364914,-1.5612532,5.4688773,8.181757,2021:12:23:14:29:24.914
1797,1640237364938,-0.51802224,2.8464274,8.294943,2021:12:23:14:29:24.938
1798,1640237364958,0.44316354,2.466744,7.781113,2021:12:23:14:29:24.958
1799,1640237364975,-0.1772654,3.3183367,10.64371,2021:12:23:14:29:24.975
1800,1640237364995,-0.43178502,4.006438,10.129281,2021:12:23:14:29:24.995
1801,1640237365021,0.16409028,2.3122356,9.247745,2021:12:23:14:29:25.021
1802,1640237365037,0.6785193,8.697983,5.489239,2021:12:23:14:29:25.037
1803,1640237365058,-1.7486993,-0.18505071,13.977617,2021:12:23:14:29:25.058
1804,1640237365076,-0.34015796,-1.3013437,10.374818,2021:12:23:14:29:25.076
1805,1640237365097,0.9090841,4.3861213,3.6165738,2021:12:23:14:29:25.097
1806,1640237365122,1.4618407,5.550923,5.342516,2021:12:23:14:29:25.122
1807,1640237365139,0.6210278,4.1747203,9.044728,2021:12:23:14:29:25.139
1808,1640237365157,-0.0808474,3.693229,12.194782,2021:12:23:14:29:25.157
1809,1640237365178,0.67372835,3.375828,8.436276,2021:12:23:14:29:25.178
1810,1640237365196,1.5337051,3.5536923,4.5034995,2021:12:23:14:29:25.196
1811,1640237365224,1.121084,1.5570611,11.41206,2021:12:23:14:29:25.224
1812,1640237365240,1.2941573,4.766403,8.719542,2021:12:23:14:29:25.240
1813,1640237365260,0.28506196,0.36351386,7.4840736,2021:12:23:14:29:25.260
1814,1640237365278,0.20780776,3.1542463,8.219485,2021:12:23:14:29:25.278
1815,1640237365300,0.3329715,3.274619,10.997043,2021:12:23:14:29:25.300
1816,1640237365324,-0.11378523,2.375117,10.81319,2021:12:23:14:29:25.324
1817,1640237365342,-0.07066662,4.415466,11.32762,2021:12:23:14:29:25.342
1818,1640237365357,-1.1180896,5.1466856,8.955497,2021:12:23:14:29:25.357
1819,1640237365378,-0.8396152,6.9558706,10.134072,2021:12:23:14:29:25.378
1820,1640237365396,-0.9545982,4.376539,8.3566265,2021:12:23:14:29:25.396
1821,1640237365424,-1.3390725,3.3183367,5.7204027,2021:12:23:14:29:25.424
1822,1640237365442,0.011378523,3.69802,9.262117,2021:12:23:14:29:25.442
1823,1640237365456,-0.26290378,4.718494,3.4423027,2021:12:23:14:29:25.456
1824,1640237365475,0.13594341,-1.6379085,20.250177,2021:12:23:14:29:25.475
1825,1640237365503,-0.49825954,8.404536,8.252423,2021:12:23:14:29:25.503
1826,1640237365522,-0.7575701,4.69933,1.6971966,2021:12:23:14:29:25.522
1827,1640237365540,0.43897143,5.083804,9.728638,2021:12:23:14:29:25.540
1828,1640237365557,-1.6948011,5.016731,8.323689,2021:12:23:14:29:25.557
1829,1640237365577,-0.7000786,2.0475352,11.798929,2021:12:23:14:29:25.577
1830,1640237365597,0.11677958,4.0639296,9.865778,2021:12:23:14:29:25.597
1831,1640237365617,1.0204738,0.32997715,9.205225,2021:12:23:14:29:25.617
1832,1640237365641,0.7276266,1.7109705,8.663248,2021:12:23:14:29:25.641
1833,1640237365661,-0.18564959,3.886065,10.276004,2021:12:23:14:29:25.661
1834,1640237365677,-0.48388666,3.1398735,8.998016,2021:12:23:14:29:25.677
1835,1640237365704,0.59288096,10.4299135,4.1920877,2021:12:23:14:29:25.704
1836,1640237365720,0.5976719,-3.4470937,11.80372,2021:12:23:14:29:25.720
1837,1640237365740,0.4198076,4.309466,8.309317,2021:12:23:14:29:25.740
1838,1640237365759,0.7036718,5.0550585,11.232998,2021:12:23:14:29:25.759
1839,1640237365776,1.8523037,5.435341,8.327881,2021:12:23:14:29:25.776
1840,1640237365794,0.9246547,3.8477373,7.6727176,2021:12:23:14:29:25.794
1841,1640237365820,0.45334432,3.4530823,14.024928,2021:12:23:14:29:25.820
1842,1640237365838,1.7606767,4.506494,6.4276676,2021:12:23:14:29:25.838
1843,1640237365855,0.5401804,6.128233,7.0738482,2021:12:23:14:29:25.855
1844,1640237365875,-0.8677621,5.622787,9.200435,2021:12:23:14:29:25.875
1845,1640237365906,-1.0456264,4.1603475,8.644084,2021:12:23:14:29:25.906
1846,1640237365922,-1.4253098,1.9277613,8.559045,2021:12:23:14:29:25.922
1847,1640237365938,-0.22397724,3.9483476,9.087248,2021:12:23:14:29:25.938
1848,1640237365957,-0.9210615,3.5632744,6.6726055,2021:12:23:14:29:25.957
1849,1640237365990,-1.4157279,1.5426881,10.577834,2021:12:23:14:29:25.990
1850,1640237366006,-0.40184152,-0.0017966089,9.3800955,2021:12:23:14:29:26.006
1851,1640237366022,0.8138638,3.5153646,9.936445,2021:12:23:14:29:26.022
1852,1640237366039,1.4726205,2.38949,10.101134,2021:12:23:14:29:26.039
1853,1640237366058,-0.39705056,2.581727,7.828424,2021:12:23:14:29:26.058
1854,1640237366079,-1.7379197,4.107048,6.173148,2021:12:23:14:29:26.079
1855,1640237366099,-0.771943,5.2431035,2.480518,2021:12:23:14:29:26.099
1856,1640237366125,0.4874799,4.198675,7.069057,2021:12:23:14:29:26.125
1857,1640237366142,0.093423665,3.4387095,13.171538,2021:12:23:14:29:26.142
1858,1640237366158,-1.5744283,3.2794101,21.28742,2021:12:23:14:29:26.158
1859,1640237366181,-0.665943,5.541341,10.695811,2021:12:23:14:29:26.181
1860,1640237366219,1.7073773,4.3813305,-1.0522139,2021:12:23:14:29:26.219
1861,1640237366239,0.71684694,4.0687203,8.66744,2021:12:23:14:29:26.239
1862,1640237366256,-1.2821798,5.084403,10.025677,2021:12:23:14:29:26.256
1863,1640237366275,-1.9068009,3.1494553,7.781113,2021:12:23:14:29:26.275
1864,1640237366295,-0.34973988,3.7752743,7.7667403,2021:12:23:14:29:26.295
1865,1640237366321,0.106598794,1.6870158,0.68810123,2021:12:23:14:29:26.321
1866,1640237366340,0.46232736,-0.84380734,11.765992,2021:12:23:14:29:26.340
1867,1640237366357,1.0438298,6.821125,17.901411,2021:12:23:14:29:26.357
1868,1640237366379,-0.57072276,8.053,8.4554405,2021:12:23:14:29:26.379
1869,1640237366404,-0.1814575,8.587192,5.3802447,2021:12:23:14:29:26.404
1870,1640237366421,-0.16708463,-2.8649924,8.163192,2021:12:23:14:29:26.421
1871,1640237366437,0.45274544,0.80607855,12.973313,2021:12:23:14:29:26.437
1872,1640237366456,1.3851855,2.8368454,9.705281,2021:12:23:14:29:26.456
1873,1640237366478,1.9277613,2.8655913,8.4554405,2021:12:23:14:29:26.478
1874,1640237366505,0.7503837,2.8320546,9.374705,2021:12:23:14:29:26.505
1875,1640237366521,-1.3929708,2.3846989,8.285361,2021:12:23:14:29:26.521
1876,1640237366540,-1.364225,3.8279748,8.511734,2021:12:23:14:29:26.540
1877,1640237366557,-1.6522813,14.255493,8.506943,2021:12:23:14:29:26.557
1878,1640237366579,-2.4260209,0.81146836,4.7202907,2021:12:23:14:29:26.579
1879,1640237366605,-2.3254108,0.5803047,11.006625,2021:12:23:14:29:26.605
1880,1640237366622,0.39465508,2.2930717,11.473743,2021:12:23:14:29:26.622
1881,1640237366637,1.2696036,2.9955459,12.072613,2021:12:23:14:29:26.637
1882,1640237366661,1.8750608,3.1063368,7.85178,2021:12:23:14:29:26.661
1883,1640237366677,-0.037728786,2.7308455,7.2241645,2021:12:23:14:29:26.677
1884,1640237366695,-1.2151065,4.1507654,6.77621,2021:12:23:14:29:26.695
1885,1640237366718,-1.4696261,2.7308455,10.959314,2021:12:23:14:29:26.718
1886,1640237366740,-1.5564622,5.656923,9.714264,2021:12:23:14:29:26.740
1887,1640237366756,-0.7635588,4.8388667,7.8236327,2021:12:23:14:29:26.756
1888,1640237366775,-0.3647116,2.5290265,9.756784,2021:12:23:14:29:26.775
1889,1640237366796,0.019762699,4.217839,10.016094,2021:12:23:14:29:26.796
1890,1640237366821,1.3941685,4.3621664,4.786166,2021:12:23:14:29:26.821
1891,1640237366838,2.1679082,4.1843023,5.668301,2021:12:23:14:29:26.838
1892,1640237366859,0.010180783,1.7061796,13.8835945,2021:12:23:14:29:26.859
1893,1640237366878,-0.50903916,3.2458735,9.483101,2021:12:23:14:29:26.878
1894,1640237366904,0.96178466,3.4435005,5.144889,2021:12:23:14:29:26.904
1895,1640237366921,1.1875585,2.7601902,12.496613,2021:12:23:14:29:26.921
1896,1640237366939,0.21679081,5.728787,6.0881085,2021:12:23:14:29:26.939
1897,1640237366957,1.6007786,2.3026538,7.67691,2021:12:23:14:29:26.957
1898,1640237366979,0.6060561,4.1411834,9.454954,2021:12:23:14:29:26.979
1899,1640237367005,1.2696036,2.264326,11.02519,2021:12:23:14:29:27.005
1900,1640237367021,0.7935023,1.8552982,11.100648,2021:12:23:14:29:27.021
1901,1640237367039,0.2503275,3.0344725,7.408616,2021:12:23:14:29:27.039
1902,1640237367061,-1.4073436,2.7116816,9.771157,2021:12:23:14:29:27.061
1903,1640237367076,0.5916832,5.825205,8.474006,2021:12:23:14:29:27.076
1904,1640237367104,0.27907324,1.3744059,8.1584015,2021:12:23:14:29:27.104
1905,1640237367119,1.759479,4.555002,8.644084,2021:12:23:14:29:27.119
1906,1640237367143,0.49586406,3.4387095,13.072126,2021:12:23:14:29:27.143
1907,1640237367157,-0.63360405,4.728076,8.851294,2021:12:23:14:29:27.157
1908,1640237367178,-1.6480893,3.2506645,9.95501,2021:12:23:14:29:27.178
1909,1640237367196,-0.6096493,3.8429465,6.408504,2021:12:23:14:29:27.196
1910,1640237367219,-0.46532172,3.3710372,9.667553,2021:12:23:14:29:27.219
1911,1640237367237,-0.89770555,1.7684621,9.686117,2021:12:23:14:29:27.237
1912,1640237367257,0.17846315,3.2410824,9.238163,2021:12:23:14:29:27.257
1913,1640237367276,0.7455927,4.6604037,7.3565145,2021:12:23:14:29:27.276
1914,1640237367303,-0.7437961,3.9196017,8.559045,2021:12:23:14:29:27.303
1915,1640237367320,-1.7049818,3.5153646,6.960662,2021:12:23:14:29:27.320
1916,1640237367340,-0.76834977,5.4688773,8.648875,2021:12:23:14:29:27.340
1917,1640237367356,-1.3354793,3.3662462,9.068683,2021:12:23:14:29:27.356
1918,1640237367378,-1.4983718,1.8217615,10.968896,2021:12:23:14:29:27.378
1919,1640237367403,-0.10001123,4.189093,9.408242,2021:12:23:14:29:27.403
1920,1640237367420,-0.0808474,1.6774338,6.9888086,2021:12:23:14:29:27.420
1921,1640237367437,-0.104802184,4.0399747,9.290265,2021:12:23:14:29:27.437
1922,1640237367460,-0.6958865,2.3218176,6.8564587,2021:12:23:14:29:27.460
1923,1640237367478,-0.6623498,4.482539,9.671744,2021:12:23:14:29:27.478
1924,1640237367503,-0.7198413,3.780065,7.2055993,2021:12:23:14:29:27.503
1925,1640237367519,-0.7054684,3.987274,11.492309,2021:12:23:14:29:27.519
1926,1640237367538,-0.5515589,3.9723022,10.181383,2021:12:23:14:29:27.538
1927,1640237367557,0.21259873,4.3813305,8.36561,2021:12:23:14:29:27.557
1928,1640237367590,1.3612307,4.3382115,2.82906,2021:12:23:14:29:27.590
1929,1640237367605,1.0629936,1.2684059,11.195269,2021:12:23:14:29:27.605
1930,1640237367617,0.11618071,2.572145,15.081334,2021:12:23:14:29:27.617
1931,1640237367636,0.7455927,2.5050716,8.360819,2021:12:23:14:29:27.636
1932,1640237367656,1.2312759,3.5297377,6.0970917,2021:12:23:14:29:27.656
1933,1640237367675,1.2216941,3.3087547,9.714264,2021:12:23:14:29:27.675
1934,1640237367707,1.1833664,5.0742226,6.946289,2021:12:23:14:29:27.707
1935,1640237367721,0.808474,3.5830371,8.695587,2021:12:23:14:29:27.721
1936,1640237367738,0.28446308,3.3135457,11.204851,2021:12:23:14:29:27.738
1937,1640237367756,-0.22517498,3.2794101,13.105064,2021:12:23:14:29:27.756
1938,1640237367786,0.5341917,0.7437961,5.7814875,2021:12:23:14:29:27.786
1939,1640237367802,-0.28266647,4.2903023,11.162332,2021:12:23:14:29:27.802
1940,1640237367821,-0.8354232,5.435341,9.195643,2021:12:23:14:29:27.821
1941,1640237367839,0.34674552,2.6973088,7.814051,2021:12:23:14:29:27.839
1942,1640237367859,-0.5371861,2.4859078,9.238163,2021:12:23:14:29:27.859
1943,1640237367879,0.03473444,3.578246,10.294569,2021:12:23:14:29:27.879
1944,1640237367902,-0.18205637,3.3710372,10.605981,2021:12:23:14:29:27.902
1945,1640237367918,-0.34015796,4.939477,6.248007,2021:12:23:14:29:27.918
1946,1640237367940,-0.31620318,4.9448667,8.323091,2021:12:23:14:29:27.940
1947,1640237367958,-0.21080211,2.264326,9.096829,2021:12:23:14:29:27.958
1948,1640237367986,-0.849796,1.0372422,10.992252,2021:12:23:14:29:27.986
1949,1640237368019,-0.65755886,3.6644833,9.417225,2021:12:23:14:29:28.019
1950,1640237368036,3.6578958,4.376539,7.7056556,2021:12:23:14:29:28.036
1951,1640237368055,0.9713665,4.319048,8.412921,2021:12:23:14:29:28.055
1952,1640237368076,0.11618071,3.9627204,7.092413,2021:12:23:14:29:28.076
1953,1640237368103,-2.430812,4.275929,10.365235,2021:12:23:14:29:28.103
1954,1640237368119,-0.08563836,3.693229,13.058352,2021:12:23:14:29:28.119
1955,1640237368135,1.2169031,3.1159186,9.063892,2021:12:23:14:29:28.135
1956,1640237368155,0.38986415,3.780065,5.8144255,2021:12:23:14:29:28.155
1957,1640237368185,-0.56173974,2.3122356,8.931541,2021:12:23:14:29:28.185
1958,1640237368202,-0.2682936,3.0392635,8.84231,2021:12:23:14:29:28.202
1959,1640237368220,-0.15271176,4.8771944,9.747801,2021:12:23:14:29:28.220
1960,1640237368238,0.3036269,2.4565632,8.677022,2021:12:23:14:29:28.238
1961,1640237368258,0.26529926,3.183591,6.1491933,2021:12:23:14:29:28.258
1962,1640237368278,-0.6240222,1.55227,10.652693,2021:12:23:14:29:28.278
1963,1640237368302,-1.6139537,5.0742226,11.063518,2021:12:23:14:29:28.302
1964,1640237368321,-1.2869709,3.2943819,8.1254635,2021:12:23:14:29:28.321
1965,1640237368340,-0.7485871,4.213048,6.936707,2021:12:23:14:29:28.340
1966,1640237368356,-0.16708463,1.5235244,10.573044,2021:12:23:14:29:28.356
1967,1640237368389,-0.3545308,4.366957,9.299248,2021:12:23:14:29:28.389
1968,1640237368402,0.025152525,2.1104167,7.0121646,2021:12:23:14:29:28.402
1969,1640237368421,0.16409028,4.1747203,12.030093,2021:12:23:14:29:28.421
1970,1640237368437,0.17906202,3.886065,6.8516674,2021:12:23:14:29:28.437
1971,1640237368456,0.56353635,1.3019426,10.544297,2021:12:23:14:29:28.456
1972,1640237368474,-0.0808474,5.435341,11.185687,2021:12:23:14:29:28.474
1973,1640237368498,-1.9553094,4.7472396,5.295804,2021:12:23:14:29:28.498
1974,1640237368522,-0.72463226,2.0577161,9.719055,2021:12:23:14:29:28.522
1975,1640237368541,-0.849796,3.895647,9.1818695,2021:12:23:14:29:28.541
1976,1640237368555,-0.46532172,4.8436575,9.384287,2021:12:23:14:29:28.555
1977,1640237368575,-0.9408242,3.3039637,14.090804,2021:12:23:14:29:28.575
1978,1640237368602,-2.2721114,4.7951493,4.0789013,2021:12:23:14:29:28.602
1979,1640237368620,-0.97975075,4.8628216,5.913239,2021:12:23:14:29:28.620
1980,1640237368639,-0.8881237,0.5222143,10.105926,2021:12:23:14:29:28.639
1981,1640237368657,-1.3833889,7.033125,8.880039,2021:12:23:14:29:28.657
1982,1640237368677,-1.1767788,2.9907548,8.384774,2021:12:23:14:29:28.677
1983,1640237368703,0.22218063,1.8073885,9.7100725,2021:12:23:14:29:28.703
1984,1640237368718,0.81326497,4.872403,9.502265,2021:12:23:14:29:28.718
1985,1640237368738,-0.753378,2.6493993,5.2484937,2021:12:23:14:29:28.738
1986,1640237368756,0.025152525,4.3286295,14.54834,2021:12:23:14:29:28.756
1987,1640237368787,-0.49406746,6.0707417,5.489239,2021:12:23:14:29:28.787
1988,1640237368803,-0.80188644,0.27727664,6.101883,2021:12:23:14:29:28.803
1989,1640237368823,0.40962684,1.8840439,11.808512,2021:12:23:14:29:28.823
1990,1640237368836,0.24134447,3.886065,12.256466,2021:12:23:14:29:28.836
1991,1640237368856,-0.21020325,3.38541,9.087248,2021:12:23:14:29:28.856
1992,1640237368875,0.5779092,3.1015458,5.856945,2021:12:23:14:29:28.875
1993,1640237368903,0.85638356,3.0680091,11.091664,2021:12:23:14:29:28.903
1994,1640237368920,0.46711832,3.3518734,8.733315,2021:12:23:14:29:28.920
1995,1640237368939,0.67372835,2.7308455,11.223415,2021:12:23:14:29:28.939
1996,1640237368957,1.6588689,7.0714526,7.3283677,2021:12:23:14:29:28.957
1997,1640237368979,0.65935546,2.1056256,7.582887,2021:12:23:14:29:28.979
1998,1640237368996,0.49586406,2.1343713,4.611895,2021:12:23:14:29:28.996
1999,1640237369020,1.2935584,4.3334208,9.172287,2021:12:23:14:29:29.020
2000,1640237369039,0.94321966,4.684957,10.00232,2021:12:23:14:29:29.039
2001,1640237369059,-0.13354793,1.5762249,6.9935994,2021:12:23:14:29:29.059
2002,1640237369076,-0.06647453,0.8833327,10.422129,2021:12:23:14:29:29.076
2003,1640237369101,0.26529926,2.5433993,17.50975,2021:12:23:14:29:29.101
2004,1640237369120,0.9480106,3.1207097,11.034772,2021:12:23:14:29:29.120
2005,1640237369140,1.1785754,5.2431035,0.75876784,2021:12:23:14:29:29.140
2006,1640237369157,-0.15271176,3.0584273,6.6252947,2021:12:23:14:29:29.157
2007,1640237369178,-0.42699406,2.466744,9.86997,2021:12:23:14:29:29.178
2008,1640237369202,-0.17666654,3.288992,15.378373,2021:12:23:14:29:29.202
2009,1640237369221,0.6641464,6.5564246,7.7763224,2021:12:23:14:29:29.221
2010,1640237369237,0.9767564,6.1330237,5.53116,2021:12:23:14:29:29.237
2011,1640237369261,0.597073,2.5386083,7.431972,2021:12:23:14:29:29.261
2012,1640237369276,0.77493733,5.108358,9.360931,2021:12:23:14:29:29.276
2013,1640237369295,1.2552308,6.32586,9.756784,2021:12:23:14:29:29.295
2014,1640237369313,1.5965865,1.1240783,8.714751,2021:12:23:14:29:29.313
2015,1640237369339,0.5874911,-0.81506157,13.175731,2021:12:23:14:29:29.339
2016,1640237369355,0.4239997,2.6110716,9.063892,2021:12:23:14:29:29.355
2017,1640237369385,0.9288468,5.5365496,5.5551147,2021:12:23:14:29:29.385
2018,1640237369401,0.40483588,4.9640303,12.586443,2021:12:23:14:29:29.401
2019,1640237369418,1.0294569,4.309466,3.5033875,2021:12:23:14:29:29.418
2020,1640237369436,0.2030168,1.6822248,4.215443,2021:12:23:14:29:29.436
2021,1640237369459,0.20780776,1.6049706,20.68376,2021:12:23:14:29:29.459
2022,1640237369476,-0.4749036,6.3641877,13.628476,2021:12:23:14:29:29.476
2023,1640237369501,-1.5947899,3.7273645,2.3673317,2021:12:23:14:29:29.501
2024,1640237369518,-1.6331174,2.5577722,3.2303028,2021:12:23:14:29:29.518
2025,1640237369541,-0.41741213,3.1159186,9.474117,2021:12:23:14:29:29.541
2026,1640237369557,-1.3300894,2.8997269,16.547966,2021:12:23:14:29:29.557
2027,1640237369585,-1.3061347,4.79994,12.341505,2021:12:23:14:29:29.585
2028,1640237369599,-0.70067745,4.4633756,4.11663,2021:12:23:14:29:29.599
2029,1640237369619,0.7509825,0.27248567,8.106299,2021:12:23:14:29:29.619
2030,1640237369638,0.97196543,3.390201,3.545907,2021:12:23:14:29:29.638
2031,1640237369659,-0.7342142,8.697983,9.308829,2021:12:23:14:29:29.659
2032,1640237369684,-0.21499419,2.0577161,16.637796,2021:12:23:14:29:29.684
2033,1640237369703,-1.0803608,0.4790957,7.5307856,2021:12:23:14:29:29.703
2034,1640237369736,1.1977392,0.6330052,9.148333,2021:12:23:14:29:29.736
2035,1640237369753,-0.01796609,5.5700865,4.989183,2021:12:23:14:29:29.753
2036,1640237369776,-1.7678632,6.027024,6.9558706,2021:12:23:14:29:29.776
2037,1640237369801,-0.76775086,2.4373994,9.672343,2021:12:23:14:29:29.801
2038,1640237369815,-0.89770555,1.2007337,10.464648,2021:12:23:14:29:29.815
2039,1640237369835,-1.056406,2.8901448,13.6194935,2021:12:23:14:29:29.835
2040,1640237369856,-1.3061347,2.17749,10.29936,2021:12:23:14:29:29.856
2041,1640237369875,-0.49406746,7.9182544,5.342516,2021:12:23:14:29:29.875
2042,1640237369900,-0.6240222,5.108358,8.945914,2021:12:23:14:29:29.900
2043,1640237369918,-1.4312984,4.506494,8.988435,2021:12:23:14:29:29.918
2044,1640237369938,-2.1619194,3.3327096,7.479283,2021:12:23:14:29:29.938
2045,1640237369957,-1.1857619,2.2259984,5.14968,2021:12:23:14:29:29.957
2046,1640237369976,-0.7869147,3.1015458,4.777183,2021:12:23:14:29:29.976
2047,1640237369999,-0.3689037,2.6493993,9.04952,2021:12:23:14:29:29.999
2048,1640237370019,-0.21499419,5.01194,21.126923,2021:12:23:14:29:30.019
2049,1640237370037,-2.7188683,6.624097,3.5129693,2021:12:23:14:29:30.037
2050,1640237370057,-1.2055246,1.561852,10.148445,2021:12:23:14:29:30.057
2051,1640237370076,0.8659655,2.1391623,10.860501,2021:12:23:14:29:30.076
2052,1640237370100,1.4283041,5.0502677,7.7667403,2021:12:23:14:29:30.100
2053,1640237370119,2.8122919,2.4278176,6.045589,2021:12:23:14:29:30.119
2054,1640237370140,0.6976831,1.070779,10.483213,2021:12:23:14:29:30.140
2055,1640237370157,0.6976831,2.3799078,9.823258,2021:12:23:14:29:30.157
2056,1640237370184,0.82763785,2.6446083,10.162818,2021:12:23:14:29:30.184
2057,1640237370201,1.7217503,10.329304,3.6027997,2021:12:23:14:29:30.201
2058,1640237370216,1.1444398,2.2451622,12.770296,2021:12:23:14:29:30.216
2059,1640237370236,1.1737845,1.1097054,8.591983,2021:12:23:14:29:30.236
2060,1640237370257,0.78931016,2.981173,6.946289,2021:12:23:14:29:30.257
2061,1640237370275,1.3995583,1.6241344,7.3283677,2021:12:23:14:29:30.275
2062,1640237370300,0.75517464,2.3319983,6.012651,2021:12:23:14:29:30.300
2063,1640237370315,-1.0180783,0.661751,13.100273,2021:12:23:14:29:30.315
2064,1640237370336,-0.37429354,6.3641877,8.92196,2021:12:23:14:29:30.336
2065,1640237370355,-0.109593146,0.99891454,11.006625,2021:12:23:14:29:30.355
2066,1640237370384,-0.5952764,6.912752,10.011304,2021:12:23:14:29:30.384
2067,1640237370400,0.1736722,1.0905416,9.799304,2021:12:23:14:29:30.400
2068,1640237370418,-0.028146872,5.319759,9.964592,2021:12:23:14:29:30.418
2069,1640237370437,-0.46532172,4.343003,3.5033875,2021:12:23:14:29:30.437
2070,1640237370458,0.8899203,1.1384512,6.1114645,2021:12:23:14:29:30.458
2071,1640237370485,0.106598794,4.0303926,13.64764,2021:12:23:14:29:30.485
2072,1640237370498,0.43837258,0.33476812,19.95254,2021:12:23:14:29:30.498
2073,1640237370518,0.8180559,13.7117195,-8.178164,2021:12:23:14:29:30.518
2074,1640237370540,-0.29703933,-3.2644384,7.502639,2021:12:23:14:29:30.540
2075,1640237370557,0.21199985,5.728787,33.360035,2021:12:23:14:29:30.557
2076,1640237370584,1.3947674,2.2355804,-4.895759,2021:12:23:14:29:30.584
2077,1640237370604,-0.3647116,6.5564246,8.309317,2021:12:23:14:29:30.604
2078,1640237370623,0.98094845,-1.9265636,12.784669,2021:12:23:14:29:30.623
2079,1640237370636,-1.1240783,2.360744,17.566643,2021:12:23:14:29:30.636
2080,1640237370658,-0.5952764,4.343003,15.717933,2021:12:23:14:29:30.658
2081,1640237370673,1.649287,10.892241,5.470075,2021:12:23:14:29:30.673
2082,1640237370702,0.8180559,5.314968,0.32518622,2021:12:23:14:29:30.702
2083,1640237370718,-0.638395,-4.222031,6.385148,2021:12:23:14:29:30.718
2084,1640237370738,0.120971665,16.935434,2.9284725,2021:12:23:14:29:30.738
2085,1640237370756,-0.41262117,-0.74798816,9.110603,2021:12:23:14:29:30.756
2086,1640237370784,-0.64797693,-1.9511173,8.247633,2021:12:23:14:29:30.784
2087,1640237370800,-1.3402703,2.6493993,11.992365,2021:12:23:14:29:30.800
2088,1640237370818,0.7647565,4.8197026,9.808886,2021:12:23:14:29:30.818
2089,1640237370836,-0.4222031,3.0440543,10.365235,2021:12:23:14:29:30.836
2090,1640237370856,-2.4841113,0.036531046,10.775461,2021:12:23:14:29:30.856
2091,1640237370883,-1.9553094,-0.28086987,12.690047,2021:12:23:14:29:30.883
2092,1640237370898,0.024553655,3.5830371,5.738968,2021:12:23:14:29:30.898
2093,1640237370917,0.40902796,2.7410264,6.6726055,2021:12:23:14:29:30.917
2094,1640237370939,0.48628214,5.492832,9.35614,2021:12:23:14:29:30.939
2095,1640237370958,0.22637272,5.2862225,7.087622,2021:12:23:14:29:30.958
2096,1640237370983,-0.109593146,5.3826404,7.4367633,2021:12:23:14:29:30.983
2097,1640237370998,-0.4749036,5.517386,8.101508,2021:12:23:14:29:30.998
2098,1640237371022,-1.5133436,4.083093,9.120186,2021:12:23:14:29:31.022
2099,1640237371038,-2.0708911,3.4770372,8.818356,2021:12:23:14:29:31.038
2100,1640237371067,-1.5277164,1.4941797,10.497586,2021:12:23:14:29:31.067
2101,1640237371083,0.17846315,2.1247895,9.143541,2021:12:23:14:29:31.083
2102,1640237371099,0.13055357,1.8457162,8.591983,2021:12:23:14:29:31.099
2103,1640237371120,0.13534454,4.5454206,9.978366,2021:12:23:14:29:31.120
2104,1640237371140,0.27967212,3.0099187,8.766852,2021:12:23:14:29:31.140
2105,1640237371156,1.2456489,4.0399747,10.280196,2021:12:23:14:29:31.156
2106,1640237371175,0.8372198,3.404574,7.2714753,2021:12:23:14:29:31.175
2107,1640237371198,0.44795448,5.5461316,8.1584015,2021:12:23:14:29:31.198
2108,1640237371217,-0.052101657,2.4373994,9.6957,2021:12:23:14:29:31.217
2109,1640237371236,0.28865516,4.193884,11.204851,2021:12:23:14:29:31.236
2110,1640237371257,0.72642887,3.9675114,11.336602,2021:12:23:14:29:31.257
2111,1640237371283,0.36590934,3.8764832,6.5168996,2021:12:23:14:29:31.283
2112,1640237371298,0.024553655,3.0967548,9.092039,2021:12:23:14:29:31.298
2113,1640237371317,0.1401355,2.985964,24.918966,2021:12:23:14:29:31.317
2114,1640237371338,-2.1523376,7.7020626,-1.5708351,2021:12:23:14:29:31.338
2115,1640237371356,-0.4078302,1.561852,-5.692855,2021:12:23:14:29:31.356
2116,1640237371383,1.754688,1.2971517,13.817121,2021:12:23:14:29:31.383
2117,1640237371398,-0.43657598,3.077591,11.71389,2021:12:23:14:29:31.398
2118,1640237371420,0.03413557,3.8375566,9.464536,2021:12:23:14:29:31.420
2119,1640237371437,-0.3311749,4.1603475,4.856833,2021:12:23:14:29:31.437
2120,1640237371467,-1.2492421,0.85458696,12.039675,2021:12:23:14:29:31.467
2121,1640237371484,-0.105401054,0.69109553,15.524498,2021:12:23:14:29:31.484
2122,1640237371499,0.66833854,8.139836,12.204365,2021:12:23:14:29:31.499
2123,1640237371537,-0.028146872,4.3382115,5.4323463,2021:12:23:14:29:31.537
2124,1640237371553,0.0868361,-4.650223,9.969383,2021:12:23:14:29:31.553
2125,1640237371565,-1.8451173,4.4202566,14.194408,2021:12:23:14:29:31.565
2126,1640237371582,0.25511846,6.917543,3.908822,2021:12:23:14:29:31.582
2127,1640237371617,-0.09102818,8.298536,2.8997269,2021:12:23:14:29:31.617
2128,1640237371635,-1.4750159,5.6904593,0.82943445,2021:12:23:14:29:31.635
2129,1640237371656,-0.75876784,1.869671,4.753228,2021:12:23:14:29:31.656
2130,1640237371683,-0.39345735,5.1802225,7.5685143,2021:12:23:14:29:31.683
2131,1640237371699,-0.27368343,1.8552982,13.694951,2021:12:23:14:29:31.699
2132,1640237371717,-0.629412,0.123367146,8.229068,2021:12:23:14:29:31.717
2133,1640237371741,-0.3982483,-2.4415915,9.365723,2021:12:23:14:29:31.741
2134,1640237371756,-0.043118615,1.6343153,13.524872,2021:12:23:14:29:31.756
2135,1640237371780,0.46651945,3.5393195,8.096718,2021:12:23:14:29:31.780
2136,1640237371797,-0.47071153,3.1159186,9.072875,2021:12:23:14:29:31.797
2137,1640237371819,0.26949134,3.6357377,8.657858,2021:12:23:14:29:31.819
2138,1640237371839,1.2019314,2.5433993,9.813677,2021:12:23:14:29:31.839
2139,1640237371866,1.6774338,6.3881426,6.3330464,2021:12:23:14:29:31.866
2140,1640237371881,0.9426208,4.728076,12.845754,2021:12:23:14:29:31.881
2141,1640237371900,0.89411235,6.657634,14.086013,2021:12:23:14:29:31.900
2142,1640237371916,0.5479657,3.9579294,13.359584,2021:12:23:14:29:31.916
2143,1640237371938,0.2742823,2.7985177,18.5428,2021:12:23:14:29:31.938
2144,1640237371955,1.9565071,5.815623,5.352098,2021:12:23:14:29:31.955
2145,1640237371981,2.6098738,2.7553992,-2.8679867,2021:12:23:14:29:31.981
2146,1640237372001,-0.48029345,1.9421343,3.9465508,2021:12:23:14:29:32.001
2147,1640237372024,-1.9169817,3.890856,12.110342,2021:12:23:14:29:32.024
2148,1640237372039,-0.7156492,4.531048,10.157428,2021:12:23:14:29:32.039
2149,1640237372056,1.0049032,2.7841449,6.6492496,2021:12:23:14:29:32.056
2150,1640237372081,0.65396565,2.793727,12.596025,2021:12:23:14:29:32.081
2151,1640237372099,-0.97555864,1.6049706,16.326384,2021:12:23:14:29:32.099
2152,1640237372116,-1.3744059,4.0591383,5.4652843,2021:12:23:14:29:32.116
2153,1640237372137,-2.0181906,-1.3492533,9.837032,2021:12:23:14:29:32.137
2154,1640237372156,-1.3360782,1.1384512,16.39226,2021:12:23:14:29:32.156
2155,1640237372183,0.22158177,3.9243927,3.0787888,2021:12:23:14:29:32.183
2156,1640237372198,2.066699,4.4346294,-0.78811246,2021:12:23:14:29:32.198
2157,1640237372218,2.158925,8.360819,2.8200772,2021:12:23:14:29:32.218
2158,1640237372236,0.43358162,5.113149,1.0510162,2021:12:23:14:29:32.236
2159,1640237372265,-0.027548004,3.8764832,7.2151814,2021:12:23:14:29:32.265
2160,1640237372282,-0.3689037,4.9442677,17.396564,2021:12:23:14:29:32.282
2161,1640237372300,-0.9264513,4.2417936,5.130516,2021:12:23:14:29:32.300
2162,1640237372318,-1.0031066,-3.3321106,14.062656,2021:12:23:14:29:32.318
2163,1640237372347,0.59228206,1.4845978,18.16072,2021:12:23:14:29:32.347
2164,1640237372358,1.1689935,1.3115245,17.29775,2021:12:23:14:29:32.358
2165,1640237372381,1.851705,-0.059886962,20.905342,2021:12:23:14:29:32.381
2166,1640237372397,-0.32099414,4.7472396,11.487517,2021:12:23:14:29:32.397
2167,1640237372419,-1.1330614,6.5851707,-0.8396152,2021:12:23:14:29:32.419
2168,1640237372436,0.66953623,3.578246,1.9475241,2021:12:23:14:29:32.436
2169,1640237372455,1.3564397,8.428492,1.6552757,2021:12:23:14:29:32.455
2170,1640237372481,-0.4024404,8.914174,4.319647,2021:12:23:14:29:32.481
2171,1640237372503,-2.1709025,1.9948348,9.738219,2021:12:23:14:29:32.503
2172,1640237372516,-1.4738182,7.537972,11.039563,2021:12:23:14:29:32.516
2173,1640237372540,-0.3012314,7.042707,6.1444025,2021:12:23:14:29:32.540
2174,1640237372556,-0.8204514,2.3218176,2.2020435,2021:12:23:14:29:32.556
2175,1640237372580,2.5248344,-2.8602014,14.015347,2021:12:23:14:29:32.580
2176,1640237372598,2.0151963,-4.9484596,17.430101,2021:12:23:14:29:32.598
2177,1640237372618,1.5151402,-0.33416927,14.907063,2021:12:23:14:29:32.618
2178,1640237372637,0.698282,1.1288693,7.969757,2021:12:23:14:29:32.637
2179,1640237372663,-1.3444623,1.9756709,8.469813,2021:12:23:14:29:32.663
2180,1640237372683,-2.5601678,4.319048,11.124602,2021:12:23:14:29:32.683
2181,1640237372700,0.45334432,7.4996443,7.653554,2021:12:23:14:29:32.700
2182,1640237372717,0.19882472,6.715125,5.974922,2021:12:23:14:29:32.717
2183,1640237372739,-2.9781787,2.9524274,12.464273,2021:12:23:14:29:32.739
2184,1640237372755,-3.2668338,0.661751,8.144028,2021:12:23:14:29:32.755
2185,1640237372781,0.42459857,6.1330237,3.4375117,2021:12:23:14:29:32.781
2186,1640237372796,1.9624958,9.217202,1.1833664,2021:12:23:14:29:32.796
2187,1640237372821,1.7175581,5.4880414,9.313621,2021:12:23:14:29:32.821
2188,1640237372836,-1.4019538,4.271138,11.001834,2021:12:23:14:29:32.836
2189,1640237372856,-1.8199648,2.9045177,8.880039,2021:12:23:14:29:32.856
2190,1640237372881,-0.20960437,1.5378972,6.4839616,2021:12:23:14:29:32.881
2191,1640237372897,-0.10420331,-1.2240895,10.035258,2021:12:23:14:29:32.897
2192,1640237372915,-0.45034996,-1.0270615,13.119437,2021:12:23:14:29:32.915
2193,1640237372940,-1.3438635,2.8128908,13.926114,2021:12:23:14:29:32.940
2194,1640237372955,-0.9498072,2.2020435,6.785792,2021:12:23:14:29:32.955
2195,1640237372976,1.1456376,2.8464274,6.7432723,2021:12:23:14:29:32.976
2196,1640237373000,1.6163491,4.01602,9.48849,2021:12:23:14:29:33.000
2197,1640237373017,2.1643147,7.152899,9.224389,2021:12:23:14:29:33.017
2198,1640237373038,1.2797844,7.037916,8.097317,2021:12:23:14:29:33.038
2199,1640237373064,0.8138638,6.027024,10.775461,2021:12:23:14:29:33.064
2200,1640237373081,0.13654228,2.6685631,9.403451,2021:12:23:14:29:33.081
2201,1640237373098,0.91028184,2.678145,7.479283,2021:12:23:14:29:33.098
2202,1640237373117,1.4528577,5.9114423,8.738706,2021:12:23:14:29:33.117
2203,1640237373137,1.7175581,3.8327656,12.095969,2021:12:23:14:29:33.137
2204,1640237373164,2.14036,-0.9258525,21.226336,2021:12:23:14:29:33.164
2205,1640237373182,1.31392,6.479769,8.988435,2021:12:23:14:29:33.182
2206,1640237373199,0.69888085,4.6316576,0.7827226,2021:12:23:14:29:33.199
2207,1640237373221,-1.6187446,4.9346857,5.177827,2021:12:23:14:29:33.221
2208,1640237373240,-1.4600441,2.658981,5.6072164,2021:12:23:14:29:33.240
2209,1640237373264,-0.3545308,2.0331624,6.2623796,2021:12:23:14:29:33.264
2210,1640237373282,0.56353635,0.84500504,13.406895,2021:12:23:14:29:33.282
2211,1640237373303,-0.5803047,3.0392635,12.799042,2021:12:23:14:29:33.303
2212,1640237373336,-1.0270615,3.3662462,7.9038815,2021:12:23:14:29:33.336
2213,1640237373355,-2.0990381,4.5017033,5.305386,2021:12:23:14:29:33.355
2214,1640237373367,-2.6853313,2.5529811,12.218738,2021:12:23:14:29:33.367
2215,1640237373383,-1.8780552,0.16648576,14.538758,2021:12:23:14:29:33.383
2216,1640237373416,-0.8833327,2.7553992,10.870083,2021:12:23:14:29:33.416
2217,1640237373435,-0.45514092,3.9243927,9.157914,2021:12:23:14:29:33.435
2218,1640237373464,-0.445559,3.8621104,5.163454,2021:12:23:14:29:33.464
2219,1640237373483,0.053898267,5.6760864,6.0030694,2021:12:23:14:29:33.483
2220,1640237373496,-0.9312423,9.304039,1.5325074,2021:12:23:14:29:33.496
2221,1640237373517,-1.2049257,4.2903023,6.6019387,2021:12:23:14:29:33.517
2222,1640237373537,-1.0318524,2.269117,12.558296,2021:12:23:14:29:33.537
2223,1640237373563,-0.07545757,2.28349,14.940001,2021:12:23:14:29:33.563
2224,1640237373582,1.0677845,3.6165738,5.0927873,2021:12:23:14:29:33.582
2225,1640237373599,1.3947674,2.7212636,4.9089346,2021:12:23:14:29:33.599
2226,1640237373618,1.4043493,-0.7288243,8.714751,2021:12:23:14:29:33.618
2227,1640237373638,1.9235693,1.0228693,15.680203,2021:12:23:14:29:33.638
2228,1640237373663,2.360744,3.174009,5.7814875,2021:12:23:14:29:33.663
2229,1640237373680,0.22218063,1.1192874,10.125089,2021:12:23:14:29:33.680
2230,1640237373700,0.26529926,2.6008909,14.317177,2021:12:23:14:29:33.700
2231,1640237373716,-0.6958865,6.7875886,6.1162558,2021:12:23:14:29:33.716
2232,1640237373735,-1.1857619,9.62623,1.5510724,2021:12:23:14:29:33.735
2233,1640237373756,-2.0175917,2.3074448,10.153235,2021:12:23:14:29:33.756
2234,1640237373779,-3.2716248,1.056406,9.370513,2021:12:23:14:29:33.779
2235,1640237373797,-1.5606543,1.7109705,15.548452,2021:12:23:14:29:33.797
2236,1640237373830,0.3569263,4.8580303,17.156418,2021:12:23:14:29:33.830
2237,1640237373837,0.28925404,3.2554553,11.167122,2021:12:23:14:29:33.837
2238,1640237373862,-0.14312984,3.49141,4.0034437,2021:12:23:14:29:33.862
2239,1640237373881,0.50604486,8.47161,2.2583375,2021:12:23:14:29:33.881
2240,1640237373897,0.89051914,3.890856,10.025677,2021:12:23:14:29:33.897
2241,1640237373915,0.106598794,0.6186323,9.157914,2021:12:23:14:29:33.915
2242,1640237373937,-0.6234233,2.9907548,5.7485495,2021:12:23:14:29:33.937
2243,1640237373963,-1.0126885,2.7410264,7.300221,2021:12:23:14:29:33.963
2244,1640237373980,-0.34973988,3.8183928,12.152862,2021:12:23:14:29:33.980
2245,1640237373998,-0.24373995,6.306097,8.257215,2021:12:23:14:29:33.998
2246,1640237374019,-0.13354793,1.5235244,9.629824,2021:12:23:14:29:34.019
2247,1640237374037,0.77493733,-1.6331174,14.100386,2021:12:23:14:29:34.037
2248,1640237374067,1.4570498,1.2779878,10.407756,2021:12:23:14:29:34.067
2249,1640237374084,0.7078639,3.996856,8.488379,2021:12:23:14:29:34.084
2250,1640237374099,-0.05150279,5.2670584,8.941124,2021:12:23:14:29:34.099
2251,1640237374118,-0.445559,5.0311036,6.4510236,2021:12:23:14:29:34.118
2252,1640237374145,0.43837258,4.5406294,6.8049555,2021:12:23:14:29:34.145
2253,1640237374166,0.48149118,5.3341317,10.525733,2021:12:23:14:29:34.166
2254,1640237374182,0.24134447,5.728787,7.974548,2021:12:23:14:29:34.182
2255,1640237374197,-0.7294232,3.4674551,8.058989,2021:12:23:14:29:34.197
2256,1640237374216,-0.5856945,1.672643,9.959801,2021:12:23:14:29:34.216
2257,1640237374237,-0.119175054,3.5057828,10.105926,2021:12:23:14:29:34.237
2258,1640237374266,0.42879066,1.4366883,8.747688,2021:12:23:14:29:34.266
2259,1640237374282,-0.29224837,2.6733541,9.672343,2021:12:23:14:29:34.282
2260,1640237374296,-0.89770555,2.9188907,10.181383,2021:12:23:14:29:34.296
2261,1640237374316,-0.58090353,3.6309466,8.4554405,2021:12:23:14:29:34.316
2262,1640237374347,-0.4222031,4.6460304,8.705169,2021:12:23:14:29:34.347
2263,1640237374363,0.2700902,3.6069918,7.9272375,2021:12:23:14:29:34.363
2264,1640237374381,-0.018564958,3.6692743,7.997904,2021:12:23:14:29:34.381
2265,1640237374398,-0.9605869,3.404574,8.1584015,2021:12:23:14:29:34.398
2266,1640237374417,-0.037728786,3.9196017,8.724333,2021:12:23:14:29:34.417
2267,1640237374448,0.35153648,4.2322116,7.0169554,2021:12:23:14:29:34.448
2268,1640237374465,0.04431635,2.0235806,4.621477,2021:12:23:14:29:34.465
2269,1640237374479,-0.018564958,2.6398172,8.945914,2021:12:23:14:29:34.479
2270,1640237374500,0.13055357,2.9093087,9.705281,2021:12:23:14:29:34.500
2271,1640237374516,0.918666,2.3272073,7.497848,2021:12:23:14:29:34.516
2272,1640237374545,0.3371636,1.5283153,7.7996783,2021:12:23:14:29:34.545
2273,1640237374562,0.30841786,1.460643,18.575739,2021:12:23:14:29:34.562
2274,1640237374582,-0.013774002,4.7616124,13.30329,2021:12:23:14:29:34.582
2275,1640237374598,0.04431635,4.275929,7.1774526,2021:12:23:14:29:34.598
2276,1640237374628,0.60665494,3.6692743,6.4701877,2021:12:23:14:29:34.628
2277,1640237374636,-0.19163829,3.2267096,7.4223905,2021:12:23:14:29:34.636
2278,1640237374655,0.005389827,4.261556,10.8790655,2021:12:23:14:29:34.655
2279,1640237374682,-0.2778755,5.4784594,6.757645,2021:12:23:14:29:34.682
2280,1640237374700,-0.29224837,3.4626641,11.176704,2021:12:23:14:29:34.700
2281,1640237374717,-0.41741213,5.9599504,7.630198,2021:12:23:14:29:34.717
2282,1640237374735,-1.3450612,5.4305496,6.21986,2021:12:23:14:29:34.735
2283,1640237374761,-1.0899427,4.4681664,7.5876784,2021:12:23:14:29:34.761
2284,1640237374780,-1.2965528,1.0857507,2.9847662,2021:12:23:14:29:34.780
2285,1640237374796,-1.782236,-1.7007898,7.488266,2021:12:23:14:29:34.796
2286,1640237374818,-0.18205637,0.5755137,22.419283,2021:12:23:14:29:34.818
2287,1640237374838,-0.40303928,4.7759852,15.265187,2021:12:23:14:29:34.838
2288,1640237374861,-0.93184114,5.8060412,5.950968,2021:12:23:14:29:34.861
2289,1640237374880,-1.070779,6.031815,3.1308904,2021:12:23:14:29:34.880
2290,1640237374899,-1.1767788,3.1015458,11.662387,2021:12:23:14:29:34.899
2291,1640237374916,-0.8210503,4.598121,12.482839,2021:12:23:14:29:34.916
2292,1640237374946,-1.5899988,3.8573194,8.28057,2021:12:23:14:29:34.946
2293,1640237374962,-0.3647116,3.3566644,4.1968784,2021:12:23:14:29:34.962
2294,1640237374981,0.106598794,1.3887787,-2.1463487,2021:12:23:14:29:34.981
2295,1640237374998,0.78392035,2.6733541,18.561365,2021:12:23:14:29:34.998
2296,1640237375019,0.8995022,14.063255,6.3330464,2021:12:23:14:29:35.019
2297,1640237375038,-2.0367556,-2.489501,3.5177603,2021:12:23:14:29:35.038
2298,1640237375064,0.70247406,-0.79110676,14.529176,2021:12:23:14:29:35.064
2299,1640237375079,1.1875585,2.576936,11.185687,2021:12:23:14:29:35.079
2300,1640237375102,2.2930717,4.915522,6.3096905,2021:12:23:14:29:35.102
2301,1640237375137,0.70247406,1.056406,10.488004,2021:12:23:14:29:35.137
2302,1640237375160,-1.1959426,1.0516151,14.859753,2021:12:23:14:29:35.160
2303,1640237375176,-0.109593146,1.2731968,8.224277,2021:12:23:14:29:35.176
2304,1640237375197,1.0342479,3.914811,5.9653406,2021:12:23:14:29:35.197
2305,1640237375217,0.10180784,8.360819,10.558671,2021:12:23:14:29:35.217
2306,1640237375236,-0.6000674,0.27727664,6.385148,2021:12:23:14:29:35.236
2307,1640237375263,-0.37848562,5.5221767,6.370775,2021:12:23:14:29:35.263
2308,1640237375277,0.56353635,3.8525283,12.228319,2021:12:23:14:29:35.277
2309,1640237375297,1.2216941,2.7164726,18.981173,2021:12:23:14:29:35.297
2310,1640237375318,-0.013175132,5.425759,6.234233,2021:12:23:14:29:35.318
2311,1640237375337,-0.24912977,4.2567654,8.441068,2021:12:23:14:29:35.337
2312,1640237375361,1.3803945,4.0399747,11.482726,2021:12:23:14:29:35.361
2313,1640237375380,1.4283041,4.617285,2.833851,2021:12:23:14:29:35.380
2314,1640237375395,0.6928922,4.198675,8.559045,2021:12:23:14:29:35.395
2315,1640237375420,0.7653554,1.5426881,7.8799267,2021:12:23:14:29:35.420
2316,1640237375444,-0.5898866,2.4954898,14.878317,2021:12:23:14:29:35.444
2317,1640237375462,-0.30662125,5.387431,6.918142,2021:12:23:14:29:35.462
2318,1640237375477,0.72642887,6.26777,3.3057604,2021:12:23:14:29:35.477
2319,1640237375499,-0.13833888,-0.4737059,14.50582,2021:12:23:14:29:35.499
2320,1640237375518,0.54377365,2.870382,8.120672,2021:12:23:14:29:35.518
2321,1640237375545,0.41441777,2.7506082,7.1445146,2021:12:23:14:29:35.545
2322,1640237375562,0.77493733,0.3826777,15.175357,2021:12:23:14:29:35.562
2323,1640237375576,-0.16229367,3.789647,11.176704,2021:12:23:14:29:35.576
2324,1640237375598,0.058689225,5.1610584,5.724595,2021:12:23:14:29:35.598
2325,1640237375617,0.51981884,6.080323,8.49796,2021:12:23:14:29:35.617
2326,1640237375637,0.09701688,5.7000413,11.0772915,2021:12:23:14:29:35.637
2327,1640237375663,-0.9168694,3.6453195,-1.7217503,2021:12:23:14:29:35.663
2328,1640237375679,-0.4078302,1.254033,14.03451,2021:12:23:14:29:35.679
2329,1640237375699,0.68810123,5.8779054,10.719168,2021:12:23:14:29:35.699
2330,1640237375718,0.077853054,0.46472284,12.3648615,2021:12:23:14:29:35.718
2331,1640237375745,-0.5563499,4.6556125,12.878692,2021:12:23:14:29:35.745
2332,1640237375761,0.19822586,5.796459,4.5741663,2021:12:23:14:29:35.761
2333,1640237375782,-0.16708463,0.8354232,5.6024256,2021:12:23:14:29:35.782
2334,1640237375798,-0.51802224,2.370326,8.115881,2021:12:23:14:29:35.798
2335,1640237375817,-0.07605644,2.7841449,10.893438,2021:12:23:14:29:35.817
2336,1640237375843,-0.07126549,-0.71924245,14.289029,2021:12:23:14:29:35.843
2337,1640237375859,-0.037728786,7.4223905,4.951454,2021:12:23:14:29:35.859
2338,1640237375877,-1.1863607,3.6405284,5.7671146,2021:12:23:14:29:35.877
2339,1640237375899,-0.7923045,9.005801,1.6594678,2021:12:23:14:29:35.899
2340,1640237375916,-0.8306322,1.9229704,15.571808,2021:12:23:14:29:35.916
2341,1640237375936,-2.1715014,2.0139985,7.172662,2021:12:23:14:29:35.936
2342,1640237375960,-1.7726542,0.49346858,9.186061,2021:12:23:14:29:35.960
2343,1640237375985,-1.1959426,2.3415804,6.6630235,2021:12:23:14:29:35.985
2344,1640237375997,-0.58509564,2.2164166,9.7100725,2021:12:23:14:29:35.997
2345,1640237376016,0.32279074,4.90594,15.977243,2021:12:23:14:29:36.016
2346,1640237376035,-1.8397275,5.32455,4.682562,2021:12:23:14:29:36.035
2347,1640237376061,-1.2055246,1.9996257,9.940637,2021:12:23:14:29:36.061
2348,1640237376077,-1.0995246,2.07688,9.341767,2021:12:23:14:29:36.077
2349,1640237376096,0.34195456,5.940787,7.3613057,2021:12:23:14:29:36.096
2350,1640237376118,0.71684694,3.6357377,9.7430105,2021:12:23:14:29:36.118
2351,1640237376144,0.56353635,4.092675,8.554254,2021:12:23:14:29:36.144
2352,1640237376160,0.46711832,2.981173,16.39705,2021:12:23:14:29:36.160
2353,1640237376185,0.48149118,4.198675,7.8613615,2021:12:23:14:29:36.185
2354,1640237376195,1.2408578,8.115282,-0.7216379,2021:12:23:14:29:36.195
2355,1640237376219,1.3660216,0.52700526,4.2112513,2021:12:23:14:29:36.219
2356,1640237376244,0.17906202,0.9893326,14.940001,2021:12:23:14:29:36.244
2357,1640237376263,1.543886,1.663061,18.061909,2021:12:23:14:29:36.263
2358,1640237376278,1.3420669,4.804731,2.2870831,2021:12:23:14:29:36.278
2359,1640237376300,1.2797844,0.8354232,-0.108994275,2021:12:23:14:29:36.300
2360,1640237376317,0.5156267,2.2116256,13.911741,2021:12:23:14:29:36.317
2361,1640237376346,0.72223675,6.195905,9.082457,2021:12:23:14:29:36.346
2362,1640237376361,0.8611745,1.5091515,9.827451,2021:12:23:14:29:36.361
2363,1640237376379,0.6833103,-0.14133324,10.691021,2021:12:23:14:29:36.379
2364,1640237376396,0.47670022,-0.7240334,12.086387,2021:12:23:14:29:36.396
2365,1640237376420,0.8515926,7.783509,4.790957,2021:12:23:14:29:36.420
2366,1640237376434,-0.4024404,5.8587418,9.05431,2021:12:23:14:29:36.434
2367,1640237376457,-0.97915184,3.702811,11.318037,2021:12:23:14:29:36.457
2368,1640237376482,0.121570535,-0.978553,10.125089,2021:12:23:14:29:36.482
2369,1640237376496,0.597073,5.4982224,9.577723,2021:12:23:14:29:36.496
2370,1640237376515,0.5587454,6.8738256,11.219224,2021:12:23:14:29:36.515
2371,1640237376545,-0.17666654,4.6604037,5.6209903,2021:12:23:14:29:36.545
2372,1640237376560,-1.4067447,4.227421,8.186548,2021:12:23:14:29:36.560
2373,1640237376578,-0.9072875,3.9531384,11.285099,2021:12:23:14:29:36.578
2374,1640237376595,0.28925404,2.870382,8.696186,2021:12:23:14:29:36.595
2375,1640237376617,-0.31620318,3.8525283,8.139237,2021:12:23:14:29:36.617
2376,1640237376644,-1.1857619,3.1159186,10.091552,2021:12:23:14:29:36.644
2377,1640237376661,-1.1905528,3.69802,12.65711,2021:12:23:14:29:36.661
2378,1640237376678,-0.34973988,4.872403,6.290527,2021:12:23:14:29:36.678
2379,1640237376698,0.40483588,1.9756709,10.5820265,2021:12:23:14:29:36.698
2380,1640237376719,0.31859866,3.375828,6.8139386,2021:12:23:14:29:36.719
2381,1640237376743,-0.8204514,2.4134445,6.573792,2021:12:23:14:29:36.743
2382,1640237376775,-1.1138976,3.5297377,10.5490885,2021:12:23:14:29:36.775
2383,1640237376795,-0.3689037,3.6117828,16.00539,2021:12:23:14:29:36.795
2384,1640237376816,-0.19583037,4.5597935,5.0646405,2021:12:23:14:29:36.816
2385,1640237376834,0.7318187,4.0208106,7.4134073,2021:12:23:14:29:36.834
2386,1640237376859,-0.32099414,4.4585843,9.733428,2021:12:23:14:29:36.859
2387,1640237376876,0.039525397,3.3518734,11.124602,2021:12:23:14:29:36.876
2388,1640237376898,-0.8737508,3.6549015,9.91249,2021:12:23:14:29:36.898
2389,1640237376915,-0.47430477,2.4613543,2.5463936,2021:12:23:14:29:36.915
2390,1640237376942,1.0102931,1.056406,12.2989855,2021:12:23:14:29:36.942
2391,1640237376959,0.2994348,4.910731,10.761687,2021:12:23:14:29:36.959
2392,1640237376978,-0.119175054,6.6480517,2.9943483,2021:12:23:14:29:36.978
2393,1640237376997,-1.0755699,-0.2958416,14.562713,2021:12:23:14:29:36.997
2394,1640237377017,-0.22936708,3.80402,7.9272375,2021:12:23:14:29:37.017
2395,1640237377044,-0.037129916,0.27727664,8.908186,2021:12:23:14:29:37.044
2396,1640237377060,1.0731744,5.007149,7.276266,2021:12:23:14:29:37.060
2397,1640237377076,-0.9743609,3.091964,7.0121646,2021:12:23:14:29:37.076
2398,1640237377097,-1.4935808,-0.9258525,12.416963,2021:12:23:14:29:37.097
2399,1640237377117,-0.12875697,6.5851707,7.2385373,2021:12:23:14:29:37.117
2400,1640237377144,-0.59467757,4.8867764,6.6678147,2021:12:23:14:29:37.144
2401,1640237377160,-1.3923719,2.3990717,6.252798,2021:12:23:14:29:37.160
2402,1640237377180,-0.46472284,4.5256577,11.680952,2021:12:23:14:29:37.180
2403,1640237377196,-0.38327658,4.2417936,11.322828,2021:12:23:14:29:37.196
2404,1640237377226,-0.96477896,1.9373432,8.903395,2021:12:23:14:29:37.226
2405,1640237377244,0.010779654,3.9531384,12.558296,2021:12:23:14:29:37.244
2406,1640237377262,0.121570535,3.5057828,6.715125,2021:12:23:14:29:37.262
2407,1640237377278,0.15510723,5.4497137,4.277127,2021:12:23:14:29:37.278
2408,1640237377301,-0.056293745,2.7356365,9.389078,2021:12:23:14:29:37.301
2409,1640237377317,-0.2485309,4.155556,16.128159,2021:12:23:14:29:37.317
2410,1640237377342,-0.3880675,4.0303926,8.66744,2021:12:23:14:29:37.342
2411,1640237377359,-0.32997715,4.790358,0.5749149,2021:12:23:14:29:37.359
2412,1640237377379,0.25152525,3.7369466,10.34188,2021:12:23:14:29:37.379
2413,1640237377395,-0.35872293,2.6685631,11.63424,2021:12:23:14:29:37.395
2414,1640237377417,0.33776248,3.005128,13.119437,2021:12:23:14:29:37.417
2415,1640237377442,1.3953662,3.0296814,9.039937,2021:12:23:14:29:37.442
2416,1640237377459,0.9288468,1.4845978,7.2103906,2021:12:23:14:29:37.459
2417,1640237377476,1.2989483,3.3327096,5.0694313,2021:12:23:14:29:37.476
2418,1640237377497,0.9725643,5.834787,8.6207285,2021:12:23:14:29:37.497
2419,1640237377518,-0.037129916,3.2171278,10.101134,2021:12:23:14:29:37.518
2420,1640237377543,0.06407905,-1.2145076,11.898342,2021:12:23:14:29:37.543
2421,1640237377558,0.059288096,5.2718496,11.8695965,2021:12:23:14:29:37.558
2422,1640237377580,0.3233896,4.087884,4.5645843,2021:12:23:14:29:37.580
2423,1640237377597,-0.46472284,4.0399747,12.294195,2021:12:23:14:29:37.597
2424,1640237377619,-1.2288805,4.0783024,9.572931,2021:12:23:14:29:37.619
2425,1640237377645,0.41501665,2.4613543,6.267171,2021:12:23:14:29:37.645
2426,1640237377660,0.09761575,2.1439533,10.662275,2021:12:23:14:29:37.660
2427,1640237377679,1.6211401,4.506494,5.9090466,2021:12:23:14:29:37.679
2428,1640237377700,0.799491,5.714414,5.272448,2021:12:23:14:29:37.700
2429,1640237377717,0.03533331,3.005128,15.005877,2021:12:23:14:29:37.717
2430,1640237377741,-0.15690385,5.411386,11.106037,2021:12:23:14:29:37.741
2431,1640237377764,1.2558296,1.8025976,5.2532845,2021:12:23:14:29:37.764
2432,1640237377778,0.698282,3.4339185,7.479283,2021:12:23:14:29:37.778
2433,1640237377796,0.4198076,1.7684621,9.865778,2021:12:23:14:29:37.796
2434,1640237377816,0.65037245,1.6337163,9.941236,2021:12:23:14:29:37.816
2435,1640237377836,-0.15690385,4.0303926,9.459744,2021:12:23:14:29:37.836
2436,1640237377862,0.06407905,1.6193435,10.615563,2021:12:23:14:29:37.862
2437,1640237377881,-0.23894899,2.6254444,11.445597,2021:12:23:14:29:37.881
2438,1640237377899,-0.2287682,7.417599,9.723846,2021:12:23:14:29:37.899
2439,1640237377916,0.35752517,5.1371036,7.3427405,2021:12:23:14:29:37.916
2440,1640237377944,0.86656433,2.1439533,12.502003,2021:12:23:14:29:37.944
2441,1640237377959,0.059288096,3.7704833,9.639405,2021:12:23:14:29:37.959
2442,1640237377979,-0.66654193,4.915522,2.503874,2021:12:23:14:29:37.979
2443,1640237377998,-0.4257963,3.1159186,13.298499,2021:12:23:14:29:37.998
2444,1640237378017,-0.14253098,5.526968,11.421641,2021:12:23:14:29:38.017
2445,1640237378039,-1.2192986,5.314968,-3.2117379,2021:12:23:14:29:38.039
2446,1640237378059,-0.93543434,1.9421343,13.501516,2021:12:23:14:29:38.059
2447,1640237378077,0.28985292,4.102257,28.634953,2021:12:23:14:29:38.077
2448,1640237378100,-2.2858853,4.5256577,-2.7494104,2021:12:23:14:29:38.100
2449,1640237378117,-1.5217278,0.9893326,-1.4666318,2021:12:23:14:29:38.117
2450,1640237378139,-0.8102706,2.2451622,17.137253,2021:12:23:14:29:38.139
2451,1640237378159,-0.87315196,1.1815698,5.4748664,2021:12:23:14:29:38.159
2452,1640237378183,-1.4013549,6.1090693,3.8525283,2021:12:23:14:29:38.183
2453,1640237378196,-1.8343377,3.7129917,3.8291724,2021:12:23:14:29:38.196
2454,1640237378216,0.2856608,-1.4456713,16.312012,2021:12:23:14:29:38.216
2455,1640237378242,0.14133324,4.4202566,7.4271812,2021:12:23:14:29:38.242
2456,1640237378259,-1.0552083,11.411461,11.086874,2021:12:23:14:29:38.259
2457,1640237378275,-2.9488342,-4.448404,12.421754,2021:12:23:14:29:38.275
2458,1640237378309,-0.67552495,1.7492982,5.3005953,2021:12:23:14:29:38.309
2459,1640237378317,0.6024628,3.4141557,10.573044,2021:12:23:14:29:38.317
2460,1640237378342,-0.9060898,4.366957,8.762062,2021:12:23:14:29:38.342
2461,1640237378359,-0.36830482,4.9011493,7.300221,2021:12:23:14:29:38.359
2462,1640237378377,0.54497135,1.455852,10.223903,2021:12:23:14:29:38.377
2463,1640237378397,0.94381857,9.881349,9.95501,2021:12:23:14:29:38.397
2464,1640237378417,-0.29105064,4.7137027,2.7164726,2021:12:23:14:29:38.417
2465,1640237378441,0.30482465,4.390912,12.709211,2021:12:23:14:29:38.441
2466,1640237378460,0.5785081,2.360744,14.284239,2021:12:23:14:29:38.460
2467,1640237378477,-0.34854212,2.0577161,9.39866,2021:12:23:14:29:38.477
2468,1640237378498,1.4486656,3.3614552,4.621477,2021:12:23:14:29:38.498
2469,1640237378525,1.9295579,3.2362914,5.8521543,2021:12:23:14:29:38.525
2470,1640237378544,0.8048808,2.0912528,9.285474,2021:12:23:14:29:38.544
2471,1640237378562,-0.57431597,3.9627204,12.879291,2021:12:23:14:29:38.562
2472,1640237378577,-1.0647902,4.3286295,12.534941,2021:12:23:14:29:38.577
2473,1640237378598,-1.0072987,0.6863046,10.973687,2021:12:23:14:29:38.598
2474,1640237378625,-0.0023954785,6.0030694,10.804207,2021:12:23:14:29:38.625
2475,1640237378658,0.72283566,5.7575326,5.2059736,2021:12:23:14:29:38.658
2476,1640237378677,0.54497135,2.1535351,6.3001084,2021:12:23:14:29:38.677
2477,1640237378698,-0.40663248,1.672643,10.879664,2021:12:23:14:29:38.698
2478,1640237378714,-0.31500542,2.0331624,12.336715,2021:12:23:14:29:38.714
2479,1640237378740,1.0881461,4.636449,7.6583447,2021:12:23:14:29:38.740
2480,1640237378760,1.9583037,6.715125,1.957106,2021:12:23:14:29:38.760
2481,1640237378777,0.569525,5.3341317,2.641015,2021:12:23:14:29:38.777
2482,1640237378796,-0.81506157,0.9456152,8.889621,2021:12:23:14:29:38.796
2483,1640237378825,-0.65157014,1.1288693,12.157653,2021:12:23:14:29:38.825
2484,1640237378842,1.0019089,-2.8266647,18.189468,2021:12:23:14:29:38.842
2485,1640237378860,1.1318636,4.1699295,11.016207,2021:12:23:14:29:38.860
2486,1640237378877,0.50185275,4.006438,5.673092,2021:12:23:14:29:38.877
2487,1640237378897,-0.48807874,5.80125,5.507804,2021:12:23:14:29:38.897
2488,1640237378924,-0.8629711,3.7513194,13.926114,2021:12:23:14:29:38.924
2489,1640237378942,-0.26709586,3.169218,10.865292,2021:12:23:14:29:38.942
2490,1640237378958,0.780926,4.213048,6.729498,2021:12:23:14:29:38.958
2491,1640237378980,0.992327,5.026313,5.2772393,2021:12:23:14:29:38.980
2492,1640237378996,0.8048808,7.220571,5.7485495,2021:12:23:14:29:38.996
2493,1640237379016,0.25212413,7.1822433,4.1920877,2021:12:23:14:29:39.016
2494,1640237379041,-0.53598833,3.6788561,11.436014,2021:12:23:14:29:39.041
2495,1640237379059,-0.45873415,-0.57970583,12.652918,2021:12:23:14:29:39.059
2496,1640237379078,-0.04551409,0.0029943483,12.8930645,2021:12:23:14:29:39.078
2497,1640237379108,-0.362915,4.511285,8.781225,2021:12:23:14:29:39.108
2498,1640237379125,-0.74259835,3.2410824,5.517386,2021:12:23:14:29:39.125
2499,1640237379143,-1.0743722,1.9175806,13.13381,2021:12:23:14:29:39.143
2500,1640237379159,-0.42519745,4.2322116,7.9416103,2021:12:23:14:29:39.159
2501,1640237379176,-0.6605532,3.8812742,3.7064042,2021:12:23:14:29:39.176
2502,1640237379195,0.41561553,2.5913088,10.64371,2021:12:23:14:29:39.195
2503,1640237379225,1.2222929,5.6425495,11.275517,2021:12:23:14:29:39.225
2504,1640237379244,0.15031628,5.906651,3.0793877,2021:12:23:14:29:39.244
2505,1640237379258,-0.7000786,2.5242355,7.969757,2021:12:23:14:29:39.258
2506,1640237379277,-0.29164952,1.5905977,13.69016,2021:12:23:14:29:39.277
2507,1640237379297,0.03533331,1.061197,9.006999,2021:12:23:14:29:39.297
2508,1640237379325,-0.2485309,3.0296814,6.9935994,2021:12:23:14:29:39.325
2509,1640237379343,-1.0845529,1.3839878,10.879664,2021:12:23:14:29:39.343
2510,1640237379359,0.7611633,2.5960999,15.40652,2021:12:23:14:29:39.359
2511,1640237379379,1.3426657,5.4976234,9.2148075,2021:12:23:14:29:39.379
2512,1640237379397,-0.15211289,5.762324,1.3672193,2021:12:23:14:29:39.397
2513,1640237379425,-0.78212374,1.7588801,9.422016,2021:12:23:14:29:39.425
2514,1640237379440,-0.84919715,3.996856,9.950219,2021:12:23:14:29:39.440
2515,1640237379459,-0.78212374,5.6036234,12.128907,2021:12:23:14:29:39.459
2516,1640237379476,-0.5994685,3.0536363,8.624921,2021:12:23:14:29:39.476
2517,1640237379497,-0.022757046,3.9339747,7.648763,2021:12:23:14:29:39.497
2518,1640237379515,0.29464385,3.9435565,6.1444025,2021:12:23:14:29:39.515
2519,1640237379540,-0.16648576,5.1514764,8.578209,2021:12:23:14:29:39.540
2520,1640237379557,-0.70966053,1.8073885,10.657484,2021:12:23:14:29:39.557
2521,1640237379577,-0.18564959,0.8402141,10.445484,2021:12:23:14:29:39.577
2522,1640237379594,1.1695924,4.0351834,8.941124,2021:12:23:14:29:39.594
2523,1640237379618,0.8713553,3.9243927,10.228693,2021:12:23:14:29:39.618
2524,1640237379641,0.34255344,5.045477,11.341393,2021:12:23:14:29:39.641
2525,1640237379656,0.020960437,4.111839,13.836284,2021:12:23:14:29:39.656
2526,1640237379675,-0.17606768,3.7752743,5.0269117,2021:12:23:14:29:39.675
2527,1640237379708,-0.6186323,2.370326,7.748175,2021:12:23:14:29:39.708
2528,1640237379725,0.29464385,3.7082007,7.875136,2021:12:23:14:29:39.725
2529,1640237379740,0.62641764,4.198675,6.455815,2021:12:23:14:29:39.740
2530,1640237379757,-0.19103941,2.764981,9.723846,2021:12:23:14:29:39.757
2531,1640237379778,-0.61384135,2.7212636,11.053936,2021:12:23:14:29:39.778
2532,1640237379797,0.8521915,5.4736686,3.9752967,2021:12:23:14:29:39.797
2533,1640237379825,0.40962684,2.067298,6.8941875,2021:12:23:14:29:39.825
2534,1640237379839,0.25152525,3.0488453,11.416851,2021:12:23:14:29:39.839
2535,1640237379858,-0.20541228,-0.39166075,8.238649,2021:12:23:14:29:39.858
2536,1640237379877,-0.14253098,1.6678519,12.336715,2021:12:23:14:29:39.877
2537,1640237379908,0.10240671,2.769772,10.488004,2021:12:23:14:29:39.908
2538,1640237379924,-0.3880675,2.0139985,10.94554,2021:12:23:14:29:39.924
2539,1640237379941,-0.75816894,5.305386,9.643598,2021:12:23:14:29:39.941
2540,1640237379957,0.49646294,5.8060412,3.5650709,2021:12:23:14:29:39.957
2541,1640237379976,0.44855335,2.880563,9.950219,2021:12:23:14:29:39.976
2542,1640237379996,-0.41202232,3.914811,9.497474,2021:12:23:14:29:39.996
2543,1640237380022,1.1642026,5.093985,5.422765,2021:12:23:14:29:40.022
2544,1640237380043,1.5055583,3.5249467,3.9938617,2021:12:23:14:29:40.043
2545,1640237380057,0.7509825,2.4613543,10.158027,2021:12:23:14:29:40.057
2546,1640237380075,-0.22936708,3.7609012,13.265561,2021:12:23:14:29:40.075
2547,1640237380096,0.46771717,3.9052289,9.690908,2021:12:23:14:29:40.096
2548,1640237380123,0.98154736,0.9701688,8.851294,2021:12:23:14:29:40.123
2549,1640237380142,-1.2821798,1.8936257,16.930044,2021:12:23:14:29:40.142
2550,1640237380158,0.13594341,4.7137027,7.4134073,2021:12:23:14:29:40.158
2551,1640237380177,0.8378186,6.012651,4.8664145,2021:12:23:14:29:40.177
2552,1640237380197,-0.7054684,2.1199985,9.813677,2021:12:23:14:29:40.197
2553,1640237380223,-0.9456152,3.6357377,12.421754,2021:12:23:14:29:40.223
2554,1640237380240,0.6839091,5.4832506,1.2258861,2021:12:23:14:29:40.240
2555,1640237380258,1.0108919,4.8197026,4.107048,2021:12:23:14:29:40.258
2556,1640237380278,-2.0505297,2.793727,25.66875,2021:12:23:14:29:40.278
2557,1640237380309,1.7600778,2.5098627,3.9519408,2021:12:23:14:29:40.309
2558,1640237380326,1.6977954,5.002358,2.0655015,2021:12:23:14:29:40.326
2559,1640237380339,-2.2481565,0.9893326,14.916046,2021:12:23:14:29:40.339
2560,1640237380358,0.6743272,2.8853538,8.922559,2021:12:23:14:29:40.358
2561,1640237380382,-1.3923719,2.8320546,10.671857,2021:12:23:14:29:40.382
2562,1640237380423,0.0059886966,5.8683233,10.020885,2021:12:23:14:29:40.423
2563,1640237380440,0.38567203,0.7342142,7.285848,2021:12:23:14:29:40.440
2564,1640237380455,0.21738967,2.8997269,8.785418,2021:12:23:14:29:40.455
2565,1640237380474,0.17906202,9.823857,7.1301417,2021:12:23:14:29:40.474
2566,1640237380479,-0.71505034,-1.7247446,11.874387,2021:12:23:14:29:40.479
2567,1640237380508,0.6551634,1.773253,9.26631,2021:12:23:14:29:40.508
2568,1640237380539,0.6887001,3.3087547,7.63978,2021:12:23:14:29:40.539
2569,1640237380556,0.06348018,3.1159186,9.65318,2021:12:23:14:29:40.556
2570,1640237380577,-0.0035932178,4.511285,8.865666,2021:12:23:14:29:40.577
2571,1640237380598,-0.119175054,3.077591,9.2148075,2021:12:23:14:29:40.598
2572,1640237380622,-0.07545757,3.1788,8.101508,2021:12:23:14:29:40.622
2573,1640237380641,-0.21978515,3.6213646,7.653554,2021:12:23:14:29:40.641
2574,1640237380659,-0.21499419,3.3183367,10.091552,2021:12:23:14:29:40.659
2575,1640237380677,-0.29644048,4.1603475,10.55388,2021:12:23:14:29:40.677
2576,1640237380698,-0.48388666,3.5830371,8.964479,2021:12:23:14:29:40.698
2577,1640237380722,-0.3689037,3.5345285,7.446345,2021:12:23:14:29:40.722
2578,1640237380741,-0.59467757,3.3087547,10.926376,2021:12:23:14:29:40.741
2579,1640237380758,-0.42639518,5.1227307,8.012277,2021:12:23:14:29:40.758
2580,1640237380781,-1.0031066,3.2171278,7.493057,2021:12:23:14:29:40.781
2581,1640237380796,-0.4790957,3.0392635,9.487891,2021:12:23:14:29:40.796
2582,1640237380819,0.26529926,2.7410264,8.144028,2021:12:23:14:29:40.819
2583,1640237380842,-1.4306996,3.49141,8.733914,2021:12:23:14:29:40.842
2584,1640237380859,-1.3013437,3.274619,8.856084,2021:12:23:14:29:40.859
2585,1640237380877,-0.49406746,3.6836472,9.756784,2021:12:23:14:29:40.877
2586,1640237380906,0.015570611,3.2698283,9.275892,2021:12:23:14:29:40.906
2587,1640237380915,0.11677958,4.2082567,8.516525,2021:12:23:14:29:40.915
2588,1640237380941,0.9384287,3.4237378,9.129767,2021:12:23:14:29:40.941
2589,1640237380957,1.015084,2.0092077,9.134559,2021:12:23:14:29:40.957
2590,1640237380976,0.20780776,2.3415804,9.95501,2021:12:23:14:29:40.976
2591,1640237380995,-0.41681325,3.3279185,10.5490885,2021:12:23:14:29:40.995
2592,1640237381022,-0.83482426,3.578246,7.8703446,2021:12:23:14:29:41.022
2593,1640237381039,-0.34494892,3.808811,8.36561,2021:12:23:14:29:41.039
2594,1640237381058,-0.109593146,4.2513757,9.775948,2021:12:23:14:29:41.058
2595,1640237381077,0.24613541,4.083093,9.313621,2021:12:23:14:29:41.077
2596,1640237381098,1.2552308,4.3621664,7.1960177,2021:12:23:14:29:41.098
2597,1640237381124,1.4863944,3.7369466,8.92196,2021:12:23:14:29:41.124
2598,1640237381141,0.15989819,3.5057828,9.516638,2021:12:23:14:29:41.141
2599,1640237381157,-0.6863046,3.7465284,9.672343,2021:12:23:14:29:41.157
2600,1640237381179,-0.83482426,3.2991729,8.549463,2021:12:23:14:29:41.179
2601,1640237381196,-0.17187558,2.2164166,8.351836,2021:12:23:14:29:41.196
2602,1640237381221,-0.6132425,3.5345285,8.073361,2021:12:23:14:29:41.221
2603,1640237381237,-0.6946888,3.6069918,10.34188,2021:12:23:14:29:41.237
2604,1640237381259,-0.0077853054,3.4141557,8.181757,2021:12:23:14:29:41.259
2605,1640237381276,0.122169405,3.0296814,8.827937,2021:12:23:14:29:41.276
2606,1640237381294,0.2425422,4.107048,7.3708873,2021:12:23:14:29:41.294
2607,1640237381314,1.208519,3.164427,7.8942995,2021:12:23:14:29:41.314
2608,1640237381342,0.68450797,3.707602,8.950706,2021:12:23:14:29:41.342
2609,1640237381358,0.07425983,2.1391623,10.134671,2021:12:23:14:29:41.358
2610,1640237381376,0.6174346,3.7177827,8.545271,2021:12:23:14:29:41.376
2611,1640237381396,0.91028184,3.4578733,6.960662,2021:12:23:14:29:41.396
2612,1640237381416,0.4539432,4.006438,9.563948,2021:12:23:14:29:41.416
2613,1640237381443,-0.09881349,3.3039637,9.983756,2021:12:23:14:29:41.443
2614,1640237381460,0.776135,3.2075458,9.531011,2021:12:23:14:29:41.460
2615,1640237381475,0.42998838,3.6117828,8.15361,2021:12:23:14:29:41.475
2616,1640237381499,0.36231613,3.0248904,9.422016,2021:12:23:14:29:41.499
2617,1640237381525,-0.30063257,4.22263,8.026649,2021:12:23:14:29:41.525
2618,1640237381543,-0.7042707,3.9100199,9.539993,2021:12:23:14:29:41.543
2619,1640237381557,-0.49766067,3.0488453,10.110716,2021:12:23:14:29:41.557
2620,1640237381579,0.13175131,3.1015458,9.974174,2021:12:23:14:29:41.579
2621,1640237381605,0.021559307,4.3142567,8.294943,2021:12:23:14:29:41.605
2622,1640237381622,-0.37728786,4.2513757,8.035633,2021:12:23:14:29:41.622
2623,1640237381639,-0.80008984,3.693229,9.752592,2021:12:23:14:29:41.639
2624,1640237381661,-0.6563611,3.3422914,10.021484,2021:12:23:14:29:41.661
2625,1640237381679,-0.30063257,3.8669012,8.880039,2021:12:23:14:29:41.679
2626,1640237381705,0.32398847,3.1590374,8.611147,2021:12:23:14:29:41.705
2627,1640237381722,0.1419321,3.0967548,6.8331027,2021:12:23:14:29:41.722
2628,1640237381739,-0.13235019,2.2307894,10.625145,2021:12:23:14:29:41.739
2629,1640237381756,-0.27667776,3.592619,8.757271,2021:12:23:14:29:41.756
2630,1640237381777,0.1754688,1.9229704,9.045327,2021:12:23:14:29:41.777
2631,1640237381796,0.8144627,2.8655913,11.431224,2021:12:23:14:29:41.796
2632,1640237381821,0.08384175,3.7129917,9.3800955,2021:12:23:14:29:41.821
2633,1640237381837,-0.15630497,3.69802,8.314107,2021:12:23:14:29:41.837
2634,1640237381855,-0.108395405,4.472957,6.0976906,2021:12:23:14:29:41.855
2635,1640237381876,0.36770597,3.183591,9.808886,2021:12:23:14:29:41.876
2636,1640237381905,-0.15630497,3.799229,8.181757,2021:12:23:14:29:41.905
2637,1640237381919,-0.65576226,3.9435565,11.308455,2021:12:23:14:29:41.919
2638,1640237381939,-0.40124264,3.1788,9.450762,2021:12:23:14:29:41.939
2639,1640237381959,-0.13235019,3.5680654,9.498073,2021:12:23:14:29:41.959
2640,1640237381978,-0.3724969,4.9544487,5.654527,2021:12:23:14:29:41.978
2641,1640237381996,-0.6270165,2.4182355,9.295055,2021:12:23:14:29:41.996
2642,1640237382022,-0.91088074,2.9715912,13.161957,2021:12:23:14:29:42.022
2643,1640237382039,-1.5259198,3.7752743,6.9085603,2021:12:23:14:29:42.039
2644,1640237382062,-0.39166075,4.1459746,6.8283114,2021:12:23:14:29:42.062
2645,1640237382079,0.2425422,4.304675,7.3852606,2021:12:23:14:29:42.079
2646,1640237382105,-0.49227083,3.087173,8.5548525,2021:12:23:14:29:42.105
2647,1640237382124,-0.76655316,4.0495563,14.897481,2021:12:23:14:29:42.124
2648,1640237382140,-1.1270727,3.886065,5.715612,2021:12:23:14:29:42.140
2649,1640237382158,0.5264064,2.5529811,6.234233,2021:12:23:14:29:42.158
2650,1640237382189,0.87255305,3.183591,10.520942,2021:12:23:14:29:42.189
2651,1640237382216,0.38567203,4.3525844,20.693342,2021:12:23:14:29:42.216
2652,1640237382242,0.18385299,4.742449,8.964479,2021:12:23:14:29:42.242
2653,1640237382259,0.4239997,4.4777484,-0.7216379,2021:12:23:14:29:42.259
2654,1640237382274,0.71744585,1.0228693,7.936819,2021:12:23:14:29:42.274
2655,1640237382280,0.03473444,5.8874874,5.57368,2021:12:23:14:29:42.280
2656,1640237382304,0.025152525,4.2082567,11.454579,2021:12:23:14:29:42.304
2657,1640237382339,-0.23954785,0.96537787,11.62945,2021:12:23:14:29:42.339
2658,1640237382356,-0.16229367,2.0816708,9.78553,2021:12:23:14:29:42.356
2659,1640237382378,0.13534454,4.8197026,7.936819,2021:12:23:14:29:42.378
2660,1640237382404,0.11138975,5.912041,8.601564,2021:12:23:14:29:42.404
2661,1640237382420,-0.6767227,-1.6235356,13.576974,2021:12:23:14:29:42.420
2662,1640237382439,0.058689225,0.37309578,12.082195,2021:12:23:14:29:42.439
2663,1640237382459,1.1929483,4.1459746,7.818842,2021:12:23:14:29:42.459
2664,1640237382477,0.68810123,2.788936,10.407756,2021:12:23:14:29:42.477
2665,1640237382503,-0.109593146,9.077666,3.8998392,2021:12:23:14:29:42.503
2666,1640237382520,0.120971665,4.1411834,9.238163,2021:12:23:14:29:42.520
2667,1640237382541,0.52940077,7.0618706,4.965228,2021:12:23:14:29:42.541
2668,1640237382557,0.3707003,1.254033,12.1995735,2021:12:23:14:29:42.557
2669,1640237382589,-0.46532172,4.12202,10.671857,2021:12:23:14:29:42.589
2670,1640237382603,0.077853054,1.966089,3.8998392,2021:12:23:14:29:42.603
2671,1640237382620,0.3707003,2.1679082,15.637684,2021:12:23:14:29:42.620
2672,1640237382637,0.75517464,1.2779878,7.6014524,2021:12:23:14:29:42.637
2673,1640237382654,1.4426769,3.3087547,11.006625,2021:12:23:14:29:42.654
2674,1640237382674,0.1736722,1.6438972,14.185425,2021:12:23:14:29:42.674
2675,1640237382704,0.64977354,4.69933,2.5697496,2021:12:23:14:29:42.704
2676,1640237382721,-0.4749036,3.5297377,10.34188,2021:12:23:14:29:42.721
2677,1640237382739,-0.013774002,7.302616,7.1912265,2021:12:23:14:29:42.739
2678,1640237382756,0.3275817,4.814912,7.6110344,2021:12:23:14:29:42.756
2679,1640237382777,0.18804507,2.6302354,6.0737357,2021:12:23:14:29:42.777
2680,1640237382798,0.48628214,6.7540517,7.139724,2021:12:23:14:29:42.798
2681,1640237382825,-0.52341205,1.6822248,10.954523,2021:12:23:14:29:42.825
2682,1640237382840,0.61084706,4.28072,9.308829,2021:12:23:14:29:42.840
2683,1640237382859,0.23595464,2.4326084,6.3564024,2021:12:23:14:29:42.859
2684,1640237382877,0.23595464,0.29164952,9.110603,2021:12:23:14:29:42.877
2685,1640237382899,0.6635476,3.091964,7.172662,2021:12:23:14:29:42.899
2686,1640237382924,0.6731295,3.6644833,3.050642,2021:12:23:14:29:42.924
2687,1640237382941,0.6060561,-2.6631732,19.061422,2021:12:23:14:29:42.941
2688,1640237382957,0.22637272,5.998278,20.570574,2021:12:23:14:29:42.957
2689,1640237382977,1.3270952,3.6644833,-6.895385,2021:12:23:14:29:42.977
2690,1640237383002,0.18325411,3.2219186,14.142905,2021:12:23:14:29:43.002
2691,1640237383021,0.8030842,5.1945953,15.053187,2021:12:23:14:29:43.021
2692,1640237383040,-0.023355916,4.1172285,3.9938617,2021:12:23:14:29:43.040
2693,1640237383062,0.32219186,2.9284725,11.562975,2021:12:23:14:29:43.062
2694,1640237383076,1.1971405,4.0639296,10.455066,2021:12:23:14:29:43.076
2695,1640237383104,1.2258861,2.1152077,7.3565145,2021:12:23:14:29:43.104
2696,1640237383119,0.93244004,10.483213,3.6213646,2021:12:23:14:29:43.119
2697,1640237383138,-1.3983606,4.343003,12.213946,2021:12:23:14:29:43.138
2698,1640237383155,-1.989445,-2.5859191,9.101022,2021:12:23:14:29:43.155
2699,1640237383175,-0.76415765,5.0406857,9.143541,2021:12:23:14:29:43.175
2700,1640237383195,-0.95160383,3.5249467,11.817494,2021:12:23:14:29:43.195
2701,1640237383219,-1.3151177,0.58509564,7.7619495,2021:12:23:14:29:43.219
2702,1640237383236,-0.868361,4.506494,9.120186,2021:12:23:14:29:43.236
2703,1640237383256,-1.2192986,2.764981,11.445597,2021:12:23:14:29:43.256
2704,1640237383278,-2.1804843,4.939477,6.422877,2021:12:23:14:29:43.278
2705,1640237383302,-1.1905528,2.1439533,10.105926,2021:12:23:14:29:43.302
2706,1640237383317,-0.94501626,6.917543,4.7202907,2021:12:23:14:29:43.317
2707,1640237383341,-1.4115357,1.470225,11.106037,2021:12:23:14:29:43.341
2708,1640237383356,-0.6473781,5.8539505,8.111091,2021:12:23:14:29:43.356
2709,1640237383388,-0.87315196,4.530449,9.497474,2021:12:23:14:29:43.388
2710,1640237383404,-1.1276715,2.9907548,5.856945,2021:12:23:14:29:43.404
2711,1640237383418,-0.32039526,3.59741,9.39866,2021:12:23:14:29:43.418
2712,1640237383438,-0.28685856,3.2410824,9.346559,2021:12:23:14:29:43.438
2713,1640237383460,-0.90189767,3.193173,11.421641,2021:12:23:14:29:43.460
2714,1640237383476,-0.42160422,4.1507654,6.3426285,2021:12:23:14:29:43.476
2715,1640237383502,0.6551634,2.394281,5.0927873,2021:12:23:14:29:43.502
2716,1640237383520,1.1552196,2.6206536,7.441554,2021:12:23:14:29:43.520
2717,1640237383536,0.2658981,3.1302917,14.963357,2021:12:23:14:29:43.536
2718,1640237383556,-0.97376204,4.097466,11.346184,2021:12:23:14:29:43.556
2719,1640237383577,0.5737171,2.3218176,7.5218024,2021:12:23:14:29:43.577
2720,1640237383595,1.106711,3.0680091,6.691769,2021:12:23:14:29:43.595
2721,1640237383620,0.5443725,3.6501105,10.171801,2021:12:23:14:29:43.620
2722,1640237383638,1.2222929,4.2561665,10.356253,2021:12:23:14:29:43.638
2723,1640237383657,0.904892,3.000337,7.9272375,2021:12:23:14:29:43.657
2724,1640237383677,0.56892616,1.2246884,9.667553,2021:12:23:14:29:43.677
2725,1640237383704,0.376689,4.1699295,9.634615,2021:12:23:14:29:43.704
2726,1640237383720,0.95340043,7.4128084,6.960662,2021:12:23:14:29:43.720
2727,1640237383739,0.87614626,3.578246,7.9086723,2021:12:23:14:29:43.739
2728,1640237383756,0.41501665,0.30602238,11.383913,2021:12:23:14:29:43.756
2729,1640237383778,-0.16648576,2.5577722,9.56814,2021:12:23:14:29:43.778
2730,1640237383804,0.376689,3.69802,8.243441,2021:12:23:14:29:43.804
2731,1640237383821,0.2563162,2.7841449,10.931168,2021:12:23:14:29:43.821
2732,1640237383839,-0.35872293,4.4442115,8.4554405,2021:12:23:14:29:43.839
2733,1640237383858,-0.0125762625,4.4585843,8.780626,2021:12:23:14:29:43.858
2734,1640237383879,0.7611633,5.007149,7.7385936,2021:12:23:14:29:43.879
2735,1640237383901,0.5204177,3.496201,8.521316,2021:12:23:14:29:43.901
2736,1640237383919,0.14133324,3.9770932,8.493169,2021:12:23:14:29:43.919
2737,1640237383939,0.5012539,4.0543475,8.309317,2021:12:23:14:29:43.939
2738,1640237383958,0.93423665,2.4469814,9.092039,2021:12:23:14:29:43.958
2739,1640237383986,0.6024628,1.5810158,6.984018,2021:12:23:14:29:43.986
2740,1640237384019,0.94860953,4.7520304,10.530523,2021:12:23:14:29:44.019
2741,1640237384036,1.0156829,1.8505071,8.969271,2021:12:23:14:29:44.036
2742,1640237384040,-0.2820676,4.092675,9.337575,2021:12:23:14:29:44.040
2743,1640237384070,-0.86357003,2.678145,11.577348,2021:12:23:14:29:44.070
2744,1640237384102,-0.3922596,4.410675,7.8799267,2021:12:23:14:29:44.102
2745,1640237384119,-0.15211289,4.4537935,6.668413,2021:12:23:14:29:44.119
2746,1640237384137,-0.0029943483,3.5441105,8.611147,2021:12:23:14:29:44.137
2747,1640237384157,-0.49346858,3.390201,9.662762,2021:12:23:14:29:44.157
2748,1640237384178,-0.79110676,2.692518,10.464648,2021:12:23:14:29:44.178
2749,1640237384201,-0.22397724,4.237003,7.677509,2021:12:23:14:29:44.201
2750,1640237384219,0.34255344,2.687727,9.304039,2021:12:23:14:29:44.219
2751,1640237384237,-0.07066662,4.6604037,9.318412,2021:12:23:14:29:44.237
2752,1640237384259,-0.5515589,3.6309466,9.775948,2021:12:23:14:29:44.259
2753,1640237384285,-0.35393196,2.7506082,9.65797,2021:12:23:14:29:44.285
2754,1640237384302,-0.44076806,3.9004378,8.200921,2021:12:23:14:29:44.302
2755,1640237384320,-1.0893439,4.4298387,8.960287,2021:12:23:14:29:44.320
2756,1640237384341,-0.61384135,4.6753755,8.233859,2021:12:23:14:29:44.341
2757,1640237384357,-0.39285848,3.6836472,5.0550585,2021:12:23:14:29:44.357
2758,1640237384385,-0.080248535,1.7684621,10.5820265,2021:12:23:14:29:44.385
2759,1640237384400,0.35213536,2.5913088,15.001085,2021:12:23:14:29:44.400
2760,1640237384419,0.3138077,4.4777484,7.5643225,2021:12:23:14:29:44.419
2761,1640237384437,0.4437624,2.28349,6.545645,2021:12:23:14:29:44.437
2762,1640237384456,-0.33955908,3.1015458,10.488004,2021:12:23:14:29:44.456
2763,1640237384475,-0.5803047,3.674065,7.5499496,2021:12:23:14:29:44.475
2764,1640237384502,0.15510723,3.9435565,7.9080734,2021:12:23:14:29:44.502
2765,1640237384519,0.59228206,2.394281,10.422129,2021:12:23:14:29:44.519
2766,1640237384539,0.092824794,3.8136017,5.2299285,2021:12:23:14:29:44.539
2767,1640237384556,0.85698247,2.7506082,14.274656,2021:12:23:14:29:44.556
2768,1640237384576,0.30901673,5.3485045,7.7290115,2021:12:23:14:29:44.576
2769,1640237384602,0.20780776,1.7349254,7.054684,2021:12:23:14:29:44.602
2770,1640237384618,-0.013175132,2.259535,10.082569,2021:12:23:14:29:44.618
2771,1640237384637,0.04491522,3.4722462,8.096718,2021:12:23:14:29:44.637
2772,1640237384658,0.025152525,1.0037055,19.58064,2021:12:23:14:29:44.658
2773,1640237384685,-0.15690385,8.63031,-1.6888124,2021:12:23:14:29:44.685
2774,1640237384703,-1.1905528,3.49141,7.5876784,2021:12:23:14:29:44.703
2775,1640237384718,0.24673429,3.3231275,11.464162,2021:12:23:14:29:44.718
2776,1640237384741,-1.0558071,6.022233,7.606243,2021:12:23:14:29:44.741
2777,1640237384756,-0.3545308,3.5057828,10.058615,2021:12:23:14:29:44.756
2778,1640237384773,-1.0031066,1.9900438,7.2151814,2021:12:23:14:29:44.773
2779,1640237384793,0.30901673,3.486619,13.473369,2021:12:23:14:29:44.793
2780,1640237384820,-0.7144515,2.981173,4.3951044,2021:12:23:14:29:44.820
2781,1640237384839,-0.349141,7.2876444,8.79979,2021:12:23:14:29:44.839
2782,1640237384867,0.18385299,-3.32193,12.855335,2021:12:23:14:29:44.867
2783,1640237384877,-0.32997715,5.834787,8.832728,2021:12:23:14:29:44.877
2784,1640237384902,1.0444286,3.2027547,6.8474755,2021:12:23:14:29:44.902
2785,1640237384917,-0.35932177,4.732867,9.874762,2021:12:23:14:29:44.917
2786,1640237384943,-0.7773328,2.8033087,4.59333,2021:12:23:14:29:44.943
2787,1640237384956,0.40004492,3.3949919,6.4887524,2021:12:23:14:29:44.956
2788,1640237384984,0.22218063,3.9824831,15.331062,2021:12:23:14:29:44.984
2789,1640237385005,-0.037129916,0.58509564,14.666317,2021:12:23:14:29:45.005
2790,1640237385018,0.77014637,5.416177,6.1114645,2021:12:23:14:29:45.018
2791,1640237385037,0.2030168,3.9770932,5.376053,2021:12:23:14:29:45.037
2792,1640237385058,-0.89231575,2.4038627,10.08736,2021:12:23:14:29:45.058
2793,1640237385084,-0.37369466,3.5057828,7.5451584,2021:12:23:14:29:45.084
2794,1640237385104,0.7078639,2.6158626,8.488379,2021:12:23:14:29:45.104
2795,1640237385120,0.6312086,0.5371861,10.912602,2021:12:23:14:29:45.120
2796,1640237385137,-0.037129916,3.8375566,6.408504,2021:12:23:14:29:45.137
2797,1640237385157,1.2845753,7.721226,10.709586,2021:12:23:14:29:45.157
2798,1640237385186,0.63599956,3.1446645,10.874874,2021:12:23:14:29:45.186
2799,1640237385201,0.34255344,-0.3293783,10.3179245,2021:12:23:14:29:45.201
2800,1640237385220,0.04491522,3.380619,9.492682,2021:12:23:14:29:45.220
2801,1640237385235,2.1164052,3.000337,7.1630797,2021:12:23:14:29:45.235
2802,1640237385259,1.8906314,4.366957,8.432084,2021:12:23:14:29:45.259
2803,1640237385274,1.112101,3.7609012,9.941236,2021:12:23:14:29:45.274
2804,1640237385299,0.31859866,4.6897483,8.290153,2021:12:23:14:29:45.299
2805,1640237385318,0.71325374,3.077591,8.130254,2021:12:23:14:29:45.318
2806,1640237385340,0.31859866,6.9894075,9.818468,2021:12:23:14:29:45.340
2807,1640237385357,0.3527342,2.1343713,10.261631,2021:12:23:14:29:45.357
2808,1640237385377,-0.5030505,2.9524274,9.752592,2021:12:23:14:29:45.377
2809,1640237385401,-1.180372,2.7841449,10.658083,2021:12:23:14:29:45.401
2810,1640237385418,-0.560542,3.7225738,8.814163,2021:12:23:14:29:45.418
2811,1640237385436,0.2563162,3.375828,7.2954297,2021:12:23:14:29:45.436
2812,1640237385458,-0.2287682,5.541341,6.9792266,2021:12:23:14:29:45.458
2813,1640237385483,-0.8875248,1.9852529,10.837145,2021:12:23:14:29:45.483
2814,1640237385499,-1.4061459,5.002358,9.408242,2021:12:23:14:29:45.499
2815,1640237385517,-1.0025078,4.506494,7.1445146,2021:12:23:14:29:45.517
2816,1640237385539,-0.49825954,2.9572182,8.28596,2021:12:23:14:29:45.539
2817,1640237385560,-0.5701239,3.4770372,9.846615,2021:12:23:14:29:45.560
2818,1640237385586,-0.90189767,3.4626641,9.290265,2021:12:23:14:29:45.586
2819,1640237385603,-1.3726093,3.1159186,7.6583447,2021:12:23:14:29:45.603
2820,1640237385619,-1.5456825,2.0235806,10.520942,2021:12:23:14:29:45.619
2821,1640237385639,-1.2528353,4.102257,8.663248,2021:12:23:14:29:45.639
2822,1640237385659,-1.1324625,3.4435005,8.908186,2021:12:23:14:29:45.659
2823,1640237385686,-0.5317962,2.764981,9.643598,2021:12:23:14:29:45.686
2824,1640237385702,-0.7958977,2.8224726,9.304638,2021:12:23:14:29:45.702
2825,1640237385718,-0.61803347,2.8033087,8.865666,2021:12:23:14:29:45.718
2826,1640237385743,-0.4497511,2.4859078,9.210016,2021:12:23:14:29:45.743
2827,1640237385776,-0.50784147,3.0392635,10.219111,2021:12:23:14:29:45.776
2828,1640237385802,-0.4497511,4.3813305,10.662275,2021:12:23:14:29:45.802
2829,1640237385803,0.49227083,4.520867,3.8435454,2021:12:23:14:29:45.803
2830,1640237385820,1.4390837,1.8409252,6.4701877,2021:12:23:14:29:45.820
2831,1640237385856,0.9006999,2.985964,14.902272,2021:12:23:14:29:45.856
2832,1640237385882,0.3671071,3.183591,7.6912827,2021:12:23:14:29:45.882
2833,1640237385903,0.27068907,3.4578733,7.757757,2021:12:23:14:29:45.903
2834,1640237385918,-0.57970583,2.4906988,11.591721,2021:12:23:14:29:45.918
2835,1640237385938,-0.66115206,3.707602,9.39866,2021:12:23:14:29:45.938
2836,1640237385956,-0.23835011,5.5605044,7.7338023,2021:12:23:14:29:45.956
2837,1640237385983,-0.767152,4.5406294,7.837407,2021:12:23:14:29:45.983
2838,1640237386000,-1.3582363,0.36830482,9.092039,2021:12:23:14:29:46.000
2839,1640237386019,-0.37309578,6.031815,7.46491,2021:12:23:14:29:46.019
2840,1640237386037,-0.8485983,5.2910132,9.884343,2021:12:23:14:29:46.037
2841,1640237386058,-0.4162144,2.4954898,7.3331585,2021:12:23:14:29:46.058
2842,1640237386083,0.5114347,4.121421,9.9082985,2021:12:23:14:29:46.083
2843,1640237386101,0.56892616,2.5529811,9.99753,2021:12:23:14:29:46.101
2844,1640237386117,0.8623723,2.0475352,9.572931,2021:12:23:14:29:46.117
2845,1640237386141,1.4869933,2.6110716,8.474605,2021:12:23:14:29:46.141
2846,1640237386157,0.7755362,2.7068908,9.7100725,2021:12:23:14:29:46.157
2847,1640237386183,0.82344574,3.3327096,10.459857,2021:12:23:14:29:46.183
2848,1640237386200,0.62641764,3.9627204,8.281169,2021:12:23:14:29:46.200
2849,1640237386216,-0.26290378,3.6644833,7.2103906,2021:12:23:14:29:46.216
2850,1640237386235,-0.061084703,3.1015458,10.997043,2021:12:23:14:29:46.235
2851,1640237386266,0.11677958,4.588539,9.756784,2021:12:23:14:29:46.266
2852,1640237386283,-0.15690385,3.9100199,7.3283677,2021:12:23:14:29:46.283
2853,1640237386300,-0.7575701,2.5242355,9.190852,2021:12:23:14:29:46.300
2854,1640237386316,-0.76236105,3.2602463,10.20953,2021:12:23:14:29:46.316
2855,1640237386336,-1.2384624,4.2465844,6.611521,2021:12:23:14:29:46.336
2856,1640237386357,-1.6373096,2.466744,9.936445,2021:12:23:14:29:46.357
2857,1640237386383,-1.17618,3.3662462,10.497586,2021:12:23:14:29:46.383
2858,1640237386402,-0.93543434,2.8655913,9.879553,2021:12:23:14:29:46.402
2859,1640237386417,-0.18085863,3.8279748,8.596773,2021:12:23:14:29:46.417
2860,1640237386437,-0.10420331,2.9524274,10.591608,2021:12:23:14:29:46.437
2861,1640237386465,-0.041920874,3.5830371,7.5218024,2021:12:23:14:29:46.465
2862,1640237386484,0.06407905,2.774563,7.4223905,2021:12:23:14:29:46.484
2863,1640237386503,-0.21020325,3.0099187,13.77999,2021:12:23:14:29:46.503
2864,1640237386519,0.121570535,4.410675,6.6636224,2021:12:23:14:29:46.519
2865,1640237386538,0.27068907,5.2766404,7.451136,2021:12:23:14:29:46.538
2866,1640237386557,0.46771717,3.3614552,10.417337,2021:12:23:14:29:46.557
2867,1640237386583,0.48209006,3.808811,7.1774526,2021:12:23:14:29:46.583
2868,1640237386603,0.98693717,3.3375006,9.7430105,2021:12:23:14:29:46.603
2869,1640237386632,1.1402478,3.5632744,10.138863,2021:12:23:14:29:46.632
2870,1640237386636,1.4432758,2.4906988,5.376053,2021:12:23:14:29:46.636
2871,1640237386658,0.12636149,2.6733541,11.600703,2021:12:23:14:29:46.658
2872,1640237386675,0.2994348,4.1507654,11.162332,2021:12:23:14:29:46.675
2873,1640237386699,1.1935471,2.9955459,6.588165,2021:12:23:14:29:46.699
2874,1640237386717,0.71744585,2.5577722,7.9649663,2021:12:23:14:29:46.717
2875,1640237386735,0.3138077,3.4189467,7.0738482,2021:12:23:14:29:46.735
2876,1640237386755,0.5204177,1.9325523,11.006625,2021:12:23:14:29:46.755
2877,1640237386782,0.9821462,3.808811,10.12988,2021:12:23:14:29:46.782
2878,1640237386799,1.0204738,3.1494553,6.960662,2021:12:23:14:29:46.799
2879,1640237386819,0.25152525,2.4278176,13.185313,2021:12:23:14:29:46.819
2880,1640237386837,1.0588015,4.6699853,9.856196,2021:12:23:14:29:46.837
2881,1640237386858,1.0683835,4.2663474,7.0361195,2021:12:23:14:29:46.858
2882,1640237386882,-0.10420331,3.063218,6.5312724,2021:12:23:14:29:46.882
2883,1640237386901,-0.79170567,3.2842011,10.502377,2021:12:23:14:29:46.901
2884,1640237386917,-0.445559,3.587828,10.968896,2021:12:23:14:29:46.917
2885,1640237386941,-0.39285848,5.045477,6.9888086,2021:12:23:14:29:46.941
2886,1640237386955,-0.33476812,3.0248904,8.950706,2021:12:23:14:29:46.955
2887,1640237386974,0.054497138,2.870382,11.907325,2021:12:23:14:29:46.974
2888,1640237387002,-0.82524234,5.1658497,7.3379498,2021:12:23:14:29:47.002
2889,1640237387019,-1.9307557,1.4175245,7.771531,2021:12:23:14:29:47.019
2890,1640237387038,-0.8875248,1.9229704,10.931168,2021:12:23:14:29:47.038
2891,1640237387060,-1.1282704,2.764981,7.936819,2021:12:23:14:29:47.060
2892,1640237387084,-1.6373096,4.1268106,9.431598,2021:12:23:14:29:47.084
2893,1640237387100,-1.0941348,4.7137027,9.511847,2021:12:23:14:29:47.100
2894,1640237387117,-0.93603325,3.6213646,6.578583,2021:12:23:14:29:47.117
2895,1640237387135,-0.3880675,3.578246,11.308455,2021:12:23:14:29:47.135
2896,1640237387156,-0.5317962,3.9387655,8.591983,2021:12:23:14:29:47.156
2897,1640237387177,-0.96477896,3.2698283,8.436276,2021:12:23:14:29:47.177
2898,1640237387201,-0.5755137,2.4086537,9.068683,2021:12:23:14:29:47.201
2899,1640237387218,-0.27128795,3.486619,7.5739045,2021:12:23:14:29:47.218
2900,1640237387236,-0.45873415,3.2123368,9.516638,2021:12:23:14:29:47.236
2901,1640237387257,-0.9731632,5.8731146,9.690908,2021:12:23:14:29:47.257
2902,1640237387277,-0.9246547,3.38541,8.3895645,2021:12:23:14:29:47.277
2903,1640237387303,0.29105064,3.3662462,8.545271,2021:12:23:14:29:47.303
2904,1640237387320,-0.3527342,4.217839,7.3660965,2021:12:23:14:29:47.320
2905,1640237387339,-0.44436127,2.269117,10.026276,2021:12:23:14:29:47.339
2906,1640237387365,-0.031141222,2.7356365,10.81858,2021:12:23:14:29:47.365
2907,1640237387380,-0.80967176,2.6493993,8.106898,2021:12:23:14:29:47.380
2908,1640237387401,-0.80008984,1.7397163,10.167608,2021:12:23:14:29:47.401
2909,1640237387419,-0.011378523,4.617285,8.238649,2021:12:23:14:29:47.419
2910,1640237387439,-0.39585283,3.193173,7.3283677,2021:12:23:14:29:47.439
2911,1640237387464,-0.20361568,2.6110716,10.021484,2021:12:23:14:29:47.464
2912,1640237387483,0.27667776,3.789647,8.172774,2021:12:23:14:29:47.483
2913,1640237387500,0.33955908,2.17749,11.091664,2021:12:23:14:29:47.500
2914,1640237387518,0.882135,3.59741,8.766852,2021:12:23:14:29:47.518
2915,1640237387548,-0.10300558,3.7465284,8.323689,2021:12:23:14:29:47.548
2916,1640237387583,0.17127672,2.678145,10.912602,2021:12:23:14:29:47.583
2917,1640237387597,-0.06407905,2.870382,8.700977,2021:12:23:14:29:47.597
2918,1640237387616,-0.58809,2.9715912,9.327993,2021:12:23:14:29:47.616
2919,1640237387635,-1.2708014,4.1363926,8.205711,2021:12:23:14:29:47.635
2920,1640237387665,-1.4822023,4.834076,8.700977,2021:12:23:14:29:47.665
2921,1640237387681,0.0125762625,3.399783,8.474605,2021:12:23:14:29:47.681
2922,1640237387696,-0.36231613,5.0742226,7.281656,2021:12:23:14:29:47.696
2923,1640237387717,-0.7084628,2.8997269,11.096456,2021:12:23:14:29:47.717
2924,1640237387720,-0.08803384,4.343003,9.281281,2021:12:23:14:29:47.720
2925,1640237387751,0.2287682,4.2082567,8.300333,2021:12:23:14:29:47.751
2926,1640237387782,0.0125762625,2.1343713,9.775948,2021:12:23:14:29:47.782
2927,1640237387797,-0.28985292,4.0783024,7.7529664,2021:12:23:14:29:47.797
2928,1640237387819,0.27727664,3.4189467,8.602163,2021:12:23:14:29:47.819
2929,1640237387837,0.7144515,3.5536923,8.644084,2021:12:23:14:29:47.837
2930,1640237387866,0.42160422,3.481828,9.498073,2021:12:23:14:29:47.866
2931,1640237387885,0.5994685,4.343003,8.446457,2021:12:23:14:29:47.885
2932,1640237387899,0.74798816,3.5393195,9.356739,2021:12:23:14:29:47.899
2933,1640237387916,1.5654452,4.694539,7.08343,2021:12:23:14:29:47.916
2934,1640237387951,2.2571397,3.8716922,10.926975,2021:12:23:14:29:47.951
2935,1640237387965,2.2960663,2.586518,9.201033,2021:12:23:14:29:47.965
2936,1640237387981,1.6756372,2.9428453,8.370999,2021:12:23:14:29:47.981
2937,1640237387997,-0.0011977393,3.5584834,8.917768,2021:12:23:14:29:47.997
2938,1640237388016,-0.7270277,4.3813305,8.309317,2021:12:23:14:29:48.016
2939,1640237388034,-0.3233896,3.3039637,8.573418,2021:12:23:14:29:48.034
2940,1640237388055,-0.025152525,4.5454206,7.965565,2021:12:23:14:29:48.055
2941,1640237388081,-0.41920874,3.4285285,8.851892,2021:12:23:14:29:48.081
2942,1640237388099,-0.6743272,4.4585843,11.3940935,2021:12:23:14:29:48.099
2943,1640237388116,-0.43358162,4.6651945,8.139836,2021:12:23:14:29:48.116
2944,1640237388137,-1.121084,3.780065,8.658457,2021:12:23:14:29:48.137
2945,1640237388156,-0.91447395,2.5625632,9.286073,2021:12:23:14:29:48.156
2946,1640237388180,-0.5156267,3.7321556,8.644683,2021:12:23:14:29:48.180
2947,1640237388198,-0.7557735,2.1056256,7.488865,2021:12:23:14:29:48.198
2948,1640237388217,-0.44915223,3.063218,10.120298,2021:12:23:14:29:48.217
2949,1640237388237,0.08444062,2.7068908,7.9224463,2021:12:23:14:29:48.237
2950,1640237388264,-0.08384175,2.370326,10.08736,2021:12:23:14:29:48.264
2951,1640237388281,0.2623049,3.9675114,9.247745,2021:12:23:14:29:48.281
2952,1640237388297,-0.12696037,2.576936,9.592095,2021:12:23:14:29:48.297
2953,1640237388316,0.43477935,1.460643,9.413033,2021:12:23:14:29:48.316
2954,1640237388338,1.088745,2.581727,9.498073,2021:12:23:14:29:48.338
2955,1640237388364,0.78571695,3.4141557,8.648875,2021:12:23:14:29:48.364
2956,1640237388381,0.07006775,4.2465844,8.545271,2021:12:23:14:29:48.381
2957,1640237388397,-0.107796535,4.0399747,7.9649663,2021:12:23:14:29:48.397
2958,1640237388413,0.56473404,3.808811,7.309803,2021:12:23:14:29:48.413
2959,1640237388435,0.18505071,3.5345285,8.167983,2021:12:23:14:29:48.435
2960,1640237388458,-0.031141222,4.285511,9.275892,2021:12:23:14:29:48.458
2961,1640237388479,-0.031141222,2.8949358,9.493281,2021:12:23:14:29:48.479
2962,1640237388497,0.48807874,2.6685631,10.294569,2021:12:23:14:29:48.497
2963,1640237388516,0.5407793,3.197964,11.346184,2021:12:23:14:29:48.516
2964,1640237388537,0.094022535,4.006438,8.648875,2021:12:23:14:29:48.537
2965,1640237388556,-0.64618033,3.5009918,6.899577,2021:12:23:14:29:48.556
2966,1640237388579,-1.0785642,3.0440543,12.044466,2021:12:23:14:29:48.579
2967,1640237388598,-0.91088074,4.6316576,7.8565707,2021:12:23:14:29:48.598
2968,1640237388620,-1.198937,3.799229,9.498073,2021:12:23:14:29:48.620
2969,1640237388637,-0.8192537,4.607703,9.172287,2021:12:23:14:29:48.637
2970,1640237388664,-0.7521803,4.5597935,7.946401,2021:12:23:14:29:48.664
2971,1640237388680,-0.064677924,3.4237378,8.32848,2021:12:23:14:29:48.680
2972,1640237388700,-0.01676835,4.0303926,10.290377,2021:12:23:14:29:48.700
2973,1640237388716,-0.25691506,3.2698283,9.913089,2021:12:23:14:29:48.716
2974,1640237388749,-0.3964517,4.073511,8.719542,2021:12:23:14:29:48.749
2975,1640237388763,-0.040723134,4.073511,8.144627,2021:12:23:14:29:48.763
2976,1640237388778,-0.026350264,2.8901448,9.153723,2021:12:23:14:29:48.778
2977,1640237388797,-0.42519745,3.2171278,10.125089,2021:12:23:14:29:48.797
2978,1640237388819,-0.12755923,3.8812742,10.544896,2021:12:23:14:29:48.819
2979,1640237388837,-0.093423665,2.605682,10.455066,2021:12:23:14:29:48.837
2980,1640237388853,-0.473107,4.0495563,7.1822433,2021:12:23:14:29:48.853
2981,1640237388882,0.040723134,4.3286295,3.9657147,2021:12:23:14:29:48.882
2982,1640237388899,-0.47789797,3.1446645,9.577723,2021:12:23:14:29:48.899
2983,1640237388917,-1.1701913,3.077591,10.290377,2021:12:23:14:29:48.917
2984,1640237388935,-0.8192537,2.6446083,7.85178,2021:12:23:14:29:48.935
2985,1640237388955,0.34375116,2.8512182,9.7430105,2021:12:23:14:29:48.955
2986,1640237388980,0.21379647,1.7253435,10.9317665,2021:12:23:14:29:48.980
2987,1640237388995,-0.19463263,3.5536923,8.205711,2021:12:23:14:29:48.995
2988,1640237389017,-0.48268893,2.572145,10.379608,2021:12:23:14:29:49.017
2989,1640237389036,-0.3868698,0.7054684,10.469439,2021:12:23:14:29:49.036
2990,1640237389062,0.5120335,2.8512182,10.94554,2021:12:23:14:29:49.062
2991,1640237389079,1.1126997,6.609724,6.173148,2021:12:23:14:29:49.079
2992,1640237389101,0.15630497,5.632369,6.1306286,2021:12:23:14:29:49.101
2993,1640237389117,-1.5642475,3.3614552,9.79032,2021:12:23:14:29:49.117
2994,1640237389148,-0.37728786,5.2526855,7.8990903,2021:12:23:14:29:49.148
2995,1640237389164,1.3911742,3.693229,8.351836,2021:12:23:14:29:49.164
2996,1640237389177,2.6314332,4.299884,9.893926,2021:12:23:14:29:49.177
2997,1640237389217,3.5201557,2.8949358,8.5877905,2021:12:23:14:29:49.217
2998,1640237389234,3.059026,3.6501105,7.5451584,2021:12:23:14:29:49.234
2999,1640237389246,1.8810495,2.273908,10.704795,2021:12:23:14:29:49.246
3000,1640237389266,0.41561553,1.254033,11.247371,2021:12:23:14:29:49.266
3001,1640237389296,-1.2857732,3.4141557,8.026649,2021:12:23:14:29:49.296
3002,1640237389316,-1.8816484,3.9818842,10.016693,2021:12:23:14:29:49.316
3003,1640237389317,-1.4875922,3.592619,7.757757,2021:12:23:14:29:49.317
3004,1640237389350,-0.76655316,3.6165738,12.28042,2021:12:23:14:29:49.350
3005,1640237389380,-0.18025976,5.3922224,7.842198,2021:12:23:14:29:49.380
3006,1640237389398,-0.036531046,3.9818842,8.781225,2021:12:23:14:29:49.398
3007,1640237389417,-0.3964517,2.576936,7.08343,2021:12:23:14:29:49.417
3008,1640237389434,-0.2090055,4.492121,7.5691133,2021:12:23:14:29:49.434
3009,1640237389457,-0.49766067,4.506494,9.596886,2021:12:23:14:29:49.457
3010,1640237389484,-0.45454204,3.1494553,8.474605,2021:12:23:14:29:49.484
3011,1640237389503,-0.8485983,3.293783,10.530523,2021:12:23:14:29:49.503
3012,1640237389518,-0.61803347,3.895647,8.512333,2021:12:23:14:29:49.518
3013,1640237389545,-1.3726093,3.0195007,9.65797,2021:12:23:14:29:49.545
3014,1640237389563,-0.8629711,3.091964,10.195756,2021:12:23:14:29:49.563
3015,1640237389581,-1.0695812,2.4278176,7.748175,2021:12:23:14:29:49.581
3016,1640237389596,-0.6563611,1.8025976,10.120298,2021:12:23:14:29:49.596
3017,1640237389618,0.2090055,4.1507654,9.761575,2021:12:23:14:29:49.618
3018,1640237389637,-0.63240635,4.7616124,4.786765,2021:12:23:14:29:49.637
3019,1640237389659,-1.5648464,3.2602463,6.9085603,2021:12:23:14:29:49.659
3020,1640237389677,-1.6510836,3.7704833,13.751843,2021:12:23:14:29:49.677
3021,1640237389701,-1.4971741,4.025602,8.658457,2021:12:23:14:29:49.701
3022,1640237389717,-0.61803347,3.1159186,8.700977,2021:12:23:14:29:49.717
3023,1640237389745,-0.20960437,2.879964,7.418198,2021:12:23:14:29:49.745
3024,1640237389762,-0.57970583,2.870382,10.402965,2021:12:23:14:29:49.762
3025,1640237389779,-0.9060898,2.985964,10.789834,2021:12:23:14:29:49.779
3026,1640237389796,-0.7815249,4.1268106,8.28596,2021:12:23:14:29:49.796
3027,1640237389816,-0.6276154,3.5830371,5.635363,2021:12:23:14:29:49.816
3028,1640237389836,-0.3826777,5.714414,9.026163,2021:12:23:14:29:49.836
3029,1640237389860,-0.39705056,4.366957,10.478422,2021:12:23:14:29:49.860
3030,1640237389878,0.13654228,4.275929,5.6209903,2021:12:23:14:29:49.878
3031,1640237389898,-0.65157014,1.5043606,10.587417,2021:12:23:14:29:49.898
3032,1640237389917,0.23296028,3.4387095,9.596886,2021:12:23:14:29:49.917
3033,1640237389937,-0.40663248,3.2506645,10.00232,2021:12:23:14:29:49.937
3034,1640237389962,0.18924281,3.886065,7.8709435,2021:12:23:14:29:49.962
3035,1640237389980,0.56892616,2.6350265,8.936333,2021:12:23:14:29:49.980
3036,1640237389999,0.891118,3.9004378,7.285848,2021:12:23:14:29:49.999
3037,1640237390018,0.78032714,4.097466,8.766852,2021:12:23:14:29:50.018
3038,1640237390037,0.75637233,3.38541,10.968896,2021:12:23:14:29:50.037
3039,1640237390062,0.7036718,2.4278176,9.549575,2021:12:23:14:29:50.062
3040,1640237390081,1.0929371,4.2082567,8.502751,2021:12:23:14:29:50.081
3041,1640237390098,0.14612418,3.1596363,8.658457,2021:12:23:14:29:50.098
3042,1640237390118,0.07425983,3.2506645,9.384287,2021:12:23:14:29:50.118
3043,1640237390146,0.4874799,2.288281,10.752106,2021:12:23:14:29:50.146
3044,1640237390163,0.7324176,4.217839,9.65797,2021:12:23:14:29:50.163
3045,1640237390180,0.3431523,4.7807765,7.6727176,2021:12:23:14:29:50.180
3046,1640237390195,-0.63240635,4.7711945,7.0361195,2021:12:23:14:29:50.195
3047,1640237390217,-1.1659992,3.0680091,8.314107,2021:12:23:14:29:50.217
3048,1640237390233,-0.94501626,2.269117,10.870083,2021:12:23:14:29:50.233
3049,1640237390263,-0.57970583,2.7458172,10.860501,2021:12:23:14:29:50.263
3050,1640237390280,-0.1952315,2.172699,10.817981,2021:12:23:14:29:50.280
3051,1640237390298,-0.35872293,3.288992,8.70996,2021:12:23:14:29:50.298
3052,1640237390315,-0.76236105,2.9332635,9.851405,2021:12:23:14:29:50.315
3053,1640237390339,-0.14732192,5.411386,6.9792266,2021:12:23:14:29:50.339
3054,1640237390360,0.040124267,3.0344725,5.715612,2021:12:23:14:29:50.360
3055,1640237390379,-0.4695138,3.6022007,12.228319,2021:12:23:14:29:50.379
3056,1640237390398,-0.3012314,5.4401317,8.639294,2021:12:23:14:29:50.398
3057,1640237390419,1.3953662,4.073511,7.7763224,2021:12:23:14:29:50.419
3058,1640237390436,0.29464385,4.343003,7.309204,2021:12:23:14:29:50.436
3059,1640237390458,0.2658981,2.4326084,11.539619,2021:12:23:14:29:50.458
3060,1640237390478,-0.08983044,2.0475352,8.903395,2021:12:23:14:29:50.478
3061,1640237390502,0.6407905,3.000337,8.738706,2021:12:23:14:29:50.502
3062,1640237390517,0.7276266,2.9572182,9.6957,2021:12:23:14:29:50.517
3063,1640237390544,0.904892,4.8484488,8.66744,2021:12:23:14:29:50.544
3064,1640237390562,0.6743272,4.6604037,8.502751,2021:12:23:14:29:50.562
3065,1640237390580,0.7419995,3.8231838,6.413295,2021:12:23:14:29:50.580
3066,1640237390598,0.11677958,1.9565071,9.14414,2021:12:23:14:29:50.598
3067,1640237390620,0.30901673,4.3238387,10.374818,2021:12:23:14:29:50.620
3068,1640237390637,-0.35393196,2.586518,8.804582,2021:12:23:14:29:50.637
3069,1640237390661,-0.23415802,2.4230266,10.412546,2021:12:23:14:29:50.661
3070,1640237390682,0.55934423,3.9004378,9.554366,2021:12:23:14:29:50.682
3071,1640237390703,-0.08983044,3.4674551,5.866527,2021:12:23:14:29:50.703
3072,1640237390717,-0.6090504,2.5625632,8.073361,2021:12:23:14:29:50.717
3073,1640237390737,-0.61384135,3.4770372,14.062656,2021:12:23:14:29:50.737
3074,1640237390762,-0.61384135,3.5297377,8.332672,2021:12:23:14:29:50.762
3075,1640237390779,-0.4790957,5.0550585,6.724707,2021:12:23:14:29:50.779
3076,1640237390797,-0.26769474,4.01602,7.974548,2021:12:23:14:29:50.797
3077,1640237390818,0.17906202,3.399783,10.34188,2021:12:23:14:29:50.818
3078,1640237390836,-0.5222143,3.404574,9.323202,2021:12:23:14:29:50.836
3079,1640237390863,-0.7000786,2.9524274,7.653554,2021:12:23:14:29:50.863
3080,1640237390879,-0.11857619,2.471535,10.492795,2021:12:23:14:29:50.879
3081,1640237390901,0.15510723,5.2910132,8.587192,2021:12:23:14:29:50.901
3082,1640237390916,-0.16648576,3.1063368,8.993225,2021:12:23:14:29:50.916
3083,1640237390942,-0.22936708,2.1343713,6.5546284,2021:12:23:14:29:50.942
3084,1640237390962,0.5347906,2.6398172,12.384026,2021:12:23:14:29:50.962
3085,1640237390979,0.09761575,3.9196017,9.413033,2021:12:23:14:29:50.979
3086,1640237390998,-0.3156043,4.3621664,6.5312724,2021:12:23:14:29:50.998
3087,1640237391019,0.1934349,2.2451622,10.634129,2021:12:23:14:29:51.019
3088,1640237391045,0.13115245,5.4640865,10.417337,2021:12:23:14:29:51.045
3089,1640237391060,-1.0510162,4.0639296,6.503125,2021:12:23:14:29:51.060
3090,1640237391079,-1.1618071,4.083093,7.054684,2021:12:23:14:29:51.079
3091,1640237391100,-0.39285848,2.38949,9.7430105,2021:12:23:14:29:51.100
3092,1640237391136,-0.2485309,4.425048,9.092039,2021:12:23:14:29:51.136
3093,1640237391162,-0.75816894,4.728076,9.492682,2021:12:23:14:29:51.162
3094,1640237391178,-0.41202232,2.259535,9.605869,2021:12:23:14:29:51.178
3095,1640237391196,0.1934349,2.9955459,9.252536,2021:12:23:14:29:51.196
3096,1640237391217,0.35812405,4.6316576,8.700977,2021:12:23:14:29:51.217
3097,1640237391235,0.1658869,3.7561104,7.634989,2021:12:23:14:29:51.235
3098,1640237391259,0.36770597,2.4182355,7.98413,2021:12:23:14:29:51.259
3099,1640237391278,1.0647902,2.879964,9.865778,2021:12:23:14:29:51.278
3100,1640237391299,1.2426544,3.9579294,10.983269,2021:12:23:14:29:51.299
3101,1640237391317,-0.05030505,3.2410824,9.262117,2021:12:23:14:29:51.317
3102,1640237391341,0.11318636,4.704121,7.988921,2021:12:23:14:29:51.341
3103,1640237391363,-0.026350264,2.8416364,8.748287,2021:12:23:14:29:51.363
3104,1640237391379,0.44496015,3.496201,10.723959,2021:12:23:14:29:51.379
3105,1640237391398,0.3826777,3.8621104,9.403451,2021:12:23:14:29:51.398
3106,1640237391419,-0.3431523,3.5632744,5.564697,2021:12:23:14:29:51.419
3107,1640237391437,-0.6653442,3.5201557,7.8236327,2021:12:23:14:29:51.437
3108,1640237391464,-0.36231613,5.541341,11.983381,2021:12:23:14:29:51.464
3109,1640237391483,-0.8144627,2.7308455,11.233597,2021:12:23:14:29:51.483
3110,1640237391500,-0.42998838,3.587828,4.942471,2021:12:23:14:29:51.500
3111,1640237391516,-0.6270165,-1.2288805,15.676012,2021:12:23:14:29:51.516
3112,1640237391540,-1.3522476,5.1227307,18.382902,2021:12:23:14:29:51.540
3113,1640237391568,-1.1456376,2.5913088,-8.526706,2021:12:23:14:29:51.568
3114,1640237391583,-2.1020324,3.9579294,16.962982,2021:12:23:14:29:51.583
3115,1640237391595,-1.0833552,2.07688,6.795374,2021:12:23:14:29:51.595
3116,1640237391616,0.03174009,6.657634,4.263353,2021:12:23:14:29:51.616
3117,1640237391636,-0.86716324,4.5400305,11.393495,2021:12:23:14:29:51.636
3118,1640237391662,-0.33836135,2.4613543,9.092039,2021:12:23:14:29:51.662
3119,1640237391679,-0.03533331,4.742449,-2.117603,2021:12:23:14:29:51.679
3120,1640237391695,0.6857057,4.227421,18.750608,2021:12:23:14:29:51.695
3121,1640237391718,-1.9193772,-3.6063929,15.32208,2021:12:23:14:29:51.718
3122,1640237391743,2.7278512,6.0851145,1.9002134,2021:12:23:14:29:51.743
3123,1640237391761,-1.1887562,3.49141,15.359808,2021:12:23:14:29:51.761
3124,1640237391779,1.8630835,4.1363926,3.4806304,2021:12:23:14:29:51.779
3125,1640237391796,-0.03533331,3.9579294,9.913089,2021:12:23:14:29:51.796
3126,1640237391819,0.82943445,5.199386,4.1926866,2021:12:23:14:29:51.819
3127,1640237391841,0.978553,0.4359771,12.841561,2021:12:23:14:29:51.841
3128,1640237391858,2.0792754,5.5221767,7.3379498,2021:12:23:14:29:51.858
3129,1640237391878,-0.025751395,6.3641877,9.540592,2021:12:23:14:29:51.878
3130,1640237391902,0.84919715,-0.47849685,7.687091,2021:12:23:14:29:51.902
3131,1640237391917,0.14732192,3.6405284,11.351574,2021:12:23:14:29:51.917
3132,1640237391942,0.42639518,2.6254444,10.261631,2021:12:23:14:29:51.942
3133,1640237391960,0.14253098,2.3559532,8.790808,2021:12:23:14:29:51.960
3134,1640237391980,0.62821424,3.091964,8.187147,2021:12:23:14:29:51.980
3135,1640237391997,0.38746867,3.4237378,9.893926,2021:12:23:14:29:51.997
3136,1640237392015,0.027548004,5.4688773,9.964592,2021:12:23:14:29:52.015
3137,1640237392035,-0.6647453,2.8176816,7.8709435,2021:12:23:14:29:52.035
3138,1640237392061,-0.08324288,3.2842011,7.7296104,2021:12:23:14:29:52.061
3139,1640237392075,0.66654193,4.5837483,10.841936,2021:12:23:14:29:52.075
3140,1640237392098,-0.6455815,3.380619,5.2628665,2021:12:23:14:29:52.098
3141,1640237392116,-0.77493733,3.3135457,12.214545,2021:12:23:14:29:52.116
3142,1640237392138,-1.0540105,2.4230266,11.313846,2021:12:23:14:29:52.138
3143,1640237392161,-1.7217503,4.0687203,8.719542,2021:12:23:14:29:52.161
3144,1640237392178,-0.7509825,4.7759852,5.701838,2021:12:23:14:29:52.178
3145,1640237392198,-0.86177343,2.1104167,7.866153,2021:12:23:14:29:52.198
3146,1640237392220,-0.17966089,3.4387095,12.751731,2021:12:23:14:29:52.220
3147,1640237392246,-1.1360557,4.636449,7.4229894,2021:12:23:14:29:52.246
3148,1640237392263,-0.9581914,3.3518734,9.413033,2021:12:23:14:29:52.263
3149,1640237392276,-0.67971706,5.9647417,7.239136,2021:12:23:14:29:52.276
3150,1640237392310,-0.6749261,3.4626641,9.926863,2021:12:23:14:29:52.310
3151,1640237392317,-0.20361568,3.996856,8.215294,2021:12:23:14:29:52.317
3152,1640237392342,-0.82404464,1.6822248,8.8848295,2021:12:23:14:29:52.342
3153,1640237392361,-0.107796535,2.1343713,9.521428,2021:12:23:14:29:52.361
3154,1640237392379,0.33416927,4.872403,10.398772,2021:12:23:14:29:52.379
3155,1640237392397,0.3293783,3.1207097,6.545645,2021:12:23:14:29:52.397
3156,1640237392415,0.48807874,3.49141,9.936445,2021:12:23:14:29:52.415
3157,1640237392434,0.3293783,3.0147097,8.573418,2021:12:23:14:29:52.434
3158,1640237392458,0.2623049,3.4387095,8.978852,2021:12:23:14:29:52.458
3159,1640237392479,0.9881349,2.9715912,10.115507,2021:12:23:14:29:52.479
3160,1640237392497,0.9689711,2.658981,8.512333,2021:12:23:14:29:52.497
3161,1640237392516,1.0025078,3.2410824,9.795112,2021:12:23:14:29:52.516
3162,1640237392542,0.84380734,3.6644833,9.1489315,2021:12:23:14:29:52.542
3163,1640237392559,0.5988696,2.476326,8.832728,2021:12:23:14:29:52.559
3164,1640237392578,0.32997715,2.7068908,10.115507,2021:12:23:14:29:52.578
3165,1640237392597,0.9210615,5.314968,9.092039,2021:12:23:14:29:52.597
3166,1640237392626,0.2623049,3.80402,7.0409102,2021:12:23:14:29:52.626
3167,1640237392642,0.122768275,3.6405284,9.478909,2021:12:23:14:29:52.642
3168,1640237392659,0.52700526,3.0728002,9.299847,2021:12:23:14:29:52.659
3169,1640237392677,0.5365872,3.063218,7.828424,2021:12:23:14:29:52.677
3170,1640237392701,0.89231575,2.38949,12.054048,2021:12:23:14:29:52.701
3171,1640237392718,-0.3862709,3.3470824,7.960774,2021:12:23:14:29:52.718
3172,1640237392742,-0.47789797,3.1350825,7.8475876,2021:12:23:14:29:52.742
3173,1640237392776,-0.22757046,5.208968,9.280683,2021:12:23:14:29:52.776
3174,1640237392793,-0.18445185,2.4134445,8.07396,2021:12:23:14:29:52.793
3175,1640237392799,-0.94860953,5.021522,9.922072,2021:12:23:14:29:52.799
3176,1640237392825,-1.5828124,3.5728562,10.134671,2021:12:23:14:29:52.825
3177,1640237392842,-1.0833552,4.271138,6.960662,2021:12:23:14:29:52.842
3178,1640237392862,-1.2851743,3.8279748,9.757383,2021:12:23:14:29:52.862
3179,1640237392895,-0.83302766,3.49141,9.3471575,2021:12:23:14:29:52.895
3180,1640237392916,-0.32398847,1.8552982,6.173148,2021:12:23:14:29:52.916
3181,1640237392937,-0.42938954,3.000337,10.21971,2021:12:23:14:29:52.937
3182,1640237392963,-0.20361568,3.9675114,10.1394615,2021:12:23:14:29:52.963
3183,1640237392977,0.20960437,4.275929,7.993712,2021:12:23:14:29:52.977
3184,1640237392995,0.08444062,3.3566644,7.748175,2021:12:23:14:29:52.995
3185,1640237393017,0.4401692,2.576936,11.407867,2021:12:23:14:29:53.017
3186,1640237393037,0.33476812,3.2075458,8.050006,2021:12:23:14:29:53.037
3187,1640237393060,-0.17486994,3.780065,9.6771345,2021:12:23:14:29:53.060
3188,1640237393080,-1.0444286,1.6870158,9.568739,2021:12:23:14:29:53.080
3189,1640237393100,-0.34794325,3.7417374,9.568739,2021:12:23:14:29:53.100
3190,1640237393116,0.30602238,5.0311036,9.351948,2021:12:23:14:29:53.116
3191,1640237393143,0.4737059,3.4189467,8.0595875,2021:12:23:14:29:53.143
3192,1640237393159,-0.19403376,3.174009,8.32848,2021:12:23:14:29:53.159
3193,1640237393179,0.10420331,3.9196017,11.591721,2021:12:23:14:29:53.179
3194,1640237393196,0.026949134,3.9196017,8.017068,2021:12:23:14:29:53.196
3195,1640237393227,0.0125762625,3.183591,7.300221,2021:12:23:14:29:53.227
3196,1640237393242,0.36351386,3.1350825,11.492908,2021:12:23:14:29:53.242
3197,1640237393259,0.10360444,3.0488453,9.6957,2021:12:23:14:29:53.259
3198,1640237393277,0.122768275,2.5673542,10.502377,2021:12:23:14:29:53.277
3199,1640237393295,2.025976,5.617996,6.8241196,2021:12:23:14:29:53.295
3200,1640237393315,-0.266497,2.875173,9.106412,2021:12:23:14:29:53.315
3201,1640237393343,-0.7467904,3.9052289,6.6636224,2021:12:23:14:29:53.343
3202,1640237393358,0.6132425,2.4182355,10.648501,2021:12:23:14:29:53.358
3203,1640237393377,1.4636374,3.399783,9.889134,2021:12:23:14:29:53.377
3204,1640237393396,-0.69888085,3.8183928,8.148819,2021:12:23:14:29:53.396
3205,1640237393423,-1.3768013,2.4661453,8.84231,2021:12:23:14:29:53.423
3206,1640237393440,-0.10300558,3.9723022,9.6112585,2021:12:23:14:29:53.440
3207,1640237393459,0.5264064,2.4182355,11.299472,2021:12:23:14:29:53.459
3208,1640237393476,-0.006587566,4.0447655,6.904368,2021:12:23:14:29:53.476
3209,1640237393499,-0.5545533,2.7841449,9.431598,2021:12:23:14:29:53.499
3210,1640237393528,-0.21319759,4.834076,7.106786,2021:12:23:14:29:53.528
3211,1640237393542,-0.59288096,4.4298387,8.5219145,2021:12:23:14:29:53.542
3212,1640237393558,-0.44436127,3.8231838,10.469439,2021:12:23:14:29:53.558
3213,1640237393578,-0.46831605,3.3566644,9.35614,2021:12:23:14:29:53.578
3214,1640237393600,-0.13654228,3.886065,8.040423,2021:12:23:14:29:53.600
3215,1640237393620,0.055694874,3.274619,8.441667,2021:12:23:14:29:53.620
3216,1640237393646,0.15630497,3.6309466,9.808886,2021:12:23:14:29:53.646
3217,1640237393663,-0.13175131,3.274619,9.941236,2021:12:23:14:29:53.663
3218,1640237393677,-0.0886327,3.2458735,8.530898,2021:12:23:14:29:53.677
3219,1640237393701,0.5503612,2.9236815,10.115507,2021:12:23:14:29:53.701
3220,1640237393716,0.11318636,3.9387655,7.8847175,2021:12:23:14:29:53.716
3221,1640237393743,-0.29045177,3.4435005,10.294569,2021:12:23:14:29:53.743
3222,1640237393761,-0.5066437,2.8320546,8.276379,2021:12:23:14:29:53.761
3223,1640237393778,-0.11258749,3.4770372,7.805068,2021:12:23:14:29:53.778
3224,1640237393793,0.8485983,3.7752743,10.733541,2021:12:23:14:29:53.793
3225,1640237393816,0.3389602,4.390912,6.918142,2021:12:23:14:29:53.816
3226,1640237393841,-0.059886962,2.586518,8.512333,2021:12:23:14:29:53.841
3227,1640237393859,-0.39106187,3.4435005,10.507168,2021:12:23:14:29:53.859
3228,1640237393876,-0.35752517,3.0195007,8.082944,2021:12:23:14:29:53.876
3229,1640237393899,0.18085863,3.1302917,9.5783205,2021:12:23:14:29:53.899
3230,1640237393916,0.7815249,1.8457162,9.073474,2021:12:23:14:29:53.916
3231,1640237393938,-0.14133324,2.4182355,10.374818,2021:12:23:14:29:53.938
3232,1640237393961,-0.25691506,5.1227307,4.098065,2021:12:23:14:29:53.961
3233,1640237393979,0.77673393,2.8080997,-0.23595464,2021:12:23:14:29:53.979
3234,1640237393997,-0.13175131,1.6337163,33.101322,2021:12:23:14:29:53.997
3235,1640237394023,0.74259835,7.4223905,-0.6365984,2021:12:23:14:29:54.023
3236,1640237394041,1.6271288,3.193173,2.31523,2021:12:23:14:29:54.041
3237,1640237394059,-0.3862709,2.1295805,18.811693,2021:12:23:14:29:54.059
3238,1640237394078,0.91567165,3.7369466,6.668413,2021:12:23:14:29:54.078
3239,1640237394109,-0.35752517,3.8375566,7.1540966,2021:12:23:14:29:54.109
3240,1640237394125,0.43058726,2.788936,8.186548,2021:12:23:14:29:54.125
3241,1640237394141,1.8289479,-0.21858741,10.294569,2021:12:23:14:29:54.141
3242,1640237394157,0.47849685,15.323876,5.861736,2021:12:23:14:29:54.157
3243,1640237394180,0.2623049,-0.18984167,6.6869783,2021:12:23:14:29:54.180
3244,1640237394196,1.4636374,-0.52161545,13.256578,2021:12:23:14:29:54.196
3245,1640237394215,-0.23296028,6.046188,8.0595875,2021:12:23:14:29:54.215
3246,1640237394239,0.079649664,2.28349,11.214433,2021:12:23:14:29:54.239
3247,1640237394257,-1.1168919,-0.91627055,16.185051,2021:12:23:14:29:54.257
3248,1640237394276,-0.5401804,4.814313,4.3010817,2021:12:23:14:29:54.276
3249,1640237394298,0.7090616,3.2315006,6.937306,2021:12:23:14:29:54.298
3250,1640237394317,0.23355916,6.022233,6.889995,2021:12:23:14:29:54.317
3251,1640237394344,-0.4204065,1.1049144,7.616424,2021:12:23:14:29:54.344
3252,1640237394362,-0.63180745,6.3833513,9.799903,2021:12:23:14:29:54.362
3253,1640237394378,-0.011977393,2.875173,10.766479,2021:12:23:14:29:54.378
3254,1640237394397,-0.65576226,3.6453195,8.172774,2021:12:23:14:29:54.397
3255,1640237394424,-1.3282928,4.506494,9.6441965,2021:12:23:14:29:54.424
3256,1640237394442,-1.2372646,0.7485871,10.318523,2021:12:23:14:29:54.442
3257,1640237394459,-0.4204065,2.7260547,10.785044,2021:12:23:14:29:54.459
3258,1640237394478,0.19044055,2.7068908,7.4367633,2021:12:23:14:29:54.478
3259,1640237394508,0.060485832,3.5153646,6.1354194,2021:12:23:14:29:54.508
3260,1640237394525,0.4497511,4.704121,8.597372,2021:12:23:14:29:54.525
3261,1640237394542,0.61803347,4.8388667,8.691395,2021:12:23:14:29:54.542
3262,1640237394573,0.31021446,3.9004378,7.097204,2021:12:23:14:29:54.573
3263,1640237394594,-0.49227083,2.7356365,10.676648,2021:12:23:14:29:54.594
3264,1640237394599,-0.6940899,2.2499533,10.384399,2021:12:23:14:29:54.599
3265,1640237394624,-0.71325374,3.9723022,8.530898,2021:12:23:14:29:54.624
3266,1640237394658,-0.6078527,1.773253,10.021484,2021:12:23:14:29:54.658
3267,1640237394676,0.10360444,4.0783024,7.3613057,2021:12:23:14:29:54.676
3268,1640237394697,-0.3191975,3.4285285,4.399895,2021:12:23:14:29:54.697
3269,1640237394723,-0.4060336,3.4626641,13.232623,2021:12:23:14:29:54.723
3270,1640237394740,-0.17007898,3.7513194,9.257327,2021:12:23:14:29:54.740
3271,1640237394757,-0.44915223,4.3334208,7.7152376,2021:12:23:14:29:54.757
3272,1640237394776,-0.11258749,5.0311036,12.285212,2021:12:23:14:29:54.776
3273,1640237394796,-1.0594004,2.269117,4.447206,2021:12:23:14:29:54.796
3274,1640237394822,0.20481342,4.520867,8.220084,2021:12:23:14:29:54.822
3275,1640237394839,0.12755923,2.0475352,5.8144255,2021:12:23:14:29:54.839
3276,1640237394857,-0.0071864356,1.9708799,6.6402664,2021:12:23:14:29:54.857
3277,1640237394877,0.20960437,3.5584834,18.491299,2021:12:23:14:29:54.877
3278,1640237394906,0.08923157,5.3005953,10.318523,2021:12:23:14:29:54.906
3279,1640237394923,-0.78571695,3.8136017,4.975409,2021:12:23:14:29:54.923
3280,1640237394940,0.7378074,3.784856,9.465135,2021:12:23:14:29:54.940
3281,1640237394958,0.31979638,0.36351386,10.417337,2021:12:23:14:29:54.958
3282,1640237394979,1.9397388,3.6309466,10.68623,2021:12:23:14:29:54.979
3283,1640237394996,2.0403488,2.663772,10.992851,2021:12:23:14:29:54.996
3284,1640237395020,1.506756,4.203466,7.997904,2021:12:23:14:29:55.020
3285,1640237395042,0.8246435,9.063293,7.2343454,2021:12:23:14:29:55.042
3286,1640237395062,-0.23296028,4.7376575,9.795112,2021:12:23:14:29:55.062
3287,1640237395077,-0.32398847,0.20960437,7.281057,2021:12:23:14:29:55.077
3288,1640237395109,-0.68450797,2.3463712,12.511584,2021:12:23:14:29:55.109
3289,1640237395124,-0.026350264,2.8033087,9.705281,2021:12:23:14:29:55.124
3290,1640237395141,-0.7617622,2.7404275,10.455066,2021:12:23:14:29:55.141
3291,1640237395158,-0.8863271,5.3005953,6.8474755,2021:12:23:14:29:55.158
3292,1640237395176,-1.1462365,2.1870718,12.987686,2021:12:23:14:29:55.176
3293,1640237395195,-1.405547,4.704121,4.268144,2021:12:23:14:29:55.195
3294,1640237395222,-0.71325374,2.3799078,10.205338,2021:12:23:14:29:55.222
3295,1640237395240,-0.5305985,4.5256577,9.511847,2021:12:23:14:29:55.240
3296,1640237395258,-0.5114347,4.102257,7.9649663,2021:12:23:14:29:55.258
3297,1640237395277,-0.94381857,3.6165738,13.233222,2021:12:23:14:29:55.277
3298,1640237395308,0.55096006,3.9627204,5.366471,2021:12:23:14:29:55.308
3299,1640237395323,0.30602238,2.8176816,9.856196,2021:12:23:14:29:55.323
3300,1640237395340,0.48867762,5.63716,6.22525,2021:12:23:14:29:55.340
3301,1640237395358,0.5701239,0.9605869,10.120298,2021:12:23:14:29:55.358
3302,1640237395379,0.25272298,4.3286295,7.8990903,2021:12:23:14:29:55.379
3303,1640237395397,0.27727664,3.091964,12.2660475,2021:12:23:14:29:55.397
3304,1640237395423,0.8246435,4.824494,3.2776134,2021:12:23:14:29:55.423
3305,1640237395440,-0.18924281,2.3122356,13.303889,2021:12:23:14:29:55.440
3306,1640237395460,-0.8857282,3.197964,11.044952,2021:12:23:14:29:55.460
3307,1640237395478,0.17606768,4.0591383,7.055283,2021:12:23:14:29:55.478
3308,1640237395507,0.15690385,2.2355804,9.201033,2021:12:23:14:29:55.507
3309,1640237395522,0.108994275,4.097466,7.5547404,2021:12:23:14:29:55.522
3310,1640237395539,-0.6312086,4.0591383,8.5877905,2021:12:23:14:29:55.539
3311,1640237395558,-0.35752517,4.891567,6.8097467,2021:12:23:14:29:55.558
3312,1640237395581,-0.14133324,2.1343713,7.842797,2021:12:23:14:29:55.581
3313,1640237395596,-0.42938954,4.6556125,11.11562,2021:12:23:14:29:55.596
3314,1640237395622,-0.66953623,3.6596923,9.021372,2021:12:23:14:29:55.622
3315,1640237395638,-0.6551634,1.9852529,7.42778,2021:12:23:14:29:55.638
3316,1640237395660,-0.376689,2.8128908,8.512333,2021:12:23:14:29:55.660
3317,1640237395676,0.06587566,2.6254444,9.422615,2021:12:23:14:29:55.676
3318,1640237395699,-0.0017966089,2.8847551,11.002433,2021:12:23:14:29:55.699
3319,1640237395724,0.108994275,3.6022007,6.0503798,2021:12:23:14:29:55.724
3320,1640237395741,0.9689711,2.3463712,11.148557,2021:12:23:14:29:55.741
3321,1640237395756,0.4162144,5.132313,3.4710484,2021:12:23:14:29:55.756
3322,1640237395777,-0.63599956,2.0816708,14.685481,2021:12:23:14:29:55.777
3323,1640237395798,-0.19882472,4.0351834,7.1307406,2021:12:23:14:29:55.798
3324,1640237395821,-0.08324288,3.0440543,9.734027,2021:12:23:14:29:55.821
3325,1640237395840,0.5222143,3.80402,14.826815,2021:12:23:14:29:55.840
3326,1640237395860,-0.5785081,5.8635325,3.919003,2021:12:23:14:29:55.860
3327,1640237395876,-0.5347906,1.3354793,11.813302,2021:12:23:14:29:55.876
3328,1640237395907,-0.58809,5.338923,6.8193283,2021:12:23:14:29:55.907
3329,1640237395921,-1.2079201,2.4859078,8.0925255,2021:12:23:14:29:55.921
3330,1640237395942,-0.6407905,6.291724,11.483325,2021:12:23:14:29:55.942
3331,1640237395956,-1.1839653,2.0864618,6.597747,2021:12:23:14:29:55.956
3332,1640237395976,-0.8186548,6.334843,8.002695,2021:12:23:14:29:55.976
3333,1640237395995,-1.2749934,4.073511,11.271325,2021:12:23:14:29:55.995
3334,1640237396023,-1.0923382,3.1350825,7.25291,2021:12:23:14:29:56.023
3335,1640237396040,-0.31859866,4.0399747,8.229068,2021:12:23:14:29:56.040
3336,1640237396057,0.25332186,1.5187334,9.91788,2021:12:23:14:29:56.057
3337,1640237396077,-0.0017966089,3.5632744,8.97466,2021:12:23:14:29:56.077
3338,1640237396097,-0.37129918,3.298574,10.144253,2021:12:23:14:29:56.097
3339,1640237396121,-0.2658981,2.9188907,8.41352,2021:12:23:14:29:56.121
3340,1640237396137,0.35393196,3.2506645,8.200921,2021:12:23:14:29:56.137
3341,1640237396156,1.1085078,5.2910132,7.111577,2021:12:23:14:29:56.156
3342,1640237396179,0.62821424,1.778044,10.318523,2021:12:23:14:29:56.179
3343,1640237396196,1.1324625,3.1350825,11.242579,2021:12:23:14:29:56.196
3344,1640237396223,1.3211064,3.8471386,8.144627,2021:12:23:14:29:56.223
3345,1640237396238,1.1240783,3.6453195,4.8813863,2021:12:23:14:29:56.238
3346,1640237396257,-0.32279074,2.365535,11.488116,2021:12:23:14:29:56.257
3347,1640237396279,-0.46172848,3.0147097,11.964816,2021:12:23:14:29:56.279
3348,1640237396305,0.9270502,2.788936,7.418198,2021:12:23:14:29:56.305
3349,1640237396323,1.6193435,3.5009918,9.563948,2021:12:23:14:29:56.323
3350,1640237396340,1.364225,4.9442677,8.917768,2021:12:23:14:29:56.340
3351,1640237396358,0.25451958,4.4442115,9.243553,2021:12:23:14:29:56.358
3352,1640237396379,-0.6491747,2.9188907,5.07003,2021:12:23:14:29:56.379
3353,1640237396420,-0.110790886,0.8354232,11.771381,2021:12:23:14:29:56.420
3354,1640237396438,0.84560394,5.550923,5.852753,2021:12:23:14:29:56.438
3355,1640237396457,0.40363812,2.586518,11.606093,2021:12:23:14:29:56.457
3356,1640237396476,-0.6204289,3.38541,7.3379498,2021:12:23:14:29:56.476
3357,1640237396497,0.11498297,3.8471386,10.257439,2021:12:23:14:29:56.497
3358,1640237396521,0.28805628,3.3614552,9.163304,2021:12:23:14:29:56.521
3359,1640237396538,0.38926527,3.4722462,10.493394,2021:12:23:14:29:56.538
3360,1640237396555,-0.15390949,3.3662462,8.257813,2021:12:23:14:29:56.555
3361,1640237396578,-0.19223715,5.103567,5.4143806,2021:12:23:14:29:56.578
3362,1640237396604,-0.9228581,2.8033087,11.9738,2021:12:23:14:29:56.604
3363,1640237396622,-0.97555864,5.517386,10.752705,2021:12:23:14:29:56.622
3364,1640237396640,0.009581914,1.4510611,9.540592,2021:12:23:14:29:56.640
3365,1640237396658,-0.54317474,6.0509787,7.0175543,2021:12:23:14:29:56.658
3366,1640237396677,-0.61024815,1.9325523,9.710671,2021:12:23:14:29:56.677
3367,1640237396704,-0.94202197,4.530449,10.229292,2021:12:23:14:29:56.704
3368,1640237396719,-0.629412,3.8669012,7.8242316,2021:12:23:14:29:56.719
3369,1640237396739,-0.2976382,1.0324513,9.253135,2021:12:23:14:29:56.739
3370,1640237396757,0.46172848,6.258188,8.724932,2021:12:23:14:29:56.757
3371,1640237396775,-0.038327657,3.2458735,10.328106,2021:12:23:14:29:56.775
3372,1640237396792,-0.85518587,2.9332635,5.998877,2021:12:23:14:29:56.792
3373,1640237396820,0.18265525,2.981173,10.946139,2021:12:23:14:29:56.820
3374,1640237396838,0.3653105,3.193173,9.3800955,2021:12:23:14:29:56.838
3375,1640237396862,0.39884716,3.5153646,9.672942,2021:12:23:14:29:56.862
3376,1640237396877,-0.14851967,2.769772,7.1828423,2021:12:23:14:29:56.877
3377,1640237396896,0.72103906,1.4845978,10.455665,2021:12:23:14:29:56.896
3378,1640237396922,0.82703894,6.137815,9.399259,2021:12:23:14:29:56.922
3379,1640237396937,-0.532994,0.89291465,9.696299,2021:12:23:14:29:56.937
3380,1640237396956,1.1875585,4.0783024,5.867126,2021:12:23:14:29:56.956
3381,1640237396979,0.3509376,3.0392635,10.752705,2021:12:23:14:29:56.979
3382,1640237396995,0.24074559,5.541341,6.385747,2021:12:23:14:29:56.995
3383,1640237397020,-0.25451958,3.2554553,8.508141,2021:12:23:14:29:57.020
3384,1640237397037,-0.25451958,2.7452185,12.855934,2021:12:23:14:29:57.037
3385,1640237397061,-1.7828349,4.6604037,5.503612,2021:12:23:14:29:57.061
3386,1640237397079,-1.5181345,2.8128908,10.422728,2021:12:23:14:29:57.079
3387,1640237397102,-1.0665869,2.6685631,10.880263,2021:12:23:14:29:57.102
3388,1640237397120,-0.98454165,3.2602463,12.200771,2021:12:23:14:29:57.120
3389,1640237397138,-1.2684059,5.8970695,0.4341805,2021:12:23:14:29:57.138
3390,1640237397160,-0.75876784,1.7349254,10.8988285,2021:12:23:14:29:57.160
3391,1640237397189,0.10180784,5.617996,10.545495,2021:12:23:14:29:57.189
3392,1640237397205,-0.042519744,5.4545045,10.738332,2021:12:23:14:29:57.205
3393,1640237397220,0.032338962,2.9715912,7.9320283,2021:12:23:14:29:57.220
3394,1640237397237,0.89291465,4.4442115,7.7529664,2021:12:23:14:29:57.237
3395,1640237397257,0.0808474,4.083093,10.851518,2021:12:23:14:29:57.257
3396,1640237397278,-0.46711832,0.9893326,10.870083,2021:12:23:14:29:57.278
3397,1640237397306,-0.8372198,1.5762249,8.75787,2021:12:23:14:29:57.306
3398,1640237397322,-0.5874911,4.6412396,8.950706,2021:12:23:14:29:57.322
3399,1640237397339,-0.27488115,5.3922224,8.026649,2021:12:23:14:29:57.339
3400,1640237397355,-0.9911292,3.6788561,9.177078,2021:12:23:14:29:57.355
3401,1640237397376,-0.7078639,2.985964,7.8901076,2021:12:23:14:29:57.376
3402,1640237397395,0.31620318,2.4373994,10.389191,2021:12:23:14:29:57.395
3403,1640237397423,-0.13594341,3.6069918,8.823745,2021:12:23:14:29:57.423
3404,1640237397439,0.45034996,2.0912528,8.370999,2021:12:23:14:29:57.439
3405,1640237397459,0.87315196,3.2027547,7.818842,2021:12:23:14:29:57.459
3406,1640237397476,1.0899427,2.4134445,10.280795,2021:12:23:14:29:57.476
3407,1640237397503,0.73900515,4.1699295,10.653292,2021:12:23:14:29:57.503
3408,1640237397521,1.3492533,3.3566644,6.607329,2021:12:23:14:29:57.521
3409,1640237397538,1.0414343,2.5577722,8.342853,2021:12:23:14:29:57.538
3410,1640237397558,0.7869147,5.377849,6.3240633,2021:12:23:14:29:57.558
3411,1640237397589,0.69528764,2.370326,9.3800955,2021:12:23:14:29:57.589
3412,1640237397602,0.97915184,2.1535351,10.756896,2021:12:23:14:29:57.602
3413,1640237397622,0.34015796,3.5830371,10.672456,2021:12:23:14:29:57.622
3414,1640237397636,0.5174234,5.6856685,6.366583,2021:12:23:14:29:57.636
3415,1640237397659,0.42639518,3.49141,9.926863,2021:12:23:14:29:57.659
3416,1640237397677,-0.28506196,3.1590374,9.087847,2021:12:23:14:29:57.677
3417,1640237397703,-1.0396377,4.1507654,10.276004,2021:12:23:14:29:57.703
3418,1640237397719,0.041920874,3.7944381,6.7205153,2021:12:23:14:29:57.719
3419,1640237397741,-0.5012539,2.8033087,10.162818,2021:12:23:14:29:57.741
3420,1640237397756,-1.4720216,4.809522,10.247857,2021:12:23:14:29:57.756
3421,1640237397776,-1.4528577,3.9675114,7.634989,2021:12:23:14:29:57.776
3422,1640237397803,-0.80428195,2.8080997,9.7100725,2021:12:23:14:29:57.803
3423,1640237397821,-0.61204475,3.9675114,9.059101,2021:12:23:14:29:57.821
3424,1640237397837,-0.698282,3.7465284,10.044841,2021:12:23:14:29:57.837
3425,1640237397859,-0.28506196,2.8128908,6.3432274,2021:12:23:14:29:57.859
3426,1640237397876,0.32518622,2.8224726,6.7815995,2021:12:23:14:29:57.876
3427,1640237397906,0.349141,3.4674551,10.827563,2021:12:23:14:29:57.906
3428,1640237397924,0.5030505,2.764981,10.94554,2021:12:23:14:29:57.924
3429,1640237397940,0.080248535,2.9907548,9.974174,2021:12:23:14:29:57.940
3430,1640237397959,0.11378523,5.0790133,7.6727176,2021:12:23:14:29:57.959
3431,1640237397978,0.65216905,3.4333196,10.426919,2021:12:23:14:29:57.978
3432,1640237397999,-0.08803384,4.95385,6.536063,2021:12:23:14:29:57.999
3433,1640237398024,-0.38147995,1.4079425,6.036606,2021:12:23:14:29:58.024
3434,1640237398043,0.6761238,3.7465284,11.389303,2021:12:23:14:29:58.043
3435,1640237398060,-0.5785081,4.01602,5.036494,2021:12:23:14:29:58.060
3436,1640237398077,-0.7947,2.4613543,11.016207,2021:12:23:14:29:58.077
3437,1640237398106,-0.14073436,4.107048,9.606468,2021:12:23:14:29:58.106
3438,1640237398122,-0.3862709,1.9517162,7.5547404,2021:12:23:14:29:58.122
3439,1640237398141,-0.092824794,3.288992,10.455066,2021:12:23:14:29:58.141
3440,1640237398175,0.38746867,0.92166036,13.030206,2021:12:23:14:29:58.175
3441,1640237398193,0.35872293,5.5796685,6.196504,2021:12:23:14:29:58.193
3442,1640237398218,0.49406746,4.1699295,9.375304,2021:12:23:14:29:58.218
3443,1640237398240,0.37369466,4.824494,8.41831,2021:12:23:14:29:58.240
3444,1640237398259,-0.36650822,5.5844593,7.498447,2021:12:23:14:29:58.259
3445,1640237398276,-0.9528016,3.2315006,10.785642,2021:12:23:14:29:58.276
3446,1640237398301,-1.0007112,4.6604037,8.399147,2021:12:23:14:29:58.301
3447,1640237398319,-0.61623687,4.111839,11.054535,2021:12:23:14:29:58.319
3448,1640237398335,-0.3808811,3.5441105,11.341992,2021:12:23:14:29:58.335
3449,1640237398355,-0.81326497,3.4285285,4.5508103,2021:12:23:14:29:58.355
3450,1640237398377,-0.08743497,2.7601902,6.9935994,2021:12:23:14:29:58.377
3451,1640237398403,0.33057603,2.1152077,9.559157,2021:12:23:14:29:58.403
3452,1640237398420,-0.28925404,3.2027547,11.299472,2021:12:23:14:29:58.420
3453,1640237398436,0.37369466,4.742449,12.039675,2021:12:23:14:29:58.436
3454,1640237398457,-0.6689374,4.0543475,3.720777,2021:12:23:14:29:58.457
3455,1640237398477,-0.78931016,4.011229,10.587417,2021:12:23:14:29:58.477
3456,1640237398504,-0.61623687,3.5680654,7.0600743,2021:12:23:14:29:58.504
3457,1640237398521,-0.65935546,0.12755923,10.979077,2021:12:23:14:29:58.521
3458,1640237398539,0.09042931,4.6897483,14.454317,2021:12:23:14:29:58.539
3459,1640237398558,-1.4768125,6.11386,4.781974,2021:12:23:14:29:58.558
3460,1640237398586,-2.043942,2.5386083,3.9004378,2021:12:23:14:29:58.586
3461,1640237398602,-1.0055021,2.9524274,11.138975,2021:12:23:14:29:58.602
3462,1640237398620,0.6186323,2.5338175,11.403077,2021:12:23:14:29:58.620
3463,1640237398638,0.7869147,3.0392635,7.979339,2021:12:23:14:29:58.638
3464,1640237398661,0.43118614,2.985964,9.281281,2021:12:23:14:29:58.661
3465,1640237398678,0.013175132,5.815623,11.176704,2021:12:23:14:29:58.678
3466,1640237398703,0.99352473,4.0543475,11.88876,2021:12:23:14:29:58.703
3467,1640237398719,0.86895984,1.8025976,-2.4194334,2021:12:23:14:29:58.719
3468,1640237398737,0.7485871,2.9620092,10.639518,2021:12:23:14:29:58.737
3469,1640237398757,0.20062132,4.9251037,8.465022,2021:12:23:14:29:58.757
3470,1640237398789,0.39764944,3.1207097,6.328854,2021:12:23:14:29:58.789
3471,1640237398803,-0.6545645,0.4359771,21.037691,2021:12:23:14:29:58.803
3472,1640237398821,0.30662125,7.3313622,-1.0941348,2021:12:23:14:29:58.821
3473,1640237398837,2.0463376,3.0099187,6.4612045,2021:12:23:14:29:58.837
3474,1640237398859,-0.7988921,-0.65157014,16.468317,2021:12:23:14:29:58.859
3475,1640237398877,0.5563499,-0.8006887,15.643074,2021:12:23:14:29:58.877
3476,1640237398902,-0.82763785,5.5652957,12.341505,2021:12:23:14:29:58.902
3477,1640237398919,0.36411273,8.274582,0.052101657,2021:12:23:14:29:58.919
3478,1640237398938,0.31620318,2.8368454,7.8805256,2021:12:23:14:29:58.938
3479,1640237398955,-1.1929483,7.561927,10.077778,2021:12:23:14:29:58.955
3480,1640237398986,0.753378,0.6425871,6.753453,2021:12:23:14:29:58.986
3481,1640237399002,0.8737508,3.8764832,6.909159,2021:12:23:14:29:59.002
3482,1640237399021,0.7869147,6.306097,10.648501,2021:12:23:14:29:59.021
3483,1640237399037,-1.4187222,3.4626641,13.756635,2021:12:23:14:29:59.037
3484,1640237399060,-2.0678968,0.30602238,6.725306,2021:12:23:14:29:59.060
3485,1640237399077,-1.8756597,-0.39166075,12.021111,2021:12:23:14:29:59.077
3486,1640237399101,-1.2312759,5.3580866,12.157653,2021:12:23:14:29:59.101
3487,1640237399119,-1.3851855,3.3566644,7.77213,2021:12:23:14:29:59.119
3488,1640237399143,-1.1402478,3.5584834,5.5461316,2021:12:23:14:29:59.143
3489,1640237399157,-0.24134447,4.0687203,6.361792,2021:12:23:14:29:59.157
3490,1640237399176,-1.0635924,6.960662,9.507654,2021:12:23:14:29:59.176
3491,1640237399202,-0.7797283,2.0475352,10.771269,2021:12:23:14:29:59.202
3492,1640237399218,-0.41381893,2.663772,8.856683,2021:12:23:14:29:59.218
3493,1640237399235,-0.9905304,5.132313,9.445971,2021:12:23:14:29:59.235
3494,1640237399256,-2.158925,2.5625632,8.804582,2021:12:23:14:29:59.256
3495,1640237399279,-1.3845866,2.1535351,7.621215,2021:12:23:14:29:59.279
3496,1640237399309,-0.3036269,2.5386083,9.648988,2021:12:23:14:29:59.309
3497,1640237399323,0.21559307,2.7068908,10.328106,2021:12:23:14:29:59.323
3498,1640237399339,0.7539769,4.819104,6.8384924,2021:12:23:14:29:59.339
3499,1640237399357,0.052101657,1.6534791,8.531497,2021:12:23:14:29:59.357
3500,1640237399384,0.8066774,4.213048,9.135158,2021:12:23:14:29:59.384
3501,1640237399403,0.9174683,3.2123368,10.280795,2021:12:23:14:29:59.403
3502,1640237399421,0.59048545,2.9955459,11.8893585,2021:12:23:14:29:59.421
3503,1640237399440,0.6863046,4.111839,8.748287,2021:12:23:14:29:59.440
3504,1640237399460,1.4941797,3.6501105,5.3904257,2021:12:23:14:29:59.460
3505,1640237399476,0.7827226,4.011229,8.63031,2021:12:23:14:29:59.476
3506,1640237399505,-0.40902796,2.7452185,10.092151,2021:12:23:14:29:59.505
3507,1640237399520,-0.32279074,2.9715912,8.828536,2021:12:23:14:29:59.520
3508,1640237399536,0.3018303,3.59741,8.92735,2021:12:23:14:29:59.536
3509,1640237399555,0.36950257,4.5741663,9.978965,2021:12:23:14:29:59.555
3510,1640237399585,0.22517498,3.5441105,10.205338,2021:12:23:14:29:59.585
3511,1640237399601,1.2486432,2.1535351,7.5553393,2021:12:23:14:29:59.601
3512,1640237399619,0.643186,2.5194445,10.205338,2021:12:23:14:29:59.619
3513,1640237399637,0.19642924,4.22263,12.148669,2021:12:23:14:29:59.637
3514,1640237399658,0.037728786,3.9531384,3.9004378,2021:12:23:14:29:59.658
3515,1640237399676,-0.13055357,1.7349254,3.3770258,2021:12:23:14:29:59.676
3516,1640237399701,-0.26470038,3.3566644,14.332149,2021:12:23:14:29:59.701
3517,1640237399717,-0.46651945,4.1651382,10.795224,2021:12:23:14:29:59.717
3518,1640237399737,-0.08204514,2.0331624,9.4837,2021:12:23:14:29:59.737
3519,1640237399757,-0.21199985,3.6453195,11.040162,2021:12:23:14:29:59.757
3520,1640237399787,0.61444026,3.8136017,5.0083466,2021:12:23:14:29:59.787
3521,1640237399800,1.0665869,3.7465284,9.177677,2021:12:23:14:29:59.800
3522,1640237399818,0.11498297,0.046112962,10.021484,2021:12:23:14:29:59.818
3523,1640237399838,0.84560394,4.766403,6.046188,2021:12:23:14:29:59.838
3524,1640237399868,0.9078864,5.6521316,12.676872,2021:12:23:14:29:59.868
3525,1640237399885,0.37429354,5.199386,8.158999,2021:12:23:14:29:59.885
3526,1640237399902,0.2976382,4.1699295,7.5739045,2021:12:23:14:29:59.902
3527,1640237399934,-0.822248,3.0440543,11.992964,2021:12:23:14:29:59.934
3528,1640237399953,-0.5916832,2.9332635,9.512445,2021:12:23:14:29:59.953
3529,1640237399975,0.013774002,3.4141557,8.026649,2021:12:23:14:29:59.975
3530,1640237400000,-0.4377737,2.1199985,8.903994,2021:12:23:14:30:00.000
3531,1640237400001,-0.95220274,4.0399747,9.950818,2021:12:23:14:30:00.001
3532,1640237400020,-0.52940077,6.4695888,8.517124,2021:12:23:14:30:00.020
3533,1640237400057,-0.42819178,2.5913088,9.295055,2021:12:23:14:30:00.057
3534,1640237400075,-0.15450837,4.4490027,8.229667,2021:12:23:14:30:00.075
3535,1640237400101,-0.38028222,3.5680654,8.469813,2021:12:23:14:30:00.101
3536,1640237400116,-0.5533555,2.4954898,11.304263,2021:12:23:14:30:00.116
3537,1640237400137,-0.8462028,3.380619,7.1451135,2021:12:23:14:30:00.137
3538,1640237400156,-0.2838642,2.394281,10.313733,2021:12:23:14:30:00.156
3539,1640237400177,0.18205637,3.6549015,11.059325,2021:12:23:14:30:00.177
3540,1640237400204,0.18205637,4.997567,6.937306,2021:12:23:14:30:00.204
3541,1640237400223,-0.08743497,2.6008909,8.427294,2021:12:23:14:30:00.223
3542,1640237400237,0.9264513,3.6549015,8.488977,2021:12:23:14:30:00.237
3543,1640237400257,0.46532172,3.481828,8.11169,2021:12:23:14:30:00.257
3544,1640237400285,0.29224837,4.025602,8.941723,2021:12:23:14:30:00.285
3545,1640237400302,0.0808474,1.3163154,8.550062,2021:12:23:14:30:00.302
3546,1640237400318,0.21499419,3.3566644,9.281281,2021:12:23:14:30:00.318
3547,1640237400336,0.32578507,2.8080997,9.814276,2021:12:23:14:30:00.336
3548,1640237400353,-0.5150279,2.6254444,7.875735,2021:12:23:14:30:00.353
3549,1640237400376,0.037129916,3.7321556,10.568253,2021:12:23:14:30:00.376
3550,1640237400398,-0.28446308,3.2362914,10.804207,2021:12:23:14:30:00.398
3551,1640237400418,-0.7270277,4.2417936,8.220084,2021:12:23:14:30:00.418
3552,1640237400435,-0.47670022,4.6412396,6.560018,2021:12:23:14:30:00.435
3553,1640237400457,-1.4570498,3.2698283,7.093012,2021:12:23:14:30:00.457
3554,1640237400476,-0.3036269,3.1015458,14.662126,2021:12:23:14:30:00.476
3555,1640237400503,-1.3756036,4.217839,7.158888,2021:12:23:14:30:00.503
3556,1640237400517,-1.0821574,5.5605044,8.606955,2021:12:23:14:30:00.517
3557,1640237400536,-0.6449826,3.5632744,9.163304,2021:12:23:14:30:00.536
3558,1640237400557,-0.25571734,4.4633756,8.781225,2021:12:23:14:30:00.557
3559,1640237400583,0.08563836,3.9196017,8.889621,2021:12:23:14:30:00.583
3560,1640237400601,0.3880675,1.3019426,10.8988285,2021:12:23:14:30:00.601
3561,1640237400616,0.3018303,5.550923,8.026649,2021:12:23:14:30:00.616
3562,1640237400637,-0.22218063,3.0147097,8.451248,2021:12:23:14:30:00.637
3563,1640237400667,-0.17427106,2.9188907,8.054796,2021:12:23:14:30:00.667
3564,1640237400686,-0.14073436,3.38541,8.041022,2021:12:23:14:30:00.686
3565,1640237400700,-0.3329715,2.0816708,11.742636,2021:12:23:14:30:00.700
3566,1640237400717,-0.15031628,3.9387655,8.305124,2021:12:23:14:30:00.717
3567,1640237400739,0.52760416,2.9140997,6.4845605,2021:12:23:14:30:00.739
3568,1640237400758,0.07545757,3.592619,9.365723,2021:12:23:14:30:00.758
3569,1640237400783,-0.7557735,2.1631172,10.34188,2021:12:23:14:30:00.783
3570,1640237400798,-0.24134447,2.375117,9.993338,2021:12:23:14:30:00.798
3571,1640237400821,-0.1934349,3.69802,8.564435,2021:12:23:14:30:00.821
3572,1640237400837,0.032338962,3.4674551,8.941723,2021:12:23:14:30:00.837
3573,1640237400859,0.5755137,4.7520304,8.215294,2021:12:23:14:30:00.859
3574,1640237400889,0.73900515,2.0139985,8.097317,2021:12:23:14:30:00.889
3575,1640237400908,0.48448554,4.2513757,9.389677,2021:12:23:14:30:00.908
3576,1640237400919,1.6229367,3.005128,9.125575,2021:12:23:14:30:00.919
3577,1640237400937,1.1665981,3.2506645,6.946888,2021:12:23:14:30:00.937
3578,1640237400955,1.1570162,3.005128,9.314219,2021:12:23:14:30:00.955
3579,1640237400979,1.1282704,2.8949358,10.926975,2021:12:23:14:30:00.979
3580,1640237401003,0.8300333,3.3087547,8.205711,2021:12:23:14:30:01.003
3581,1640237401019,0.36411273,1.8840439,16.647379,2021:12:23:14:30:01.019
3582,1640237401036,0.1143841,5.045477,8.786016,2021:12:23:14:30:01.036
3583,1640237401068,0.7869147,5.228132,1.0516151,2021:12:23:14:30:01.068
3584,1640237401083,0.7102594,3.0440543,9.738219,2021:12:23:14:30:01.083
3585,1640237401100,0.5323951,1.7205524,11.521054,2021:12:23:14:30:01.100
3586,1640237401118,0.42639518,5.035895,9.771756,2021:12:23:14:30:01.118
3587,1640237401138,-0.12636149,5.406595,5.2161546,2021:12:23:14:30:01.138
3588,1640237401158,0.23894899,2.182281,7.955983,2021:12:23:14:30:01.158
3589,1640237401182,-0.37129918,5.411386,16.217989,2021:12:23:14:30:01.182
3590,1640237401198,0.037129916,-0.42100537,10.544896,2021:12:23:14:30:01.198
3591,1640237401220,-0.62462103,4.5017033,5.2634654,2021:12:23:14:30:01.220
3592,1640237401239,-0.004790957,3.274619,7.937418,2021:12:23:14:30:01.239
3593,1640237401258,-1.4175245,4.0687203,10.422728,2021:12:23:14:30:01.258
3594,1640237401282,-1.4851967,5.1562676,8.069169,2021:12:23:14:30:01.282
3595,1640237401303,-0.6922933,1.0468241,9.61605,2021:12:23:14:30:01.303
3596,1640237401317,0.14432758,5.8683233,8.041022,2021:12:23:14:30:01.317
3597,1640237401337,-0.37010142,6.291724,10.3047495,2021:12:23:14:30:01.337
3598,1640237401355,-0.74020284,0.40663248,7.3193846,2021:12:23:14:30:01.355
3599,1640237401383,-1.2204963,1.5762249,7.7625484,2021:12:23:14:30:01.383
3600,1640237401400,-1.561852,3.2267096,9.7484,2021:12:23:14:30:01.400
3601,1640237401416,-0.9030954,2.4230266,10.361044,2021:12:23:14:30:01.416
3602,1640237401435,-0.70127636,3.9004378,6.7678256,2021:12:23:14:30:01.435
3603,1640237401465,-0.34075683,3.082382,9.941236,2021:12:23:14:30:01.465
3604,1640237401482,-0.629412,3.7417374,7.8853164,2021:12:23:14:30:01.482
3605,1640237401499,-1.3360782,2.9140997,7.432571,2021:12:23:14:30:01.499
3606,1640237401516,-1.0953326,2.475727,11.653404,2021:12:23:14:30:01.516
3607,1640237401537,-0.37908447,3.6836472,10.078377,2021:12:23:14:30:01.537
3608,1640237401561,0.18265525,4.237003,7.055283,2021:12:23:14:30:01.561
3609,1640237401587,0.06288131,2.9572182,7.663735,2021:12:23:14:30:01.587
3610,1640237401606,0.21199985,4.0208106,9.40405,2021:12:23:14:30:01.606
3611,1640237401621,-0.6437849,4.390912,11.398885,2021:12:23:14:30:01.621
3612,1640237401638,-1.0809597,3.9196017,5.8150244,2021:12:23:14:30:01.638
3613,1640237401659,-0.6389939,4.011229,8.682412,2021:12:23:14:30:01.659
3614,1640237401683,-0.46592057,4.155556,9.950818,2021:12:23:14:30:01.683
3615,1640237401701,-0.42699406,4.213048,10.450874,2021:12:23:14:30:01.701
3616,1640237401719,0.09641801,2.1247895,7.975147,2021:12:23:14:30:01.719
3617,1640237401740,0.16888124,2.7356365,8.800389,2021:12:23:14:30:01.740
3618,1640237401776,0.24553655,3.8231838,9.238762,2021:12:23:14:30:01.776
3619,1640237401801,0.120971665,3.8764832,10.134671,2021:12:23:14:30:01.801
3620,1640237401803,0.2982371,1.364225,9.8753605,2021:12:23:14:30:01.803
3621,1640237401820,1.1109031,4.732867,7.984729,2021:12:23:14:30:01.820
3622,1640237401857,1.0821574,4.425048,8.390163,2021:12:23:14:30:01.857
3623,1640237401881,1.1444398,2.1679082,9.677733,2021:12:23:14:30:01.881
3624,1640237401899,0.6785193,2.4565632,6.9660516,2021:12:23:14:30:01.899
3625,1640237401918,0.06288131,1.8073885,10.583224,2021:12:23:14:30:01.918
3626,1640237401939,0.404237,3.693229,9.70588,2021:12:23:14:30:01.939
3627,1640237401964,1.1492308,2.8560092,7.9985027,2021:12:23:14:30:01.964
3628,1640237401981,0.91387504,1.7061796,13.681177,2021:12:23:14:30:01.981
3629,1640237401999,0.42819178,4.414867,7.432571,2021:12:23:14:30:01.999
3630,1640237402020,0.8515926,2.4661453,8.366209,2021:12:23:14:30:02.020
3631,1640237402036,0.15929933,4.6460304,9.677733,2021:12:23:14:30:02.036
3632,1640237402065,-0.38387543,2.8320546,8.163791,2021:12:23:14:30:02.065
3633,1640237402081,-0.57611257,5.11794,9.031553,2021:12:23:14:30:02.081
3634,1640237402099,0.09701688,4.742449,9.880151,2021:12:23:14:30:02.099
3635,1640237402117,-0.16229367,4.7520304,8.998615,2021:12:23:14:30:02.117
3636,1640237402139,-0.44615787,3.7704833,10.56406,2021:12:23:14:30:02.139
3637,1640237402158,-0.54676795,4.0687203,3.9902685,2021:12:23:14:30:02.158
3638,1640237402182,0.077853054,3.1111279,8.239248,2021:12:23:14:30:02.182
3639,1640237402201,0.106598794,2.360744,12.030692,2021:12:23:14:30:02.201
3640,1640237402219,-0.019163828,3.005128,6.555227,2021:12:23:14:30:02.219
3641,1640237402236,-0.4084291,3.6261556,11.766591,2021:12:23:14:30:02.236
3642,1640237402266,-0.21140099,3.6884382,6.4845605,2021:12:23:14:30:02.266
3643,1640237402282,0.0,3.2698283,10.083168,2021:12:23:14:30:02.282
3644,1640237402298,-0.22577386,2.5098627,10.813789,2021:12:23:14:30:02.298
3645,1640237402316,0.8893214,1.1097054,8.710559,2021:12:23:14:30:02.316
3646,1640237402336,0.09102818,5.007149,7.1636786,2021:12:23:14:30:02.336
3647,1640237402358,0.2641015,3.69802,8.941723,2021:12:23:14:30:02.358
3648,1640237402384,0.19702812,2.8128908,10.465247,2021:12:23:14:30:02.384
3649,1640237402405,-0.0868361,4.472957,8.847101,2021:12:23:14:30:02.405
3650,1640237402418,0.17786428,4.0303926,6.786391,2021:12:23:14:30:02.418
3651,1640237402437,-0.2838642,3.6836472,8.875847,2021:12:23:14:30:02.437
3652,1640237402464,-0.091627054,3.4189467,9.734027,2021:12:23:14:30:02.464
3653,1640237402480,-0.2982371,2.5913088,10.43171,2021:12:23:14:30:02.480
3654,1640237402501,0.052700527,3.7123928,9.743609,2021:12:23:14:30:02.501
3655,1640237402518,-0.42759293,2.182281,7.8667517,2021:12:23:14:30:02.518
3656,1640237402540,-0.55275667,2.259535,7.7062545,2021:12:23:14:30:02.540
3657,1640237402564,0.36051953,3.4333196,10.974286,2021:12:23:14:30:02.564
3658,1640237402582,-0.09641801,2.5625632,9.304638,2021:12:23:14:30:02.582
3659,1640237402597,-0.730621,5.208968,7.988921,2021:12:23:14:30:02.597
3660,1640237402617,-0.8989033,3.2410824,8.979451,2021:12:23:14:30:02.617
3661,1640237402636,-0.30781898,4.309466,7.460718,2021:12:23:14:30:02.636
3662,1640237402665,-0.24014673,3.1207097,10.988659,2021:12:23:14:30:02.665
3663,1640237402682,0.004790957,2.7601902,8.375791,2021:12:23:14:30:02.682
3664,1640237402696,-0.2305648,2.7020998,10.90362,2021:12:23:14:30:02.696
3665,1640237402715,-0.062282443,4.7232847,7.1403227,2021:12:23:14:30:02.715
3666,1640237402738,-0.43238387,4.2082567,7.5691133,2021:12:23:14:30:02.738
3667,1640237402755,0.028745743,3.1015458,9.757383,2021:12:23:14:30:02.755
3668,1640237402783,0.33656475,3.8764832,8.484186,2021:12:23:14:30:02.783
3669,1640237402799,0.31260994,2.774563,19.0195,2021:12:23:14:30:02.799
3670,1640237402816,0.6821125,7.032526,3.6219635,2021:12:23:14:30:02.816
3671,1640237402838,-0.5767115,2.658981,-2.5086648,2021:12:23:14:30:02.838
3672,1640237402865,0.12516375,1.2827787,6.6450577,2021:12:23:14:30:02.865
3673,1640237402881,-0.34135568,1.0851518,13.600928,2021:12:23:14:30:02.881
3674,1640237402899,-0.047909573,2.1152077,17.246248,2021:12:23:14:30:02.899
3675,1640237402917,-0.3653105,4.59333,12.473856,2021:12:23:14:30:02.917
3676,1640237402939,-0.14911854,5.199386,3.5656698,2021:12:23:14:30:02.939
3677,1640237402956,1.244451,4.11663,5.8809,2021:12:23:14:30:02.956
3678,1640237402984,0.77853054,-0.53598833,9.040536,2021:12:23:14:30:02.984
3679,1640237402998,0.6821125,-0.81506157,12.601415,2021:12:23:14:30:02.998
3680,1640237403022,0.4755025,4.978403,14.624396,2021:12:23:14:30:03.022
3681,1640237403036,-1.0186772,8.341655,6.4420404,2021:12:23:14:30:03.036
3682,1640237403065,-1.0480219,8.587192,4.5699744,2021:12:23:14:30:03.065
3683,1640237403083,-0.5623386,1.566643,12.757121,2021:12:23:14:30:03.083
3684,1640237403098,0.3120111,-0.7288243,13.440432,2021:12:23:14:30:03.098
3685,1640237403117,1.1294681,4.694539,6.1354194,2021:12:23:14:30:03.117
3686,1640237403147,1.9463264,1.152824,5.4754653,2021:12:23:14:30:03.147
3687,1640237403164,-0.74020284,6.334843,15.987424,2021:12:23:14:30:03.164
3688,1640237403182,-0.9276491,4.7232847,3.0937605,2021:12:23:14:30:03.182
3689,1640237403199,1.3935696,0.5461691,4.263353,2021:12:23:14:30:03.199
3690,1640237403219,0.99891454,2.9045177,14.803458,2021:12:23:14:30:03.219
3691,1640237403247,0.3886664,3.2315006,9.455553,2021:12:23:14:30:03.247
3692,1640237403256,0.24912977,4.8676124,9.332785,2021:12:23:14:30:03.256
3693,1640237403279,-0.038926527,-0.10300558,8.403937,2021:12:23:14:30:03.279
3694,1640237403299,-0.08264401,7.7643447,8.191937,2021:12:23:14:30:03.299
3695,1640237403316,0.39345735,3.4626641,10.111315,2021:12:23:14:30:03.316
3696,1640237403337,0.061683573,0.92166036,7.451136,2021:12:23:14:30:03.337
3697,1640237403363,-1.1013212,4.5645843,8.220084,2021:12:23:14:30:03.363
3698,1640237403379,-0.5485646,5.5557137,9.290864,2021:12:23:14:30:03.379
3699,1640237403398,-0.4575364,4.011229,8.1254635,2021:12:23:14:30:03.398
3700,1640237403418,-0.37549126,2.182281,11.24797,2021:12:23:14:30:03.418
3701,1640237403438,-0.25092638,4.1262116,9.478909,2021:12:23:14:30:03.438
3702,1640237403463,-0.15929933,3.5489016,7.5218024,2021:12:23:14:30:03.463
3703,1640237403497,-0.7216379,2.481117,10.342479,2021:12:23:14:30:03.497
3704,1640237403513,-0.5916832,2.2355804,11.582738,2021:12:23:14:30:03.513
3705,1640237403534,-0.35153648,5.113149,7.437362,2021:12:23:14:30:03.534
3706,1640237403554,-0.32279074,4.073511,6.1450014,2021:12:23:14:30:03.554
3707,1640237403564,-0.42879066,2.8320546,7.5691133,2021:12:23:14:30:03.564
3708,1640237403587,0.20601116,3.6596923,11.988173,2021:12:23:14:30:03.587
3709,1640237403618,0.06647453,3.2123368,6.6450577,2021:12:23:14:30:03.618
3710,1640237403636,0.21559307,1.9996257,8.210503,2021:12:23:14:30:03.636
3711,1640237403663,-0.2365535,2.2930717,10.4365015,2021:12:23:14:30:03.663
3712,1640237403678,-0.19822586,2.9428453,10.186772,2021:12:23:14:30:03.678
3713,1640237403696,0.023355916,2.4182355,9.295055,2021:12:23:14:30:03.696
3714,1640237403720,-0.039525397,3.1111279,10.446083,2021:12:23:14:30:03.720
3715,1640237403737,-0.36590934,3.707602,8.139836,2021:12:23:14:30:03.737
3716,1640237403764,-0.87075645,5.3437138,8.177565,2021:12:23:14:30:03.764
3717,1640237403779,-0.6689374,3.293783,7.634989,2021:12:23:14:30:03.779
3718,1640237403799,-0.46232736,3.6357377,9.48849,2021:12:23:14:30:03.799
3719,1640237403819,0.09042931,3.6549015,8.988435,2021:12:23:14:30:03.819
3720,1640237403837,-0.74080175,3.3662462,9.4837,2021:12:23:14:30:03.837
3721,1640237403859,-0.7414006,4.5352397,8.62552,2021:12:23:14:30:03.859
3722,1640237403885,-1.4091402,3.9483476,9.445971,2021:12:23:14:30:03.885
3723,1640237403901,-1.1929483,3.4141557,6.795973,2021:12:23:14:30:03.901
3724,1640237403915,-0.6210278,2.375117,8.814163,2021:12:23:14:30:03.915
3725,1640237403934,-0.51981884,3.587828,8.96987,2021:12:23:14:30:03.934
3726,1640237403952,-1.116293,3.4141557,11.228806,2021:12:23:14:30:03.952
3727,1640237403978,-0.46232736,3.4189467,6.9983907,2021:12:23:14:30:03.978
3728,1640237403999,-0.29883596,3.4381106,5.824007,2021:12:23:14:30:03.999
3729,1640237404030,-0.2365535,2.7601902,11.610885,2021:12:23:14:30:04.030
3730,1640237404036,-0.010779654,4.0208106,9.356739,2021:12:23:14:30:04.036
3731,1640237404065,-0.120971665,0.63779616,9.936445,2021:12:23:14:30:04.065
3732,1640237404078,1.1474342,4.891567,8.828536,2021:12:23:14:30:04.078
3733,1640237404099,0.83482426,3.000337,10.125089,2021:12:23:14:30:04.099
3734,1640237404116,0.9983157,4.7232847,9.337575,2021:12:23:14:30:04.116
3735,1640237404146,0.9743609,1.460643,7.81465,2021:12:23:14:30:04.146
3736,1640237404163,0.31620318,3.197964,9.672343,2021:12:23:14:30:04.163
3737,1640237404179,0.29703933,4.9586406,5.7581315,2021:12:23:14:30:04.179
3738,1640237404198,-0.3329715,2.2116256,11.960026,2021:12:23:14:30:04.198
3739,1640237404217,-0.6731295,3.9866753,10.389191,2021:12:23:14:30:04.217
3740,1640237404237,-0.37549126,2.3799078,8.248232,2021:12:23:14:30:04.237
3741,1640237404264,0.32638395,4.0639296,9.238762,2021:12:23:14:30:04.264
3742,1640237404279,-0.04850844,1.8552982,9.498073,2021:12:23:14:30:04.279
3743,1640237404299,0.18684733,3.6165738,9.10222,2021:12:23:14:30:04.299
3744,1640237404319,-0.1497174,2.875173,9.969982,2021:12:23:14:30:04.319
3745,1640237404340,0.052101657,4.1411834,7.597859,2021:12:23:14:30:04.340
3746,1640237404364,-0.27907324,6.123442,12.57746,2021:12:23:14:30:04.364
3747,1640237404382,0.15331063,3.0536363,7.08343,2021:12:23:14:30:04.382
3748,1640237404399,0.8839316,4.4633756,9.304638,2021:12:23:14:30:04.399
3749,1640237404421,-0.053299397,4.0495563,9.106412,2021:12:23:14:30:04.421
3750,1640237404445,0.6288131,3.5201557,8.172774,2021:12:23:14:30:04.445
3751,1640237404462,0.4611296,3.496201,6.6169105,2021:12:23:14:30:04.462
3752,1640237404478,1.1240783,2.0475352,8.352435,2021:12:23:14:30:04.478
3753,1640237404501,0.78751355,3.6022007,9.219598,2021:12:23:14:30:04.501
3754,1640237404517,0.6964854,3.5584834,11.313846,2021:12:23:14:30:04.517
3755,1640237404539,0.37429354,1.3211064,11.068309,2021:12:23:14:30:04.539
3756,1640237404561,0.94142306,4.299884,8.272186,2021:12:23:14:30:04.561
3757,1640237404580,0.57611257,2.375117,8.729124,2021:12:23:14:30:04.580
3758,1640237404597,0.1006101,3.6788561,8.498559,2021:12:23:14:30:04.597
3759,1640237404619,0.13893776,1.6241344,8.385373,2021:12:23:14:30:04.619
3760,1640237404638,-0.2838642,3.3327096,12.078003,2021:12:23:14:30:04.638
3761,1640237404664,0.6725306,6.2150693,6.597747,2021:12:23:14:30:04.664
3762,1640237404679,0.39345735,4.728076,7.937418,2021:12:23:14:30:04.679
3763,1640237404698,-0.27907324,3.5009918,9.3800955,2021:12:23:14:30:04.698
3764,1640237404717,-0.50005615,3.0242918,10.535913,2021:12:23:14:30:04.717
3765,1640237404746,-0.32219186,3.2506645,8.239248,2021:12:23:14:30:04.746
3766,1640237404762,0.057491485,1.5331063,9.498073,2021:12:23:14:30:04.762
3767,1640237404779,0.09102818,3.0099187,10.90841,2021:12:23:14:30:04.779
3768,1640237404797,-0.7935023,3.8375566,6.0743346,2021:12:23:14:30:04.797
3769,1640237404819,-0.7743384,1.7540891,6.4468317,2021:12:23:14:30:04.819
3770,1640237404846,-0.35632744,3.808811,12.643934,2021:12:23:14:30:04.846
3771,1640237404862,-0.86536664,3.702811,10.653292,2021:12:23:14:30:04.862
3772,1640237404877,-1.1636037,3.80402,6.701351,2021:12:23:14:30:04.877
3773,1640237404895,-1.0480219,3.2362914,5.9330015,2021:12:23:14:30:04.895
3774,1640237404914,-0.6731295,3.5680654,10.946139,2021:12:23:14:30:04.914
3775,1640237404937,-1.0144851,3.6261556,7.8242316,2021:12:23:14:30:04.937
3776,1640237404961,-1.7355242,0.95040613,10.714975,2021:12:23:14:30:04.961
3777,1640237404977,-0.26949134,4.9346857,8.654265,2021:12:23:14:30:04.977
3778,1640237404996,-0.15929933,5.526968,9.1159935,2021:12:23:14:30:04.996
3779,1640237405019,-0.36590934,3.3183367,6.753453,2021:12:23:14:30:05.019
3780,1640237405036,0.07665531,2.38949,11.403077,2021:12:23:14:30:05.036
3781,1640237405061,0.3311749,3.9770932,9.064491,2021:12:23:14:30:05.061
3782,1640237405079,-0.029344613,4.2705393,8.036232,2021:12:23:14:30:05.079
3783,1640237405098,0.6964854,2.658981,7.5553393,2021:12:23:14:30:05.098
3784,1640237405116,0.9078864,3.3422914,8.078752,2021:12:23:14:30:05.116
3785,1640237405137,1.1097054,3.6788561,9.880151,2021:12:23:14:30:05.137
3786,1640237405163,0.53778493,2.470936,9.120785,2021:12:23:14:30:05.163
3787,1640237405182,0.7060673,2.5290265,9.512445,2021:12:23:14:30:05.182
3788,1640237405215,1.1055133,3.2650373,10.191564,2021:12:23:14:30:05.215
3789,1640237405233,0.8264401,2.7548003,9.460343,2021:12:23:14:30:05.233
3790,1640237405243,0.84560394,3.3183367,9.337575,2021:12:23:14:30:05.243
3791,1640237405263,1.3600329,2.3846989,8.762661,2021:12:23:14:30:05.263
3792,1640237405295,0.9132762,3.005128,9.922671,2021:12:23:14:30:05.295
3793,1640237405314,0.30242917,5.2670584,9.61605,2021:12:23:14:30:05.314
3794,1640237405336,-0.43717483,4.2657485,6.4516225,2021:12:23:14:30:05.336
3795,1640237405360,-0.44675675,2.7308455,9.1489315,2021:12:23:14:30:05.360
3796,1640237405379,0.28326535,3.789647,11.389303,2021:12:23:14:30:05.379
3797,1640237405396,0.0335367,3.4674551,10.521541,2021:12:23:14:30:05.396
3798,1640237405420,-0.76415765,3.2410824,8.375791,2021:12:23:14:30:05.420
3799,1640237405435,-0.7066662,1.672643,8.262605,2021:12:23:14:30:05.435
3800,1640237405462,-0.20181906,3.7465284,9.427405,2021:12:23:14:30:05.462
3801,1640237405478,0.34614664,3.5393195,9.2717,2021:12:23:14:30:05.478
3802,1640237405498,-0.34614664,2.6254444,7.7439833,2021:12:23:14:30:05.498
3803,1640237405518,-0.23535576,4.343003,9.18666,2021:12:23:14:30:05.518
3804,1640237405543,-0.6198301,4.588539,11.16293,2021:12:23:14:30:05.543
3805,1640237405561,-0.3509376,3.5153646,7.5361757,2021:12:23:14:30:05.561
3806,1640237405579,-0.5862934,3.2602463,10.153834,2021:12:23:14:30:05.579
3807,1640237405597,0.14911854,2.5386083,8.20152,2021:12:23:14:30:05.597
3808,1640237405619,0.15870045,4.213048,9.413033,2021:12:23:14:30:05.619
3809,1640237405644,0.34614664,3.5249467,8.295542,2021:12:23:14:30:05.644
3810,1640237405664,0.8264401,3.1111279,9.5783205,2021:12:23:14:30:05.664
3811,1640237405677,0.4515477,4.704121,9.861587,2021:12:23:14:30:05.677
3812,1640237405701,0.7545757,4.107048,6.031815,2021:12:23:14:30:05.701
3813,1640237405717,0.23535576,3.082382,10.101733,2021:12:23:14:30:05.717
3814,1640237405745,-0.2209829,3.799229,9.319011,2021:12:23:14:30:05.745
3815,1640237405760,-0.08623723,1.3306884,9.182468,2021:12:23:14:30:05.760
3816,1640237405777,-0.1006101,3.7321556,9.01718,2021:12:23:14:30:05.777
3817,1640237405795,0.24972863,2.764981,9.144739,2021:12:23:14:30:05.795
3818,1640237405829,-0.4611296,3.702811,9.479507,2021:12:23:14:30:05.829
3819,1640237405845,-0.4611296,3.5536923,9.087847,2021:12:23:14:30:05.845
3820,1640237405861,0.047909573,1.9756709,11.007224,2021:12:23:14:30:05.861
3821,1640237405877,0.6006662,4.8867764,7.654153,2021:12:23:14:30:05.877
3822,1640237405904,-0.2641015,2.879964,7.0031815,2021:12:23:14:30:05.904
3823,1640237405917,0.12995471,2.8608003,9.455553,2021:12:23:14:30:05.917
3824,1640237405938,-0.14432758,2.581727,10.493394,2021:12:23:14:30:05.938
3825,1640237405966,-0.16349141,3.5824382,9.356739,2021:12:23:14:30:05.966
3826,1640237405984,0.21619193,3.49141,8.11169,2021:12:23:14:30:05.984
3827,1640237405996,0.4521466,3.0242918,8.92735,2021:12:23:14:30:05.996
3828,1640237406019,-0.62462103,2.7068908,9.941236,2021:12:23:14:30:06.019
3829,1640237406044,-0.50424826,3.4722462,9.243553,2021:12:23:14:30:06.044
3830,1640237406062,-0.59587526,3.091964,9.540592,2021:12:23:14:30:06.062
3831,1640237406078,-1.2252873,3.9387655,6.9564695,2021:12:23:14:30:06.078
3832,1640237406100,-0.5575476,3.8615115,9.40405,2021:12:23:14:30:06.100
3833,1640237406117,-0.86476773,3.9100199,7.3193846,2021:12:23:14:30:06.117
3834,1640237406146,-0.44675675,3.1207097,10.531122,2021:12:23:14:30:06.146
3835,1640237406160,-0.26889247,4.4346294,9.545383,2021:12:23:14:30:06.160
3836,1640237406181,-0.8935135,3.5345285,9.338174,2021:12:23:14:30:06.181
3837,1640237406197,-0.29284725,3.7944381,8.281768,2021:12:23:14:30:06.197
3838,1640237406219,-0.4713104,3.80402,6.607329,2021:12:23:14:30:06.219
3839,1640237406236,0.0670734,2.8272636,10.988659,2021:12:23:14:30:06.236
3840,1640237406259,0.31260994,3.49141,8.003294,2021:12:23:14:30:06.259
3841,1640237406279,0.37968335,2.682936,11.233597,2021:12:23:14:30:06.279
3842,1640237406297,0.5096381,5.550923,5.376652,2021:12:23:14:30:06.297
3843,1640237406317,-0.047909573,2.5338175,10.3706255,2021:12:23:14:30:06.317
3844,1640237406343,0.3509376,3.3183367,8.946513,2021:12:23:14:30:06.343
3845,1640237406359,0.20661002,1.9421343,8.191937,2021:12:23:14:30:06.359
3846,1640237406378,0.67732155,2.7404275,9.889733,2021:12:23:14:30:06.378
3847,1640237406397,0.043118615,3.8812742,10.031066,2021:12:23:14:30:06.397
3848,1640237406429,0.15390949,2.375117,9.993338,2021:12:23:14:30:06.429
3849,1640237406444,0.8024853,4.4490027,7.7014637,2021:12:23:14:30:06.444
3850,1640237406462,0.5767115,1.3211064,9.978965,2021:12:23:14:30:06.462
3851,1640237406477,-0.20661002,4.9831944,10.201145,2021:12:23:14:30:06.477
3852,1640237406501,-0.8989033,2.581727,9.70588,2021:12:23:14:30:06.501
3853,1640237406518,-0.6922933,3.2602463,9.625631,2021:12:23:14:30:06.518
3854,1640237406540,0.61024815,3.9291837,7.597859,2021:12:23:14:30:06.540
3855,1640237406562,0.67732155,4.227421,7.291238,2021:12:23:14:30:06.562
3856,1640237406583,-0.40363812,2.7116816,10.1394615,2021:12:23:14:30:06.583
3857,1640237406597,-0.77853054,2.6008909,8.762661,2021:12:23:14:30:06.597
3858,1640237406620,0.32698283,4.694539,8.602163,2021:12:23:14:30:06.620
3859,1640237406647,1.0959314,2.7356365,9.691507,2021:12:23:14:30:06.647
3860,1640237406662,0.17786428,3.9531384,7.7391925,2021:12:23:14:30:06.662
3861,1640237406679,-0.5048471,1.9325523,10.8988285,2021:12:23:14:30:06.679
3862,1640237406699,-0.014372871,3.9531384,8.403937,2021:12:23:14:30:06.699
3863,1640237406718,0.50005615,3.0338736,7.8901076,2021:12:23:14:30:06.718
3864,1640237406746,-0.25451958,3.7171838,8.488977,2021:12:23:14:30:06.746
3865,1640237406760,0.85997677,3.38541,8.390163,2021:12:23:14:30:06.760
3866,1640237406778,1.1725868,4.025602,11.082682,2021:12:23:14:30:06.778
3867,1640237406796,1.0522139,4.2082567,7.5080285,2021:12:23:14:30:06.796
3868,1640237406818,0.6437849,3.077591,8.526706,2021:12:23:14:30:06.818
3869,1640237406843,0.418011,3.6261556,10.531122,2021:12:23:14:30:06.843
3870,1640237406862,1.0282592,2.5386083,8.748287,2021:12:23:14:30:06.862
3871,1640237406878,0.5719205,3.481828,8.6207285,2021:12:23:14:30:06.878
3872,1640237406897,0.15870045,2.6200547,9.220197,2021:12:23:14:30:06.897
3873,1640237406918,0.50005615,3.4429016,9.10222,2021:12:23:14:30:06.918
3874,1640237406944,-0.48568326,4.0399747,8.32848,2021:12:23:14:30:06.944
3875,1640237406959,-0.5383838,3.5776472,9.460343,2021:12:23:14:30:06.959
3876,1640237406979,-0.3844743,3.193173,9.927462,2021:12:23:14:30:06.979
3877,1640237406998,-0.3844743,4.1651382,7.475091,2021:12:23:14:30:06.998
3878,1640237407026,0.0,2.5290265,10.1394615,2021:12:23:14:30:07.026
3879,1640237407059,-0.30781898,4.3861213,10.780851,2021:12:23:14:30:07.059
3880,1640237407076,-0.85997677,3.375828,5.6689,2021:12:23:14:30:07.076
3881,1640237407079,-0.14911854,1.8121796,7.795486,2021:12:23:14:30:07.079
3882,1640237407109,0.76415765,2.8080997,9.522027,2021:12:23:14:30:07.109
3883,1640237407142,-0.24972863,3.1111279,11.0641165,2021:12:23:14:30:07.142
3884,1640237407158,-0.41322005,3.5057828,8.597372,2021:12:23:14:30:07.158
3885,1640237407175,-0.057491485,3.49141,8.724932,2021:12:23:14:30:07.175
3886,1640237407195,-0.057491485,3.2506645,11.073099,2021:12:23:14:30:07.195
3887,1640237407221,-0.6731295,4.376539,10.573643,2021:12:23:14:30:07.221
3888,1640237407245,-1.3510499,2.4469814,5.7581315,2021:12:23:14:30:07.245
3889,1640237407264,-0.4521466,2.572145,5.4281545,2021:12:23:14:30:07.264
3890,1640237407277,0.12935585,3.9675114,10.941348,2021:12:23:14:30:07.277
3891,1640237407298,-0.29344612,5.1706405,11.238387,2021:12:23:14:30:07.298
3892,1640237407318,-0.95220274,3.7513194,9.243553,2021:12:23:14:30:07.318
3893,1640237407339,0.15331063,3.7561104,9.78553,2021:12:23:14:30:07.339
3894,1640237407363,0.1772654,4.622076,8.847101,2021:12:23:14:30:07.363
3895,1640237407380,-0.6204289,4.213048,5.649736,2021:12:23:14:30:07.380
3896,1640237407397,-0.57251936,1.3019426,10.9647045,2021:12:23:14:30:07.397
3897,1640237407419,-0.6443837,1.9469252,9.91788,2021:12:23:14:30:07.419
3898,1640237407448,0.45633867,5.502414,8.069169,2021:12:23:14:30:07.448
3899,1640237407464,-0.6060561,3.6644833,7.3804693,2021:12:23:14:30:07.464
3900,1640237407479,-0.5677284,3.9339747,9.27649,2021:12:23:14:30:07.479
3901,1640237407500,-0.45693752,3.8716922,9.6112585,2021:12:23:14:30:07.500
3902,1640237407516,-0.38986415,2.576936,9.596886,2021:12:23:14:30:07.516
3903,1640237407535,0.44675675,1.5133436,10.851518,2021:12:23:14:30:07.535
3904,1640237407561,0.18205637,5.127522,7.795486,2021:12:23:14:30:07.561
3905,1640237407580,-0.51922,2.4038627,6.4893513,2021:12:23:14:30:07.580
3906,1640237407598,-0.5335928,2.5194445,11.615676,2021:12:23:14:30:07.598
3907,1640237407615,-0.76954746,3.6022007,10.686829,2021:12:23:14:30:07.615
3908,1640237407642,-0.47610137,4.0495563,6.3102894,2021:12:23:14:30:07.642
3909,1640237407661,-0.18325411,2.9332635,9.48849,2021:12:23:14:30:07.661
3910,1640237407677,-0.7162481,3.2650373,10.196355,2021:12:23:14:30:07.677
3911,1640237407697,-0.7162481,4.0783024,8.611746,2021:12:23:14:30:07.697
3912,1640237407716,0.2012202,2.5194445,8.352435,2021:12:23:14:30:07.716
3913,1640237407741,0.1341468,2.365535,9.512445,2021:12:23:14:30:07.741
3914,1640237407756,-0.029344613,3.9866753,10.299959,2021:12:23:14:30:07.756
3915,1640237407776,0.3120111,4.6604037,6.8055544,2021:12:23:14:30:07.776
3916,1640237407796,0.46592057,1.8505071,6.8474755,2021:12:23:14:30:07.796
3917,1640237407825,0.33596587,3.996257,12.6816635,2021:12:23:14:30:07.825
3918,1640237407844,0.532994,4.285511,9.3471575,2021:12:23:14:30:07.844
3919,1640237407861,1.0138863,2.6493993,8.021859,2021:12:23:14:30:07.861
3920,1640237407877,0.27368343,3.8716922,9.030954,2021:12:23:14:30:07.877
3921,1640237407899,0.2976382,3.707602,8.026649,2021:12:23:14:30:07.899
3922,1640237407917,0.34554777,2.6206536,10.813789,2021:12:23:14:30:07.917
3923,1640237407934,0.013774002,3.4237378,8.917768,2021:12:23:14:30:07.934
3924,1640237407957,0.23954785,3.4141557,8.606955,2021:12:23:14:30:07.957
3925,1640237407978,0.7827226,5.8539505,6.5696,2021:12:23:14:30:07.978
3926,1640237407993,0.8791406,2.8224726,7.663735,2021:12:23:14:30:07.993
3927,1640237408017,0.57611257,2.0523262,12.445709,2021:12:23:14:30:08.017
3928,1640237408036,0.21080211,4.227421,9.243553,2021:12:23:14:30:08.036
3929,1640237408060,0.14372872,2.7452185,7.800277,2021:12:23:14:30:08.060
3930,1640237408076,-0.9282479,3.6213646,10.276004,2021:12:23:14:30:08.076
3931,1640237408097,-0.07725418,3.8423476,7.102594,2021:12:23:14:30:08.097
3932,1640237408116,-0.30781898,2.7212636,9.281281,2021:12:23:14:30:08.116
3933,1640237408142,-0.40902796,3.3375006,9.474716,2021:12:23:14:30:08.142
3934,1640237408159,-0.7455927,3.3087547,8.507542,2021:12:23:14:30:08.159
3935,1640237408179,-0.23116368,4.7711945,9.8424225,2021:12:23:14:30:08.179
3936,1640237408195,0.1676835,3.4189467,8.257813,2021:12:23:14:30:08.195
3937,1640237408229,0.052700527,3.188382,9.153723,2021:12:23:14:30:08.229
3938,1640237408242,-0.15870045,3.274619,8.795598,2021:12:23:14:30:08.242
3939,1640237408259,-0.12516375,1.6822248,7.8619604,2021:12:23:14:30:08.259
3940,1640237408276,0.1676835,3.3422914,10.234083,2021:12:23:14:30:08.276
3941,1640237408309,-0.34614664,4.111839,10.134671,2021:12:23:14:30:08.309
3942,1640237408317,0.47071153,2.985964,10.210129,2021:12:23:14:30:08.317
3943,1640237408342,0.32638395,4.4537935,7.51282,2021:12:23:14:30:08.342
3944,1640237408358,0.77793163,2.4038627,9.18666,2021:12:23:14:30:08.358
3945,1640237408379,-0.010180783,4.400494,10.634727,2021:12:23:14:30:08.379
3946,1640237408395,-0.95220274,3.077591,7.819441,2021:12:23:14:30:08.395
3947,1640237408423,0.3551297,2.5242355,9.064491,2021:12:23:14:30:08.423
3948,1640237408441,0.7108583,4.834076,7.5409665,2021:12:23:14:30:08.441
3949,1640237408462,-0.12995471,2.6302354,10.658083,2021:12:23:14:30:08.462
3950,1640237408477,-0.32698283,4.732867,9.196242,2021:12:23:14:30:08.477
3951,1640237408494,-0.6348018,2.1870718,7.3050117,2021:12:23:14:30:08.494
3952,1640237408515,-0.16888124,3.1207097,9.701089,2021:12:23:14:30:08.515
3953,1640237408541,-0.48568326,4.285511,9.253135,2021:12:23:14:30:08.541
3954,1640237408557,-0.76954746,3.2315006,8.370999,2021:12:23:14:30:08.557
3955,1640237408576,-0.54317474,2.889546,8.597372,2021:12:23:14:30:08.576
3956,1640237408597,-0.08204514,3.6405284,9.191451,2021:12:23:14:30:08.597
3957,1640237408625,-0.32698283,4.896358,10.795224,2021:12:23:14:30:08.625
3958,1640237408641,-0.42819178,3.1015458,8.578808,2021:12:23:14:30:08.641
3959,1640237408659,-0.06767227,3.1398735,7.8475876,2021:12:23:14:30:08.659
3960,1640237408678,-0.27907324,2.788936,10.393981,2021:12:23:14:30:08.678
3961,1640237408699,0.37429354,4.732867,10.1394615,2021:12:23:14:30:08.699
3962,1640237408726,-0.091627054,3.4482913,8.003294,2021:12:23:14:30:08.726
3963,1640237408740,-0.2982371,3.087173,7.644571,2021:12:23:14:30:08.740
3964,1640237408760,0.4755025,4.0783024,8.182356,2021:12:23:14:30:08.760
3965,1640237408778,0.321593,3.784856,6.8145375,2021:12:23:14:30:08.778
3966,1640237408798,0.14851967,2.0571172,10.573643,2021:12:23:14:30:08.798
3967,1640237408824,-0.3707003,3.0536363,12.742748,2021:12:23:14:30:08.824
3968,1640237408858,-0.20241794,3.5728562,7.4469438,2021:12:23:14:30:08.858
3969,1640237408876,0.30722013,2.5386083,8.842909,2021:12:23:14:30:08.876
3970,1640237408878,0.008983045,2.5002806,10.361044,2021:12:23:14:30:08.878
3971,1640237408906,0.15331063,2.5050716,7.955983,2021:12:23:14:30:08.906
3972,1640237408939,0.1341468,3.3422914,8.253022,2021:12:23:14:30:08.939
3973,1640237408958,-0.14432758,2.9907548,11.573155,2021:12:23:14:30:08.958
3974,1640237408978,0.7539769,6.4743795,7.7062545,2021:12:23:14:30:08.978
3975,1640237408996,1.3887787,4.4490027,7.786503,2021:12:23:14:30:08.996
3976,1640237409023,0.18684733,2.0092077,10.691021,2021:12:23:14:30:09.023
3977,1640237409041,0.30242917,3.7321556,6.6258936,2021:12:23:14:30:09.041
3978,1640237409059,0.80727625,3.193173,9.978965,2021:12:23:14:30:09.059
3979,1640237409078,-0.38028222,1.9852529,11.728862,2021:12:23:14:30:09.078
3980,1640237409097,-0.5048471,3.8812742,7.2247634,2021:12:23:14:30:09.097
3981,1640237409124,-0.33656475,5.3628774,6.4659953,2021:12:23:14:30:09.124
3982,1640237409140,0.19642924,0.8881237,13.784781,2021:12:23:14:30:09.140
3983,1640237409156,-0.87494856,5.3628774,9.663361,2021:12:23:14:30:09.156
3984,1640237409177,-0.5581465,4.366957,4.6639967,2021:12:23:14:30:09.177
3985,1640237409195,-0.63001084,1.9223715,8.851892,2021:12:23:14:30:09.195
3986,1640237409215,-0.74978477,5.108358,7.932627,2021:12:23:14:30:09.215
3987,1640237409240,-0.50424826,3.3135457,7.6918817,2021:12:23:14:30:09.240
3988,1640237409256,-0.23535576,1.5085527,10.813789,2021:12:23:14:30:09.256
3989,1640237409273,-0.59587526,3.59741,8.776435,2021:12:23:14:30:09.273
3990,1640237409294,-0.6054572,4.987985,11.766591,2021:12:23:14:30:09.294
3991,1640237409313,-0.8935135,3.5441105,8.517124,2021:12:23:14:30:09.313
3992,1640237409340,-0.67732155,1.7397163,7.272074,2021:12:23:14:30:09.340
3993,1640237409357,-0.5521578,3.0392635,10.56406,2021:12:23:14:30:09.357
3994,1640237409377,0.58689225,4.766403,7.3523226,2021:12:23:14:30:09.377
3995,1640237409394,-0.28326535,2.8272636,7.9086723,2021:12:23:14:30:09.394
3996,1640237409423,-0.42280197,4.3238387,9.238762,2021:12:23:14:30:09.423
3997,1640237409440,0.68271136,3.2171278,9.620841,2021:12:23:14:30:09.440
3998,1640237409458,1.0911405,3.6261556,9.6112585,2021:12:23:14:30:09.458
3999,1640237409476,0.120372795,2.3026538,11.21024,2021:12:23:14:30:09.476
4000,1640237409496,-0.44675675,2.3846989,8.818954,2021:12:23:14:30:09.496
4001,1640237409519,-0.119773924,3.0195007,8.32848,2021:12:23:14:30:09.519
4002,1640237409543,1.5816147,3.1446645,10.870682,2021:12:23:14:30:09.543
4003,1640237409562,0.2838642,4.496912,8.017667,2021:12:23:14:30:09.562
4004,1640237409579,-0.94142306,2.485309,5.598233,2021:12:23:14:30:09.579
4005,1640237409596,-0.09102818,3.8279748,11.705506,2021:12:23:14:30:09.596
4006,1640237409624,-0.1772654,5.1514764,10.460456,2021:12:23:14:30:09.624
4007,1640237409641,-0.42699406,3.8327656,6.7205153,2021:12:23:14:30:09.641
4008,1640237409661,-0.061683573,2.2116256,9.172886,2021:12:23:14:30:09.661
4009,1640237409677,0.2838642,2.9668002,9.870569,2021:12:23:14:30:09.677
4010,1640237409699,-0.056892615,4.198675,10.096942,2021:12:23:14:30:09.699
4011,1640237409717,-0.12935585,2.7452185,10.120897,2021:12:23:14:30:09.717
4012,1640237409740,-0.50903916,4.025602,3.4668562,2021:12:23:14:30:09.740
4013,1640237409755,0.06767227,3.9339747,8.380582,2021:12:23:14:30:09.755
4014,1640237409775,0.54377365,3.49141,11.667777,2021:12:23:14:30:09.775
4015,1640237409793,-0.35992065,2.7020998,8.281768,2021:12:23:14:30:09.793
4016,1640237409815,0.07725418,2.9572182,9.819067,2021:12:23:14:30:09.815
4017,1640237409837,0.11618071,3.4674551,8.022458,2021:12:23:14:30:09.837
4018,1640237409855,0.5102369,2.3218176,10.738332,2021:12:23:14:30:09.855
4019,1640237409874,0.60126513,4.8286858,10.068795,2021:12:23:14:30:09.874
4020,1640237409896,-0.018564958,0.3922596,8.239248,2021:12:23:14:30:09.896
4021,1640237409922,0.014971741,3.7752743,8.616536,2021:12:23:14:30:09.922
4022,1640237409938,-0.21080211,5.199386,7.371486,2021:12:23:14:30:09.938
4023,1640237409955,-0.42699406,3.2219186,10.885055,2021:12:23:14:30:09.955
4024,1640237409978,-0.24433881,3.991466,8.748287,2021:12:23:14:30:09.978
4025,1640237409996,0.44795448,2.9668002,9.474716,2021:12:23:14:30:09.996
4026,1640237410023,0.49586406,3.183591,10.6491,2021:12:23:14:30:10.023
4027,1640237410041,0.3275817,3.895647,8.89022,2021:12:23:14:30:10.041
4028,1640237410059,-0.6623498,1.6480893,8.701576,2021:12:23:14:30:10.059
4029,1640237410076,-0.34075683,2.678145,9.904106,2021:12:23:14:30:10.076
4030,1640237410105,0.48149118,3.5297377,8.437474,2021:12:23:14:30:10.105
4031,1640237410122,0.5773103,3.59741,7.955983,2021:12:23:14:30:10.122
4032,1640237410139,0.15929933,3.9818842,8.083542,2021:12:23:14:30:10.139
4033,1640237410158,0.04431635,3.6788561,8.809971,2021:12:23:14:30:10.158
4034,1640237410182,0.2269716,3.2698283,9.648988,2021:12:23:14:30:10.182
4035,1640237410196,0.25092638,3.0386646,10.417936,2021:12:23:14:30:10.196
4036,1640237410223,-0.028745743,3.4141557,8.20631,2021:12:23:14:30:10.223
4037,1640237410240,0.24014673,2.2499533,10.035857,2021:12:23:14:30:10.240
4038,1640237410256,0.35572857,4.1843023,7.418198,2021:12:23:14:30:10.256
4039,1640237410275,0.51442903,3.1788,7.5457573,2021:12:23:14:30:10.275
4040,1640237410306,0.5575476,3.4578733,9.304638,2021:12:23:14:30:10.306
4041,1640237410324,0.61024815,3.375828,9.932253,2021:12:23:14:30:10.324
4042,1640237410339,-0.019163828,4.588539,7.6685257,2021:12:23:14:30:10.339
4043,1640237410358,0.07665531,3.4674551,9.144739,2021:12:23:14:30:10.358
4044,1640237410378,-0.3509376,3.0099187,11.323427,2021:12:23:14:30:10.378
4045,1640237410397,-1.1198862,3.5249467,10.083168,2021:12:23:14:30:10.397
4046,1640237410419,-0.629412,2.9524274,8.880638,2021:12:23:14:30:10.419
4047,1640237410443,0.3174009,3.8327656,5.9707303,2021:12:23:14:30:10.443
4048,1640237410460,0.105999924,2.7452185,9.847214,2021:12:23:14:30:10.460
4049,1640237410476,-0.28805628,5.093386,9.922671,2021:12:23:14:30:10.476
4050,1640237410498,-0.43238387,2.9907548,8.021859,2021:12:23:14:30:10.498
4051,1640237410524,0.20181906,3.3614552,10.031066,2021:12:23:14:30:10.524
4052,1640237410540,0.42280197,4.9736123,9.087847,2021:12:23:14:30:10.540
4053,1640237410573,-0.09102818,2.3463712,8.399147,2021:12:23:14:30:10.573
4054,1640237410593,-0.13953662,1.5187334,9.847214,2021:12:23:14:30:10.593
4055,1640237410623,0.7593667,2.5002806,9.82805,2021:12:23:14:30:10.623
4056,1640237410640,0.6054572,3.8136017,8.753078,2021:12:23:14:30:10.640
4057,1640237410658,0.4084291,3.000337,7.158888,2021:12:23:14:30:10.658
4058,1640237410659,0.5096381,3.1159186,8.946513,2021:12:23:14:30:10.659
4059,1640237410695,0.6875023,4.092675,10.521541,2021:12:23:14:30:10.695
4060,1640237410714,-0.38926527,4.087884,8.064379,2021:12:23:14:30:10.714
4061,1640237410739,-1.4223154,2.5386083,10.427518,2021:12:23:14:30:10.739
4062,1640237410755,-1.4899876,3.9770932,9.233971,2021:12:23:14:30:10.755
4063,1640237410777,-0.98514056,3.8423476,9.738818,2021:12:23:14:30:10.777
4064,1640237410795,-0.8989033,3.5105739,8.805181,2021:12:23:14:30:10.795
4065,1640237410821,-1.3073324,3.4626641,8.20631,2021:12:23:14:30:10.821
4066,1640237410838,-1.3312871,4.0447655,9.266909,2021:12:23:14:30:10.838
4067,1640237410858,-1.3983606,4.69933,6.177939,2021:12:23:14:30:10.858
4068,1640237410879,-0.7929034,2.8655913,11.700715,2021:12:23:14:30:10.879
4069,1640237410898,-0.7929034,5.223341,9.606468,2021:12:23:14:30:10.898
4070,1640237410923,-1.235468,2.3409815,6.9989896,2021:12:23:14:30:10.923
4071,1640237410941,-0.4611296,3.5536923,8.229667,2021:12:23:14:30:10.941
4072,1640237410957,0.13474567,2.658981,12.606206,2021:12:23:14:30:10.957
4073,1640237410982,0.4419658,3.7219748,4.645432,2021:12:23:14:30:10.982
4074,1640237411006,1.042632,1.9325523,13.016432,2021:12:23:14:30:11.006
4075,1640237411022,0.94202197,2.9955459,7.8901076,2021:12:23:14:30:11.022
4076,1640237411040,0.3653105,5.0694313,8.083542,2021:12:23:14:30:11.040
4077,1640237411053,1.3264962,2.8512182,11.927088,2021:12:23:14:30:11.053
4078,1640237411075,-0.30302805,3.7369466,12.191189,2021:12:23:14:30:11.075
4079,1640237411106,0.038327657,3.9675114,3.872291,2021:12:23:14:30:11.106
4080,1640237411122,0.69169444,4.819104,3.886065,2021:12:23:14:30:11.122
4081,1640237411138,0.63420296,-1.2097167,14.011154,2021:12:23:14:30:11.138
4082,1640237411155,0.07665531,7.384063,12.530748,2021:12:23:14:30:11.155
4083,1640237411176,0.43717483,2.0283716,5.423363,2021:12:23:14:30:11.176
4084,1640237411195,-0.25931054,2.663772,11.983381,2021:12:23:14:30:11.195
4085,1640237411224,-0.7887113,5.5119963,9.545383,2021:12:23:14:30:11.224
4086,1640237411240,0.44615787,2.9188907,6.2725606,2021:12:23:14:30:11.240
4087,1640237411257,0.7060673,0.20002246,5.7443576,2021:12:23:14:30:11.257
4088,1640237411278,-0.26949134,2.1535351,4.574765,2021:12:23:14:30:11.278
4089,1640237411297,-0.22637272,5.113149,14.256691,2021:12:23:14:30:11.297
4090,1640237411320,-0.38507318,4.708912,9.719654,2021:12:23:14:30:11.320
4091,1640237411337,0.18684733,1.7061796,7.475091,2021:12:23:14:30:11.337
4092,1640237411358,-0.57251936,3.886065,13.860239,2021:12:23:14:30:11.358
4093,1640237411379,-0.010180783,3.2554553,10.889247,2021:12:23:14:30:11.379
4094,1640237411396,0.08563836,2.5146537,8.700977,2021:12:23:14:30:11.396
4095,1640237411422,-1.4857956,3.2554553,5.7204027,2021:12:23:14:30:11.422
4096,1640237411439,0.37429354,1.5474792,5.3718605,2021:12:23:14:30:11.439
4097,1640237411461,0.13893776,8.187746,9.266909,2021:12:23:14:30:11.461
4098,1640237411476,0.59048545,3.5680654,12.473856,2021:12:23:14:30:11.476
4099,1640237411495,0.8641689,5.329341,9.441779,2021:12:23:14:30:11.495
4100,1640237411522,0.849796,4.992776,3.018303,2021:12:23:14:30:11.522
4101,1640237411538,-0.077853054,1.8600891,12.044466,2021:12:23:14:30:11.538
4102,1640237411554,-0.03413557,1.7157615,8.6536665,2021:12:23:14:30:11.554
4103,1640237411576,0.21559307,-0.1754688,10.979077,2021:12:23:14:30:11.576
4104,1640237411594,0.29224837,1.9032077,9.266909,2021:12:23:14:30:11.594
4105,1640237411620,-0.31799978,4.7376575,5.7114196,2021:12:23:14:30:11.620
4106,1640237411637,0.29224837,4.227421,6.876221,2021:12:23:14:30:11.637
4107,1640237411656,0.27308455,2.1008346,13.935697,2021:12:23:14:30:11.656
4108,1640237411677,1.0132874,2.9668002,11.964217,2021:12:23:14:30:11.677
4109,1640237411703,0.35992065,5.0406857,5.2017817,2021:12:23:14:30:11.703
4110,1640237411724,0.07126549,3.2362914,5.7299848,2021:12:23:14:30:11.724
4111,1640237411739,-0.39465508,3.3135457,9.460343,2021:12:23:14:30:11.739
4112,1640237411756,-0.03473444,2.9955459,18.618856,2021:12:23:14:30:11.756
4113,1640237411779,0.28745744,5.353296,6.8384924,2021:12:23:14:30:11.779
4114,1640237411805,-0.8515926,1.672643,-1.249841,2021:12:23:14:30:11.805
4115,1640237411822,0.31141222,3.890856,12.49242,2021:12:23:14:30:11.822
4116,1640237411838,0.2682936,4.121421,18.783546,2021:12:23:14:30:11.838
4117,1640237411860,-0.38567203,1.1671969,14.619606,2021:12:23:14:30:11.860
4118,1640237411876,-0.11138975,4.083093,6.748662,2021:12:23:14:30:11.876
4119,1640237411903,-0.82763785,2.788936,4.659206,2021:12:23:14:30:11.903
4120,1640237411920,-0.24134447,7.2924356,8.72014,2021:12:23:14:30:11.920
4121,1640237411940,-0.5533555,1.5714339,7.0223455,2021:12:23:14:30:11.940
4122,1640237411958,-0.27967212,1.0420332,10.016693,2021:12:23:14:30:11.958
4123,1640237411981,0.15271176,5.6856685,10.662874,2021:12:23:14:30:11.981
4124,1640237411995,-0.93363774,7.7787175,7.243927,2021:12:23:14:30:11.995
4125,1640237412020,-1.6876147,4.092675,6.046188,2021:12:23:14:30:12.020
4126,1640237412037,-1.1402478,0.36830482,11.3940935,2021:12:23:14:30:12.037
4127,1640237412057,-1.322903,1.4510611,11.804319,2021:12:23:14:30:12.057
4128,1640237412075,-2.2355804,3.799229,8.729124,2021:12:23:14:30:12.075
4129,1640237412095,-0.25571734,2.17749,7.8709435,2021:12:23:14:30:12.095
4130,1640237412122,1.1905528,5.0646405,7.158888,2021:12:23:14:30:12.122
4131,1640237412137,-0.025152525,3.9579294,7.300221,2021:12:23:14:30:12.137
4132,1640237412157,-0.904892,4.2513757,10.3376875,2021:12:23:14:30:12.157
4133,1640237412177,-0.8515926,1.1192874,10.026276,2021:12:23:14:30:12.177
4134,1640237412197,0.5563499,3.000337,9.583112,2021:12:23:14:30:12.197
4135,1640237412220,1.8648801,4.299884,9.648988,2021:12:23:14:30:12.220
4136,1640237412237,1.8265524,2.172699,8.163791,2021:12:23:14:30:12.237
4137,1640237412258,1.754688,2.1199985,8.8477,2021:12:23:14:30:12.258
4138,1640237412279,1.2210952,3.3566644,9.861587,2021:12:23:14:30:12.279
4139,1640237412303,0.18804507,3.4333196,8.984242,2021:12:23:14:30:12.303
4140,1640237412321,0.712056,3.6549015,8.144627,2021:12:23:14:30:12.321
4141,1640237412339,0.40902796,3.8567204,8.574017,2021:12:23:14:30:12.339
4142,1640237412359,-0.15810159,2.5194445,10.719767,2021:12:23:14:30:12.359
4143,1640237412387,-0.3551297,3.9675114,9.57353,2021:12:23:14:30:12.387
4144,1640237412404,-0.28266647,2.2062356,7.758356,2021:12:23:14:30:12.404
4145,1640237412420,-0.6096493,2.6398172,9.036344,2021:12:23:14:30:12.420
4146,1640237412455,-0.49406746,3.7123928,10.299959,2021:12:23:14:30:12.455
4147,1640237412476,-0.3120111,4.530449,8.423101,2021:12:23:14:30:12.476
4148,1640237412497,-0.4749036,2.692518,9.474716,2021:12:23:14:30:12.497
4149,1640237412516,0.12576263,4.612494,8.177565,2021:12:23:14:30:12.516
4150,1640237412538,1.134858,3.780065,6.3336453,2021:12:23:14:30:12.538
4151,1640237412559,1.0821574,3.005128,10.974286,2021:12:23:14:30:12.559
4152,1640237412576,0.106598794,3.5009918,9.139949,2021:12:23:14:30:12.576
4153,1640237412602,0.27488115,2.394281,7.5176105,2021:12:23:14:30:12.602
4154,1640237412620,0.15929933,3.063218,8.286559,2021:12:23:14:30:12.620
4155,1640237412637,0.25571734,3.5057828,9.427405,2021:12:23:14:30:12.637
4156,1640237412656,0.25092638,3.7321556,8.880638,2021:12:23:14:30:12.656
4157,1640237412676,0.49586406,2.5529811,9.677733,2021:12:23:14:30:12.676
4158,1640237412703,0.4575364,2.976382,8.569225,2021:12:23:14:30:12.703
4159,1640237412721,-0.2012202,4.1699295,7.5176105,2021:12:23:14:30:12.721
4160,1640237412740,0.27488115,3.5728562,8.93214,2021:12:23:14:30:12.740
4161,1640237412756,-0.5228132,3.000337,10.375417,2021:12:23:14:30:12.756
4162,1640237412779,-0.9024965,3.1788,7.381068,2021:12:23:14:30:12.779
4163,1640237412805,-0.6288131,3.808811,8.423101,2021:12:23:14:30:12.805
4164,1640237412820,0.3036269,3.390201,8.399746,2021:12:23:14:30:12.820
4165,1640237412837,-0.71505034,2.8080997,9.290864,2021:12:23:14:30:12.837
4166,1640237412856,-0.8881237,3.375828,10.653891,2021:12:23:14:30:12.856
4167,1640237412873,-0.4892765,2.5098627,9.187259,2021:12:23:14:30:12.873
4168,1640237412895,-0.26350263,3.390201,9.215406,2021:12:23:14:30:12.895
4169,1640237412919,-0.037129916,4.978403,9.036344,2021:12:23:14:30:12.919
4170,1640237412936,0.2700902,3.3518734,9.7484,2021:12:23:14:30:12.936
4171,1640237412954,-0.119175054,3.7704833,7.220571,2021:12:23:14:30:12.954
4172,1640237412976,-0.119175054,3.3662462,7.60265,2021:12:23:14:30:12.976
4173,1640237412995,0.025152525,4.217839,9.413631,2021:12:23:14:30:12.995
4174,1640237413020,-0.013175132,3.5249467,9.121384,2021:12:23:14:30:13.020
4175,1640237413037,0.31859866,2.6733541,9.418423,2021:12:23:14:30:13.037
4176,1640237413057,0.95759255,2.8080997,8.460831,2021:12:23:14:30:13.057
4177,1640237413078,1.1594117,2.4278176,10.097541,2021:12:23:14:30:13.078
4178,1640237413106,-0.07545757,3.8764832,10.191564,2021:12:23:14:30:13.106
4179,1640237413122,-0.5803047,0.7773328,6.6360745,2021:12:23:14:30:13.122
4180,1640237413137,1.428903,2.985964,10.710184,2021:12:23:14:30:13.137
4181,1640237413157,1.4911854,5.093386,9.653778,2021:12:23:14:30:13.157
4182,1640237413180,-2.2092302,2.8416364,5.9330015,2021:12:23:14:30:13.180
4183,1640237413208,-0.65696,4.766403,8.644683,2021:12:23:14:30:13.208
4184,1640237413223,0.5479657,3.1159186,10.299959,2021:12:23:14:30:13.223
4185,1640237413238,-0.0868361,3.592619,9.625631,2021:12:23:14:30:13.238
4186,1640237413257,-0.6587566,4.6316576,8.805181,2021:12:23:14:30:13.257
4187,1640237413276,-0.76415765,2.273908,8.998016,2021:12:23:14:30:13.276
4188,1640237413295,-0.5623386,3.5441105,8.342853,2021:12:23:14:30:13.295
4189,1640237413314,-0.23595464,4.295093,9.2717,2021:12:23:14:30:13.314
4190,1640237413337,-0.5288019,3.5441105,8.564435,2021:12:23:14:30:13.337
4191,1640237413357,-0.61563796,3.4482913,9.220197,2021:12:23:14:30:13.357
4192,1640237413376,-0.13474567,3.780065,9.517237,2021:12:23:14:30:13.376
4193,1640237413395,-0.043717485,4.5693755,8.102107,2021:12:23:14:30:13.395
4194,1640237413418,-0.37489238,2.7212636,8.432084,2021:12:23:14:30:13.418
4195,1640237413437,0.2305648,3.6836472,10.083168,2021:12:23:14:30:13.437
4196,1640237413455,-0.014971741,2.678145,10.040648,2021:12:23:14:30:13.455
4197,1640237413476,0.14851967,4.0399747,8.984242,2021:12:23:14:30:13.476
4198,1640237413503,0.5665307,3.8471386,3.7872515,2021:12:23:14:30:13.503
4199,1640237413519,-0.07246323,1.5762249,1.3582363,2021:12:23:14:30:13.519
4200,1640237413537,-0.29344612,1.4798069,24.405136,2021:12:23:14:30:13.537
4201,1640237413558,0.043118615,5.680877,9.351948,2021:12:23:14:30:13.558
4202,1640237413577,-0.07725418,1.8361343,0.82524234,2021:12:23:14:30:13.577
4203,1640237413600,0.85997677,3.2650373,9.021971,2021:12:23:14:30:13.600
4204,1640237413619,-0.105999924,3.0536363,11.24797,2021:12:23:14:30:13.619
4205,1640237413637,0.11498297,2.658981,9.191451,2021:12:23:14:30:13.637
4206,1640237413661,0.14851967,1.6289254,9.078265,2021:12:23:14:30:13.661
4207,1640237413676,-0.07725418,0.7725418,5.9186287,2021:12:23:14:30:13.676
4208,1640237413695,0.41262117,8.986638,14.496838,2021:12:23:14:30:13.695
4209,1640237413718,-0.8030842,5.9839053,12.101358,2021:12:23:14:30:13.718
4210,1640237413735,-0.23595464,0.3012314,4.475353,2021:12:23:14:30:13.735
4211,1640237413753,-0.38507318,2.5960999,9.922671,2021:12:23:14:30:13.753
4212,1640237413777,2.2679193,4.3813305,8.691395,2021:12:23:14:30:13.777
4213,1640237413803,0.33596587,3.303365,14.760939,2021:12:23:14:30:13.803
4214,1640237413818,-1.6876147,5.9114423,7.0031815,2021:12:23:14:30:13.818
4215,1640237413835,-0.06767227,1.7109705,6.692368,2021:12:23:14:30:13.835
4216,1640237413856,0.105401054,6.643261,8.012876,2021:12:23:14:30:13.856
4217,1640237413876,-0.09641801,3.404574,11.997754,2021:12:23:14:30:13.876
4218,1640237413899,-0.058090355,1.6145525,7.757757,2021:12:23:14:30:13.899
4219,1640237413920,-0.33237264,1.9175806,9.0597,2021:12:23:14:30:13.920
4220,1640237413941,-0.04850844,3.996257,7.63978,2021:12:23:14:30:13.941
4221,1640237413957,-0.27907324,4.6556125,8.493768,2021:12:23:14:30:13.957
4222,1640237413976,-0.500655,1.3211064,13.582363,2021:12:23:14:30:13.976
4223,1640237413999,0.124564886,2.678145,11.276116,2021:12:23:14:30:13.999
4224,1640237414021,-0.32279074,5.1802225,6.8145375,2021:12:23:14:30:14.021
4225,1640237414039,-0.11138975,4.516076,6.1306286,2021:12:23:14:30:14.039
4226,1640237414059,-0.57251936,2.3846989,13.407494,2021:12:23:14:30:14.059
4227,1640237414093,0.25392073,5.517386,8.54048,2021:12:23:14:30:14.093
4228,1640237414118,-0.707265,2.6685631,2.8440318,2021:12:23:14:30:14.118
4229,1640237414119,0.09042931,3.0344725,12.101358,2021:12:23:14:30:14.119
4230,1640237414141,-0.120971665,5.7575326,10.922184,2021:12:23:14:30:14.141
4231,1640237414158,-1.1109031,4.4394207,7.828424,2021:12:23:14:30:14.158
4232,1640237414184,-0.29883596,1.7301344,8.733914,2021:12:23:14:30:14.184
4233,1640237414215,-0.1341468,1.8600891,9.7765465,2021:12:23:14:30:14.215
4234,1640237414236,-0.53778493,4.1411834,9.941834,2021:12:23:14:30:14.236
4235,1640237414255,-0.87434965,3.1159186,9.832841,2021:12:23:14:30:14.255
4236,1640237414275,-0.38387543,1.4989707,8.154209,2021:12:23:14:30:14.275
4237,1640237414303,-0.5138301,4.790358,7.404424,2021:12:23:14:30:14.303
4238,1640237414317,0.12995471,3.8183928,8.163791,2021:12:23:14:30:14.317
4239,1640237414340,-0.3551297,2.5625632,9.177677,2021:12:23:14:30:14.340
4240,1640237414355,-0.7300221,3.0147097,9.408841,2021:12:23:14:30:14.355
4241,1640237414385,-0.25931054,3.784856,9.479507,2021:12:23:14:30:14.385
4242,1640237414400,-0.3120111,3.6405284,7.7206273,2021:12:23:14:30:14.400
4243,1640237414417,0.06767227,2.7841449,7.456526,2021:12:23:14:30:14.417
4244,1640237414436,0.5288019,2.4182355,9.215406,2021:12:23:14:30:14.436
4245,1640237414457,0.86536664,1.6918067,9.026762,2021:12:23:14:30:14.457
4246,1640237414477,1.0767676,2.470936,8.436875,2021:12:23:14:30:14.477
4247,1640237414503,0.7216379,2.7985177,10.021484,2021:12:23:14:30:14.503
4248,1640237414520,0.93782985,3.5393195,10.545495,2021:12:23:14:30:14.520
4249,1640237414540,1.5001684,4.025602,9.074073,2021:12:23:14:30:14.540
4250,1640237414556,1.3702137,2.9715912,6.4564137,2021:12:23:14:30:14.556
4251,1640237414581,0.96178466,2.2930717,10.620953,2021:12:23:14:30:14.581
4252,1640237414608,0.8318299,4.107048,10.1723995,2021:12:23:14:30:14.608
4253,1640237414623,0.4713104,3.2123368,5.9563575,2021:12:23:14:30:14.623
4254,1640237414635,0.6731295,2.894337,9.351948,2021:12:23:14:30:14.635
4255,1640237414654,0.7312198,4.414867,11.403676,2021:12:23:14:30:14.654
4256,1640237414676,0.18325411,3.7369466,9.14953,2021:12:23:14:30:14.676
4257,1640237414696,-0.008983045,3.9531384,6.772617,2021:12:23:14:30:14.696
4258,1640237414721,-0.1341468,2.9093087,10.629936,2021:12:23:14:30:14.721
4259,1640237414736,-0.5665307,3.8136017,12.686455,2021:12:23:14:30:14.736
4260,1640237414756,-0.4222031,3.9579294,12.4505,2021:12:23:14:30:14.756
4261,1640237414784,-0.48029345,3.4722462,9.130366,2021:12:23:14:30:14.784
4262,1640237414801,-0.8791406,4.11663,7.970356,2021:12:23:14:30:14.801
4263,1640237414819,-1.0570049,4.343003,7.0175543,2021:12:23:14:30:14.819
4264,1640237414837,-1.0420332,3.0967548,10.295168,2021:12:23:14:30:14.837
4265,1640237414858,-1.157615,2.870382,9.998129,2021:12:23:14:30:14.858
4266,1640237414885,-0.528203,3.8716922,6.6971593,2021:12:23:14:30:14.885
4267,1640237414900,-0.3886664,3.4770372,6.4989333,2021:12:23:14:30:14.900
4268,1640237414918,-0.5138301,3.1788,11.780964,2021:12:23:14:30:14.918
4269,1640237414936,-0.18205637,3.0728002,9.517237,2021:12:23:14:30:14.936
4270,1640237414958,-0.4078302,1.9127896,4.593929,2021:12:23:14:30:14.958
4271,1640237414985,-0.047310703,1.0180783,15.1052885,2021:12:23:14:30:14.985
4272,1640237415001,-0.2012202,4.366957,13.294906,2021:12:23:14:30:15.001
4273,1640237415021,0.2605083,3.1734102,0.71744585,2021:12:23:14:30:15.021
4274,1640237415037,0.14492646,2.0379534,8.097916,2021:12:23:14:30:15.037
4275,1640237415066,-0.53778493,2.38949,6.7911816,2021:12:23:14:30:15.066
4276,1640237415083,0.18804507,3.1734102,13.893776,2021:12:23:14:30:15.083
4277,1640237415101,0.6689374,4.3238387,17.114496,2021:12:23:14:30:15.101
4278,1640237415116,0.31320882,4.6891494,0.48628214,2021:12:23:14:30:15.116
4279,1640237415135,0.48149118,3.7513194,2.815885,2021:12:23:14:30:15.135
4280,1640237415155,0.38986415,5.0790133,16.968372,2021:12:23:14:30:15.155
4281,1640237415183,-0.3886664,1.3258973,12.002545,2021:12:23:14:30:15.183
4282,1640237415200,-0.31141222,3.5680654,5.550923,2021:12:23:14:30:15.200
4283,1640237415217,-0.25392073,2.1199985,10.1065235,2021:12:23:14:30:15.217
4284,1640237415238,-0.38387543,4.987985,8.790808,2021:12:23:14:30:15.238
4285,1640237415257,-0.57611257,6.4025154,7.1828423,2021:12:23:14:30:15.257
4286,1640237415283,-0.643186,0.6186323,9.40405,2021:12:23:14:30:15.283
4287,1640237415300,-0.80188644,-0.04551409,10.809597,2021:12:23:14:30:15.300
4288,1640237415320,-0.73481303,5.9599504,7.158888,2021:12:23:14:30:15.320
4289,1640237415338,-0.5521578,3.8375566,10.040648,2021:12:23:14:30:15.338
4290,1640237415355,-0.4892765,2.066699,11.07789,2021:12:23:14:30:15.355
4291,1640237415385,-0.77793163,4.0639296,6.5791817,2021:12:23:14:30:15.385
4292,1640237415403,-0.60485834,3.4722462,7.5739045,2021:12:23:14:30:15.403
4293,1640237415420,-0.45094883,3.2362914,10.384998,2021:12:23:14:30:15.420
4294,1640237415436,-0.28745744,3.183591,8.597372,2021:12:23:14:30:15.436
4295,1640237415466,0.1497174,3.183591,7.932627,2021:12:23:14:30:15.466
4296,1640237415483,-0.061683573,2.9188907,12.252274,2021:12:23:14:30:15.483
4297,1640237415503,0.1401355,3.9100199,10.267021,2021:12:23:14:30:15.503
4298,1640237415518,0.058090355,4.376539,8.370999,2021:12:23:14:30:15.518
4299,1640237415537,-0.42699406,2.9284725,7.0840287,2021:12:23:14:30:15.537
4300,1640237415553,-0.21559307,2.6733541,7.9278364,2021:12:23:14:30:15.553
4301,1640237415583,0.5389827,3.4770372,10.521541,2021:12:23:14:30:15.583
4302,1640237415599,-0.119175054,3.3662462,9.069282,2021:12:23:14:30:15.599
4303,1640237415619,-0.22517498,2.5194445,8.559644,2021:12:23:14:30:15.619
4304,1640237415636,0.23595464,4.227421,9.408841,2021:12:23:14:30:15.636
4305,1640237415657,-0.18684733,4.0447655,8.149418,2021:12:23:14:30:15.657
4306,1640237415676,-0.12875697,3.1159186,10.1065235,2021:12:23:14:30:15.676
4307,1640237415700,0.32279074,3.082382,10.800015,2021:12:23:14:30:15.700
4308,1640237415717,0.09701688,1.9804618,8.927949,2021:12:23:14:30:15.717
4309,1640237415739,-0.047310703,3.592619,8.781225,2021:12:23:14:30:15.739
4310,1640237415756,-0.18205637,4.7711945,8.541079,2021:12:23:14:30:15.756
4311,1640237415783,-0.40303928,2.5338175,8.272186,2021:12:23:14:30:15.783
4312,1640237415801,-0.013774002,3.3375006,11.082682,2021:12:23:14:30:15.801
4313,1640237415818,0.053898267,4.073511,6.6642213,2021:12:23:14:30:15.818
4314,1640237415839,0.25092638,2.8320546,7.267882,2021:12:23:14:30:15.839
4315,1640237415867,-0.023355916,2.8033087,18.817083,2021:12:23:14:30:15.867
4316,1640237415885,-0.3886664,6.652843,5.645544,2021:12:23:14:30:15.885
4317,1640237415899,-0.6671408,1.6480893,-0.44735563,2021:12:23:14:30:15.899
4318,1640237415936,0.4575364,3.375828,12.624771,2021:12:23:14:30:15.936
4319,1640237415953,0.106598794,2.0044167,4.5322456,2021:12:23:14:30:15.953
4320,1640237415984,-0.38387543,0.5222143,10.422728,2021:12:23:14:30:15.984
4321,1640237415999,-0.123966016,4.1507654,15.850882,2021:12:23:14:30:15.999
4322,1640237416019,-0.65755886,1.7397163,8.012876,2021:12:23:14:30:16.019
4323,1640237416035,0.23176254,6.1761427,4.1926866,2021:12:23:14:30:16.035
4324,1640237416055,0.5821013,4.881985,7.951791,2021:12:23:14:30:16.055
4325,1640237416078,0.1497174,-1.5995808,15.176555,2021:12:23:14:30:16.078
4326,1640237416102,-0.14312984,3.9483476,9.720253,2021:12:23:14:30:16.102
4327,1640237416119,0.27488115,4.7472396,8.823745,2021:12:23:14:30:16.119
4328,1640237416135,0.025152525,1.8217615,6.885803,2021:12:23:14:30:16.135
4329,1640237416156,-0.13833888,7.4367633,8.536288,2021:12:23:14:30:16.156
4330,1640237416183,0.07306209,4.496912,8.130853,2021:12:23:14:30:16.183
4331,1640237416202,-0.20601116,1.5858068,7.60265,2021:12:23:14:30:16.202
4332,1640237416219,0.24553655,1.6678519,11.5593815,2021:12:23:14:30:16.219
4333,1640237416236,0.69708425,4.588539,10.705394,2021:12:23:14:30:16.236
4334,1640237416256,0.06288131,4.0687203,6.668413,2021:12:23:14:30:16.256
4335,1640237416281,-0.59587526,3.2219186,9.7484,2021:12:23:14:30:16.281
4336,1640237416301,-0.52401096,2.9524274,9.903507,2021:12:23:14:30:16.301
4337,1640237416317,0.15870045,2.0044167,7.5224013,2021:12:23:14:30:16.317
4338,1640237416339,-0.052700527,2.774563,7.852379,2021:12:23:14:30:16.339
4339,1640237416357,-0.4419658,1.8936257,10.299959,2021:12:23:14:30:16.357
4340,1640237416383,-0.26889247,2.682936,11.1299925,2021:12:23:14:30:16.383
4341,1640237416399,-0.32219186,5.045477,6.91395,2021:12:23:14:30:16.399
4342,1640237416416,-0.14432758,3.5824382,8.441667,2021:12:23:14:30:16.416
4343,1640237416434,0.21140099,2.9428453,8.889621,2021:12:23:14:30:16.434
4344,1640237416454,0.13474567,4.0351834,8.257813,2021:12:23:14:30:16.454
4345,1640237416474,-0.08623723,3.0147097,10.9317665,2021:12:23:14:30:16.474
4346,1640237416498,-0.3653105,4.511285,8.838119,2021:12:23:14:30:16.498
4347,1640237416515,-0.3653105,3.1542463,4.617285,2021:12:23:14:30:16.515
4348,1640237416537,0.16828237,2.8512182,9.384886,2021:12:23:14:30:16.537
4349,1640237416555,-0.21619193,3.5057828,12.803833,2021:12:23:14:30:16.555
4350,1640237416582,-0.18744619,3.2315006,7.324176,2021:12:23:14:30:16.582
4351,1640237416600,0.32698283,2.879964,7.8667517,2021:12:23:14:30:16.600
4352,1640237416619,-0.105999924,2.663772,9.752592,2021:12:23:14:30:16.619
4353,1640237416637,-0.34135568,3.5009918,8.380582,2021:12:23:14:30:16.637
4354,1640237416666,0.043118615,4.01602,9.606468,2021:12:23:14:30:16.666
4355,1640237416682,0.14432758,2.288281,9.469926,2021:12:23:14:30:16.682
4356,1640237416700,-0.2305648,2.2014449,7.791294,2021:12:23:14:30:16.700
4357,1640237416716,0.25451958,4.915522,9.460343,2021:12:23:14:30:16.716
4358,1640237416738,-0.120372795,3.0440543,11.059325,2021:12:23:14:30:16.738
4359,1640237416757,-0.26470038,3.5584834,9.069282,2021:12:23:14:30:16.757
4360,1640237416781,0.26889247,3.7273645,8.5548525,2021:12:23:14:30:16.781
4361,1640237416800,0.20661002,3.2602463,10.611371,2021:12:23:14:30:16.800
4362,1640237416820,0.1006101,3.4674551,11.134783,2021:12:23:14:30:16.820
4363,1640237416836,-0.12516375,5.4832506,6.5791817,2021:12:23:14:30:16.836
4364,1640237416856,-0.2209829,2.605682,2.0044167,2021:12:23:14:30:16.856
4365,1640237416876,-0.009581914,0.9312423,18.335592,2021:12:23:14:30:16.876
4366,1640237416899,-0.13474567,5.1227307,14.030318,2021:12:23:14:30:16.899
4367,1640237416920,-0.014372871,4.7137027,3.0326757,2021:12:23:14:30:16.920
4368,1640237416936,0.42280197,2.8608003,8.93214,2021:12:23:14:30:16.936
4369,1640237416955,-0.19702812,3.2027547,9.130366,2021:12:23:14:30:16.955
4370,1640237416982,-0.44256467,3.197964,7.828424,2021:12:23:14:30:16.982
4371,1640237416999,0.062282443,2.7260547,10.979077,2021:12:23:14:30:16.999
4372,1640237417016,-0.17307332,1.3498522,10.856309,2021:12:23:14:30:17.016
4373,1640237417038,0.21619193,3.2650373,7.8475876,2021:12:23:14:30:17.038
4374,1640237417057,0.16289254,7.4128084,5.3952165,2021:12:23:14:30:17.057
4375,1640237417083,-0.20661002,1.7109705,8.078752,2021:12:23:14:30:17.083
4376,1640237417098,-0.31260994,1.3839878,10.125089,2021:12:23:14:30:17.098
4377,1640237417117,0.047909573,3.5009918,11.035371,2021:12:23:14:30:17.117
4378,1640237417139,-0.024553655,3.0290825,11.256952,2021:12:23:14:30:17.139
4379,1640237417157,0.12935585,4.2561665,9.804693,2021:12:23:14:30:17.157
4380,1640237417181,0.047909573,4.520867,6.6732044,2021:12:23:14:30:17.181
4381,1640237417197,-0.4713104,3.3422914,7.5553393,2021:12:23:14:30:17.197
4382,1640237417217,-0.42699406,2.9284725,8.97466,2021:12:23:14:30:17.217
4383,1640237417234,-0.14372872,2.288281,11.413258,2021:12:23:14:30:17.234
4384,1640237417266,0.14492646,3.69802,8.24404,2021:12:23:14:30:17.266
4385,1640237417282,0.09701688,3.8136017,6.6312833,2021:12:23:14:30:17.282
4386,1640237417300,-0.052101657,4.4298387,10.38979,2021:12:23:14:30:17.300
4387,1640237417316,-0.21559307,4.0399747,9.295654,2021:12:23:14:30:17.316
4388,1640237417337,-0.31141222,2.7308455,8.305124,2021:12:23:14:30:17.337
4389,1640237417354,-0.24912977,2.3313994,10.56406,2021:12:23:14:30:17.354
4390,1640237417382,-0.2012202,3.1255007,9.36153,2021:12:23:14:30:17.382
4391,1640237417398,0.35153648,3.3614552,8.357225,2021:12:23:14:30:17.398
4392,1640237417417,-0.17247446,3.587229,7.3762774,2021:12:23:14:30:17.417
4393,1640237417436,-0.35992065,1.8217615,8.385373,2021:12:23:14:30:17.436
4394,1640237417457,-0.22038403,2.0912528,11.974399,2021:12:23:14:30:17.457
4395,1640237417481,-0.19163829,4.7568216,11.681551,2021:12:23:14:30:17.481
4396,1640237417497,-0.061683573,4.728076,5.998877,2021:12:23:14:30:17.497
4397,1640237417517,0.3275817,2.8033087,7.197215,2021:12:23:14:30:17.517
4398,1640237417537,0.19762698,3.399783,9.904106,2021:12:23:14:30:17.537
4399,1640237417558,-0.52760416,3.274619,8.041022,2021:12:23:14:30:17.558
4400,1640237417581,-0.17666654,3.2650373,8.357225,2021:12:23:14:30:17.581
4401,1640237417598,-0.16229367,2.360744,12.040274,2021:12:23:14:30:17.598
4402,1640237417619,-0.35932177,3.7417374,10.3706255,2021:12:23:14:30:17.619
4403,1640237417638,-0.018564958,5.113149,6.0036683,2021:12:23:14:30:17.638
4404,1640237417665,-0.31141222,3.914811,8.064978,2021:12:23:14:30:17.665
4405,1640237417683,-0.36411273,1.2007337,11.41745,2021:12:23:14:30:17.683
4406,1640237417700,-0.29703933,3.063218,10.38979,2021:12:23:14:30:17.700
4407,1640237417736,-0.36411273,3.38541,8.583598,2021:12:23:14:30:17.736
4408,1640237417753,-0.42699406,3.288992,9.550174,2021:12:23:14:30:17.753
4409,1640237417781,-0.104802184,4.155556,10.38979,2021:12:23:14:30:17.781
4410,1640237417797,-0.12875697,4.814313,5.4287534,2021:12:23:14:30:17.797
4411,1640237417817,-0.42699406,2.470936,8.027248,2021:12:23:14:30:17.817
4412,1640237417836,-0.01796609,2.9715912,10.342479,2021:12:23:14:30:17.836
4413,1640237417856,-0.19103941,3.1063368,7.6499605,2021:12:23:14:30:17.856
4414,1640237417880,-0.52760416,3.486619,9.007598,2021:12:23:14:30:17.880
4415,1640237417897,-0.5371861,3.399783,10.894037,2021:12:23:14:30:17.897
4416,1640237417915,-0.54676795,3.188382,8.989034,2021:12:23:14:30:17.915
4417,1640237417937,-0.42160422,3.5393195,6.961261,2021:12:23:14:30:17.937
4418,1640237417957,-0.37848562,3.2506645,8.809971,2021:12:23:14:30:17.957
4419,1640237417981,-0.15271176,2.1104167,10.168207,2021:12:23:14:30:17.981
4420,1640237417997,0.2030168,3.0099187,9.300446,2021:12:23:14:30:17.997
4421,1640237418019,0.23176254,3.1686192,9.729236,2021:12:23:14:30:18.019
4422,1640237418038,0.24134447,3.3279185,11.144365,2021:12:23:14:30:18.038
4423,1640237418064,0.390463,4.742449,8.744096,2021:12:23:14:30:18.064
4424,1640237418080,0.34255344,4.11663,7.286447,2021:12:23:14:30:18.080
4425,1640237418099,-0.15271176,3.1638284,8.677621,2021:12:23:14:30:18.099
4426,1640237418118,0.03473444,3.3129468,10.319122,2021:12:23:14:30:18.118
4427,1640237418147,0.025152525,3.59202,9.041135,2021:12:23:14:30:18.147
4428,1640237418164,0.18864393,3.7561104,8.215893,2021:12:23:14:30:18.164
4429,1640237418182,-0.30662125,2.6733541,9.281281,2021:12:23:14:30:18.182
4430,1640237418197,-0.16708463,4.3477936,8.380582,2021:12:23:14:30:18.197
4431,1640237418216,-0.24493769,2.8847551,7.3804693,2021:12:23:14:30:18.216
4432,1640237418237,-0.105401054,2.8655913,10.384998,2021:12:23:14:30:18.237
4433,1640237418269,-0.3653105,2.28349,11.21024,2021:12:23:14:30:18.269
4434,1640237418280,0.023954786,3.375828,9.517237,2021:12:23:14:30:18.280
4435,1640237418299,-0.0670734,2.9236815,8.6207285,2021:12:23:14:30:18.299
4436,1640237418316,-0.3174009,3.8279748,7.8571696,2021:12:23:14:30:18.316
4437,1640237418338,-0.28865516,3.404574,7.77213,2021:12:23:14:30:18.338
4438,1640237418355,-0.19223715,2.9332635,9.111202,2021:12:23:14:30:18.355
4439,1640237418382,0.1006101,3.0488453,11.243178,2021:12:23:14:30:18.382
4440,1640237418400,0.16349141,3.5297377,9.394468,2021:12:23:14:30:18.400
4441,1640237418419,0.15870045,4.9011493,7.324176,2021:12:23:14:30:18.419
4442,1640237418437,0.062282443,3.2458735,8.842909,2021:12:23:14:30:18.437
4443,1640237418465,-0.30302805,3.38541,10.021484,2021:12:23:14:30:18.465
4444,1640237418480,-0.12516375,3.5489016,7.465509,2021:12:23:14:30:18.480
4445,1640237418498,0.16349141,2.6398172,7.975147,2021:12:23:14:30:18.498
4446,1640237418516,0.19702812,2.0235806,9.304638,2021:12:23:14:30:18.516
4447,1640237418537,0.124564886,3.0290825,9.097428,2021:12:23:14:30:18.537
4448,1640237418565,-0.3174009,3.7417374,9.125575,2021:12:23:14:30:18.565
4449,1640237418579,-0.06288131,3.0440543,8.460831,2021:12:23:14:30:18.579
4450,1640237418594,0.08623723,2.8368454,9.1489315,2021:12:23:14:30:18.594
4451,1640237418620,-0.17307332,3.6836472,9.870569,2021:12:23:14:30:18.620
4452,1640237418637,0.28326535,3.5393195,9.61605,2021:12:23:14:30:18.637
4453,1640237418663,0.028745743,2.3313994,9.002808,2021:12:23:14:30:18.663
4454,1640237418679,-0.10120897,3.4285285,7.9038815,2021:12:23:14:30:18.679
4455,1640237418696,-0.07725418,3.2602463,8.187147,2021:12:23:14:30:18.696
4456,1640237418715,-0.07246323,3.6644833,6.7678256,2021:12:23:14:30:18.715
4457,1640237418739,0.07665531,2.8560092,10.144253,2021:12:23:14:30:18.739
4458,1640237418756,0.18205637,3.0344725,11.110828,2021:12:23:14:30:18.756
4459,1640237418778,-0.00059886964,4.309466,9.153723,2021:12:23:14:30:18.778
4460,1640237418796,0.39405623,4.28072,6.2821426,2021:12:23:14:30:18.796
4461,1640237418816,-0.010180783,2.774563,8.96987,2021:12:23:14:30:18.816
4462,1640237418838,-0.38507318,2.774563,12.375042,2021:12:23:14:30:18.838
4463,1640237418867,-0.3509376,3.077591,10.205338,2021:12:23:14:30:18.867
4464,1640237418883,-0.010180783,3.4141557,8.158999,2021:12:23:14:30:18.883
4465,1640237418897,0.2641015,2.4086537,9.781338,2021:12:23:14:30:18.897
4466,1640237418917,-0.22637272,4.295093,8.677621,2021:12:23:14:30:18.917
4467,1640237418939,-0.2982371,3.8812742,7.498447,2021:12:23:14:30:18.939
4468,1640237418957,-0.22637272,3.082382,7.0271363,2021:12:23:14:30:18.957
4469,1640237418984,-0.38986415,1.7930157,9.974174,2021:12:23:14:30:18.984
4470,1640237418999,0.037728786,3.7273645,12.676872,2021:12:23:14:30:18.999
4471,1640237419020,-0.22637272,4.809522,9.054909,2021:12:23:14:30:19.020
4472,1640237419037,-0.15450837,4.01602,6.1683574,2021:12:23:14:30:19.037
4473,1640237419066,-0.053299397,2.6733541,9.634615,2021:12:23:14:30:19.066
4474,1640237419080,-0.5246098,3.789647,10.889247,2021:12:23:14:30:19.080
4475,1640237419097,-0.35632744,3.2362914,8.866265,2021:12:23:14:30:19.097
4476,1640237419115,-0.014971741,2.4517722,9.27649,2021:12:23:14:30:19.115
4477,1640237419137,-0.18325411,2.7308455,9.342366,2021:12:23:14:30:19.137
4478,1640237419155,-0.24074559,3.3279185,8.200921,2021:12:23:14:30:19.155
4479,1640237419175,0.023355916,5.1945953,8.592582,2021:12:23:14:30:19.175
4480,1640237419198,-0.37549126,2.6350265,9.5783205,2021:12:23:14:30:19.198
4481,1640237419217,-0.34015796,2.7068908,8.305124,2021:12:23:14:30:19.217
4482,1640237419236,0.092225924,3.5009918,9.290864,2021:12:23:14:30:19.236
4483,1640237419264,-0.023355916,4.4537935,8.838119,2021:12:23:14:30:19.264
4484,1640237419280,0.18804507,2.687727,9.069282,2021:12:23:14:30:19.280
4485,1640237419298,-0.33057603,3.2315006,7.1403227,2021:12:23:14:30:19.298
4486,1640237419317,-0.28745744,2.4421904,8.899202,2021:12:23:14:30:19.317
4487,1640237419339,-0.008983045,1.9373432,10.81858,2021:12:23:14:30:19.339
4488,1640237419365,-0.19583037,4.1262116,8.828536,2021:12:23:14:30:19.365
4489,1640237419379,-0.0035932178,3.2554553,9.351948,2021:12:23:14:30:19.379
4490,1640237419398,0.053898267,3.1302917,9.550174,2021:12:23:14:30:19.398
4491,1640237419420,0.2700902,3.2267096,9.384886,2021:12:23:14:30:19.420
4492,1640237419439,-0.061683573,4.0447655,10.677247,2021:12:23:14:30:19.439
4493,1640237419463,-0.24433881,4.1357937,8.654265,2021:12:23:14:30:19.463
4494,1640237419481,-0.037728786,2.894337,9.592694,2021:12:23:14:30:19.481
4495,1640237419500,0.029943481,3.4626641,10.629936,2021:12:23:14:30:19.500
4496,1640237419537,0.13055357,4.5741663,7.418797,2021:12:23:14:30:19.537
4497,1640237419553,0.092225924,3.2315006,9.366322,2021:12:23:14:30:19.553
4498,1640237419581,-0.104802184,3.8764832,11.021597,2021:12:23:14:30:19.581
4499,1640237419597,-0.29703933,3.3279185,8.97466,2021:12:23:14:30:19.597
4500,1640237419616,-0.032338962,3.4626641,7.654153,2021:12:23:14:30:19.616
4501,1640237419635,0.11138975,4.2082567,8.446457,2021:12:23:14:30:19.635
4502,1640237419661,0.039525397,2.4182355,7.5553393,2021:12:23:14:30:19.661
4503,1640237419681,0.25092638,2.2212074,10.432309,2021:12:23:14:30:19.681
4504,1640237419697,-0.31620318,3.303365,10.455665,2021:12:23:14:30:19.697
4505,1640237419717,-0.39764944,2.572145,9.187259,2021:12:23:14:30:19.717
4506,1640237419737,0.26529926,2.985964,8.777034,2021:12:23:14:30:19.737
4507,1640237419755,0.0059886966,4.121421,9.107011,2021:12:23:14:30:19.755
4508,1640237419779,-0.061084703,3.063218,9.314219,2021:12:23:14:30:19.779
4509,1640237419797,0.15989819,3.0440543,8.324288,2021:12:23:14:30:19.797
4510,1640237419820,0.10240671,2.7164726,8.295542,2021:12:23:14:30:19.820
4511,1640237419837,-0.027548004,3.0099187,8.795598,2021:12:23:14:30:19.837
4512,1640237419862,-0.11378523,3.9004378,9.908897,2021:12:23:14:30:19.862
4513,1640237419881,0.010779654,4.819104,8.423101,2021:12:23:14:30:19.881
4514,1640237419900,-0.046711832,3.2650373,8.767451,2021:12:23:14:30:19.900
4515,1640237419917,0.015570611,3.3470824,8.4752035,2021:12:23:14:30:19.917
4516,1640237419953,0.28985292,3.6405284,8.357225,2021:12:23:14:30:19.953
4517,1640237419958,0.06887001,3.1159186,8.4752035,2021:12:23:14:30:19.958
4518,1640237419976,-0.52700526,2.1343713,9.196841,2021:12:23:14:30:19.976
4519,1640237419995,-0.48867762,2.3313994,8.272186,2021:12:23:14:30:19.995
4520,1640237420015,-0.33476812,2.774563,7.791294,2021:12:23:14:30:20.015
4521,1640237420036,-0.27248567,3.5153646,10.550286,2021:12:23:14:30:20.036
4522,1640237420061,-0.27248567,3.087173,11.012014,2021:12:23:14:30:20.061
4523,1640237420079,-0.4024404,4.179511,7.381068,2021:12:23:14:30:20.079
4524,1640237420097,-0.27248567,2.875173,8.536288,2021:12:23:14:30:20.097
4525,1640237420116,-0.022757046,3.3327096,10.852117,2021:12:23:14:30:20.116
4526,1640237420146,-0.2820676,3.5584834,11.653404,2021:12:23:14:30:20.146
4527,1640237420163,-0.46472284,3.8279748,9.220197,2021:12:23:14:30:20.163
4528,1640237420180,-0.2820676,3.6501105,8.706367,2021:12:23:14:30:20.180
4529,1640237420196,0.016169481,3.197964,4.989782,2021:12:23:14:30:20.196
4530,1640237420217,-0.16289254,3.4429016,8.050605,2021:12:23:14:30:20.217
4531,1640237420237,-0.2682936,4.2903023,12.926601,2021:12:23:14:30:20.237
4532,1640237420261,-0.47969458,3.6022007,9.583112,2021:12:23:14:30:20.261
4533,1640237420279,-0.08563836,3.4189467,8.838119,2021:12:23:14:30:20.279
4534,1640237420298,0.058090355,3.7752743,9.91788,2021:12:23:14:30:20.298
4535,1640237420321,-0.023355916,4.872403,8.135644,2021:12:23:14:30:20.321
4536,1640237420345,-0.18684733,3.0967548,5.80125,2021:12:23:14:30:20.345
4537,1640237420361,-0.60485834,1.0037055,10.47423,2021:12:23:14:30:20.361
4538,1640237420377,-0.6623498,1.1863607,14.002171,2021:12:23:14:30:20.377
4539,1640237420394,-0.26350263,3.0728002,9.069282,2021:12:23:14:30:20.394
4540,1640237420414,-0.052101657,5.8731146,5.305985,2021:12:23:14:30:20.414
4541,1640237420437,0.043717485,2.5577722,9.489089,2021:12:23:14:30:20.437
4542,1640237420455,-0.09042931,4.213048,10.677247,2021:12:23:14:30:20.455
4543,1640237420476,-0.08563836,3.7609012,8.385373,2021:12:23:14:30:20.476
4544,1640237420498,0.10180784,3.6117828,9.196242,2021:12:23:14:30:20.498
4545,1640237420516,-0.0041920873,2.4565632,8.724932,2021:12:23:14:30:20.516
4546,1640237420535,-0.2976382,3.5153646,7.5882773,2021:12:23:14:30:20.535
4547,1640237420560,-0.056892615,3.886065,7.734401,2021:12:23:14:30:20.560
4548,1640237420581,0.014971741,2.38949,8.918366,2021:12:23:14:30:20.581
4549,1640237420597,-0.023355916,2.3170266,7.9511924,2021:12:23:14:30:20.597
4550,1640237420617,0.106598794,2.5529811,8.385373,2021:12:23:14:30:20.617
4551,1640237420636,0.23116368,4.001048,10.214919,2021:12:23:14:30:20.636
4552,1640237420661,0.24553655,2.9476364,9.451361,2021:12:23:14:30:20.661
4553,1640237420678,0.16888124,3.3518734,10.319122,2021:12:23:14:30:20.678
4554,1640237420699,-0.018564958,3.3327096,9.2717,2021:12:23:14:30:20.699
4555,1640237420717,0.005389827,2.9188907,9.889733,2021:12:23:14:30:20.717
4556,1640237420747,0.20720889,3.2123368,8.456039,2021:12:23:14:30:20.747
4557,1640237420762,-0.20601116,2.5242355,9.894525,2021:12:23:14:30:20.762
4558,1640237420778,0.024553655,3.481828,9.074073,2021:12:23:14:30:20.778
4559,1640237420794,0.20241794,3.587229,9.286073,2021:12:23:14:30:20.794
4560,1640237420813,0.44256467,5.4592957,7.0223455,2021:12:23:14:30:20.813
4561,1640237420834,0.50544596,2.9093087,7.5319834,2021:12:23:14:30:20.834
4562,1640237420860,0.1401355,4.1405845,9.526818,2021:12:23:14:30:20.860
4563,1640237420875,0.19283602,2.678145,9.766965,2021:12:23:14:30:20.875
4564,1640237420894,0.7647565,3.5632744,9.22918,2021:12:23:14:30:20.894
4565,1640237420913,0.17846315,2.8176816,9.564547,2021:12:23:14:30:20.913
4566,1640237420935,0.18804507,3.1350825,10.700603,2021:12:23:14:30:20.935
4567,1640237420963,0.5533555,3.2650373,7.791294,2021:12:23:14:30:20.963
4568,1640237420976,0.6635476,2.1104167,6.4707866,2021:12:23:14:30:20.976
4569,1640237420995,0.26470038,2.2212074,10.946139,2021:12:23:14:30:20.995
4570,1640237421017,-0.07605644,2.3846989,11.464761,2021:12:23:14:30:21.017
4571,1640237421038,0.23595464,4.6795673,7.7769213,2021:12:23:14:30:21.038
4572,1640237421064,0.5821013,3.6309466,7.7625484,2021:12:23:14:30:21.064
4573,1640237421080,0.34674552,4.073511,9.61605,2021:12:23:14:30:21.080
4574,1640237421098,0.105999924,3.8716922,8.437474,2021:12:23:14:30:21.098
4575,1640237421117,0.07246323,4.111839,8.559644,2021:12:23:14:30:21.117
4576,1640237421145,-0.22517498,3.0195007,10.144253,2021:12:23:14:30:21.145
4577,1640237421163,-0.49945727,1.9421343,9.804693,2021:12:23:14:30:21.163
4578,1640237421179,-0.24912977,3.7417374,7.418797,2021:12:23:14:30:21.179
4579,1640237421215,-0.37010142,4.0303926,9.073474,2021:12:23:14:30:21.215
4580,1640237421233,-0.66294867,3.303365,9.61605,2021:12:23:14:30:21.233
4581,1640237421260,-0.36051953,2.8997269,9.215406,2021:12:23:14:30:21.260
4582,1640237421278,-0.3174009,3.38541,7.923045,2021:12:23:14:30:21.278
4583,1640237421294,-0.13474567,3.087173,9.668152,2021:12:23:14:30:21.294
4584,1640237421313,-0.28326535,2.8368454,10.408354,2021:12:23:14:30:21.313
4585,1640237421336,-0.93244004,4.155556,8.380582,2021:12:23:14:30:21.336
4586,1640237421361,-0.5335928,3.1350825,8.682412,2021:12:23:14:30:21.361
4587,1640237421377,-0.12995471,2.658981,10.9647045,2021:12:23:14:30:21.377
4588,1640237421395,-0.028745743,3.7321556,9.290864,2021:12:23:14:30:21.395
4589,1640237421416,0.014372871,4.102257,8.196729,2021:12:23:14:30:21.416
4590,1640237421436,-0.24972863,3.9004378,8.738706,2021:12:23:14:30:21.436
4591,1640237421460,-0.11558184,3.274619,8.257813,2021:12:23:14:30:21.460
4592,1640237421477,0.038327657,2.9428453,9.950818,2021:12:23:14:30:21.477
4593,1640237421496,0.110192016,3.7171838,10.34727,2021:12:23:14:30:21.496
4594,1640237421518,0.08144627,3.5057828,9.814276,2021:12:23:14:30:21.518
4595,1640237421544,-0.07246323,4.0495563,8.8848295,2021:12:23:14:30:21.544
4596,1640237421560,-0.29344612,3.2075458,7.281656,2021:12:23:14:30:21.560
4597,1640237421579,0.0,2.9093087,8.215294,2021:12:23:14:30:21.579
4598,1640237421596,-0.110790886,2.605682,9.625631,2021:12:23:14:30:21.596
4599,1640237421628,-0.28865516,3.4141557,8.93214,2021:12:23:14:30:21.628
4600,1640237421645,-0.16828237,2.072089,8.644683,2021:12:23:14:30:21.645
4601,1640237421660,-0.014372871,3.5776472,11.799528,2021:12:23:14:30:21.660
4602,1640237421677,-0.26470038,4.2082567,10.601789,2021:12:23:14:30:21.677
4603,1640237421694,-0.004790957,4.684358,6.0976906,2021:12:23:14:30:21.694
4604,1640237421714,-0.06288131,2.889546,6.6217017,2021:12:23:14:30:21.714
4605,1640237421744,-0.3174009,2.6541903,10.808998,2021:12:23:14:30:21.744
4606,1640237421760,-0.019762699,2.2547443,10.4365015,2021:12:23:14:30:21.760
4607,1640237421777,-0.09641801,3.1255007,9.375304,2021:12:23:14:30:21.777
4608,1640237421796,-0.15390949,4.1411834,7.946401,2021:12:23:14:30:21.796
4609,1640237421816,-0.20241794,3.409365,7.809859,2021:12:23:14:30:21.816
4610,1640237421835,-0.13953662,4.3334208,7.3804693,2021:12:23:14:30:21.835
4611,1640237421859,0.11498297,4.2417936,5.998877,2021:12:23:14:30:21.859
4612,1640237421876,-0.04850844,1.7109705,9.550174,2021:12:23:14:30:21.876
4613,1640237421896,0.14851967,1.8505071,12.813415,2021:12:23:14:30:21.896
4614,1640237421915,0.028745743,3.4770372,9.993338,2021:12:23:14:30:21.915
4615,1640237421936,-0.14911854,4.131003,6.7815995,2021:12:23:14:30:21.936
4616,1640237421962,-0.18804507,2.4859078,9.394468,2021:12:23:14:30:21.962
4617,1640237421978,-0.30302805,3.298574,9.941236,2021:12:23:14:30:21.978
4618,1640237421996,-0.091627054,3.0536363,8.998016,2021:12:23:14:30:21.996
4619,1640237422027,0.21080211,3.6165738,9.36153,2021:12:23:14:30:22.027
4620,1640237422047,0.20601116,2.7068908,8.913576,2021:12:23:14:30:22.047
4621,1640237422061,0.22517498,3.3710372,8.512333,2021:12:23:14:30:22.061
4622,1640237422078,0.037728786,4.087884,6.583374,2021:12:23:14:30:22.078
4623,1640237422095,-0.06767227,4.0543475,10.026276,2021:12:23:14:30:22.095
4624,1640237422112,-0.005389827,2.8655913,9.719654,2021:12:23:14:30:22.112
4625,1640237422144,-0.35153648,3.5728562,7.970356,2021:12:23:14:30:22.144
4626,1640237422158,0.17247446,3.2123368,8.149418,2021:12:23:14:30:22.158
4627,1640237422180,0.18684733,2.576936,11.5498,2021:12:23:14:30:22.180
4628,1640237422197,-0.029344613,3.7944381,11.214433,2021:12:23:14:30:22.197
4629,1640237422215,-0.34554777,3.6261556,8.333271,2021:12:23:14:30:22.215
4630,1640237422234,-0.26889247,3.380619,6.7774076,2021:12:23:14:30:22.234
4631,1640237422261,0.20241794,2.2547443,8.541079,2021:12:23:14:30:22.261
4632,1640237422277,-0.105401054,2.288281,10.39458,2021:12:23:14:30:22.277
4633,1640237422296,-0.08144627,4.319048,9.266909,2021:12:23:14:30:22.296
4634,1640237422316,-0.0335367,2.576936,11.408466,2021:12:23:14:30:22.316
4635,1640237422343,0.1736722,5.0694313,10.851518,2021:12:23:14:30:22.343
4636,1640237422359,0.00059886964,3.6309466,6.1168547,2021:12:23:14:30:22.359
4637,1640237422377,0.038926527,4.4585843,8.989034,2021:12:23:14:30:22.377
4638,1640237422397,0.04850844,3.496201,8.639893,2021:12:23:14:30:22.397
4639,1640237422425,-0.34075683,3.2075458,7.791294,2021:12:23:14:30:22.425
4640,1640237422444,0.024553655,1.2971517,8.229667,2021:12:23:14:30:22.444
4641,1640237422460,0.39465508,3.0488453,10.662874,2021:12:23:14:30:22.460
4642,1640237422478,-0.0670734,3.780065,7.899689,2021:12:23:14:30:22.478
4643,1640237422500,-0.40303928,2.8847551,8.814163,2021:12:23:14:30:22.500
4644,1640237422517,0.058090355,4.4394207,9.210615,2021:12:23:14:30:22.517
4645,1640237422547,-0.1676835,2.9715912,9.955608,2021:12:23:14:30:22.547
4646,1640237422564,0.091627054,2.8224726,9.719654,2021:12:23:14:30:22.564
4647,1640237422577,0.07725418,2.9093087,10.573643,2021:12:23:14:30:22.577
4648,1640237422593,0.0868361,3.0242918,9.262716,2021:12:23:14:30:22.593
4649,1640237422621,-0.2641015,2.687727,8.135644,2021:12:23:14:30:22.621
4650,1640237422646,-0.21080211,3.5776472,8.305124,2021:12:23:14:30:22.646
4651,1640237422662,-0.0041920873,4.343003,9.177677,2021:12:23:14:30:22.662
4652,1640237422677,-0.028146872,3.5153646,8.003294,2021:12:23:14:30:22.677
4653,1640237422695,-0.07126549,3.5201557,8.097916,2021:12:23:14:30:22.695
4654,1640237422714,0.17846315,3.702811,8.078752,2021:12:23:14:30:22.714
4655,1640237422742,0.21199985,3.7752743,8.762661,2021:12:23:14:30:22.742
4656,1640237422760,0.024553655,2.6733541,9.719654,2021:12:23:14:30:22.760
4657,1640237422777,-0.49945727,3.2123368,10.842535,2021:12:23:14:30:22.777
4658,1640237422795,-0.08623723,2.9524274,8.588389,2021:12:23:14:30:22.795
4659,1640237422818,-0.19642924,2.870382,8.154209,2021:12:23:14:30:22.818
4660,1640237422842,-0.21080211,3.1350825,9.484299,2021:12:23:14:30:22.842
4661,1640237422861,0.00059886964,2.38949,9.517237,2021:12:23:14:30:22.861
4662,1640237422876,-0.028146872,3.197964,8.559644,2021:12:23:14:30:22.876
4663,1640237422899,-0.56173974,2.5050716,9.790919,2021:12:23:14:30:22.899
4664,1640237422917,0.16409028,3.9339747,10.922783,2021:12:23:14:30:22.917
4665,1640237422942,-0.07126549,4.4442115,4.5184712,2021:12:23:14:30:22.942
4666,1640237422958,-0.26350263,3.6117828,5.7299848,2021:12:23:14:30:22.958
4667,1640237422978,-0.27308455,2.3409815,13.478759,2021:12:23:14:30:22.978
4668,1640237422997,0.0868361,3.5584834,13.723697,2021:12:23:14:30:22.997
4669,1640237423027,0.06767227,4.4298387,7.041509,2021:12:23:14:30:23.027
4670,1640237423043,-0.22038403,4.3861213,5.8856907,2021:12:23:14:30:23.043
4671,1640237423059,-0.16289254,3.188382,10.149044,2021:12:23:14:30:23.059
4672,1640237423095,-0.24433881,3.0099187,10.941348,2021:12:23:14:30:23.095
4673,1640237423114,-0.36950257,3.6884382,9.111801,2021:12:23:14:30:23.114
4674,1640237423141,-0.08563836,3.1350825,8.818954,2021:12:23:14:30:23.141
4675,1640237423157,-0.15331063,1.5474792,10.191564,2021:12:23:14:30:23.157
4676,1640237423177,0.106598794,3.9866753,8.399746,2021:12:23:14:30:23.177
4677,1640237423196,-0.4557398,4.482539,6.923532,2021:12:23:14:30:23.196
4678,1640237423217,-0.43178502,3.8375566,9.932253,2021:12:23:14:30:23.217
4679,1640237423242,-0.33057603,2.6685631,9.819067,2021:12:23:14:30:23.242
4680,1640237423255,-0.22996594,3.1398735,7.489464,2021:12:23:14:30:23.255
4681,1640237423279,-0.047310703,2.8560092,8.375791,2021:12:23:14:30:23.279
4682,1640237423297,-0.12875697,3.991466,10.498185,2021:12:23:14:30:23.297
4683,1640237423324,-0.69109553,2.7020998,8.187147,2021:12:23:14:30:23.324
4684,1640237423342,-0.4892765,3.063218,7.8242316,2021:12:23:14:30:23.342
4685,1640237423360,-0.19642924,2.2451622,11.469551,2021:12:23:14:30:23.360
4686,1640237423380,-0.38387543,4.2082567,9.847214,2021:12:23:14:30:23.380
4687,1640237423396,-0.119175054,2.8272636,9.168096,2021:12:23:14:30:23.396
4688,1640237423426,0.058689225,3.895647,10.861099,2021:12:23:14:30:23.426
4689,1640237423440,0.092225924,3.7704833,8.659056,2021:12:23:14:30:23.440
4690,1640237423460,-0.19642924,3.1015458,8.772243,2021:12:23:14:30:23.460
4691,1640237423476,-0.33057603,4.203466,8.512932,2021:12:23:14:30:23.476
4692,1640237423499,-0.052101657,3.8423476,8.677621,2021:12:23:14:30:23.499
4693,1640237423517,-0.29224837,2.764981,8.550661,2021:12:23:14:30:23.517
4694,1640237423540,-0.15750271,3.0584273,8.8477,2021:12:23:14:30:23.540
4695,1640237423557,-0.1143841,4.1262116,7.465509,2021:12:23:14:30:23.557
4696,1640237423578,-0.17187558,2.985964,10.248456,2021:12:23:14:30:23.578
4697,1640237423595,-0.37369466,3.6022007,10.885055,2021:12:23:14:30:23.595
4698,1640237423616,-0.43178502,3.6261556,7.725418,2021:12:23:14:30:23.616
4699,1640237423642,-0.104802184,2.5290265,9.61605,2021:12:23:14:30:23.642
4700,1640237423657,-0.095220275,3.2362914,12.110941,2021:12:23:14:30:23.657
4701,1640237423677,-0.23954785,3.005128,8.818954,2021:12:23:14:30:23.677
4702,1640237423697,0.1401355,2.9093087,8.267395,2021:12:23:14:30:23.697
4703,1640237423717,-0.13833888,3.0242918,7.2960286,2021:12:23:14:30:23.717
4704,1640237423742,-0.18624845,2.480518,9.0830555,2021:12:23:14:30:23.742
4705,1640237423757,0.1934349,2.985964,8.451248,2021:12:23:14:30:23.757
4706,1640237423776,0.0011977393,4.4346294,5.84377,2021:12:23:14:30:23.776
4707,1640237423797,0.18385299,3.3081558,9.125575,2021:12:23:14:30:23.797
4708,1640237423827,0.21259873,2.2930717,13.238013,2021:12:23:14:30:23.827
4709,1640237423840,0.601864,4.607703,9.375903,2021:12:23:14:30:23.840
4710,1640237423859,0.5246098,4.073511,6.9516788,2021:12:23:14:30:23.859
4711,1640237423876,0.30841786,3.3183367,9.979564,2021:12:23:14:30:23.876
4712,1640237423896,-0.095220275,2.5913088,11.389303,2021:12:23:14:30:23.896
4713,1640237423913,0.3036269,2.9572182,7.5505486,2021:12:23:14:30:23.913
4714,1640237423941,0.25571734,1.9948348,8.918366,2021:12:23:14:30:23.941
4715,1640237423959,0.40962684,3.1255007,9.540592,2021:12:23:14:30:23.959
4716,1640237423981,-0.056293745,2.2403712,9.446569,2021:12:23:14:30:23.981
4717,1640237423996,0.24613541,4.809522,6.7444696,2021:12:23:14:30:23.996
4718,1640237424015,-0.027548004,3.9675114,7.3900514,2021:12:23:14:30:24.015
4719,1640237424043,0.025152525,3.0680091,12.016918,2021:12:23:14:30:24.043
4720,1640237424061,0.19822586,3.9435565,9.640004,2021:12:23:14:30:24.061
4721,1640237424075,0.25092638,4.0495563,6.9941983,2021:12:23:14:30:24.075
4722,1640237424097,0.2269716,2.899128,10.031066,2021:12:23:14:30:24.097
4723,1640237424116,0.19822586,2.8368454,11.6581955,2021:12:23:14:30:24.116
4724,1640237424143,-0.23894899,3.087173,7.763147,2021:12:23:14:30:24.143
4725,1640237424159,-0.061084703,2.480518,8.305124,2021:12:23:14:30:24.159
4726,1640237424179,0.092225924,2.687727,10.488603,2021:12:23:14:30:24.179
4727,1640237424196,-0.18624845,3.3129468,9.969982,2021:12:23:14:30:24.196
4728,1640237424225,0.0011977393,3.6022007,7.126549,2021:12:23:14:30:24.225
4729,1640237424239,0.21738967,3.9387655,10.035857,2021:12:23:14:30:24.239
4730,1640237424258,0.32818055,4.011229,10.116106,2021:12:23:14:30:24.258
4731,1640237424278,-0.041920874,3.380619,6.480368,2021:12:23:14:30:24.278
4732,1640237424300,0.053898267,3.4674551,7.418797,2021:12:23:14:30:24.300
4733,1640237424323,-0.080248535,3.082382,12.040274,2021:12:23:14:30:24.323
4734,1640237424339,-0.16708463,3.087173,10.1065235,2021:12:23:14:30:24.339
4735,1640237424358,-0.11857619,3.0967548,8.399746,2021:12:23:14:30:24.358
4736,1640237424376,0.15510723,3.6501105,9.507654,2021:12:23:14:30:24.376
4737,1640237424394,-0.094621405,3.9339747,8.324288,2021:12:23:14:30:24.394
4738,1640237424414,-0.20062132,2.4906988,6.4426394,2021:12:23:14:30:24.414
4739,1640237424442,-0.49825954,2.1343713,10.319122,2021:12:23:14:30:24.442
4740,1640237424457,-0.0035932178,3.59202,11.785754,2021:12:23:14:30:24.457
4741,1640237424476,-0.046711832,3.1734102,8.342853,2021:12:23:14:30:24.476
4742,1640237424498,0.06887001,3.59202,5.7443576,2021:12:23:14:30:24.498
4743,1640237424516,-0.21499419,3.3614552,7.2487183,2021:12:23:14:30:24.516
4744,1640237424541,-0.20541228,3.3566644,11.413258,2021:12:23:14:30:24.541
4745,1640237424556,-0.29164952,2.8176816,9.998129,2021:12:23:14:30:24.556
4746,1640237424579,-0.349141,3.799229,9.847214,2021:12:23:14:30:24.579
4747,1640237424595,0.11198862,3.1159186,9.61605,2021:12:23:14:30:24.595
4748,1640237424619,-0.33476812,3.2458735,8.512932,2021:12:23:14:30:24.619
4749,1640237424642,-0.32518622,3.2362914,9.243553,2021:12:23:14:30:24.642
4750,1640237424658,-0.16648576,3.8663023,9.941834,2021:12:23:14:30:24.658
4751,1640237424678,-0.094621405,3.3375006,8.432683,2021:12:23:14:30:24.678
4752,1640237424699,-0.13774002,2.7068908,8.229667,2021:12:23:14:30:24.699
4753,1640237424716,0.025751395,2.9715912,8.447056,2021:12:23:14:30:24.716
4754,1640237424739,0.025751395,4.1507654,8.541079,2021:12:23:14:30:24.739
4755,1640237424777,0.054497138,3.8519294,8.41352,2021:12:23:14:30:24.777
4756,1640237424793,-0.3012314,3.2554553,10.559269,2021:12:23:14:30:24.793
4757,1640237424816,-0.013175132,3.3422914,10.814388,2021:12:23:14:30:24.816
4758,1640237424843,0.36171725,3.4578733,9.356739,2021:12:23:14:30:24.843
4759,1640237424861,0.31859866,3.380619,7.2157803,2021:12:23:14:30:24.861
4760,1640237424876,-0.48388666,2.264326,9.375903,2021:12:23:14:30:24.876
4761,1640237424895,-0.4695138,2.4373994,12.016918,2021:12:23:14:30:24.895
4762,1640237424913,0.6216267,3.2027547,9.23457,2021:12:23:14:30:24.913
4763,1640237424942,0.43897143,3.7267656,6.4659953,2021:12:23:14:30:24.942
4764,1640237424960,-0.25332186,2.7985177,8.126062,2021:12:23:14:30:24.960
4765,1640237424975,0.17486994,3.7123928,9.644795,2021:12:23:14:30:24.975
4766,1640237424994,0.4341805,3.9243927,8.550661,2021:12:23:14:30:24.994
4767,1640237425024,-0.0125762625,3.6549015,8.659056,2021:12:23:14:30:25.024
4768,1640237425040,0.18924281,3.4476924,9.026762,2021:12:23:14:30:25.040
4769,1640237425058,-0.3826777,2.7068908,11.710297,2021:12:23:14:30:25.058
4770,1640237425076,-0.11857619,3.496201,10.186772,2021:12:23:14:30:25.076
4771,1640237425096,0.35752517,3.8663023,8.088333,2021:12:23:14:30:25.096
4772,1640237425124,-0.28685856,3.0488453,9.720253,2021:12:23:14:30:25.124
4773,1640237425140,-0.26769474,2.8464274,9.205824,2021:12:23:14:30:25.140
4774,1640237425157,0.17966089,3.087173,7.489464,2021:12:23:14:30:25.157
4775,1640237425180,0.03533331,3.188382,8.399746,2021:12:23:14:30:25.180
4776,1640237425196,-0.01736722,3.293783,7.9278364,2021:12:23:14:30:25.196
4777,1640237425213,0.058090355,3.1788,8.993824,2021:12:23:14:30:25.213
4778,1640237425239,-0.24014673,2.889546,10.073586,2021:12:23:14:30:25.239
4779,1640237425257,-0.14372872,4.203466,10.3376875,2021:12:23:14:30:25.257
4780,1640237425273,0.2838642,4.7951493,8.276978,2021:12:23:14:30:25.273
4781,1640237425294,-0.0335367,2.6200547,7.687091,2021:12:23:14:30:25.294
4782,1640237425313,-0.4850844,2.6200547,11.002433,2021:12:23:14:30:25.313
4783,1640237425339,-0.110192016,3.197964,9.512445,2021:12:23:14:30:25.339
4784,1640237425355,-0.047909573,2.8080997,7.899689,2021:12:23:14:30:25.355
4785,1640237425376,-0.528203,2.4906988,10.521541,2021:12:23:14:30:25.376
4786,1640237425395,-0.5425759,3.380619,9.946027,2021:12:23:14:30:25.395
4787,1640237425424,-0.13893776,4.2753305,7.805068,2021:12:23:14:30:25.424
4788,1640237425440,-0.85997677,3.6836472,5.117341,2021:12:23:14:30:25.440
4789,1640237425457,-0.88872254,3.0242918,11.172512,2021:12:23:14:30:25.457
4790,1640237425477,-0.5383838,3.8375566,12.634353,2021:12:23:14:30:25.477
4791,1640237425500,-0.2976382,3.9531384,7.442153,2021:12:23:14:30:25.500
4792,1640237425527,-0.27368343,3.3662462,4.7256804,2021:12:23:14:30:25.527
4793,1640237425544,-0.095819145,1.9469252,9.762174,2021:12:23:14:30:25.544
4794,1640237425558,-0.42759293,2.5481904,12.054048,2021:12:23:14:30:25.558
4795,1640237425580,0.014372871,3.481828,8.154209,2021:12:23:14:30:25.580
4796,1640237425597,0.091627054,3.996257,6.126436,2021:12:23:14:30:25.597
4797,1640237425622,-0.1006101,2.4326084,9.3471575,2021:12:23:14:30:25.622
4798,1640237425640,0.32698283,2.6685631,10.234083,2021:12:23:14:30:25.640
4799,1640237425655,0.14911854,3.0536363,9.356739,2021:12:23:14:30:25.655
4800,1640237425674,0.11558184,4.6795673,7.8853164,2021:12:23:14:30:25.674
4801,1640237425707,-0.37010142,3.0099187,9.163304,2021:12:23:14:30:25.707
4802,1640237425723,-0.038327657,2.4182355,10.9647045,2021:12:23:14:30:25.723
4803,1640237425742,0.019163828,2.605682,9.7484,2021:12:23:14:30:25.742
4804,1640237425758,-0.091627054,3.6069918,9.031553,2021:12:23:14:30:25.758
4805,1640237425776,-0.37010142,4.304675,8.97466,2021:12:23:14:30:25.776
4806,1640237425796,-0.40363812,3.4141557,8.979451,2021:12:23:14:30:25.796
4807,1640237425823,-0.16828237,3.3949919,9.493281,2021:12:23:14:30:25.823
4808,1640237425837,-0.31260994,3.7609012,7.979339,2021:12:23:14:30:25.837
4809,1640237425856,0.19223715,4.0399747,8.871056,2021:12:23:14:30:25.856
4810,1640237425875,-0.50005615,3.2410824,7.3619046,2021:12:23:14:30:25.875
4811,1640237425896,-0.34135568,2.475727,10.21971,2021:12:23:14:30:25.896
4812,1640237425923,0.009581914,3.4333196,10.040648,2021:12:23:14:30:25.923
4813,1640237425940,-0.023954786,3.7609012,8.767451,2021:12:23:14:30:25.940
4814,1640237425957,0.0,3.1159186,9.498073,2021:12:23:14:30:25.957
4815,1640237425978,0.004790957,2.9093087,10.054422,2021:12:23:14:30:25.978
4816,1640237425997,0.33596587,2.9620092,9.597485,2021:12:23:14:30:25.997
4817,1640237426022,0.44675675,3.188382,7.5224013,2021:12:23:14:30:26.022
4818,1640237426039,0.16289254,2.9668002,8.07396,2021:12:23:14:30:26.039
4819,1640237426058,0.07186436,2.3799078,9.045327,2021:12:23:14:30:26.058
4820,1640237426077,0.34554777,2.870382,8.998016,2021:12:23:14:30:26.077
4821,1640237426106,0.31680202,2.7985177,9.332785,2021:12:23:14:30:26.106
4822,1640237426122,0.25931054,4.2465844,9.978965,2021:12:23:14:30:26.122
4823,1640237426138,0.110192016,3.6692743,8.908785,2021:12:23:14:30:26.138
4824,1640237426155,0.31680202,4.073511,10.016693,2021:12:23:14:30:26.155
4825,1640237426175,0.18684733,3.9196017,8.946513,2021:12:23:14:30:26.175
4826,1640237426194,-0.091627054,2.9668002,6.701351,2021:12:23:14:30:26.194
4827,1640237426214,0.110790886,2.1583261,8.403937,2021:12:23:14:30:26.214
4828,1640237426242,0.005389827,2.1391623,9.074073,2021:12:23:14:30:26.242
4829,1640237426255,0.04850844,2.7595913,12.808623,2021:12:23:14:30:26.255
4830,1640237426274,-0.19642924,3.780065,8.75787,2021:12:23:14:30:26.274
4831,1640237426295,0.23116368,4.0639296,5.2538834,2021:12:23:14:30:26.295
4832,1640237426321,0.60126513,3.6884382,8.946513,2021:12:23:14:30:26.321
4833,1640237426342,-0.46053076,3.0290825,10.309541,2021:12:23:14:30:26.342
4834,1640237426357,-0.2784744,3.6405284,10.229292,2021:12:23:14:30:26.357
4835,1640237426378,0.043717485,3.693229,7.324176,2021:12:23:14:30:26.378
4836,1640237426395,-0.27308455,2.0864618,11.026388,2021:12:23:14:30:26.395
4837,1640237426421,-0.22996594,2.605682,11.710297,2021:12:23:14:30:26.421
4838,1640237426440,-0.18205637,2.8368454,7.9422092,2021:12:23:14:30:26.440
4839,1640237426458,0.043717485,3.8471386,8.11169,2021:12:23:14:30:26.458
4840,1640237426476,-0.19642924,4.8628216,8.446457,2021:12:23:14:30:26.476
4841,1640237426497,-0.35033873,3.1542463,9.738818,2021:12:23:14:30:26.497
4842,1640237426521,0.06767227,2.581727,9.097428,2021:12:23:14:30:26.521
4843,1640237426541,0.38028222,4.097466,6.6354756,2021:12:23:14:30:26.541
4844,1640237426558,-0.06647453,3.380619,7.5553393,2021:12:23:14:30:26.558
4845,1640237426579,-0.23954785,2.5960999,11.153348,2021:12:23:14:30:26.579
4846,1640237426621,-0.37908447,2.8033087,10.988659,2021:12:23:14:30:26.621
4847,1640237426638,0.13055357,4.309466,8.366209,2021:12:23:14:30:26.638
4848,1640237426655,0.09641801,2.769772,8.465621,2021:12:23:14:30:26.655
4849,1640237426674,0.10180784,2.6350265,11.620466,2021:12:23:14:30:26.674
4850,1640237426695,0.20720889,3.9387655,8.885428,2021:12:23:14:30:26.695
4851,1640237426720,0.4186099,3.404574,6.1030803,2021:12:23:14:30:26.720
4852,1640237426739,0.19762698,2.774563,7.409215,2021:12:23:14:30:26.739
4853,1640237426757,-0.14851967,2.0139985,10.521541,2021:12:23:14:30:26.757
4854,1640237426776,0.21199985,2.7595913,12.40798,2021:12:23:14:30:26.776
4855,1640237426796,0.08204514,3.9435565,6.70195,2021:12:23:14:30:26.796
4856,1640237426823,0.11618071,3.6405284,4.296291,2021:12:23:14:30:26.823
4857,1640237426841,0.34674552,3.1063368,11.403676,2021:12:23:14:30:26.841
4858,1640237426856,-0.43657598,3.1350825,12.6157875,2021:12:23:14:30:26.856
4859,1640237426876,-0.37908447,3.6644833,8.191937,2021:12:23:14:30:26.876
4860,1640237426897,0.27907324,3.1063368,6.6732044,2021:12:23:14:30:26.897
4861,1640237426917,-0.03293783,1.9079987,12.83737,2021:12:23:14:30:26.917
4862,1640237426943,-0.50424826,3.1638284,11.969607,2021:12:23:14:30:26.943
4863,1640237426958,-0.19163829,3.674065,6.4564137,2021:12:23:14:30:26.958
4864,1640237426980,-0.119773924,4.2753305,5.8856907,2021:12:23:14:30:26.980
4865,1640237427004,0.20720889,4.121421,13.959651,2021:12:23:14:30:27.004
4866,1640237427022,0.13055357,3.789647,9.832841,2021:12:23:14:30:27.022
4867,1640237427038,0.029344613,2.4661453,6.5887637,2021:12:23:14:30:27.038
4868,1640237427055,0.8030842,4.6891494,7.838006,2021:12:23:14:30:27.055
4869,1640237427074,-0.013774002,4.516076,8.5219145,2021:12:23:14:30:27.074
4870,1640237427095,0.15929933,2.7595913,9.630423,2021:12:23:14:30:27.095
4871,1640237427119,-0.11498297,2.1918628,8.300333,2021:12:23:14:30:27.119
4872,1640237427141,0.15450837,3.7704833,9.743609,2021:12:23:14:30:27.141
4873,1640237427156,0.40902796,3.7219748,10.450874,2021:12:23:14:30:27.156
4874,1640237427178,0.08743497,2.981173,9.61605,2021:12:23:14:30:27.178
4875,1640237427195,0.120971665,2.1247895,8.390163,2021:12:23:14:30:27.195
4876,1640237427220,0.15390949,4.9634314,9.338174,2021:12:23:14:30:27.220
4877,1640237427237,0.404237,3.0099187,8.833327,2021:12:23:14:30:27.237
4878,1640237427256,-0.043118615,1.6145525,8.272186,2021:12:23:14:30:27.256
4879,1640237427277,-0.038327657,2.4954898,10.413145,2021:12:23:14:30:27.277
4880,1640237427304,-0.124564886,3.1788,8.885428,2021:12:23:14:30:27.304
4881,1640237427322,-0.64857584,3.9483476,8.20631,2021:12:23:14:30:27.322
4882,1640237427337,0.058090355,3.7273645,8.663248,2021:12:23:14:30:27.337
4883,1640237427356,0.52401096,2.682936,9.3471575,2021:12:23:14:30:27.356
4884,1640237427379,0.10120897,4.2082567,10.752705,2021:12:23:14:30:27.379
4885,1640237427405,-0.44675675,3.5057828,8.828536,2021:12:23:14:30:27.405
4886,1640237427420,0.3174009,3.2842011,7.7439833,2021:12:23:14:30:27.420
4887,1640237427437,-0.4084291,4.217839,6.748662,2021:12:23:14:30:27.437
4888,1640237427453,-1.244451,2.5913088,9.602276,2021:12:23:14:30:27.453
4889,1640237427473,-0.6964854,2.9045177,10.134671,2021:12:23:14:30:27.473
4890,1640237427496,-0.76834977,4.0687203,8.724932,2021:12:23:14:30:27.496
4891,1640237427520,-0.6006662,3.5153646,11.195868,2021:12:23:14:30:27.520
4892,1640237427536,-1.0090953,4.790358,8.597372,2021:12:23:14:30:27.536
4893,1640237427554,-0.6581577,3.8375566,3.8106074,2021:12:23:14:30:27.554
4894,1640237427575,-0.6198301,2.6200547,10.446083,2021:12:23:14:30:27.575
4895,1640237427595,-0.91267735,4.0687203,11.3611555,2021:12:23:14:30:27.595
4896,1640237427616,-0.028745743,3.592619,7.9044805,2021:12:23:14:30:27.616
4897,1640237427637,-0.50424826,2.8416364,7.42778,2021:12:23:14:30:27.637
4898,1640237427657,-0.5713216,2.5433993,10.1723995,2021:12:23:14:30:27.657
4899,1640237427677,-0.6054572,3.4770372,8.729723,2021:12:23:14:30:27.677
4900,1640237427696,-0.34554777,4.90594,10.884456,2021:12:23:14:30:27.696
4901,1640237427722,0.20241794,3.7123928,7.381068,2021:12:23:14:30:27.722
4902,1640237427738,0.41381893,4.0687203,6.8103456,2021:12:23:14:30:27.738
4903,1640237427756,-0.15331063,2.9380543,10.1394615,2021:12:23:14:30:27.756
4904,1640237427788,0.17307332,0.5898866,11.082682,2021:12:23:14:30:27.788
4905,1640237427804,-0.3120111,4.511285,9.724445,2021:12:23:14:30:27.804
4906,1640237427822,0.08204514,4.0399747,7.7296104,2021:12:23:14:30:27.822
4907,1640237427839,-0.20181906,2.9524274,8.559644,2021:12:23:14:30:27.839
4908,1640237427858,0.07725418,2.7068908,9.366322,2021:12:23:14:30:27.858
4909,1640237427878,0.5916832,4.2417936,6.946888,2021:12:23:14:30:27.878
4910,1640237427903,0.5479657,4.0639296,8.031441,2021:12:23:14:30:27.903
4911,1640237427920,0.024553655,3.693229,9.753191,2021:12:23:14:30:27.920
4912,1640237427939,0.3174009,2.4517722,9.870569,2021:12:23:14:30:27.939
4913,1640237427955,-0.08623723,2.7308455,10.521541,2021:12:23:14:30:27.955
4914,1640237427975,0.17307332,3.409365,9.158513,2021:12:23:14:30:27.975
4915,1640237427994,-0.057491485,3.8669012,8.041022,2021:12:23:14:30:27.994
4916,1640237428020,-0.56173974,4.011229,10.601789,2021:12:23:14:30:28.020
4917,1640237428036,-0.7156492,3.077591,7.81465,2021:12:23:14:30:28.036
4918,1640237428056,-0.59587526,2.870382,7.1546955,2021:12:23:14:30:28.056
4919,1640237428077,0.5821013,3.380619,10.47423,2021:12:23:14:30:28.077
4920,1640237428103,0.39944604,3.9818842,10.144253,2021:12:23:14:30:28.103
4921,1640237428120,-0.2209829,3.59741,7.475091,2021:12:23:14:30:28.120
4922,1640237428137,-0.15810159,3.5489016,6.597747,2021:12:23:14:30:28.137
4923,1640237428157,0.5383838,2.9572182,11.653404,2021:12:23:14:30:28.157
4924,1640237428179,0.30781898,3.9435565,8.889621,2021:12:23:14:30:28.179
4925,1640237428204,-0.1676835,1.6870158,9.819067,2021:12:23:14:30:28.204
4926,1640237428224,1.024666,3.5105739,10.757495,2021:12:23:14:30:28.224
4927,1640237428239,0.4186099,3.4381106,8.772243,2021:12:23:14:30:28.239
4928,1640237428258,0.6114459,2.981173,9.36153,2021:12:23:14:30:28.258
4929,1640237428279,1.2648127,2.6446083,10.34727,2021:12:23:14:30:28.279
4930,1640237428299,0.84201074,4.728076,8.781225,2021:12:23:14:30:28.299
4931,1640237428322,0.33237264,4.9346857,7.102594,2021:12:23:14:30:28.322
4932,1640237428341,0.12576263,2.9715912,8.423101,2021:12:23:14:30:28.341
4933,1640237428359,0.57251936,4.2609572,8.314706,2021:12:23:14:30:28.359
4934,1640237428380,0.24134447,4.107048,10.4035635,2021:12:23:14:30:28.380
4935,1640237428408,-0.42699406,3.274619,8.828536,2021:12:23:14:30:28.408
4936,1640237428424,-0.638395,3.9052289,9.597485,2021:12:23:14:30:28.424
4937,1640237428456,-0.052101657,3.6165738,9.319011,2021:12:23:14:30:28.456
4938,1640237428473,-0.6240222,3.3279185,8.611746,2021:12:23:14:30:28.473
4939,1640237428495,-0.2587117,4.227421,10.153834,2021:12:23:14:30:28.495
4940,1640237428524,-1.0180783,3.49141,8.300333,2021:12:23:14:30:28.524
4941,1640237428543,-0.3886664,3.5776472,9.592694,2021:12:23:14:30:28.543
4942,1640237428557,0.015570611,3.3614552,9.036344,2021:12:23:14:30:28.557
4943,1640237428576,-0.58090353,4.3142567,8.465621,2021:12:23:14:30:28.576
4944,1640237428602,-0.7731407,3.5632744,9.432197,2021:12:23:14:30:28.602
4945,1640237428620,-0.89291465,4.79994,8.536288,2021:12:23:14:30:28.620
4946,1640237428639,-0.2778755,3.587229,8.856683,2021:12:23:14:30:28.639
4947,1640237428656,-0.7054684,3.404574,7.475091,2021:12:23:14:30:28.656
4948,1640237428677,-0.22038403,2.394281,9.738818,2021:12:23:14:30:28.677
4949,1640237428702,-0.19103941,4.179511,6.367182,2021:12:23:14:30:28.702
4950,1640237428718,-0.47011265,3.077591,8.380582,2021:12:23:14:30:28.718
4951,1640237428737,-0.643186,2.8176816,8.786016,2021:12:23:14:30:28.737
4952,1640237428755,-0.34973988,2.7260547,9.979564,2021:12:23:14:30:28.755
4953,1640237428774,-0.15271176,3.188382,10.022083,2021:12:23:14:30:28.774
4954,1640237428792,-0.056892615,3.091964,8.998615,2021:12:23:14:30:28.792
4955,1640237428818,-0.042519744,4.121421,8.390163,2021:12:23:14:30:28.818
4956,1640237428836,0.31799978,3.4578733,8.644683,2021:12:23:14:30:28.836
4957,1640237428855,0.09701688,3.087173,8.621327,2021:12:23:14:30:28.855
4958,1640237428874,0.33237264,3.8567204,9.187259,2021:12:23:14:30:28.874
4959,1640237428903,0.120971665,3.3566644,10.69162,2021:12:23:14:30:28.903
4960,1640237428920,0.15989819,3.481828,9.177677,2021:12:23:14:30:28.920
4961,1640237428936,-0.3689037,4.179511,7.8805256,2021:12:23:14:30:28.936
4962,1640237428955,-1.5127447,4.0399747,8.362017,2021:12:23:14:30:28.955
4963,1640237428978,-1.1378523,3.5393195,9.14953,2021:12:23:14:30:28.978
4964,1640237429005,-0.17187558,3.996257,9.507654,2021:12:23:14:30:29.005
4965,1640237429022,0.039525397,3.7267656,7.7391925,2021:12:23:14:30:29.022
4966,1640237429036,-0.15750271,2.9620092,9.328592,2021:12:23:14:30:29.036
4967,1640237429057,-0.68151367,2.5673542,9.766965,2021:12:23:14:30:29.057
4968,1640237429078,0.44795448,3.3949919,9.205824,2021:12:23:14:30:29.078
4969,1640237429102,0.6449826,3.890856,8.710559,2021:12:23:14:30:29.102
4970,1640237429120,0.18385299,3.5105739,6.795973,2021:12:23:14:30:29.120
4971,1640237429138,0.18864393,3.1302917,9.937044,2021:12:23:14:30:29.138
4972,1640237429157,0.1694801,2.9093087,9.540592,2021:12:23:14:30:29.157
4973,1640237429186,0.40483588,3.8327656,10.153834,2021:12:23:14:30:29.186
4974,1640237429201,0.8372198,3.7219748,8.724932,2021:12:23:14:30:29.201
4975,1640237429219,1.2552308,3.2362914,8.342853,2021:12:23:14:30:29.219
4976,1640237429237,0.8899203,3.5776472,9.540592,2021:12:23:14:30:29.237
4977,1640237429253,1.3851855,4.01602,8.362017,2021:12:23:14:30:29.253
4978,1640237429273,1.3708127,3.7752743,8.149418,2021:12:23:14:30:29.273
4979,1640237429295,0.8180559,3.4381106,9.309428,2021:12:23:14:30:29.295
4980,1640237429320,0.6258188,3.183591,7.786503,2021:12:23:14:30:29.320
4981,1640237429339,0.7653554,2.658981,10.101733,2021:12:23:14:30:29.339
4982,1640237429355,0.7360108,3.6069918,8.390163,2021:12:23:14:30:29.355
4983,1640237429376,1.2169031,3.7123928,8.866265,2021:12:23:14:30:29.376
4984,1640237429403,0.092225924,3.2506645,9.436988,2021:12:23:14:30:29.403
4985,1640237429418,0.40004492,2.0960438,8.550661,2021:12:23:14:30:29.418
4986,1640237429435,0.40004492,3.486619,11.153947,2021:12:23:14:30:29.435
4987,1640237429455,0.76056445,3.6357377,9.592694,2021:12:23:14:30:29.455
4988,1640237429475,0.72642887,3.9339747,9.107011,2021:12:23:14:30:29.475
4989,1640237429501,-0.34494892,3.8423476,8.908785,2021:12:23:14:30:29.501
4990,1640237429518,-0.056892615,4.1603475,8.281768,2021:12:23:14:30:29.518
4991,1640237429536,0.10180784,3.69802,10.299959,2021:12:23:14:30:29.536
4992,1640237429556,-0.18624845,3.399783,8.309915,2021:12:23:14:30:29.556
4993,1640237429585,-0.24912977,3.1207097,9.215406,2021:12:23:14:30:29.585
4994,1640237429601,-0.34015796,4.2465844,9.238762,2021:12:23:14:30:29.601
4995,1640237429619,-0.32099414,3.063218,9.012389,2021:12:23:14:30:29.619
4996,1640237429637,-0.20541228,3.6549015,9.456152,2021:12:23:14:30:29.637
4997,1640237429659,0.0011977393,3.674065,9.309428,2021:12:23:14:30:29.659
4998,1640237429678,-0.30662125,3.6309466,8.941723,2021:12:23:14:30:29.678
4999,1640237429704,-0.6090504,3.1207097,9.187259,2021:12:23:14:30:29.704
5000,1640237429721,-0.3689037,3.0728002,9.01718,2021:12:23:14:30:29.721
5001,1640237429742,0.28446308,2.4230266,9.83344,2021:12:23:14:30:29.742
5002,1640237429756,0.5683273,3.5584834,9.371112,2021:12:23:14:30:29.756
5003,1640237429777,0.67372835,3.3129468,9.7765465,2021:12:23:14:30:29.777
5004,1640237429795,-0.10001123,3.6501105,8.956096,2021:12:23:14:30:29.795
5005,1640237429822,0.07306209,3.1446645,8.324288,2021:12:23:14:30:29.822
5006,1640237429838,0.38567203,3.707602,9.535801,2021:12:23:14:30:29.838
5007,1640237429868,0.43837258,4.097466,8.526706,2021:12:23:14:30:29.868
5008,1640237429877,-0.72463226,3.1063368,8.89022,2021:12:23:14:30:29.877
5009,1640237429902,0.41441777,4.3621664,8.611746,2021:12:23:14:30:29.902
5010,1640237429918,1.6588689,3.3081558,9.469926,2021:12:23:14:30:29.918
5011,1640237429938,0.9863383,3.298574,10.535913,2021:12:23:14:30:29.938
5012,1640237429957,0.1694801,4.0639296,8.606955,2021:12:23:14:30:29.957
5013,1640237429986,0.34255344,3.188382,8.432683,2021:12:23:14:30:29.986
5014,1640237430003,0.4910731,2.4230266,8.772243,2021:12:23:14:30:30.003
5015,1640237430017,0.8899203,3.1782012,11.384512,2021:12:23:14:30:30.017
5016,1640237430037,0.06348018,3.799229,8.866265,2021:12:23:14:30:30.037
5017,1640237430058,-0.4359771,3.9435565,8.404536,2021:12:23:14:30:30.058
5018,1640237430087,-0.32578507,3.1686192,9.592694,2021:12:23:14:30:30.087
5019,1640237430101,-0.09042931,4.1843023,9.139949,2021:12:23:14:30:30.101
5020,1640237430136,-0.20541228,4.617285,7.8338137,2021:12:23:14:30:30.136
5021,1640237430153,-0.2778755,4.896358,6.763035,2021:12:23:14:30:30.153
5022,1640237430174,-0.57072276,3.6309466,8.370999,2021:12:23:14:30:30.174
5023,1640237430200,-0.8833327,2.1583261,12.9128275,2021:12:23:14:30:30.200
5024,1640237430216,-0.5084403,4.006438,7.6966724,2021:12:23:14:30:30.216
5025,1640237430234,0.2269716,3.674065,9.064491,2021:12:23:14:30:30.234
5026,1640237430256,0.6401916,3.288992,9.215406,2021:12:23:14:30:30.256
5027,1640237430275,0.20780776,3.409365,9.583112,2021:12:23:14:30:30.275
5028,1640237430299,-0.19583037,2.5002806,10.186772,2021:12:23:14:30:30.299
5029,1640237430317,0.07306209,3.7369466,8.460831,2021:12:23:14:30:30.317
5030,1640237430338,0.4239997,2.9620092,8.71535,2021:12:23:14:30:30.338
5031,1640237430356,0.24613541,3.5632744,7.993712,2021:12:23:14:30:30.356
5032,1640237430384,-0.07605644,3.0099187,9.587903,2021:12:23:14:30:30.384
5033,1640237430401,-0.44615787,4.6412396,8.998615,2021:12:23:14:30:30.401
5034,1640237430418,0.2700902,4.4346294,8.488977,2021:12:23:14:30:30.418
5035,1640237430438,0.9384287,3.3129468,8.927949,2021:12:23:14:30:30.438
5036,1640237430457,0.6976831,3.1015458,8.895011,2021:12:23:14:30:30.457
5037,1640237430484,0.5443725,3.4578733,9.003407,2021:12:23:14:30:30.484
5038,1640237430500,-0.25332186,3.5776472,10.035857,2021:12:23:14:30:30.500
5039,1640237430518,-0.64797693,3.8471386,7.51282,2021:12:23:14:30:30.518
5040,1640237430538,-0.2778755,1.7349254,9.625631,2021:12:23:14:30:30.538
5041,1640237430556,0.28925404,3.1590374,10.323914,2021:12:23:14:30:30.556
5042,1640237430585,0.0011977393,3.5584834,8.154209,2021:12:23:14:30:30.585
5043,1640237430602,-0.3018303,3.784856,10.653891,2021:12:23:14:30:30.602
5044,1640237430621,-0.10001123,3.6309466,6.9846168,2021:12:23:14:30:30.621
5045,1640237430636,0.24613541,2.779354,8.602163,2021:12:23:14:30:30.636
5046,1640237430654,0.90010107,3.4578733,7.951791,2021:12:23:14:30:30.654
5047,1640237430673,0.58270013,2.9140997,11.304862,2021:12:23:14:30:30.673
5048,1640237430695,-0.07605644,4.4681664,10.295168,2021:12:23:14:30:30.695
5049,1640237430722,1.1642026,4.1405845,6.753453,2021:12:23:14:30:30.722
5050,1640237430741,0.9863383,3.6261556,10.177191,2021:12:23:14:30:30.741
5051,1640237430755,0.98154736,4.295093,7.8805256,2021:12:23:14:30:30.755
5052,1640237430775,1.7025864,3.6836472,9.196841,2021:12:23:14:30:30.775
5053,1640237430800,1.3995583,4.8532395,6.5887637,2021:12:23:14:30:30.800
5054,1640237430818,0.909683,2.6493993,8.786016,2021:12:23:14:30:30.818
5055,1640237430837,0.106598794,3.000337,11.276116,2021:12:23:14:30:30.837
5056,1640237430859,0.3138077,3.5632744,4.4807425,2021:12:23:14:30:30.859
5057,1640237430884,0.45274544,2.692518,13.648239,2021:12:23:14:30:30.884
5058,1640237430900,0.1934349,5.5844593,7.2487183,2021:12:23:14:30:30.900
5059,1640237430917,0.13115245,2.6200547,9.526818,2021:12:23:14:30:30.917
5060,1640237430937,-0.5755137,3.077591,13.058951,2021:12:23:14:30:30.937
5061,1640237430957,-0.19583037,4.3142567,4.461579,2021:12:23:14:30:30.957
5062,1640237430983,-0.54676795,2.470936,12.658307,2021:12:23:14:30:30.983
5063,1640237431001,-0.095220275,4.092675,6.367182,2021:12:23:14:30:31.001
5064,1640237431021,-0.56114084,1.8600891,12.794849,2021:12:23:14:30:31.021
5065,1640237431037,-0.47969458,5.2766404,9.5783205,2021:12:23:14:30:31.037
5066,1640237431066,-0.25332186,5.141895,5.5419397,2021:12:23:14:30:31.066
5067,1640237431084,-0.5323951,2.7356365,8.423101,2021:12:23:14:30:31.084
5068,1640237431100,-0.5994685,3.8764832,8.097916,2021:12:23:14:30:31.100
5069,1640237431116,-0.79170567,3.6788561,11.446196,2021:12:23:14:30:31.116
5070,1640237431136,-0.39764944,5.102968,8.295542,2021:12:23:14:30:31.136
5071,1640237431155,-1.056406,4.59333,7.2960286,2021:12:23:14:30:31.155
5072,1640237431177,-0.959988,1.0324513,10.894037,2021:12:23:14:30:31.177
5073,1640237431202,-1.2145076,3.59202,10.059813,2021:12:23:14:30:31.202
5074,1640237431219,-1.598982,2.1966538,9.743609,2021:12:23:14:30:31.219
5075,1640237431236,-1.6900101,6.4743795,6.4612045,2021:12:23:14:30:31.236
5076,1640237431257,-0.73840624,2.658981,6.4612045,2021:12:23:14:30:31.257
5077,1640237431286,-1.291163,1.6097616,13.270951,2021:12:23:14:30:31.286
5078,1640237431302,-0.767152,4.987985,8.060186,2021:12:23:14:30:31.302
5079,1640237431315,-0.7240334,3.2506645,8.597971,2021:12:23:14:30:31.315
5080,1640237431337,-0.31081334,4.0208106,10.04544,2021:12:23:14:30:31.337
5081,1640237431356,-0.15690385,3.082382,7.965565,2021:12:23:14:30:31.356
5082,1640237431382,-0.40184152,3.4770372,9.7484,2021:12:23:14:30:31.382
5083,1640237431400,-0.2820676,4.2417936,7.3199835,2021:12:23:14:30:31.400
5084,1640237431419,-0.1952315,2.4613543,6.8007636,2021:12:23:14:30:31.419
5085,1640237431436,0.6455815,2.5338175,13.09668,2021:12:23:14:30:31.436
5086,1640237431468,0.45334432,2.8368454,8.956096,2021:12:23:14:30:31.468
5087,1640237431483,0.5012539,4.833477,5.848561,2021:12:23:14:30:31.483
5088,1640237431501,0.7419995,5.4401317,5.3437138,2021:12:23:14:30:31.501
5089,1640237431516,-0.20002246,2.3266084,9.126174,2021:12:23:14:30:31.516
5090,1640237431536,-0.20960437,3.8375566,9.385485,2021:12:23:14:30:31.536
5091,1640237431554,-0.38746867,3.1255007,11.620466,2021:12:23:14:30:31.554
5092,1640237431575,-0.45993188,2.5002806,9.692106,2021:12:23:14:30:31.575
5093,1640237431600,-0.055694874,3.6453195,5.527567,2021:12:23:14:30:31.600
5094,1640237431616,-0.026949134,1.8313433,10.35206,2021:12:23:14:30:31.616
5095,1640237431635,-0.20960437,3.59741,8.4093275,2021:12:23:14:30:31.635
5096,1640237431657,-0.767152,5.6419506,6.923532,2021:12:23:14:30:31.657
5097,1640237431683,-0.66654193,2.663772,11.3611555,2021:12:23:14:30:31.683
5098,1640237431698,-0.03174009,3.7369466,9.753191,2021:12:23:14:30:31.698
5099,1640237431717,0.040124267,2.9188907,9.10222,2021:12:23:14:30:31.717
5100,1640237431739,-0.26709586,4.6412396,8.493768,2021:12:23:14:30:31.739
5101,1640237431756,-0.17127672,3.7656922,8.484785,2021:12:23:14:30:31.756
5102,1640237431782,0.20361568,4.3861213,6.8480744,2021:12:23:14:30:31.782
5103,1640237431800,-0.25751394,0.9312423,7.074447,2021:12:23:14:30:31.800
5104,1640237431818,0.3431523,2.0864618,13.544635,2021:12:23:14:30:31.818
5105,1640237431837,0.58809,4.0687203,9.451361,2021:12:23:14:30:31.837
5106,1640237431864,0.18445185,4.5645843,4.532844,2021:12:23:14:30:31.864
5107,1640237431884,0.040124267,2.2355804,6.367182,2021:12:23:14:30:31.884
5108,1640237431902,0.47789797,4.7520304,10.328705,2021:12:23:14:30:31.902
5109,1640237431935,0.040124267,4.0447655,9.277089,2021:12:23:14:30:31.935
5110,1640237431953,0.13654228,3.274619,8.324288,2021:12:23:14:30:31.953
5111,1640237431974,0.27128795,2.4954898,9.168096,2021:12:23:14:30:31.974
5112,1640237431998,-0.28625968,1.2486432,10.248456,2021:12:23:14:30:31.998
5113,1640237432000,-0.48328778,2.2930717,12.030692,2021:12:23:14:30:32.000
5114,1640237432022,-1.1372534,2.687727,9.130366,2021:12:23:14:30:32.022
5115,1640237432056,-1.2905641,5.420968,8.041022,2021:12:23:14:30:32.056
5116,1640237432074,-0.7288243,3.298574,7.7158365,2021:12:23:14:30:32.074
5117,1640237432097,-1.5169368,0.85458696,9.399259,2021:12:23:14:30:32.097
5118,1640237432118,-1.3103268,4.2753305,6.5701985,2021:12:23:14:30:32.118
5119,1640237432137,-1.7427106,4.390912,8.338661,2021:12:23:14:30:32.137
5120,1640237432156,-0.95938915,4.087884,9.323801,2021:12:23:14:30:32.156
5121,1640237432180,-0.03174009,3.481828,8.857282,2021:12:23:14:30:32.180
5122,1640237432199,0.18924281,3.587229,13.290115,2021:12:23:14:30:32.199
5123,1640237432219,-0.15690385,4.814313,7.0037804,2021:12:23:14:30:32.219
5124,1640237432237,0.6216267,3.5009918,8.498559,2021:12:23:14:30:32.237
5125,1640237432257,-0.14253098,2.4565632,6.6875772,2021:12:23:14:30:32.257
5126,1640237432282,-0.29644048,1.1091065,11.743235,2021:12:23:14:30:32.282
5127,1640237432299,0.37129918,3.8183928,12.181607,2021:12:23:14:30:32.299
5128,1640237432316,-1.074971,3.0967548,7.1732607,2021:12:23:14:30:32.316
5129,1640237432338,-0.3156043,2.3074448,11.50728,2021:12:23:14:30:32.338
5130,1640237432357,-0.7144515,4.6508217,9.408841,2021:12:23:14:30:32.357
5131,1640237432381,-0.8444062,5.021522,5.0604486,2021:12:23:14:30:32.381
5132,1640237432398,-0.037129916,4.4633756,8.24404,2021:12:23:14:30:32.398
5133,1640237432415,0.9863383,5.704832,8.762661,2021:12:23:14:30:32.415
5134,1640237432434,1.4672306,2.0379534,6.2965155,2021:12:23:14:30:32.434
5135,1640237432457,2.9524274,1.9852529,7.975147,2021:12:23:14:30:32.457
5136,1640237432483,2.5344162,1.6480893,9.795711,2021:12:23:14:30:32.483
5137,1640237432499,1.2654115,3.8663023,11.290489,2021:12:23:14:30:32.499
5138,1640237432516,1.6067672,3.375828,10.210728,2021:12:23:14:30:32.516
5139,1640237432537,0.42938954,2.8847551,9.550174,2021:12:23:14:30:32.537
5140,1640237432555,0.40004492,4.005839,9.036344,2021:12:23:14:30:32.555
5141,1640237432581,0.3473444,2.9428453,9.041135,2021:12:23:14:30:32.581
5142,1640237432596,0.14552532,2.2110267,10.186772,2021:12:23:14:30:32.596
5143,1640237432618,0.9863383,4.8388667,7.6589437,2021:12:23:14:30:32.618
5144,1640237432638,0.32818055,2.7116816,9.507654,2021:12:23:14:30:32.638
5145,1640237432665,-0.18624845,3.7561104,9.83344,2021:12:23:14:30:32.665
5146,1640237432683,1.0540105,3.298574,10.163417,2021:12:23:14:30:32.683
5147,1640237432699,1.4432758,5.492832,7.3193846,2021:12:23:14:30:32.699
5148,1640237432718,1.3133211,3.8519294,6.730097,2021:12:23:14:30:32.718
5149,1640237432740,2.0726879,3.5536923,8.338062,2021:12:23:14:30:32.740
5150,1640237432756,1.0779654,-0.362915,10.3706255,2021:12:23:14:30:32.756
5151,1640237432783,1.1881573,1.5474792,9.587903,2021:12:23:14:30:32.783
5152,1640237432799,1.5774226,0.20002246,8.668638,2021:12:23:14:30:32.799
5153,1640237432815,1.3420669,1.065988,12.134895,2021:12:23:14:30:32.815
5154,1640237432834,0.48209006,2.4954898,5.7305837,2021:12:23:14:30:32.834
5155,1640237432854,0.15510723,1.1432421,11.898941,2021:12:23:14:30:32.854
5156,1640237432881,0.601864,5.1610584,14.379458,2021:12:23:14:30:32.881
5157,1640237432901,0.85698247,3.0195007,5.471273,2021:12:23:14:30:32.901
5158,1640237432915,1.8133773,3.7704833,9.559756,2021:12:23:14:30:32.915
5159,1640237432934,1.0055021,3.4333196,14.049481,2021:12:23:14:30:32.934
5160,1640237432955,0.11677958,2.6350265,8.220084,2021:12:23:14:30:32.955
5161,1640237432982,-0.01796609,2.6973088,9.224988,2021:12:23:14:30:32.982
5162,1640237432999,-0.9024965,2.9907548,9.8424225,2021:12:23:14:30:32.999
5163,1640237433017,-1.079762,5.232923,4.438223,2021:12:23:14:30:33.017
5164,1640237433035,-0.56114084,2.6008909,10.328705,2021:12:23:14:30:33.035
5165,1640237433064,-0.34015796,3.6261556,13.9033575,2021:12:23:14:30:33.064
5166,1640237433081,-2.7907324,3.1302917,7.34813,2021:12:23:14:30:33.081
5167,1640237433096,-1.810383,4.7616124,8.875847,2021:12:23:14:30:33.096
5168,1640237433117,-2.094247,-0.13235019,15.360407,2021:12:23:14:30:33.117
5169,1640237433139,-1.9355466,3.4141557,8.593181,2021:12:23:14:30:33.139
5170,1640237433165,-2.9111054,-1.2192986,8.267395,2021:12:23:14:30:33.165
5171,1640237433182,-3.0985515,2.2547443,10.243665,2021:12:23:14:30:33.182
5172,1640237433197,-1.9547105,2.658981,8.272186,2021:12:23:14:30:33.197
5173,1640237433215,-1.9690833,1.4366883,10.210728,2021:12:23:14:30:33.215
5174,1640237433233,-2.4158401,-0.9983157,9.790919,2021:12:23:14:30:33.233
5175,1640237433252,-1.2719991,0.99891454,7.994311,2021:12:23:14:30:33.252
5176,1640237433274,0.07366096,7.6918817,7.7110453,2021:12:23:14:30:33.274
5177,1640237433295,-1.2001348,2.4661453,7.456526,2021:12:23:14:30:33.295
5178,1640237433315,-1.9499196,-0.81506157,9.187259,2021:12:23:14:30:33.315
5179,1640237433338,-0.54137814,2.0816708,9.23457,2021:12:23:14:30:33.338
5180,1640237433356,0.909683,0.67133284,9.753191,2021:12:23:14:30:33.356
5181,1640237433380,2.4236255,2.6446083,6.7444696,2021:12:23:14:30:33.380
5182,1640237433397,0.904892,1.3402703,11.21024,2021:12:23:14:30:33.397
5183,1640237433417,0.28985292,1.5037616,11.587528,2021:12:23:14:30:33.417
5184,1640237433436,1.5876034,-0.8300333,9.253135,2021:12:23:14:30:33.436
5185,1640237433464,1.4816035,0.8204514,10.837744,2021:12:23:14:30:33.464
5186,1640237433483,0.9623835,1.7828349,9.281281,2021:12:23:14:30:33.483
5187,1640237433497,1.116293,1.4271064,8.724932,2021:12:23:14:30:33.497
5188,1640237433517,0.90010107,1.6145525,10.611371,2021:12:23:14:30:33.517
5189,1640237433540,1.2510387,2.976382,9.267508,2021:12:23:14:30:33.540
5190,1640237433565,1.0492196,2.4134445,10.592806,2021:12:23:14:30:33.565
5191,1640237433583,0.9288468,2.586518,11.29528,2021:12:23:14:30:33.583
5192,1640237433599,0.6887001,3.707602,9.941834,2021:12:23:14:30:33.599
5193,1640237433619,0.61204475,4.3142567,9.328592,2021:12:23:14:30:33.619
5194,1640237433638,-0.013175132,2.5577722,10.734139,2021:12:23:14:30:33.638
5195,1640237433663,-0.16648576,4.2657485,9.668152,2021:12:23:14:30:33.663
5196,1640237433680,-0.41202232,2.8655913,10.087959,2021:12:23:14:30:33.680
5197,1640237433698,-0.10420331,2.6398172,10.087959,2021:12:23:14:30:33.698
5198,1640237433735,-0.27727664,3.3081558,8.800389,2021:12:23:14:30:33.735
5199,1640237433752,-0.8539881,1.7540891,9.597485,2021:12:23:14:30:33.752
5200,1640237433779,-1.1324625,1.9079987,9.215406,2021:12:23:14:30:33.779
5201,1640237433797,-1.0318524,1.8169705,7.5176105,2021:12:23:14:30:33.797
5202,1640237433815,-1.1085078,2.1487443,10.035857,2021:12:23:14:30:33.815
5203,1640237433835,-1.2145076,1.9900438,9.753191,2021:12:23:14:30:33.835
5204,1640237433864,-0.868361,1.6870158,9.540592,2021:12:23:14:30:33.864
5205,1640237433879,-0.6904967,1.7876259,10.13527,2021:12:23:14:30:33.879
5206,1640237433898,-0.9743609,1.7924168,9.804693,2021:12:23:14:30:33.898
5207,1640237433915,-0.9695699,1.2923607,9.243553,2021:12:23:14:30:33.915
5208,1640237433947,0.23236142,3.3614552,9.658569,2021:12:23:14:30:33.947
5209,1640237433965,0.6168357,2.9093087,10.56406,2021:12:23:14:30:33.965
5210,1640237433979,0.28985292,2.7356365,10.319122,2021:12:23:14:30:33.979
5211,1640237433996,-0.19583037,1.465434,8.508141,2021:12:23:14:30:33.996
5212,1640237434018,-0.555751,1.7828349,9.300446,2021:12:23:14:30:34.018
5213,1640237434038,-0.42639518,2.5338175,10.168207,2021:12:23:14:30:34.038
5214,1640237434059,-0.41202232,2.1343713,9.701089,2021:12:23:14:30:34.059
5215,1640237434082,-0.08983044,2.0864618,8.744096,2021:12:23:14:30:34.082
5216,1640237434100,-0.5461691,3.390201,8.008084,2021:12:23:14:30:34.100
5217,1640237434117,-0.5898866,3.914811,8.276978,2021:12:23:14:30:34.117
5218,1640237434145,-0.18624845,2.375117,9.139949,2021:12:23:14:30:34.145
5219,1640237434164,0.18385299,1.9708799,10.319122,2021:12:23:14:30:34.164
5220,1640237434180,0.66953623,2.4954898,10.460456,2021:12:23:14:30:34.180
5221,1640237434197,0.9917281,2.1343713,9.550174,2021:12:23:14:30:34.197
5222,1640237434214,1.52053,1.5762249,10.913201,2021:12:23:14:30:34.214
5223,1640237434234,1.5444847,2.4421904,11.385111,2021:12:23:14:30:34.234
5224,1640237434256,1.2947562,1.9804618,10.271812,2021:12:23:14:30:34.256
5225,1640237434283,0.89051914,1.258824,10.375417,2021:12:23:14:30:34.283
5226,1640237434302,0.2994348,2.586518,9.187259,2021:12:23:14:30:34.302
5227,1640237434314,0.9246547,3.799229,9.658569,2021:12:23:14:30:34.314
5228,1640237434338,0.94860953,3.914811,10.483811,2021:12:23:14:30:34.338
5229,1640237434362,0.8138638,3.1494553,10.502975,2021:12:23:14:30:34.362
5230,1640237434379,0.58809,2.480518,9.767564,2021:12:23:14:30:34.379
5231,1640237434398,0.44855335,3.9435565,9.290864,2021:12:23:14:30:34.398
5232,1640237434417,-0.35393196,2.172699,8.706367,2021:12:23:14:30:34.417
5233,1640237434436,-0.81506157,2.663772,9.682525,2021:12:23:14:30:34.436
5234,1640237434462,-1.0025078,2.7308455,10.762286,2021:12:23:14:30:34.462
5235,1640237434479,-1.1755811,2.3266084,9.800502,2021:12:23:14:30:34.479
5236,1640237434499,-1.0168806,2.1295805,9.587903,2021:12:23:14:30:34.499
5237,1640237434519,-0.44496015,1.6678519,11.101846,2021:12:23:14:30:34.519
5238,1640237434538,-0.37788674,2.4278176,11.554591,2021:12:23:14:30:34.538
5239,1640237434562,-0.34435004,2.2110267,10.531122,2021:12:23:14:30:34.562
5240,1640237434581,0.16049707,2.278699,10.258038,2021:12:23:14:30:34.581
5241,1640237434598,0.32877943,2.788936,10.936557,2021:12:23:14:30:34.598
5242,1640237434621,0.376689,3.5536923,9.672942,2021:12:23:14:30:34.621
5243,1640237434638,0.18445185,3.2554553,10.738931,2021:12:23:14:30:34.638
5244,1640237434664,-0.41142344,2.7595913,10.498185,2021:12:23:14:30:34.664
5245,1640237434679,-1.2378635,2.5960999,10.950931,2021:12:23:14:30:34.679
5246,1640237434696,-1.7666655,2.774563,8.918366,2021:12:23:14:30:34.696
5247,1640237434714,-1.7522925,3.1638284,8.913576,2021:12:23:14:30:34.714
5248,1640237434738,-1.1659992,2.7164726,11.087472,2021:12:23:14:30:34.738
5249,1640237434756,-1.391773,2.4373994,10.559868,2021:12:23:14:30:34.756
5250,1640237434783,-1.9205749,2.870382,7.9188533,2021:12:23:14:30:34.783
5251,1640237434799,-1.7906202,2.605682,7.4846725,2021:12:23:14:30:34.799
5252,1640237434817,-0.34435004,2.475727,9.578919,2021:12:23:14:30:34.817
5253,1640237434840,-1.5888011,2.066699,6.2587867,2021:12:23:14:30:34.840
5254,1640237434856,-2.2331848,1.2055246,8.895011,2021:12:23:14:30:34.856
5255,1640237434881,-0.6563611,0.5365872,16.416813,2021:12:23:14:30:34.881
5256,1640237434899,-2.2523487,2.5673542,9.257926,2021:12:23:14:30:34.899
5257,1640237434916,-2.430213,3.895647,5.461691,2021:12:23:14:30:34.916
5258,1640237434946,-1.9780664,3.3231275,6.8103456,2021:12:23:14:30:34.946
5259,1640237434962,-1.1995358,1.9612981,11.611484,2021:12:23:14:30:34.962
5260,1640237434983,-1.5265187,3.303365,4.952053,2021:12:23:14:30:34.983
5261,1640237434997,-1.8433207,1.7061796,3.514167,2021:12:23:14:30:34.997
5262,1640237435016,0.107796535,1.3546431,8.588389,2021:12:23:14:30:35.016
5263,1640237435034,1.4869933,0.59467757,18.321817,2021:12:23:14:30:35.034
5264,1640237435054,0.19882472,2.17749,8.399746,2021:12:23:14:30:35.054
5265,1640237435081,-1.0120897,2.3313994,8.611746,2021:12:23:14:30:35.081
5266,1640237435098,0.9006999,3.1398735,8.880638,2021:12:23:14:30:35.098
5267,1640237435113,0.39106187,3.1111279,10.05023,2021:12:23:14:30:35.113
5268,1640237435135,0.18924281,3.80402,10.281394,2021:12:23:14:30:35.135
5269,1640237435155,-0.6467792,3.1063368,9.310027,2021:12:23:14:30:35.155
5270,1640237435176,-1.6367108,3.996257,9.692106,2021:12:23:14:30:35.176
5271,1640237435200,-1.0989258,5.617996,8.951304,2021:12:23:14:30:35.200
5272,1640237435217,-1.2666093,1.9852529,9.111801,2021:12:23:14:30:35.217
5273,1640237435245,-2.443987,0.89770555,9.017779,2021:12:23:14:30:35.245
5274,1640237435261,-2.5691507,-0.18984167,10.866489,2021:12:23:14:30:35.261
5275,1640237435278,-1.9008123,1.6001797,9.432796,2021:12:23:14:30:35.278
5276,1640237435297,-0.8485983,-0.1754688,8.899801,2021:12:23:14:30:35.297
5277,1640237435318,-0.42998838,-0.1419321,8.456039,2021:12:23:14:30:35.318
5278,1640237435346,0.2760789,1.3019426,5.7305837,2021:12:23:14:30:35.346
5279,1640237435363,-0.2958416,5.74316,7.8948984,2021:12:23:14:30:35.363
5280,1640237435379,1.2133099,2.1583261,17.105513,2021:12:23:14:30:35.379
5281,1640237435398,-0.22337838,2.0571172,10.215518,2021:12:23:14:30:35.398
5282,1640237435418,-0.3533331,2.7068908,8.583598,2021:12:23:14:30:35.418
5283,1640237435437,-0.61264366,2.879964,10.286185,2021:12:23:14:30:35.437
5284,1640237435462,0.8384175,3.3327096,12.870307,2021:12:23:14:30:35.462
5285,1640237435482,1.3480556,3.7417374,8.645282,2021:12:23:14:30:35.482
5286,1640237435500,2.1457498,2.985964,7.5134187,2021:12:23:14:30:35.500
5287,1640237435535,2.0062132,1.4318973,13.2763405,2021:12:23:14:30:35.535
5288,1640237435554,1.7852304,1.9469252,13.163155,2021:12:23:14:30:35.554
5289,1640237435578,1.5259198,2.3026538,10.059813,2021:12:23:14:30:35.578
5290,1640237435598,0.7138526,2.5481904,12.408579,2021:12:23:14:30:35.598
5291,1640237435615,-0.42998838,1.364225,14.139312,2021:12:23:14:30:35.615
5292,1640237435635,-1.2133099,1.6965977,11.219823,2021:12:23:14:30:35.635
5293,1640237435661,-2.4966874,0.7342142,10.719767,2021:12:23:14:30:35.661
5294,1640237435679,-3.486619,0.37788674,11.465359,2021:12:23:14:30:35.679
5295,1640237435695,-2.8092976,5.2910132,10.427518,2021:12:23:14:30:35.695
5296,1640237435717,-1.5882022,6.7438707,8.838119,2021:12:23:14:30:35.717
5297,1640237435743,-0.3293783,2.7691731,7.239735,2021:12:23:14:30:35.743
5298,1640237435762,-2.563761,-0.5892877,10.314332,2021:12:23:14:30:35.762
5299,1640237435782,-3.3566644,-2.9278736,11.748026,2021:12:23:14:30:35.782
5300,1640237435796,-3.4291275,1.7540891,10.917993,2021:12:23:14:30:35.796
5301,1640237435820,-1.9630947,3.4524834,10.8329525,2021:12:23:14:30:35.820
5302,1640237435845,-1.0450275,2.6248455,8.093124,2021:12:23:14:30:35.845
5303,1640237435860,-0.31440654,4.578957,8.017667,2021:12:23:14:30:35.860
5304,1640237435879,-0.13654228,3.0195007,9.5364,2021:12:23:14:30:35.879
5305,1640237435900,-0.41561553,3.2171278,10.757495,2021:12:23:14:30:35.900
5306,1640237435918,-0.5838979,2.480518,10.276603,2021:12:23:14:30:35.918
5307,1640237435944,0.18505071,2.889546,9.998728,2021:12:23:14:30:35.944
5308,1640237435961,0.21379647,1.5762249,11.413258,2021:12:23:14:30:35.961
5309,1640237435978,0.31021446,1.8457162,11.540816,2021:12:23:14:30:35.978
5310,1640237435994,-0.49227083,1.8984168,11.658794,2021:12:23:14:30:35.994
5311,1640237436016,-0.52580756,3.3081558,9.362129,2021:12:23:14:30:36.016
5312,1640237436034,-0.5066437,3.1255007,12.37085,2021:12:23:14:30:36.034
5313,1640237436060,-1.4295018,3.2602463,9.852603,2021:12:23:14:30:36.060
5314,1640237436079,-2.0637047,3.077591,10.069394,2021:12:23:14:30:36.079
5315,1640237436096,-2.2846878,4.3142567,11.370738,2021:12:23:14:30:36.096
5316,1640237436116,-0.8815361,4.025602,10.314332,2021:12:23:14:30:36.116
5317,1640237436145,-0.5114347,3.1446645,9.715462,2021:12:23:14:30:36.145
5318,1640237436161,-2.770371,2.7985177,8.583598,2021:12:23:14:30:36.161
5319,1640237436178,-3.0973537,2.3409815,11.017405,2021:12:23:14:30:36.178
5320,1640237436196,-3.8663023,2.9955459,8.154808,2021:12:23:14:30:36.196
5321,1640237436217,-2.6511958,2.28349,9.83344,2021:12:23:14:30:36.217
5322,1640237436238,-3.0739977,3.390201,5.5700865,2021:12:23:14:30:36.238
5323,1640237436263,-2.5164502,2.5577722,8.522513,2021:12:23:14:30:36.263
5324,1640237436279,-1.7331287,2.576936,8.880638,2021:12:23:14:30:36.279
5325,1640237436299,-1.6756372,3.087173,8.451248,2021:12:23:14:30:36.299
5326,1640237436317,-1.4259086,3.4333196,8.649474,2021:12:23:14:30:36.317
5327,1640237436337,-1.6564734,2.8464274,8.946513,2021:12:23:14:30:36.337
5328,1640237436363,-0.69528764,2.8464274,8.956096,2021:12:23:14:30:36.363
5329,1640237436380,-0.032338962,2.9524274,7.786503,2021:12:23:14:30:36.380
5330,1640237436396,1.2941573,3.1638284,9.687315,2021:12:23:14:30:36.396
5331,1640237436417,1.7894225,2.8464274,10.762286,2021:12:23:14:30:36.417
5332,1640237436435,1.4672306,4.48733,8.239248,2021:12:23:14:30:36.435
5333,1640237436463,2.0391512,3.5728562,9.517237,2021:12:23:14:30:36.463
5334,1640237436479,2.1451511,3.4524834,10.507767,2021:12:23:14:30:36.479
5335,1640237436499,1.1743834,3.2602463,11.460568,2021:12:23:14:30:36.499
5336,1640237436515,-0.41202232,3.1734102,9.904106,2021:12:23:14:30:36.515
5337,1640237436544,-1.1618071,2.8176816,10.276603,2021:12:23:14:30:36.544
5338,1640237436560,-0.49346858,4.011229,9.61605,2021:12:23:14:30:36.560
5339,1640237436579,0.5204177,4.814313,8.456039,2021:12:23:14:30:36.579
5340,1640237436596,-0.56533295,4.5256577,9.790919,2021:12:23:14:30:36.596
5341,1640237436617,-2.214021,3.895647,7.923045,2021:12:23:14:30:36.617
5342,1640237436642,-3.7998278,2.38949,8.479994,2021:12:23:14:30:36.642
5343,1640237436659,-3.151252,2.4373994,9.554965,2021:12:23:14:30:36.659
5344,1640237436678,-2.0457387,3.0728002,8.272186,2021:12:23:14:30:36.678
5345,1640237436698,-1.8630835,3.0536363,9.177677,2021:12:23:14:30:36.698
5346,1640237436717,-2.7715688,2.1870718,8.541079,2021:12:23:14:30:36.717
5347,1640237436744,-2.939851,2.4901,8.300333,2021:12:23:14:30:36.744
5348,1640237436760,-2.0217838,2.658981,8.427893,2021:12:23:14:30:36.760
5349,1640237436776,-1.5558633,3.0488453,8.639893,2021:12:23:14:30:36.776
5350,1640237436794,-1.6277276,3.1686192,8.823745,2021:12:23:14:30:36.794
5351,1640237436829,-2.007411,3.0290825,9.210615,2021:12:23:14:30:36.829
5352,1640237436844,-1.4546543,2.4517722,9.069282,2021:12:23:14:30:36.844
5353,1640237436863,-0.84919715,3.1398735,8.168582,2021:12:23:14:30:36.863
5354,1640237436876,-0.84919715,3.274619,8.823745,2021:12:23:14:30:36.876
5355,1640237436897,-1.0605981,3.6788561,8.842909,2021:12:23:14:30:36.897
5356,1640237436915,-0.7102594,4.0447655,7.829023,2021:12:23:14:30:36.915
5357,1640237436945,-0.8204514,3.8471386,8.342853,2021:12:23:14:30:36.945
5358,1640237436962,-0.8300333,4.2417936,8.432683,2021:12:23:14:30:36.962
5359,1640237436980,-0.8587791,3.799229,8.908785,2021:12:23:14:30:36.980
5360,1640237437000,-0.8444062,3.9291837,7.617023,2021:12:23:14:30:37.000
5361,1640237437016,-0.2485309,3.5393195,9.14953,2021:12:23:14:30:37.016
5362,1640237437038,-0.41202232,3.0440543,9.177677,2021:12:23:14:30:37.038
5363,1640237437059,-0.17187558,3.8567204,9.008197,2021:12:23:14:30:37.059
5364,1640237437081,0.020361567,3.2506645,8.923158,2021:12:23:14:30:37.081
5365,1640237437096,0.0059886966,3.3566644,9.031553,2021:12:23:14:30:37.096
5366,1640237437118,0.3808811,4.001048,9.894525,2021:12:23:14:30:37.118
5367,1640237437145,0.19822586,3.8136017,9.545383,2021:12:23:14:30:37.145
5368,1640237437162,-0.013175132,4.1603475,8.880638,2021:12:23:14:30:37.162
5369,1640237437180,0.029943481,4.1651382,7.102594,2021:12:23:14:30:37.180
5370,1640237437212,-0.29644048,4.285511,7.041509,2021:12:23:14:30:37.212
5371,1640237437232,-0.7144515,3.9387655,8.616536,2021:12:23:14:30:37.232
5372,1640237437260,-0.094621405,4.083093,10.276603,2021:12:23:14:30:37.260
5373,1640237437276,-0.17606768,3.8716922,7.60265,2021:12:23:14:30:37.276
5374,1640237437295,0.18924281,3.1398735,10.059813,2021:12:23:14:30:37.295
5375,1640237437313,0.04970618,3.9339747,9.163903,2021:12:23:14:30:37.313
5376,1640237437343,-0.57970583,4.107048,8.724932,2021:12:23:14:30:37.343
5377,1640237437360,-0.108994275,3.7704833,8.8477,2021:12:23:14:30:37.360
5378,1640237437377,0.016169481,3.7656922,8.229667,2021:12:23:14:30:37.377
5379,1640237437394,0.3671071,3.7656922,8.588389,2021:12:23:14:30:37.394
5380,1640237437417,0.18924281,3.4674551,8.399746,2021:12:23:14:30:37.417
5381,1640237437443,-0.01736722,4.295093,9.503462,2021:12:23:14:30:37.443
5382,1640237437459,-0.16648576,3.6261556,8.960886,2021:12:23:14:30:37.459
5383,1640237437478,0.34794325,3.1063368,9.074073,2021:12:23:14:30:37.478
5384,1640237437497,0.2563162,2.375117,9.526818,2021:12:23:14:30:37.497
5385,1640237437516,0.4102257,3.8136017,8.394955,2021:12:23:14:30:37.516
5386,1640237437544,0.3431523,4.1699295,8.404536,2021:12:23:14:30:37.544
5387,1640237437558,0.040124267,4.011229,9.23457,2021:12:23:14:30:37.558
5388,1640237437581,-0.11378523,4.227421,8.9704685,2021:12:23:14:30:37.581
5389,1640237437597,0.03533331,4.1699295,9.111801,2021:12:23:14:30:37.597
5390,1640237437624,0.17486994,3.4237378,9.385485,2021:12:23:14:30:37.624
5391,1640237437643,-0.43058726,2.9380543,9.413631,2021:12:23:14:30:37.643
5392,1640237437660,-0.84919715,2.605682,10.125688,2021:12:23:14:30:37.660
5393,1640237437675,-0.33955908,3.6788561,8.4422655,2021:12:23:14:30:37.675
5394,1640237437700,-0.20002246,3.6213646,7.8338137,2021:12:23:14:30:37.700
5395,1640237437718,-1.0605981,3.5057828,9.913688,2021:12:23:14:30:37.718
5396,1640237437747,-1.3726093,4.5448217,9.53161,2021:12:23:14:30:37.747
5397,1640237437765,-0.9641801,4.121421,8.941723,2021:12:23:14:30:37.765
5398,1640237437777,-1.1228806,3.5776472,9.10222,2021:12:23:14:30:37.777
5399,1640237437795,-1.0366434,3.7465284,8.691994,2021:12:23:14:30:37.795
5400,1640237437816,-0.39705056,3.59202,8.423101,2021:12:23:14:30:37.816
5401,1640237437834,-0.3012314,3.587229,9.050716,2021:12:23:14:30:37.834
5402,1640237437858,0.29464385,4.343003,9.342965,2021:12:23:14:30:37.858
5403,1640237437883,0.26110715,3.5153646,7.414006,2021:12:23:14:30:37.883
5404,1640237437899,-0.03174009,3.1207097,9.83823,2021:12:23:14:30:37.899
5405,1640237437915,-0.14253098,4.001048,9.974772,2021:12:23:14:30:37.915
5406,1640237437941,0.32398847,3.5824382,8.777034,2021:12:23:14:30:37.941
5407,1640237437959,-0.17127672,3.2027547,7.9278364,2021:12:23:14:30:37.959
5408,1640237437979,-0.18085863,3.3231275,8.11169,2021:12:23:14:30:37.979
5409,1640237437998,0.5066437,4.213048,8.182955,2021:12:23:14:30:37.998
5410,1640237438017,0.5353895,4.2903023,9.654377,2021:12:23:14:30:38.017
5411,1640237438041,0.26110715,4.492121,9.078864,2021:12:23:14:30:38.041
5412,1640237438058,-0.14253098,3.0434556,9.932253,2021:12:23:14:30:38.058
5413,1640237438078,0.11737845,2.9284725,8.932739,2021:12:23:14:30:38.078
5414,1640237438099,0.040124267,2.788936,7.9985027,2021:12:23:14:30:38.099
5415,1640237438117,0.3862709,3.3662462,8.89022,2021:12:23:14:30:38.117
5416,1640237438142,0.3862709,3.5584834,9.356739,2021:12:23:14:30:38.142
5417,1640237438158,1.0881461,3.2171278,8.706367,2021:12:23:14:30:38.158
5418,1640237438182,1.3857844,4.304675,10.04544,2021:12:23:14:30:38.182
5419,1640237438196,1.93375,4.005839,8.423101,2021:12:23:14:30:38.196
5420,1640237438215,0.80967176,3.9483476,7.0367184,2021:12:23:14:30:38.215
5421,1640237438234,-0.37728786,3.2075458,10.328705,2021:12:23:14:30:38.234
5422,1640237438256,-0.93962646,4.2657485,9.53161,2021:12:23:14:30:38.256
5423,1640237438275,-0.48807874,4.5837483,8.211102,2021:12:23:14:30:38.275
5424,1640237438295,-0.064677924,4.698731,8.508141,2021:12:23:14:30:38.295
5425,1640237438315,0.60306174,4.8580303,8.814762,2021:12:23:14:30:38.315
5426,1640237438341,0.9012988,4.4633756,8.230266,2021:12:23:14:30:38.341
5427,1640237438357,-0.3389602,3.5297377,8.758469,2021:12:23:14:30:38.357
5428,1640237438379,-0.33416927,3.6069918,8.33387,2021:12:23:14:30:38.379
5429,1640237438396,0.0886327,3.8471386,9.045926,2021:12:23:14:30:38.396
5430,1640237438417,0.63180745,4.1405845,7.932627,2021:12:23:14:30:38.417
5431,1640237438443,0.9060898,3.784856,10.036456,2021:12:23:14:30:38.443
5432,1640237438458,-0.026350264,3.2506645,6.522888,2021:12:23:14:30:38.458
5433,1640237438477,-0.13235019,2.3553543,10.738931,2021:12:23:14:30:38.477
5434,1640237438499,0.21858741,3.780065,8.6075535,2021:12:23:14:30:38.499
5435,1640237438524,1.1270727,3.4674551,9.465734,2021:12:23:14:30:38.524
5436,1640237438543,0.52161545,3.8136017,9.163903,2021:12:23:14:30:38.543
5437,1640237438559,0.45454204,3.596811,8.055395,2021:12:23:14:30:38.559
5438,1640237438582,0.42519745,3.4381106,9.154322,2021:12:23:14:30:38.582
5439,1640237438596,0.4737059,3.707602,8.418909,2021:12:23:14:30:38.596
5440,1640237438624,-0.1658869,3.6884382,9.616649,2021:12:23:14:30:38.624
5441,1640237438642,-0.4204065,3.303365,8.258412,2021:12:23:14:30:38.642
5442,1640237438658,0.9587903,2.8033087,8.824344,2021:12:23:14:30:38.658
5443,1640237438678,2.337987,2.605682,9.781338,2021:12:23:14:30:38.678
5444,1640237438695,2.218213,3.996257,9.616649,2021:12:23:14:30:38.695
5445,1640237438715,1.2043269,3.303365,6.867238,2021:12:23:14:30:38.715
5446,1640237438740,0.7090616,3.5201557,8.314706,2021:12:23:14:30:38.740
5447,1640237438759,0.0023954785,2.7020998,10.319122,2021:12:23:14:30:38.759
5448,1640237438776,0.73301643,2.494891,9.588502,2021:12:23:14:30:38.776
5449,1640237438796,0.5791069,2.278699,10.470037,2021:12:23:14:30:38.796
5450,1640237438825,0.459333,3.1207097,9.050716,2021:12:23:14:30:38.825
5451,1640237438842,0.31979638,3.1686192,9.19205,2021:12:23:14:30:38.842
5452,1640237438859,0.11797732,3.4381106,8.777034,2021:12:23:14:30:38.859
5453,1640237438876,0.4737059,3.9291837,9.1686945,2021:12:23:14:30:38.876
5454,1640237438897,0.71864355,4.9634314,7.8242316,2021:12:23:14:30:38.897
5455,1640237438924,0.25272298,3.9291837,8.338661,2021:12:23:14:30:38.924
5456,1640237438941,0.30063257,4.7759852,9.206423,2021:12:23:14:30:38.941
5457,1640237438957,0.0125762625,4.626867,7.6828985,2021:12:23:14:30:38.957
5458,1640237438980,0.11318636,3.380619,10.168207,2021:12:23:14:30:38.980
5459,1640237438997,0.0748587,3.6596923,10.384998,2021:12:23:14:30:38.997
5460,1640237439025,-0.7036718,3.8423476,6.126436,2021:12:23:14:30:39.025
5461,1640237439043,-1.0258636,3.4333196,9.357338,2021:12:23:14:30:39.043
5462,1640237439059,-0.37189806,4.915522,10.343078,2021:12:23:14:30:39.059
5463,1640237439098,-0.82404464,2.9955459,9.6968975,2021:12:23:14:30:39.098
5464,1640237439114,-1.4582475,3.895647,10.201145,2021:12:23:14:30:39.114
5465,1640237439141,-2.5200434,3.2267096,8.366808,2021:12:23:14:30:39.141
5466,1640237439158,-2.2176142,3.9196017,9.465734,2021:12:23:14:30:39.158
5467,1640237439175,-2.1697047,4.4777484,8.701576,2021:12:23:14:30:39.175
5468,1640237439196,-2.3325973,4.1453757,8.914174,2021:12:23:14:30:39.196
5469,1640237439217,-1.7618744,4.2082567,7.4942546,2021:12:23:14:30:39.217
5470,1640237439244,-0.89650786,4.390912,8.078752,2021:12:23:14:30:39.244
5471,1640237439261,-0.88692594,4.1357937,7.479882,2021:12:23:14:30:39.261
5472,1640237439276,-1.1414455,3.996257,10.635325,2021:12:23:14:30:39.276
5473,1640237439295,-2.0547218,2.9236815,8.805181,2021:12:23:14:30:39.295
5474,1640237439323,-1.9349478,3.674065,10.399371,2021:12:23:14:30:39.323
5475,1640237439343,-1.7475016,3.5201557,6.9894075,2021:12:23:14:30:39.343
5476,1640237439358,-0.6467792,3.7513194,7.6451697,2021:12:23:14:30:39.358
5477,1640237439379,-0.026949134,3.1734102,9.635214,2021:12:23:14:30:39.379
5478,1640237439396,0.5210166,3.5393195,9.937044,2021:12:23:14:30:39.396
5479,1640237439412,1.0019089,3.4141557,7.4990454,2021:12:23:14:30:39.412
5480,1640237439431,1.3720104,3.6596923,9.163903,2021:12:23:14:30:39.431
5481,1640237439459,1.6025752,3.596811,8.078752,2021:12:23:14:30:39.459
5482,1640237439476,0.60306174,2.9428453,10.243665,2021:12:23:14:30:39.476
5483,1640237439498,0.3431523,4.083093,8.75787,2021:12:23:14:30:39.498
5484,1640237439524,0.67013514,3.9818842,8.390163,2021:12:23:14:30:39.524
5485,1640237439540,0.48268893,4.3286295,8.616536,2021:12:23:14:30:39.540
5486,1640237439557,0.064677924,4.2801213,9.262716,2021:12:23:14:30:39.557
5487,1640237439577,-0.7958977,3.005128,8.305124,2021:12:23:14:30:39.577
5488,1640237439596,-0.53598833,3.0386646,10.842535,2021:12:23:14:30:39.596
5489,1640237439625,0.33836135,3.6357377,9.541191,2021:12:23:14:30:39.625
5490,1640237439639,-0.3922596,3.780065,7.4846725,2021:12:23:14:30:39.639
5491,1640237439658,-0.7090616,4.102257,7.569712,2021:12:23:14:30:39.658
5492,1640237439676,-0.459333,3.486619,8.960886,2021:12:23:14:30:39.676
5493,1640237439700,0.14133324,3.375828,8.9375305,2021:12:23:14:30:39.700
5494,1640237439726,0.33836135,3.8423476,10.125688,2021:12:23:14:30:39.726
5495,1640237439742,0.21319759,3.5584834,7.951791,2021:12:23:14:30:39.742
5496,1640237439757,0.17486994,1.7013886,9.587903,2021:12:23:14:30:39.757
5497,1640237439777,0.3096156,3.2219186,9.640004,2021:12:23:14:30:39.777
5498,1640237439798,0.5785081,3.3566644,9.484299,2021:12:23:14:30:39.798
5499,1640237439825,0.97735524,3.7609012,7.9092712,2021:12:23:14:30:39.825
5500,1640237439840,1.0306547,4.179511,6.7444696,2021:12:23:14:30:39.840
5501,1640237439860,0.67971706,3.1734102,12.031291,2021:12:23:14:30:39.860
5502,1640237439877,0.7947,4.520867,9.130965,2021:12:23:14:30:39.877
5503,1640237439900,0.68450797,2.7116816,7.951791,2021:12:23:14:30:39.900
5504,1640237439919,0.3335704,3.7465284,10.786241,2021:12:23:14:30:39.919
5505,1640237439936,-0.18564959,4.121421,7.4990454,2021:12:23:14:30:39.936
5506,1640237439962,0.30482465,4.2082567,8.267395,2021:12:23:14:30:39.962
5507,1640237439979,0.39585283,4.4298387,9.451361,2021:12:23:14:30:39.979
5508,1640237439996,0.059886962,3.4141557,9.248343,2021:12:23:14:30:39.996
5509,1640237440015,-0.978553,4.530449,8.923158,2021:12:23:14:30:40.015
5510,1640237440040,-0.4401692,3.789647,8.168582,2021:12:23:14:30:40.040
5511,1640237440056,-0.52161545,4.193884,7.819441,2021:12:23:14:30:40.056
5512,1640237440075,-0.21918629,3.0680091,10.588016,2021:12:23:14:30:40.075
5513,1640237440096,-0.01736722,3.6884382,6.843283,2021:12:23:14:30:40.096
5514,1640237440123,0.14133324,4.6508217,10.078377,2021:12:23:14:30:40.123
5515,1640237440139,0.7324176,3.5728562,8.734513,2021:12:23:14:30:40.139
5516,1640237440157,1.7415129,3.69802,7.593068,2021:12:23:14:30:40.157
5517,1640237440177,0.6024628,3.2219186,9.607067,2021:12:23:14:30:40.177
5518,1640237440197,0.65576226,2.1631172,9.677733,2021:12:23:14:30:40.197
5519,1640237440222,-0.15091515,3.2698283,10.460456,2021:12:23:14:30:40.222
5520,1640237440238,-0.48268893,3.4524834,8.069768,2021:12:23:14:30:40.238
5521,1640237440258,-0.4539432,4.131003,8.960886,2021:12:23:14:30:40.258
5522,1640237440277,-0.21858741,3.2410824,8.508141,2021:12:23:14:30:40.277
5523,1640237440305,-0.055096008,4.8580303,7.975147,2021:12:23:14:30:40.305
5524,1640237440322,0.0748587,4.343003,8.909384,2021:12:23:14:30:40.322
5525,1640237440339,0.16648576,5.844369,6.6264925,2021:12:23:14:30:40.339
5526,1640237440358,0.13235019,3.7609012,8.918366,2021:12:23:14:30:40.358
5527,1640237440380,0.48328778,3.2506645,10.47962,2021:12:23:14:30:40.380
5528,1640237440397,1.0168806,2.7020998,8.050605,2021:12:23:14:30:40.397
5529,1640237440414,0.6419883,3.000337,11.568964,2021:12:23:14:30:40.414
5530,1640237440438,0.05090392,3.1350825,9.484299,2021:12:23:14:30:40.438
5531,1640237440454,-0.0886327,4.4585843,10.804806,2021:12:23:14:30:40.454
5532,1640237440474,0.07006775,3.486619,7.569712,2021:12:23:14:30:40.474
5533,1640237440498,0.108395405,3.8279748,7.584085,2021:12:23:14:30:40.498
5534,1640237440515,-0.8384175,2.6152637,8.300932,2021:12:23:14:30:40.515
5535,1640237440537,-0.473107,3.7513194,10.47962,2021:12:23:14:30:40.537
5536,1640237440555,-0.37189806,3.707602,8.560243,2021:12:23:14:30:40.555
5537,1640237440577,0.6036606,4.0447655,9.121384,2021:12:23:14:30:40.577
5538,1640237440598,0.48328778,3.2698283,8.691994,2021:12:23:14:30:40.598
5539,1640237440617,-0.16049707,3.5201557,7.4804807,2021:12:23:14:30:40.617
5540,1640237440642,-0.20361568,3.587229,9.253734,2021:12:23:14:30:40.642
5541,1640237440659,0.24793203,3.8758843,8.329079,2021:12:23:14:30:40.659
5542,1640237440678,-0.3335704,3.6165738,9.918479,2021:12:23:14:30:40.678
5543,1640237440697,-0.5545533,3.4285285,9.823857,2021:12:23:14:30:40.697
5544,1640237440726,-0.7707452,3.674065,9.333384,2021:12:23:14:30:40.726
5545,1640237440740,-0.9054909,3.293783,9.055508,2021:12:23:14:30:40.740
5546,1640237440773,-0.19882472,3.996257,9.055508,2021:12:23:14:30:40.773
5547,1640237440792,-0.11258749,4.1501665,7.385859,2021:12:23:14:30:40.792
5548,1640237440814,-0.17486994,3.3949919,8.550661,2021:12:23:14:30:40.814
5549,1640237440842,-0.376689,4.131003,8.4422655,2021:12:23:14:30:40.842
5550,1640237440855,-0.092824794,3.9435565,7.923644,2021:12:23:14:30:40.855
5551,1640237440875,-0.18445185,2.1679082,10.27241,2021:12:23:14:30:40.875
5552,1640237440896,0.40184152,3.2506645,9.173485,2021:12:23:14:30:40.896
5553,1640237440914,0.70966053,3.0099187,8.772243,2021:12:23:14:30:40.914
5554,1640237440940,0.58449674,3.3177378,8.998615,2021:12:23:14:30:40.940
5555,1640237440958,1.1037167,3.38541,9.380694,2021:12:23:14:30:40.958
5556,1640237440976,1.0510162,2.475727,9.545982,2021:12:23:14:30:40.976
5557,1640237440996,1.4834001,3.4189467,11.121009,2021:12:23:14:30:40.996
5558,1640237441023,1.800801,3.5489016,9.163903,2021:12:23:14:30:41.023
5559,1640237441039,0.87315196,3.5584834,8.914174,2021:12:23:14:30:41.039
5560,1640237441057,0.18564959,4.2465844,9.078864,2021:12:23:14:30:41.057
5561,1640237441077,-1.0779654,3.8519294,8.366808,2021:12:23:14:30:41.077
5562,1640237441097,-1.948123,4.3477936,10.290976,2021:12:23:14:30:41.097
5563,1640237441121,-2.3948796,4.6508217,7.8715425,2021:12:23:14:30:41.121
5564,1640237441139,-2.4619532,4.3717484,7.5038366,2021:12:23:14:30:41.139
5565,1640237441156,-1.2797844,5.127522,8.781824,2021:12:23:14:30:41.156
5566,1640237441180,-1.1648015,3.486619,8.9704685,2021:12:23:14:30:41.180
5567,1640237441196,-0.9240559,4.284912,9.871168,2021:12:23:14:30:41.196
5568,1640237441213,-0.6851069,3.7123928,10.847325,2021:12:23:14:30:41.213
5569,1640237441236,-0.877344,4.2561665,9.956207,2021:12:23:14:30:41.236
5570,1640237441256,-1.4732193,3.298574,9.781338,2021:12:23:14:30:41.256
5571,1640237441273,-1.607965,3.799229,5.9425836,2021:12:23:14:30:41.273
5572,1640237441305,-1.8337388,3.1207097,5.5090017,2021:12:23:14:30:41.305
5573,1640237441322,-1.6271288,3.4189467,8.998615,2021:12:23:14:30:41.322
5574,1640237441341,-1.8241569,4.626867,9.946626,2021:12:23:14:30:41.341
5575,1640237441356,-1.7906202,3.8375566,7.81465,2021:12:23:14:30:41.356
5576,1640237441376,-1.2378635,3.991466,9.507654,2021:12:23:14:30:41.376
5577,1640237441395,-0.37309578,2.9524274,7.607441,2021:12:23:14:30:41.395
5578,1640237441421,-0.4162144,3.8812742,7.584085,2021:12:23:14:30:41.421
5579,1640237441439,-0.47849685,3.4674551,11.493506,2021:12:23:14:30:41.439
5580,1640237441461,-0.98334396,3.3279185,9.574129,2021:12:23:14:30:41.461
5581,1640237441476,-0.29105064,2.5146537,10.00771,2021:12:23:14:30:41.476
5582,1640237441497,0.54497135,2.7643821,7.6972713,2021:12:23:14:30:41.497
5583,1640237441520,1.112101,1.8936257,8.055395,2021:12:23:14:30:41.520
5584,1640237441540,1.2462478,4.3334208,8.673429,2021:12:23:14:30:41.540
5585,1640237441558,0.6216267,5.1466856,7.418797,2021:12:23:14:30:41.558
5586,1640237441578,-0.16648576,4.5693755,11.177303,2021:12:23:14:30:41.578
5587,1640237441597,-0.08983044,4.410076,7.4613166,2021:12:23:14:30:41.597
5588,1640237441624,-0.560542,3.274619,8.668638,2021:12:23:14:30:41.624
5589,1640237441639,0.23715238,3.1638284,8.989034,2021:12:23:14:30:41.639
5590,1640237441658,0.8138638,2.976382,8.220683,2021:12:23:14:30:41.658
5591,1640237441676,0.121570535,3.2794101,9.767564,2021:12:23:14:30:41.676
5592,1640237441696,0.23715238,2.9284725,9.139949,2021:12:23:14:30:41.696
5593,1640237441714,0.73720855,2.475727,9.734027,2021:12:23:14:30:41.714
5594,1640237441737,0.84740055,2.7260547,10.658682,2021:12:23:14:30:41.737
5595,1640237441756,0.91986376,3.6261556,7.9422092,2021:12:23:14:30:41.756
5596,1640237441780,0.18445185,4.1453757,7.852379,2021:12:23:14:30:41.780
5597,1640237441804,-0.37788674,4.992776,9.743609,2021:12:23:14:30:41.804
5598,1640237441821,-0.05150279,5.1227307,8.158999,2021:12:23:14:30:41.821
5599,1640237441837,0.12636149,3.69802,8.4093275,2021:12:23:14:30:41.837
5600,1640237441856,0.14552532,3.3375006,9.658569,2021:12:23:14:30:41.856
5601,1640237441876,0.23715238,3.1686192,8.281768,2021:12:23:14:30:41.876
5602,1640237441906,0.35213536,2.8224726,10.677247,2021:12:23:14:30:41.906
5603,1640237441922,0.20840663,3.9243927,9.725044,2021:12:23:14:30:41.922
5604,1640237441936,0.53958154,3.8183928,6.6402664,2021:12:23:14:30:41.936
5605,1640237441957,-0.19583037,4.073511,10.988659,2021:12:23:14:30:41.957
5606,1640237441979,-0.0035932178,3.9723022,7.5271926,2021:12:23:14:30:41.979
5607,1640237442004,0.9480106,3.8812742,9.27649,2021:12:23:14:30:42.004
5608,1640237442023,0.4772991,4.6412396,8.790808,2021:12:23:14:30:42.023
5609,1640237442037,0.72223675,3.9196017,7.574503,2021:12:23:14:30:42.037
5610,1640237442058,0.13594341,3.8519294,10.545495,2021:12:23:14:30:42.058
5611,1640237442077,-0.032338962,3.409365,6.9660516,2021:12:23:14:30:42.077
5612,1640237442105,0.21259873,4.718494,9.640004,2021:12:23:14:30:42.105
5613,1640237442123,0.2030168,3.5680654,7.30082,2021:12:23:14:30:42.123
5614,1640237442140,0.08324288,3.9052289,9.786129,2021:12:23:14:30:42.140
5615,1640237442156,0.18864393,1.9421343,8.833327,2021:12:23:14:30:42.156
5616,1640237442187,0.7557735,4.4298387,10.201145,2021:12:23:14:30:42.187
5617,1640237442195,0.53958154,2.870382,9.021971,2021:12:23:14:30:42.195
5618,1640237442222,1.0354456,3.5057828,9.554965,2021:12:23:14:30:42.222
5619,1640237442239,0.71325374,3.082382,8.045814,2021:12:23:14:30:42.239
5620,1640237442257,1.0162817,3.5249467,8.6357,2021:12:23:14:30:42.257
5621,1640237442275,0.67971706,4.1651382,8.918366,2021:12:23:14:30:42.275
5622,1640237442295,0.891118,3.9004378,8.597971,2021:12:23:14:30:42.295
5623,1640237442322,0.50185275,3.0488453,10.47962,2021:12:23:14:30:42.322
5624,1640237442338,0.64138937,3.3614552,10.578433,2021:12:23:14:30:42.338
5625,1640237442356,-0.9210615,4.1453757,8.305124,2021:12:23:14:30:42.356
5626,1640237442378,-1.2378635,4.4346294,8.951304,2021:12:23:14:30:42.378
5627,1640237442404,-0.978553,4.881985,7.767938,2021:12:23:14:30:42.404
5628,1640237442422,-0.9881349,3.9243927,9.097428,2021:12:23:14:30:42.422
5629,1640237442438,-1.0552083,3.4722462,9.220197,2021:12:23:14:30:42.438
5630,1640237442457,-0.882135,3.8710933,9.144739,2021:12:23:14:30:42.457
5631,1640237442479,-0.5988696,2.7068908,9.894525,2021:12:23:14:30:42.479
5632,1640237442503,-0.5892877,4.025602,7.093611,2021:12:23:14:30:42.503
5633,1640237442521,-1.1659992,3.3231275,9.8094845,2021:12:23:14:30:42.521
5634,1640237442540,-1.7762474,4.3861213,7.079238,2021:12:23:14:30:42.540
5635,1640237442575,-1.7091739,3.8471386,9.008197,2021:12:23:14:30:42.575
5636,1640237442593,-0.71864355,3.7123928,8.89022,2021:12:23:14:30:42.593
5637,1640237442621,-0.93064344,2.687727,9.738818,2021:12:23:14:30:42.621
5638,1640237442635,-0.89650786,3.1734102,9.635214,2021:12:23:14:30:42.635
5639,1640237442656,-0.68989784,4.111839,8.691994,2021:12:23:14:30:42.656
5640,1640237442674,-0.3826777,3.69802,9.130965,2021:12:23:14:30:42.674
5641,1640237442695,0.016169481,3.3231275,10.78145,2021:12:23:14:30:42.695
5642,1640237442720,0.56892616,3.7369466,6.9804244,2021:12:23:14:30:42.720
5643,1640237442736,0.2856608,3.0338736,5.999476,2021:12:23:14:30:42.736
5644,1640237442755,0.7611633,3.1494553,9.692106,2021:12:23:14:30:42.755
5645,1640237442777,0.78990906,3.274619,10.493394,2021:12:23:14:30:42.777
5646,1640237442805,0.5114347,3.4524834,9.762773,2021:12:23:14:30:42.805
5647,1640237442820,0.020960437,4.410076,8.932739,2021:12:23:14:30:42.820
5648,1640237442821,-0.32458735,4.622076,8.187746,2021:12:23:14:30:42.821
5649,1640237442857,0.13654228,4.414867,7.767938,2021:12:23:14:30:42.857
5650,1640237442876,0.23236142,3.3279185,9.239361,2021:12:23:14:30:42.876
5651,1640237442903,0.18924281,4.1357937,10.201145,2021:12:23:14:30:42.903
5652,1640237442923,-0.2958416,3.5201557,8.248831,2021:12:23:14:30:42.923
5653,1640237442937,0.16049707,2.5386083,9.172886,2021:12:23:14:30:42.937
5654,1640237442956,0.69888085,2.9955459,8.107497,2021:12:23:14:30:42.956
5655,1640237442987,0.35752517,4.520867,8.4093275,2021:12:23:14:30:42.987
5656,1640237443004,-0.4737059,3.890856,7.914062,2021:12:23:14:30:43.004
5657,1640237443022,-0.7288243,4.237003,8.744096,2021:12:23:14:30:43.022
5658,1640237443036,-0.80547965,3.8231838,10.186772,2021:12:23:14:30:43.036
5659,1640237443055,-0.77673393,3.0147097,9.757982,2021:12:23:14:30:43.055
5660,1640237443073,-1.0312535,2.8608003,9.611857,2021:12:23:14:30:43.073
5661,1640237443104,-0.877344,4.189093,8.460831,2021:12:23:14:30:43.104
5662,1640237443122,-0.98334396,4.0399747,9.314818,2021:12:23:14:30:43.122
5663,1640237443136,-0.97376204,3.3327096,9.503462,2021:12:23:14:30:43.136
5664,1640237443155,-0.4497511,3.4237378,8.135644,2021:12:23:14:30:43.155
5665,1640237443175,0.17007898,3.4381106,6.7917805,2021:12:23:14:30:43.175
5666,1640237443195,0.32398847,3.5489016,10.069394,2021:12:23:14:30:43.195
5667,1640237443220,0.61264366,4.390912,8.739305,2021:12:23:14:30:43.220
5668,1640237443236,0.18984167,3.693229,9.781338,2021:12:23:14:30:43.236
5669,1640237443256,0.093423665,3.707602,9.083654,2021:12:23:14:30:43.256
5670,1640237443277,1.1126997,3.6069918,7.5271926,2021:12:23:14:30:43.277
5671,1640237443305,1.5786203,2.5146537,10.036456,2021:12:23:14:30:43.305
5672,1640237443319,1.501965,2.4613543,9.701089,2021:12:23:14:30:43.319
5673,1640237443338,0.3000337,2.7068908,10.625744,2021:12:23:14:30:43.338
5674,1640237443356,0.04551409,3.596811,7.479882,2021:12:23:14:30:43.356
5675,1640237443388,1.3720104,2.9572182,7.914062,2021:12:23:14:30:43.388
5676,1640237443404,1.5977842,3.9243927,9.654377,2021:12:23:14:30:43.404
5677,1640237443420,1.919976,4.9730134,7.805667,2021:12:23:14:30:43.420
5678,1640237443438,1.0306547,3.6884382,9.974772,2021:12:23:14:30:43.438
5679,1640237443458,-0.3389602,3.7315567,7.5038366,2021:12:23:14:30:43.458
5680,1640237443478,0.71864355,2.8272636,9.314818,2021:12:23:14:30:43.478
5681,1640237443501,0.9492084,2.365535,9.295654,2021:12:23:14:30:43.501
5682,1640237443521,1.2905641,3.38541,9.904106,2021:12:23:14:30:43.521
5683,1640237443539,0.47789797,4.376539,9.097428,2021:12:23:14:30:43.539
5684,1640237443557,0.41082457,3.7123928,6.9804244,2021:12:23:14:30:43.557
5685,1640237443577,0.5599431,3.0488453,11.323427,2021:12:23:14:30:43.577
5686,1640237443595,0.64618033,4.304675,10.262829,2021:12:23:14:30:43.595
5687,1640237443621,0.569525,5.4784594,6.173747,2021:12:23:14:30:43.621
5688,1640237443642,-0.11318636,3.9866753,9.045926,2021:12:23:14:30:43.642
5689,1640237443656,-0.25691506,4.6651945,9.908897,2021:12:23:14:30:43.656
5690,1640237443675,0.059886962,2.5673542,10.281394,2021:12:23:14:30:43.675
5691,1640237443701,0.13714115,4.005839,9.503462,2021:12:23:14:30:43.701
5692,1640237443719,0.21858741,4.3717484,6.2306395,2021:12:23:14:30:43.719
5693,1640237443740,0.41082457,4.111839,8.498559,2021:12:23:14:30:43.740
5694,1640237443756,0.19942358,2.889546,9.159112,2021:12:23:14:30:43.756
5695,1640237443778,0.055096008,3.3518734,11.5923195,2021:12:23:14:30:43.778
5696,1640237443801,-0.059886962,5.1754313,7.984729,2021:12:23:14:30:43.801
5697,1640237443820,0.24733315,2.9524274,7.5553393,2021:12:23:14:30:43.820
5698,1640237443838,0.22337838,2.8224726,10.470037,2021:12:23:14:30:43.838
5699,1640237443859,0.64618033,4.121421,8.390163,2021:12:23:14:30:43.859
5700,1640237443877,0.7473893,2.7308455,9.338174,2021:12:23:14:30:43.877
5701,1640237443904,-0.13714115,3.6836472,8.329079,2021:12:23:14:30:43.904
5702,1640237443918,-0.34854212,1.9565071,10.38979,2021:12:23:14:30:43.918
5703,1640237443938,-0.32458735,3.1829922,11.045551,2021:12:23:14:30:43.938
5704,1640237443956,-0.82883555,3.707602,6.711532,2021:12:23:14:30:43.956
5705,1640237443976,-1.4342928,5.7575326,9.399259,2021:12:23:14:30:43.976
5706,1640237443994,-0.8917169,4.929895,7.932627,2021:12:23:14:30:43.994
5707,1640237444017,-0.99711794,2.5050716,9.62144,2021:12:23:14:30:44.017
5708,1640237444036,-1.0450275,4.179511,7.8104577,2021:12:23:14:30:44.036
5709,1640237444055,-1.7708575,2.4901,9.008197,2021:12:23:14:30:44.055
5710,1640237444075,-2.554179,3.0584273,9.139949,2021:12:23:14:30:44.075
5711,1640237444102,-2.6889246,3.486619,7.8619604,2021:12:23:14:30:44.102
5712,1640237444119,-1.6462927,2.4469814,10.82397,2021:12:23:14:30:44.119
5713,1640237444140,-0.362915,4.7616124,7.7535653,2021:12:23:14:30:44.140
5714,1640237444158,-0.2090055,2.3553543,8.3434515,2021:12:23:14:30:44.158
5715,1640237444184,1.2133099,3.5393195,9.805292,2021:12:23:14:30:44.184
5716,1640237444201,0.80967176,3.991466,7.569712,2021:12:23:14:30:44.201
5717,1640237444220,-0.18445185,2.5577722,10.399371,2021:12:23:14:30:44.220
5718,1640237444239,0.15151402,4.5017033,7.584085,2021:12:23:14:30:44.239
5719,1640237444257,0.30542353,3.399783,9.503462,2021:12:23:14:30:44.257
5720,1640237444279,0.1658869,4.087884,9.177677,2021:12:23:14:30:44.279
5721,1640237444307,0.44496015,3.1782012,9.715462,2021:12:23:14:30:44.307
5722,1640237444324,0.33416927,4.4490027,6.87682,2021:12:23:14:30:44.324
5723,1640237444340,-0.28086987,3.693229,8.748886,2021:12:23:14:30:44.340
5724,1640237444357,0.18564959,3.991466,9.347756,2021:12:23:14:30:44.357
5725,1640237444383,-0.82404464,3.7315567,7.055882,2021:12:23:14:30:44.383
5726,1640237444417,-0.69888085,3.9579294,10.38979,2021:12:23:14:30:44.417
5727,1640237444436,-0.8815361,4.0687203,9.672942,2021:12:23:14:30:44.436
5728,1640237444457,-0.82883555,4.304675,9.215406,2021:12:23:14:30:44.457
5729,1640237444474,-0.266497,3.3177378,8.064978,2021:12:23:14:30:44.474
5730,1640237444501,-0.75637233,4.511285,8.4422655,2021:12:23:14:30:44.501
5731,1640237444519,-0.13175131,4.155556,9.31961,2021:12:23:14:30:44.519
5732,1640237444536,-0.5305985,3.5776472,8.993824,2021:12:23:14:30:44.536
5733,1640237444555,0.30542353,3.8519294,6.6833854,2021:12:23:14:30:44.555
5734,1640237444576,0.27667776,2.9476364,8.989632,2021:12:23:14:30:44.576
5735,1640237444601,0.3922596,3.59202,9.83344,2021:12:23:14:30:44.601
5736,1640237444617,0.09881349,3.5393195,10.512558,2021:12:23:14:30:44.617
5737,1640237444637,0.5749149,4.636449,9.574129,2021:12:23:14:30:44.637
5738,1640237444657,0.42100537,1.9565071,9.1686945,2021:12:23:14:30:44.657
5739,1640237444686,0.079649664,3.5153646,8.211102,2021:12:23:14:30:44.686
5740,1640237444702,0.4162144,3.1159186,9.206423,2021:12:23:14:30:44.702
5741,1640237444717,0.81506157,4.4633756,10.404162,2021:12:23:14:30:44.717
5742,1640237444740,0.5892877,3.8812742,7.414006,2021:12:23:14:30:44.740
5743,1640237444755,0.18085863,2.7308455,7.7068534,2021:12:23:14:30:44.755
5744,1640237444774,-0.48209006,3.6501105,8.729723,2021:12:23:14:30:44.774
5745,1640237444793,-0.59288096,3.8812742,9.008197,2021:12:23:14:30:44.793
5746,1640237444820,0.23835011,2.6200547,10.512558,2021:12:23:14:30:44.820
5747,1640237444837,1.1180896,3.2698283,9.810083,2021:12:23:14:30:44.837
5748,1640237444857,1.7858293,2.0331624,8.67822,2021:12:23:14:30:44.857
5749,1640237444873,0.37788674,2.172699,10.300558,2021:12:23:14:30:44.873
5750,1640237444901,-1.4630386,3.2123368,12.219934,2021:12:23:14:30:44.901
5751,1640237444918,-1.7654676,6.142606,6.362391,2021:12:23:14:30:44.918
5752,1640237444937,-1.6594678,4.6412396,6.739679,2021:12:23:14:30:44.937
5753,1640237444955,-1.4193211,4.6508217,7.2253623,2021:12:23:14:30:44.955
5754,1640237444977,-1.1504285,2.9087098,13.035595,2021:12:23:14:30:44.977
5755,1640237445004,-0.93423665,4.01063,8.187746,2021:12:23:14:30:45.004
5756,1640237445022,0.01736722,3.8136017,7.032526,2021:12:23:14:30:45.022
5757,1640237445038,0.33476812,3.9291837,6.159973,2021:12:23:14:30:45.038
5758,1640237445058,1.0462253,2.1870718,10.767077,2021:12:23:14:30:45.058
5759,1640237445084,0.13294905,3.9818842,10.446682,2021:12:23:14:30:45.084
5760,1640237445104,0.50784147,5.5748773,7.249317,2021:12:23:14:30:45.104
5761,1640237445119,0.061084703,3.3422914,9.126174,2021:12:23:14:30:45.119
5762,1640237445139,-0.7078639,3.187783,9.107011,2021:12:23:14:30:45.139
5763,1640237445158,-0.56892616,3.6165738,10.380806,2021:12:23:14:30:45.158
5764,1640237445184,-0.011378523,5.656324,5.8862896,2021:12:23:14:30:45.184
5765,1640237445199,0.35393196,2.7260547,8.150017,2021:12:23:14:30:45.199
5766,1640237445218,-0.7617622,2.572145,10.309541,2021:12:23:14:30:45.218
5767,1640237445235,-0.026350264,1.5858068,10.064603,2021:12:23:14:30:45.235
5768,1640237445257,0.76655316,5.617996,8.173373,2021:12:23:14:30:45.257
5769,1640237445272,0.4635251,3.5584834,8.805181,2021:12:23:14:30:45.272
5770,1640237445301,0.5934798,2.9668002,9.045926,2021:12:23:14:30:45.301
5771,1640237445318,0.74259835,3.80402,9.843021,2021:12:23:14:30:45.318
5772,1640237445336,1.2714002,4.1651382,7.6828985,2021:12:23:14:30:45.336
5773,1640237445356,1.501965,4.2561665,7.781712,2021:12:23:14:30:45.356
5774,1640237445375,0.9012988,2.1056256,9.003407,2021:12:23:14:30:45.375
5775,1640237445400,1.1510274,2.5913088,10.220309,2021:12:23:14:30:45.400
5776,1640237445418,1.1126997,4.22263,8.696785,2021:12:23:14:30:45.418
5777,1640237445435,1.0402366,3.1638284,9.215406,2021:12:23:14:30:45.435
5778,1640237445456,0.50724256,3.7363477,9.899315,2021:12:23:14:30:45.456
5779,1640237445476,0.52161545,2.9087098,9.682525,2021:12:23:14:30:45.476
5780,1640237445501,0.14672306,3.375828,9.390276,2021:12:23:14:30:45.501
5781,1640237445516,-0.11797732,4.410076,8.022458,2021:12:23:14:30:45.516
5782,1640237445539,0.12755923,3.2362914,9.526818,2021:12:23:14:30:45.539
5783,1640237445556,0.32458735,4.001048,7.7439833,2021:12:23:14:30:45.556
5784,1640237445583,0.60306174,2.5002806,9.583711,2021:12:23:14:30:45.583
5785,1640237445601,0.011977393,4.299884,8.060186,2021:12:23:14:30:45.601
5786,1640237445619,-0.45454204,2.4517722,9.592694,2021:12:23:14:30:45.619
5787,1640237445637,-0.2425422,4.0543475,11.828274,2021:12:23:14:30:45.637
5788,1640237445660,-0.82883555,3.8471386,11.318636,2021:12:23:14:30:45.660
5789,1640237445678,-1.8337388,4.6891494,6.5085154,2021:12:23:14:30:45.678
5790,1640237445702,-2.1122131,2.8080997,4.3579745,2021:12:23:14:30:45.702
5791,1640237445722,-0.84380734,2.7643821,11.422839,2021:12:23:14:30:45.722
5792,1640237445736,-1.7564846,3.9100199,9.31961,2021:12:23:14:30:45.736
5793,1640237445756,-2.3912864,4.121421,7.5553393,2021:12:23:14:30:45.756
5794,1640237445776,-1.2618183,3.886065,8.809971,2021:12:23:14:30:45.776
5795,1640237445804,-0.88692594,4.9346857,8.423101,2021:12:23:14:30:45.804
5796,1640237445823,-1.3241007,4.3621664,8.6404915,2021:12:23:14:30:45.823
5797,1640237445836,-1.0312535,4.728076,8.498559,2021:12:23:14:30:45.836
5798,1640237445857,-0.3964517,3.8812742,9.338174,2021:12:23:14:30:45.857
5799,1640237445875,0.026350264,1.5378972,8.593181,2021:12:23:14:30:45.875
5800,1640237445902,-0.21379647,2.4373994,9.126174,2021:12:23:14:30:45.902
5801,1640237445918,-0.27188683,4.5496125,9.352547,2021:12:23:14:30:45.918
5802,1640237445940,-0.5791069,4.087884,8.9045925,2021:12:23:14:30:45.940
5803,1640237445958,-0.3293783,4.410076,8.078752,2021:12:23:14:30:45.958
5804,1640237445983,-0.021559307,3.4770372,9.182468,2021:12:23:14:30:45.983
5805,1640237445999,0.14133324,4.4490027,10.342479,2021:12:23:14:30:45.999
5806,1640237446017,-0.30542353,3.298574,8.003294,2021:12:23:14:30:46.017
5807,1640237446038,0.25691506,3.59202,6.9708424,2021:12:23:14:30:46.038
5808,1640237446058,1.3432646,2.1199985,10.512558,2021:12:23:14:30:46.058
5809,1640237446083,0.29045177,3.784856,11.215032,2021:12:23:14:30:46.083
5810,1640237446099,0.47789797,3.1734102,8.767451,2021:12:23:14:30:46.099
5811,1640237446119,1.208519,3.4674551,7.758356,2021:12:23:14:30:46.119
5812,1640237446141,0.71325374,3.4429016,8.145226,2021:12:23:14:30:46.141
5813,1640237446158,0.7036718,3.707602,10.540705,2021:12:23:14:30:46.158
5814,1640237446182,0.6174346,4.6508217,10.493394,2021:12:23:14:30:46.182
5815,1640237446218,0.30542353,4.424449,8.20631,2021:12:23:14:30:46.218
5816,1640237446234,-0.2090055,1.9271625,8.772243,2021:12:23:14:30:46.234
5817,1640237446255,-0.8623723,3.895647,9.894525,2021:12:23:14:30:46.255
5818,1640237446275,-0.7521803,5.0742226,7.5271926,2021:12:23:14:30:46.275
5819,1640237446300,-0.50185275,3.481828,8.8716545,2021:12:23:14:30:46.300
5820,1640237446317,-1.5786203,2.5386083,9.177677,2021:12:23:14:30:46.317
5821,1640237446336,-0.6749261,2.788936,10.059813,2021:12:23:14:30:46.336
5822,1640237446355,-0.031141222,4.405285,9.687315,2021:12:23:14:30:46.355
5823,1640237446382,0.2287682,4.5448217,8.777034,2021:12:23:14:30:46.382
5824,1640237446399,-0.6222255,3.1638284,6.857656,2021:12:23:14:30:46.399
5825,1640237446418,-0.76655316,3.1782012,8.578808,2021:12:23:14:30:46.418
5826,1640237446439,-0.16528802,2.5913088,9.960999,2021:12:23:14:30:46.439
5827,1640237446459,0.6132425,3.8231838,9.795711,2021:12:23:14:30:46.459
5828,1640237446487,0.5264064,3.9339747,8.975259,2021:12:23:14:30:46.487
5829,1640237446505,-0.059886962,4.891567,8.248831,2021:12:23:14:30:46.505
5830,1640237446517,0.66115206,2.7116816,9.130965,2021:12:23:14:30:46.517
5831,1640237446537,1.2857732,4.8676124,9.592694,2021:12:23:14:30:46.537
5832,1640237446556,1.7331287,3.3327096,6.5887637,2021:12:23:14:30:46.556
5833,1640237446584,0.6467792,3.6884382,8.796197,2021:12:23:14:30:46.584
5834,1640237446601,0.76655316,3.0338736,7.216379,2021:12:23:14:30:46.601
5835,1640237446620,1.4061459,2.9524274,13.261968,2021:12:23:14:30:46.620
5836,1640237446636,0.50724256,4.198675,8.597971,2021:12:23:14:30:46.636
5837,1640237446656,0.10360444,4.01602,6.6642213,2021:12:23:14:30:46.656
5838,1640237446674,-0.42519745,2.4613543,9.428004,2021:12:23:14:30:46.674
5839,1640237446699,0.58449674,2.9428453,10.446682,2021:12:23:14:30:46.699
5840,1640237446717,0.5892877,2.7643821,10.413744,2021:12:23:14:30:46.717
5841,1640237446735,0.24314107,3.4381106,7.3247747,2021:12:23:14:30:46.735
5842,1640237446756,-0.5545533,3.390201,8.683011,2021:12:23:14:30:46.756
5843,1640237446783,-0.8144627,3.702811,9.498672,2021:12:23:14:30:46.783
5844,1640237446798,-0.23296028,4.3238387,8.248831,2021:12:23:14:30:46.798
5845,1640237446818,-0.780926,5.1125503,7.018153,2021:12:23:14:30:46.818
5846,1640237446835,-1.208519,1.9756709,9.3998575,2021:12:23:14:30:46.835
5847,1640237446858,-0.25212413,2.1247895,12.960137,2021:12:23:14:30:46.858
5848,1640237446882,-1.5594566,5.208968,6.9187407,2021:12:23:14:30:46.882
5849,1640237446900,-2.3763146,3.9243927,6.560617,2021:12:23:14:30:46.900
5850,1640237446917,-0.5305985,3.380619,10.833551,2021:12:23:14:30:46.917
5851,1640237446940,-0.064677924,3.702811,10.640117,2021:12:23:14:30:46.940
5852,1640237446957,-1.0785642,4.319048,8.29135,2021:12:23:14:30:46.957
5853,1640237446981,-0.80008984,4.179511,7.126549,2021:12:23:14:30:46.981
5854,1640237446999,-1.102519,2.774563,9.017779,2021:12:23:14:30:46.999
5855,1640237447019,-1.2851743,2.9620092,9.088446,2021:12:23:14:30:47.019
5856,1640237447036,-1.2133099,4.2561665,10.804806,2021:12:23:14:30:47.036
5857,1640237447062,-1.7516937,3.69802,8.074559,2021:12:23:14:30:47.062
5858,1640237447086,-1.0114908,2.470936,9.036344,2021:12:23:14:30:47.086
5859,1640237447104,-0.9725643,3.8375566,9.088446,2021:12:23:14:30:47.104
5860,1640237447118,-1.5061572,4.189093,8.8716545,2021:12:23:14:30:47.118
5861,1640237447136,-0.7419995,4.2705393,7.9044805,2021:12:23:14:30:47.136
5862,1640237447155,-0.31440654,3.6788561,8.565034,2021:12:23:14:30:47.155
5863,1640237447175,0.35872293,3.3129468,10.130479,2021:12:23:14:30:47.175
5864,1640237447199,0.1419321,3.5489016,8.909384,2021:12:23:14:30:47.199
5865,1640237447218,-0.0886327,4.1501665,10.550286,2021:12:23:14:30:47.218
5866,1640237447237,0.2287682,3.9435565,7.9284353,2021:12:23:14:30:47.237
5867,1640237447257,0.1658869,1.778044,9.795711,2021:12:23:14:30:47.257
5868,1640237447282,0.66115206,4.833477,8.923158,2021:12:23:14:30:47.282
5869,1640237447301,-1.0162817,3.380619,4.4573865,2021:12:23:14:30:47.301
5870,1640237447316,-0.69888085,1.6145525,10.866489,2021:12:23:14:30:47.316
5871,1640237447339,1.391773,3.7944381,13.705132,2021:12:23:14:30:47.339
5872,1640237447357,-0.67013514,5.9886966,6.8720293,2021:12:23:14:30:47.357
5873,1640237447383,-1.1168919,3.9196017,6.7540517,2021:12:23:14:30:47.383
5874,1640237447398,0.6851069,4.2561665,8.362017,2021:12:23:14:30:47.398
5875,1640237447419,-0.03593218,4.3334208,9.19205,2021:12:23:14:30:47.419
5876,1640237447438,0.6946888,1.1138976,10.319122,2021:12:23:14:30:47.438
5877,1640237447465,0.73301643,4.295093,10.243665,2021:12:23:14:30:47.465
5878,1640237447482,1.396564,1.7013886,9.649587,2021:12:23:14:30:47.482
5879,1640237447498,0.6851069,2.903919,6.2821426,2021:12:23:14:30:47.498
5880,1640237447516,0.35812405,4.997567,8.140435,2021:12:23:14:30:47.516
5881,1640237447534,0.77673393,4.22263,9.1686945,2021:12:23:14:30:47.534
5882,1640237447555,0.53119737,2.1391623,11.026388,2021:12:23:14:30:47.555
5883,1640237447574,0.75697124,3.9675114,9.277089,2021:12:23:14:30:47.574
5884,1640237447598,1.2714002,3.6596923,7.664334,2021:12:23:14:30:47.598
5885,1640237447616,-0.021559307,3.1015458,7.2115884,2021:12:23:14:30:47.616
5886,1640237447635,-0.3191975,3.6692743,10.545495,2021:12:23:14:30:47.635
5887,1640237447656,-0.78571695,3.9866753,12.262455,2021:12:23:14:30:47.656
5888,1640237447679,-0.7276266,3.6884382,7.287046,2021:12:23:14:30:47.679
5889,1640237447698,-0.22337838,3.0728002,5.971329,2021:12:23:14:30:47.698
5890,1640237447717,-0.34794325,2.572145,11.696523,2021:12:23:14:30:47.717
5891,1640237447739,-0.6940899,4.9346857,10.451473,2021:12:23:14:30:47.739
5892,1640237447756,-0.34794325,5.3628774,9.371112,2021:12:23:14:30:47.756
5893,1640237447783,-0.5641352,1.8361343,10.154433,2021:12:23:14:30:47.783
5894,1640237447803,0.6563611,2.8655913,7.3625035,2021:12:23:14:30:47.803
5895,1640237447818,0.21439533,4.520867,7.584085,2021:12:23:14:30:47.818
5896,1640237447839,0.4401692,4.4585843,8.706367,2021:12:23:14:30:47.839
5897,1640237447871,0.29105064,3.293783,9.96579,2021:12:23:14:30:47.871
5898,1640237447887,-0.6940899,3.886065,9.517237,2021:12:23:14:30:47.887
5899,1640237447899,0.041322004,3.4285285,8.362017,2021:12:23:14:30:47.899
5900,1640237447934,0.97376204,5.526369,9.244152,2021:12:23:14:30:47.934
5901,1640237447954,0.8629711,4.3861213,6.7917805,2021:12:23:14:30:47.954
5902,1640237447981,0.23835011,3.3327096,10.314332,2021:12:23:14:30:47.981
5903,1640237447997,0.0748587,2.0044167,9.187259,2021:12:23:14:30:47.997
5904,1640237448014,0.61803347,3.6069918,8.758469,2021:12:23:14:30:48.014
5905,1640237448034,0.4928697,2.6344275,7.065464,2021:12:23:14:30:48.034
5906,1640237448055,-0.13654228,3.3710372,10.602388,2021:12:23:14:30:48.055
5907,1640237448081,-0.39106187,3.8812742,6.40012,2021:12:23:14:30:48.081
5908,1640237448100,0.03174009,3.197964,7.9188533,2021:12:23:14:30:48.100
5909,1640237448117,0.62282443,2.5960999,10.979676,2021:12:23:14:30:48.117
5910,1640237448136,0.44496015,2.6541903,13.460194,2021:12:23:14:30:48.136
5911,1640237448164,-0.35752517,5.002358,6.4192834,2021:12:23:14:30:48.164
5912,1640237448180,-0.51622564,3.3949919,5.164652,2021:12:23:14:30:48.180
5913,1640237448197,-0.31440654,4.2897034,9.02257,2021:12:23:14:30:48.197
5914,1640237448219,0.5407793,2.774563,9.362129,2021:12:23:14:30:48.219
5915,1640237448235,0.40184152,3.7704833,7.3672943,2021:12:23:14:30:48.235
5916,1640237448263,-0.2760789,2.6104727,11.790545,2021:12:23:14:30:48.263
5917,1640237448280,-0.36770597,2.879964,10.087959,2021:12:23:14:30:48.280
5918,1640237448297,-0.3724969,3.789647,10.276603,2021:12:23:14:30:48.297
5919,1640237448317,-0.63180745,5.11794,5.5652957,2021:12:23:14:30:48.317
5920,1640237448348,-0.08384175,3.3129468,7.6781077,2021:12:23:14:30:48.348
5921,1640237448365,0.108395405,2.4661453,11.545608,2021:12:23:14:30:48.365
5922,1640237448380,0.094022535,4.3861213,7.08882,2021:12:23:14:30:48.380
5923,1640237448398,0.094022535,1.566643,9.814875,2021:12:23:14:30:48.398
5924,1640237448413,1.2234907,6.1857243,5.7587304,2021:12:23:14:30:48.413
5925,1640237448433,-0.5599431,0.48867762,5.8060412,2021:12:23:14:30:48.433
5926,1640237448465,0.36770597,5.232923,10.847325,2021:12:23:14:30:48.465
5927,1640237448481,-0.11737845,1.7109705,14.478871,2021:12:23:14:30:48.481
5928,1640237448502,-0.18984167,4.5591946,11.191676,2021:12:23:14:30:48.502
5929,1640237448517,-0.82883555,0.99891454,6.9756336,2021:12:23:14:30:48.517
5930,1640237448538,-1.0737733,5.9114423,5.5605044,2021:12:23:14:30:48.538
5931,1640237448556,-0.96358126,3.2650373,6.923532,2021:12:23:14:30:48.556
5932,1640237448577,-0.41561553,2.394281,19.991467,2021:12:23:14:30:48.577
5933,1640237448602,-0.13175131,9.405248,2.8865516,2021:12:23:14:30:48.602
5934,1640237448620,-1.8570948,-2.0373545,7.418797,2021:12:23:14:30:48.620
5935,1640237448636,0.08923157,8.639893,2.66497,2021:12:23:14:30:48.636
5936,1640237448665,-0.7521803,1.061197,14.8938875,2021:12:23:14:30:48.665
5937,1640237448681,0.20421454,8.73152,11.80971,2021:12:23:14:30:48.681
5938,1640237448699,-0.93962646,-0.08384175,2.5847213,2021:12:23:14:30:48.699
5939,1640237448716,0.23355916,1.1192874,18.199648,2021:12:23:14:30:48.716
5940,1640237448745,1.511547,3.6309466,8.069768,2021:12:23:14:30:48.745
5941,1640237448755,-1.0162817,8.110492,4.037579,2021:12:23:14:30:48.755
5942,1640237448778,0.1754688,1.7684621,9.513044,2021:12:23:14:30:48.778
5943,1640237448796,0.7473893,1.6965977,9.244152,2021:12:23:14:30:48.796
5944,1640237448819,-0.6653442,2.7308455,9.979564,2021:12:23:14:30:48.819
5945,1640237448836,0.38207883,3.914811,8.329079,2021:12:23:14:30:48.836
5946,1640237448856,-0.60306174,7.0229445,12.799641,2021:12:23:14:30:48.856
5947,1640237448881,0.80547965,1.3306884,7.805667,2021:12:23:14:30:48.881
5948,1640237448897,0.15151402,2.7308455,13.8279,2021:12:23:14:30:48.897
5949,1640237448914,1.3145188,8.288955,4.023206,2021:12:23:14:30:48.914
5950,1640237448935,0.30542353,-1.0845529,2.476326,2021:12:23:14:30:48.935
5951,1640237448963,0.3293783,3.5393195,13.007448,2021:12:23:14:30:48.963
5952,1640237448980,1.0983269,3.8183928,10.074185,2021:12:23:14:30:48.980
5953,1640237448995,0.23355916,4.0591383,8.437474,2021:12:23:14:30:48.995
5954,1640237449017,-0.7952989,2.9188907,9.701688,2021:12:23:14:30:49.017
5955,1640237449036,-0.6222255,4.684358,7.56013,2021:12:23:14:30:49.036
5956,1640237449062,-0.4204065,2.1199985,8.748886,2021:12:23:14:30:49.062
5957,1640237449079,-0.67971706,2.4901,10.1921625,2021:12:23:14:30:49.079
5958,1640237449098,-0.9492084,2.3457723,12.257664,2021:12:23:14:30:49.098
5959,1640237449117,-0.4060336,0.20002246,10.187371,2021:12:23:14:30:49.117
5960,1640237449145,-0.6653442,6.3641877,7.9895196,2021:12:23:14:30:49.145
5961,1640237449162,0.2958416,5.935397,5.8767076,2021:12:23:14:30:49.162
5962,1640237449179,0.569525,5.002358,9.012988,2021:12:23:14:30:49.179
5963,1640237449196,-1.0210727,4.7711945,6.9564695,2021:12:23:14:30:49.196
5964,1640237449215,-0.24194333,2.1583261,10.56945,2021:12:23:14:30:49.215
5965,1640237449232,0.046112962,2.9428453,9.404649,2021:12:23:14:30:49.232
5966,1640237449263,0.4737059,3.5105739,8.650073,2021:12:23:14:30:49.263
5967,1640237449280,-0.011378523,2.9572182,9.211214,2021:12:23:14:30:49.280
5968,1640237449295,0.18085863,3.1159186,9.941834,2021:12:23:14:30:49.295
5969,1640237449313,0.44496015,3.298574,9.480106,2021:12:23:14:30:49.313
5970,1640237449334,0.38746867,4.496912,7.206797,2021:12:23:14:30:49.334
5971,1640237449355,-0.2856608,3.5824382,10.39458,2021:12:23:14:30:49.355
5972,1640237449381,-0.52580756,3.8758843,6.6175094,2021:12:23:14:30:49.381
5973,1640237449398,0.18564959,3.4141557,8.381181,2021:12:23:14:30:49.398
5974,1640237449416,0.060485832,3.784856,9.588502,2021:12:23:14:30:49.416
5975,1640237449434,0.4737059,3.399783,8.993824,2021:12:23:14:30:49.434
5976,1640237449455,-0.16528802,3.5489016,9.418423,2021:12:23:14:30:49.455
5977,1640237449482,-0.76595426,3.0680091,9.522027,2021:12:23:14:30:49.482
5978,1640237449499,-0.10240671,4.607703,8.499158,2021:12:23:14:30:49.499
5979,1640237449517,0.060485832,3.6069918,7.786503,2021:12:23:14:30:49.517
5980,1640237449535,-0.12696037,3.5153646,9.050716,2021:12:23:14:30:49.535
5981,1640237449564,-0.5737171,2.981173,8.819553,2021:12:23:14:30:49.564
5982,1640237449580,0.036531046,3.6069918,8.6075535,2021:12:23:14:30:49.580
5983,1640237449599,-0.12696037,2.17749,8.565034,2021:12:23:14:30:49.599
5984,1640237449618,0.20960437,4.092675,9.045926,2021:12:23:14:30:49.618
5985,1640237449636,-0.42938954,3.1111279,9.333384,2021:12:23:14:30:49.636
5986,1640237449661,-0.61204475,3.8136017,7.5415654,2021:12:23:14:30:49.661
5987,1640237449680,-0.48688102,2.1918628,11.488715,2021:12:23:14:30:49.680
5988,1640237449699,-0.29464385,4.179511,10.097541,2021:12:23:14:30:49.699
5989,1640237449720,-0.5785081,4.2753305,6.9804244,2021:12:23:14:30:49.720
5990,1640237449746,-0.49646294,3.596811,7.9188533,2021:12:23:14:30:49.746
5991,1640237449778,0.022158176,3.380619,8.20631,2021:12:23:14:30:49.778
5992,1640237449794,-0.18445185,2.9572182,10.319122,2021:12:23:14:30:49.794
5993,1640237449813,-0.006587566,3.7267656,10.937156,2021:12:23:14:30:49.813
5994,1640237449834,0.26290378,3.601602,9.173485,2021:12:23:14:30:49.834
5995,1640237449862,0.3156043,3.005128,8.465621,2021:12:23:14:30:49.862
5996,1640237449877,-0.107197665,4.2705393,8.3105135,2021:12:23:14:30:49.877
5997,1640237449898,-0.67911816,3.3375006,10.705993,2021:12:23:14:30:49.898
5998,1640237449915,0.01736722,5.002358,7.5559382,2021:12:23:14:30:49.915
5999,1640237449938,-0.18924281,2.572145,8.479994,2021:12:23:14:30:49.938
6000,1640237449964,-0.20840663,3.780065,9.380694,2021:12:23:14:30:49.964
6001,1640237449980,-0.48209006,4.3621664,8.560243,2021:12:23:14:30:49.980
6002,1640237449996,-1.5301119,3.7513194,7.725418,2021:12:23:14:30:49.996
6003,1640237450019,-0.5299996,2.7212636,10.323914,2021:12:23:14:30:50.019
6004,1640237450038,-0.8186548,3.293783,10.408953,2021:12:23:14:30:50.038
6005,1640237450060,-1.1695924,4.1843023,7.923644,2021:12:23:14:30:50.060
6006,1640237450080,-0.67911816,2.4326084,9.843021,2021:12:23:14:30:50.080
6007,1640237450097,-0.059288096,4.6651945,12.97451,2021:12:23:14:30:50.097
6008,1640237450117,-0.7419995,4.728076,5.5323577,2021:12:23:14:30:50.117
6009,1640237450140,-1.1839653,4.4681664,5.1742334,2021:12:23:14:30:50.140
6010,1640237450165,0.49346858,2.7356365,11.243777,2021:12:23:14:30:50.165
6011,1640237450182,0.25332186,3.9531384,8.508141,2021:12:23:14:30:50.182
6012,1640237450198,-0.28985292,3.38541,9.107011,2021:12:23:14:30:50.198
6013,1640237450218,0.122768275,3.8663023,9.772355,2021:12:23:14:30:50.218
6014,1640237450233,0.33416927,2.976382,9.960999,2021:12:23:14:30:50.233
6015,1640237450259,0.49766067,2.9332635,7.4708986,2021:12:23:14:30:50.259
6016,1640237450277,0.27667776,3.6165738,11.743235,2021:12:23:14:30:50.277
6017,1640237450296,0.776135,3.7267656,7.994311,2021:12:23:14:30:50.296
6018,1640237450315,0.27128795,1.763671,8.319497,2021:12:23:14:30:50.315
6019,1640237450345,0.28146872,4.910731,8.772243,2021:12:23:14:30:50.345
6020,1640237450362,0.99711794,3.8136017,8.989034,2021:12:23:14:30:50.362
6021,1640237450378,0.17067784,3.2794101,7.1403227,2021:12:23:14:30:50.378
6022,1640237450395,0.23296028,3.2602463,7.584085,2021:12:23:14:30:50.395
6023,1640237450417,-0.026350264,3.5489016,11.918104,2021:12:23:14:30:50.417
6024,1640237450446,-0.56473404,3.0680091,9.738818,2021:12:23:14:30:50.446
6025,1640237450463,0.20421454,3.0338736,7.975147,2021:12:23:14:30:50.463
6026,1640237450479,0.56473404,2.7985177,10.342479,2021:12:23:14:30:50.479
6027,1640237450500,0.18984167,3.2123368,10.371224,2021:12:23:14:30:50.500
6028,1640237450517,-0.43477935,4.790358,5.848561,2021:12:23:14:30:50.517
6029,1640237450544,0.1419321,2.6398172,10.234083,2021:12:23:14:30:50.544
6030,1640237450561,0.63180745,4.22263,9.064491,2021:12:23:14:30:50.561
6031,1640237450579,1.6409028,3.077591,9.323801,2021:12:23:14:30:50.579
6032,1640237450597,1.410338,5.646742,6.5935545,2021:12:23:14:30:50.597
6033,1640237450619,2.641015,2.6248455,9.182468,2021:12:23:14:30:50.619
6034,1640237450647,1.2276827,2.1152077,11.389901,2021:12:23:14:30:50.647
6035,1640237450663,1.7325299,2.663772,9.554965,2021:12:23:14:30:50.663
6036,1640237450679,2.2176142,4.227421,9.6968975,2021:12:23:14:30:50.679
6037,1640237450697,1.501965,2.2978628,13.8704195,2021:12:23:14:30:50.697
6038,1640237450715,0.05030505,6.031815,2.0235806,2021:12:23:14:30:50.715
6039,1640237450737,0.6222255,3.1255007,9.734626,2021:12:23:14:30:50.737
6040,1640237450756,-0.13714115,4.6699853,7.1876335,2021:12:23:14:30:50.756
6041,1640237450779,-0.53119737,3.1015458,4.914923,2021:12:23:14:30:50.779
6042,1640237450800,-0.987536,2.6008909,13.606318,2021:12:23:14:30:50.800
6043,1640237450816,-1.4636374,4.530449,10.210728,2021:12:23:14:30:50.816
6044,1640237450842,-0.8533892,2.8847551,7.6828985,2021:12:23:14:30:50.842
6045,1640237450864,-0.7378074,2.692518,11.455777,2021:12:23:14:30:50.864
6046,1640237450880,-0.9492084,5.738369,10.498185,2021:12:23:14:30:50.880
6047,1640237450899,-1.5744283,0.8833327,11.333009,2021:12:23:14:30:50.899
6048,1640237450916,-1.6319197,3.7752743,13.450612,2021:12:23:14:30:50.916
6049,1640237450942,-1.722948,5.9695325,7.5038366,2021:12:23:14:30:50.942
6050,1640237450961,-0.67552495,3.9627204,0.20780776,2021:12:23:14:30:50.961
6051,1640237450979,-0.1754688,5.680877,3.726167,2021:12:23:14:30:50.979
6052,1640237450996,-0.18984167,2.981173,13.242805,2021:12:23:14:30:50.996
6053,1640237451020,-0.5599431,4.107048,7.3247747,2021:12:23:14:30:51.020
6054,1640237451044,-0.978553,1.2103156,7.479882,2021:12:23:14:30:51.044
6055,1640237451062,-0.35812405,3.2698283,9.432796,2021:12:23:14:30:51.062
6056,1640237451078,0.079050794,1.9367445,7.994311,2021:12:23:14:30:51.078
6057,1640237451096,-0.98334396,2.678145,12.130104,2021:12:23:14:30:51.096
6058,1640237451114,-1.0839541,1.9367445,12.493019,2021:12:23:14:30:51.114
6059,1640237451135,-0.16109593,0.17127672,9.045926,2021:12:23:14:30:51.135
6060,1640237451161,1.3672193,1.5181345,5.763521,2021:12:23:14:30:51.161
6061,1640237451177,2.0637047,6.05577,7.466108,2021:12:23:14:30:51.177
6062,1640237451195,0.65576226,4.920313,11.913314,2021:12:23:14:30:51.195
6063,1640237451217,0.7473893,5.107759,9.956207,2021:12:23:14:30:51.217
6064,1640237451236,0.5934798,4.506494,4.5609913,2021:12:23:14:30:51.236
6065,1640237451259,-0.08444062,2.8368454,5.716211,2021:12:23:14:30:51.259
6066,1640237451277,-1.1845641,5.420968,6.0934987,2021:12:23:14:30:51.277
6067,1640237451298,-1.1414455,1.6337163,18.388292,2021:12:23:14:30:51.298
6068,1640237451317,0.6078527,4.2561665,11.606692,2021:12:23:14:30:51.317
6069,1640237451344,0.05030505,0.34435004,8.055395,2021:12:23:14:30:51.344
6070,1640237451364,0.80967176,4.492121,5.2449,2021:12:23:14:30:51.364
6071,1640237451378,0.64138937,3.1255007,9.045926,2021:12:23:14:30:51.378
6072,1640237451399,0.67013514,5.208968,11.861212,2021:12:23:14:30:51.399
6073,1640237451419,0.27128795,1.1432421,7.197215,2021:12:23:14:30:51.419
6074,1640237451449,0.29524273,2.6541903,8.54587,2021:12:23:14:30:51.449
6075,1640237451463,0.5934798,3.0242918,8.517723,2021:12:23:14:30:51.463
6076,1640237451495,-0.10360444,6.5803795,9.729835,2021:12:23:14:30:51.495
6077,1640237451514,-0.055096008,5.9695325,9.441779,2021:12:23:14:30:51.514
6078,1640237451534,0.01676835,1.6289254,8.498559,2021:12:23:14:30:51.534
6079,1640237451554,-1.0695812,1.3546431,9.7765465,2021:12:23:14:30:51.554
6080,1640237451579,-0.0748587,3.2027547,11.3378,2021:12:23:14:30:51.579
6081,1640237451596,-0.665943,6.1569786,6.2683682,2021:12:23:14:30:51.596
6082,1640237451618,-0.31500542,1.6001797,6.0653515,2021:12:23:14:30:51.618
6083,1640237451634,-0.18025976,2.5913088,10.757495,2021:12:23:14:30:51.634
6084,1640237451661,-1.088745,3.895647,10.417936,2021:12:23:14:30:51.661
6085,1640237451678,-1.2857732,5.11794,9.224988,2021:12:23:14:30:51.678
6086,1640237451697,-0.71864355,4.0543475,6.9852157,2021:12:23:14:30:51.697
6087,1640237451716,-0.06527679,2.581727,3.9854774,2021:12:23:14:30:51.716
6088,1640237451743,0.9204626,1.8265524,8.069768,2021:12:23:14:30:51.743
6089,1640237451759,0.85279036,4.511285,12.950556,2021:12:23:14:30:51.759
6090,1640237451779,0.30482465,2.0523262,13.167347,2021:12:23:14:30:51.779
6091,1640237451797,-0.5503612,2.8224726,11.408466,2021:12:23:14:30:51.797
6092,1640237451828,0.28086987,4.4585843,4.414867,2021:12:23:14:30:51.828
6093,1640237451843,0.15151402,3.5728562,5.1832166,2021:12:23:14:30:51.843
6094,1640237451859,-0.41082457,4.6316576,11.309653,2021:12:23:14:30:51.859
6095,1640237451877,-1.2282816,2.2499533,13.427256,2021:12:23:14:30:51.877
6096,1640237451897,-0.11797732,1.6774338,11.040761,2021:12:23:14:30:51.897
6097,1640237451917,1.3528465,2.774563,7.291238,2021:12:23:14:30:51.917
6098,1640237451943,1.7660666,6.306097,9.5364,2021:12:23:14:30:51.943
6099,1640237451960,1.1893551,4.6651945,1.9810607,2021:12:23:14:30:51.960
6100,1640237451975,0.15630497,3.9339747,10.988659,2021:12:23:14:30:51.975
6101,1640237451994,0.0071864356,-0.46412396,8.724932,2021:12:23:14:30:51.994
6102,1640237452015,2.131377,2.0475352,7.5511475,2021:12:23:14:30:52.015
6103,1640237452034,0.76655316,4.4633756,9.814276,2021:12:23:14:30:52.034
6104,1640237452060,1.3432646,5.5844593,6.70195,2021:12:23:14:30:52.060
6105,1640237452077,0.2856608,2.788936,15.011267,2021:12:23:14:30:52.077
6106,1640237452095,0.15630497,2.0960438,7.947,2021:12:23:14:30:52.095
6107,1640237452116,1.0402366,5.0550585,5.268256,2021:12:23:14:30:52.116
6108,1640237452145,-0.362915,-2.2349815,12.299584,2021:12:23:14:30:52.145
6109,1640237452159,0.3335704,6.3013062,8.281768,2021:12:23:14:30:52.159
6110,1640237452177,-1.0599992,2.586518,12.125314,2021:12:23:14:30:52.177
6111,1640237452198,-0.7521803,4.2561665,8.795598,2021:12:23:14:30:52.198
6112,1640237452226,-0.5976719,4.121421,12.889471,2021:12:23:14:30:52.226
6113,1640237452244,-0.47789797,6.3689785,9.946626,2021:12:23:14:30:52.244
6114,1640237452259,-1.102519,6.416888,-2.7488117,2021:12:23:14:30:52.259
6115,1640237452278,-1.8331399,1.4031515,5.3958154,2021:12:23:14:30:52.278
6116,1640237452302,0.24793203,0.42100537,25.499868,2021:12:23:14:30:52.302
6117,1640237452316,-0.473107,6.142606,7.5271926,2021:12:23:14:30:52.316
6118,1640237452337,-1.1983382,3.9723022,-4.5454206,2021:12:23:14:30:52.337
6119,1640237452363,-1.3714114,2.269117,6.6642213,2021:12:23:14:30:52.363
6120,1640237452382,-0.11737845,2.903919,16.53479,2021:12:23:14:30:52.382
6121,1640237452397,-0.71325374,2.7356365,15.530486,2021:12:23:14:30:52.397
6122,1640237452414,-2.2080324,3.1446645,4.575364,2021:12:23:14:30:52.414
6123,1640237452433,-0.9246547,-0.39166075,8.074559,2021:12:23:14:30:52.433
6124,1640237452459,0.8629711,2.6008909,10.526931,2021:12:23:14:30:52.459
6125,1640237452476,-0.5641352,10.102931,7.4990454,2021:12:23:14:30:52.476
6126,1640237452497,-1.8906314,4.343003,9.262716,2021:12:23:14:30:52.497
6127,1640237452516,-1.0300558,-0.91627055,8.036831,2021:12:23:14:30:52.516
6128,1640237452544,0.65157014,1.3929708,9.069282,2021:12:23:14:30:52.544
6129,1640237452559,0.9977168,7.345735,9.093237,2021:12:23:14:30:52.559
6130,1640237452577,-1.1743834,7.677509,8.3105135,2021:12:23:14:30:52.577
6131,1640237452597,-1.5013661,0.36830482,10.470037,2021:12:23:14:30:52.597
6132,1640237452616,0.5365872,2.572145,10.880263,2021:12:23:14:30:52.616
6133,1640237452642,-0.19403376,3.274619,9.060299,2021:12:23:14:30:52.642
6134,1640237452659,-0.80428195,4.3142567,9.216004,2021:12:23:14:30:52.659
6135,1640237452677,-0.38147995,3.303365,10.927574,2021:12:23:14:30:52.677
6136,1640237452701,0.65696,2.5577722,6.150391,2021:12:23:14:30:52.701
6137,1640237452718,0.5461691,1.9223715,10.196953,2021:12:23:14:30:52.718
6138,1640237452742,-0.092824794,5.7335777,8.362017,2021:12:23:14:30:52.742
6139,1640237452757,-0.9294457,3.1446645,8.050605,2021:12:23:14:30:52.757
6140,1640237452780,-0.35752517,2.9380543,12.422353,2021:12:23:14:30:52.780
6141,1640237452797,0.29164952,5.213759,8.824344,2021:12:23:14:30:52.797
6142,1640237452827,-0.21798855,3.5632744,7.574503,2021:12:23:14:30:52.827
6143,1640237452842,0.1281581,3.6453195,8.225474,2021:12:23:14:30:52.842
6144,1640237452860,0.33476812,3.0147097,9.937044,2021:12:23:14:30:52.860
6145,1640237452878,0.026949134,2.4901,9.31961,2021:12:23:14:30:52.878
6146,1640237452897,-0.20840663,3.784856,10.909009,2021:12:23:14:30:52.897
6147,1640237452916,0.7958977,4.718494,8.381181,2021:12:23:14:30:52.916
6148,1640237452942,0.20960437,3.2650373,8.819553,2021:12:23:14:30:52.942
6149,1640237452959,0.27727664,4.9730134,7.6451697,2021:12:23:14:30:52.959
6150,1640237452982,0.15690385,3.0680091,8.932739,2021:12:23:14:30:52.982
6151,1640237452997,0.32518622,2.7548003,11.507879,2021:12:23:14:30:52.997
6152,1640237453020,-0.059288096,3.6069918,7.593667,2021:12:23:14:30:53.020
6153,1640237453047,-0.42938954,3.1590374,5.971329,2021:12:23:14:30:53.047
6154,1640237453061,0.61384135,2.663772,11.441404,2021:12:23:14:30:53.061
6155,1640237453076,0.77673393,4.1699295,11.210839,2021:12:23:14:30:53.076
6156,1640237453099,0.62821424,3.1686192,8.527305,2021:12:23:14:30:53.099
6157,1640237453118,0.041920874,3.3129468,10.041247,2021:12:23:14:30:53.118
6158,1640237453140,0.22936708,4.097466,1.2737957,2021:12:23:14:30:53.140
6159,1640237453161,0.30602238,0.24314107,16.888723,2021:12:23:14:30:53.161
6160,1640237453179,-1.7846315,6.4983344,12.851743,2021:12:23:14:30:53.179
6161,1640237453215,1.1899539,3.2315006,5.1460867,2021:12:23:14:30:53.215
6162,1640237453232,0.18085863,3.0338736,8.696785,2021:12:23:14:30:53.232
6163,1640237453259,-0.011378523,4.3286295,10.502975,2021:12:23:14:30:53.259
6164,1640237453276,0.11857619,5.1706405,9.437587,2021:12:23:14:30:53.276
6165,1640237453295,-0.3671071,3.1255007,8.8716545,2021:12:23:14:30:53.295
6166,1640237453314,0.28685856,4.4633756,6.6127186,2021:12:23:14:30:53.314
6167,1640237453342,0.4162144,-1.2582251,6.513306,2021:12:23:14:30:53.342
6168,1640237453358,2.112812,8.67822,3.9339747,2021:12:23:14:30:53.358
6169,1640237453359,1.3007449,0.54137814,14.804057,2021:12:23:14:30:53.359
6170,1640237453381,2.3098402,3.674065,7.4613166,2021:12:23:14:30:53.381
6171,1640237453417,1.0845529,0.96477896,11.394692,2021:12:23:14:30:53.417
6172,1640237453442,0.62282443,4.8286858,8.942322,2021:12:23:14:30:53.442
6173,1640237453457,0.7815249,2.3457723,8.673429,2021:12:23:14:30:53.457
6174,1640237453476,-0.025751395,4.0591383,8.281768,2021:12:23:14:30:53.476
6175,1640237453499,-0.3138077,0.7773328,10.087959,2021:12:23:14:30:53.499
6176,1640237453515,0.49825954,4.3717484,9.244152,2021:12:23:14:30:53.515
6177,1640237453541,1.1372534,2.9087098,8.673429,2021:12:23:14:30:53.541
6178,1640237453558,0.0125762625,5.8683233,9.027361,2021:12:23:14:30:53.558
6179,1640237453578,-0.5401804,5.228132,4.4196577,2021:12:23:14:30:53.578
6180,1640237453598,-0.7611633,4.198675,12.743347,2021:12:23:14:30:53.598
6181,1640237453625,-0.20361568,3.5345285,8.758469,2021:12:23:14:30:53.625
6182,1640237453642,0.40663248,3.2458735,9.635214,2021:12:23:14:30:53.642
6183,1640237453659,-0.39585283,3.49141,9.446569,2021:12:23:14:30:53.659
6184,1640237453677,-0.5641352,3.0536363,8.192536,2021:12:23:14:30:53.677
6185,1640237453699,-0.2994348,3.59202,10.814388,2021:12:23:14:30:53.699
6186,1640237453716,0.22457612,3.5441105,8.178164,2021:12:23:14:30:53.716
6187,1640237453739,0.14253098,2.5673542,9.404649,2021:12:23:14:30:53.739
6188,1640237453760,0.22936708,1.7492982,10.536512,2021:12:23:14:30:53.760
6189,1640237453777,0.3012314,5.940188,9.036344,2021:12:23:14:30:53.777
6190,1640237453794,-0.6216267,3.0338736,8.022458,2021:12:23:14:30:53.794
6191,1640237453816,-0.49646294,3.9291837,8.805181,2021:12:23:14:30:53.816
6192,1640237453840,-0.58809,3.693229,8.701576,2021:12:23:14:30:53.840
6193,1640237453859,-0.06407905,3.005128,6.9331136,2021:12:23:14:30:53.859
6194,1640237453877,-0.43897143,2.4901,8.786615,2021:12:23:14:30:53.877
6195,1640237453896,-0.18924281,3.0536363,11.521653,2021:12:23:14:30:53.896
6196,1640237453916,0.108994275,3.1302917,8.965677,2021:12:23:14:30:53.916
6197,1640237453940,-0.8186548,2.7452185,7.6361866,2021:12:23:14:30:53.940
6198,1640237453960,-0.5785081,3.5441105,9.578919,2021:12:23:14:30:53.960
6199,1640237453976,-1.217502,3.7656922,10.102332,2021:12:23:14:30:53.976
6200,1640237453997,-1.2845753,4.588539,7.626605,2021:12:23:14:30:53.997
6201,1640237454025,-1.1648015,3.1542463,7.0133624,2021:12:23:14:30:54.025
6202,1640237454040,-0.22757046,2.5290265,10.39458,2021:12:23:14:30:54.040
6203,1640237454057,-0.37609014,4.0591383,8.565034,2021:12:23:14:30:54.057
6204,1640237454076,-1.0827563,4.7759852,9.008197,2021:12:23:14:30:54.076
6205,1640237454109,-0.6024628,3.1207097,8.517723,2021:12:23:14:30:54.109
6206,1640237454124,-0.7270277,2.8320546,8.843508,2021:12:23:14:30:54.124
6207,1640237454140,-0.57311827,3.8812742,8.843508,2021:12:23:14:30:54.140
6208,1640237454157,-0.43897143,3.6596923,9.432796,2021:12:23:14:30:54.157
6209,1640237454176,-0.107197665,3.7411387,9.333384,2021:12:23:14:30:54.176
6210,1640237454193,-0.5587454,3.197964,8.960886,2021:12:23:14:30:54.193
6211,1640237454215,-0.60306174,4.8484488,7.7020626,2021:12:23:14:30:54.215
6212,1640237454240,-0.5210166,3.2602463,9.338174,2021:12:23:14:30:54.240
6213,1640237454257,-0.86716324,4.1405845,5.9803123,2021:12:23:14:30:54.257
6214,1640237454275,-0.74259835,3.1446645,10.281394,2021:12:23:14:30:54.275
6215,1640237454298,-0.026350264,4.092675,9.786129,2021:12:23:14:30:54.298
6216,1640237454316,-0.48268893,2.6541903,8.305723,2021:12:23:14:30:54.316
6217,1640237454340,-0.13175131,3.298574,8.532096,2021:12:23:14:30:54.340
6218,1640237454356,0.011977393,3.587229,10.819179,2021:12:23:14:30:54.356
6219,1640237454376,-0.10300558,3.4524834,8.286559,2021:12:23:14:30:54.376
6220,1640237454399,0.0023954785,2.985964,8.338661,2021:12:23:14:30:54.399
6221,1640237454423,0.49766067,2.9715912,10.087959,2021:12:23:14:30:54.423
6222,1640237454440,0.569525,3.3177378,11.111427,2021:12:23:14:30:54.440
6223,1640237454458,0.5934798,3.4141557,12.19598,2021:12:23:14:30:54.458
6224,1640237454478,1.3624284,6.421679,4.051952,2021:12:23:14:30:54.478
6225,1640237454498,1.9732754,0.6904967,3.4243367,2021:12:23:14:30:54.498
6226,1640237454523,0.72822547,3.1638284,12.691245,2021:12:23:14:30:54.523
6227,1640237454542,0.3868698,3.6549015,10.852117,2021:12:23:14:30:54.542
6228,1640237454557,0.7473893,3.0386646,7.8907065,2021:12:23:14:30:54.557
6229,1640237454579,0.50724256,2.4901,8.168582,2021:12:23:14:30:54.579
6230,1640237454597,0.52161545,2.7020998,11.918104,2021:12:23:14:30:54.597
6231,1640237454623,1.1079088,4.087884,7.2960286,2021:12:23:14:30:54.623
6232,1640237454638,0.4395703,3.1350825,7.3247747,2021:12:23:14:30:54.638
6233,1640237454658,0.094022535,1.3019426,10.555078,2021:12:23:14:30:54.658
6234,1640237454675,-0.19463263,1.6241344,9.328592,2021:12:23:14:30:54.675
6235,1640237454697,0.665943,5.0550585,9.347756,2021:12:23:14:30:54.697
6236,1640237454715,0.53598833,5.728787,7.7158365,2021:12:23:14:30:54.715
6237,1640237454740,0.6174346,3.886065,7.8571696,2021:12:23:14:30:54.740
6238,1640237454756,-0.031141222,4.005839,10.866489,2021:12:23:14:30:54.756
6239,1640237454776,0.15151402,4.506494,7.7062545,2021:12:23:14:30:54.776
6240,1640237454795,0.64138937,2.7548003,9.649587,2021:12:23:14:30:54.795
6241,1640237454823,0.30063257,2.7164726,9.399259,2021:12:23:14:30:54.823
6242,1640237454840,0.30063257,3.8710933,8.357225,2021:12:23:14:30:54.840
6243,1640237454859,0.30542353,3.7465284,9.314818,2021:12:23:14:30:54.859
6244,1640237454876,-0.21379647,3.4189467,7.5553393,2021:12:23:14:30:54.876
6245,1640237454907,-1.1749822,2.8512182,11.238986,2021:12:23:14:30:54.907
6246,1640237454925,-0.58868885,2.658981,8.319497,2021:12:23:14:30:54.925
6247,1640237454938,0.059886962,4.1843023,8.140435,2021:12:23:14:30:54.938
6248,1640237454959,-0.2090055,3.1686192,8.083542,2021:12:23:14:30:54.959
6249,1640237454982,-0.33416927,3.6117828,8.724932,2021:12:23:14:30:54.982
6250,1640237455000,-0.82883555,3.481828,7.947,2021:12:23:14:30:55.000
6251,1640237455023,-0.13235019,2.9284725,10.404162,2021:12:23:14:30:55.023
6252,1640237455055,-0.40124264,2.5673542,9.965191,2021:12:23:14:30:55.055
6253,1640237455073,-0.12755923,3.808811,8.064978,2021:12:23:14:30:55.073
6254,1640237455096,0.040723134,2.8416364,10.158626,2021:12:23:14:30:55.096
6255,1640237455115,-0.3389602,3.587229,9.399259,2021:12:23:14:30:55.115
6256,1640237455139,-0.8485983,2.889546,9.1686945,2021:12:23:14:30:55.139
6257,1640237455155,-0.62282443,3.7417374,8.602762,2021:12:23:14:30:55.155
6258,1640237455159,-0.4928697,4.4537935,8.781824,2021:12:23:14:30:55.159
6259,1640237455179,-0.41082457,3.5153646,6.4659953,2021:12:23:14:30:55.179
6260,1640237455222,0.27128795,3.4141557,7.1403227,2021:12:23:14:30:55.222
6261,1640237455241,0.1658869,3.8615115,9.097428,2021:12:23:14:30:55.241
6262,1640237455255,0.18984167,2.2062356,10.078377,2021:12:23:14:30:55.255
6263,1640237455277,0.43477935,2.6248455,11.163528,2021:12:23:14:30:55.277
6264,1640237455306,-0.25272298,2.7164726,9.814276,2021:12:23:14:30:55.306
6265,1640237455323,-0.13714115,3.1829922,9.6968975,2021:12:23:14:30:55.323
6266,1640237455342,-0.22816934,2.6685631,8.8477,2021:12:23:14:30:55.342
6267,1640237455356,-0.0748587,4.1699295,10.474829,2021:12:23:14:30:55.356
6268,1640237455378,-0.69947976,4.131003,8.158999,2021:12:23:14:30:55.378
6269,1640237455398,-0.7138526,3.4770372,8.748886,2021:12:23:14:30:55.398
6270,1640237455421,-0.75697124,4.8436575,7.617023,2021:12:23:14:30:55.421
6271,1640237455437,-0.8342254,3.7609012,8.305124,2021:12:23:14:30:55.437
6272,1640237455459,-1.3432646,4.0543475,9.715462,2021:12:23:14:30:55.459
6273,1640237455477,-1.0312535,3.5249467,10.611371,2021:12:23:14:30:55.477
6274,1640237455507,-0.69947976,2.605682,8.390163,2021:12:23:14:30:55.507
6275,1640237455523,-0.60845155,3.1207097,8.140435,2021:12:23:14:30:55.523
6276,1640237455539,-0.34375116,3.6261556,9.484299,2021:12:23:14:30:55.539
6277,1640237455555,-0.13714115,3.9243927,9.852004,2021:12:23:14:30:55.555
6278,1640237455574,0.13175131,3.1063368,9.290864,2021:12:23:14:30:55.574
6279,1640237455594,0.1754688,3.5297377,9.720253,2021:12:23:14:30:55.594
6280,1640237455622,-0.29105064,3.3422914,11.101846,2021:12:23:14:30:55.622
6281,1640237455639,-0.44496015,5.247296,10.168207,2021:12:23:14:30:55.639
6282,1640237455656,-0.38207883,4.2513757,6.6642213,2021:12:23:14:30:55.656
6283,1640237455675,-0.43058726,2.7691731,8.29135,2021:12:23:14:30:55.675
6284,1640237455707,-0.03174009,4.2082567,8.711158,2021:12:23:14:30:55.707
6285,1640237455722,0.2425422,3.2458735,7.4708986,2021:12:23:14:30:55.722
6286,1640237455740,0.7467904,3.3422914,7.136131,2021:12:23:14:30:55.740
6287,1640237455756,0.3096156,2.7841449,14.808848,2021:12:23:14:30:55.756
6288,1640237455779,0.0886327,5.0406857,8.550661,2021:12:23:14:30:55.779
6289,1640237455796,0.47789797,1.4223154,7.617023,2021:12:23:14:30:55.796
6290,1640237455823,0.7084628,3.6309466,12.045065,2021:12:23:14:30:55.823
6291,1640237455842,0.7419995,1.7205524,8.460831,2021:12:23:14:30:55.842
6292,1640237455859,0.75637233,2.985964,9.965191,2021:12:23:14:30:55.859
6293,1640237455880,0.7905079,3.2267096,6.1360183,2021:12:23:14:30:55.880
6294,1640237455898,-0.10360444,2.687727,9.710671,2021:12:23:14:30:55.898
6295,1640237455926,-1.1222817,3.2602463,15.836509,2021:12:23:14:30:55.926
6296,1640237455942,0.376689,7.932627,9.993937,2021:12:23:14:30:55.942
6297,1640237455956,0.13175131,3.380619,5.2161546,2021:12:23:14:30:55.956
6298,1640237455973,1.4534566,0.9695699,7.8338137,2021:12:23:14:30:55.973
6299,1640237455994,1.2133099,4.48733,12.299584,2021:12:23:14:30:55.994
6300,1640237456014,2.0157952,2.5481904,8.329079,2021:12:23:14:30:56.014
6301,1640237456041,0.376689,3.69802,6.494741,2021:12:23:14:30:56.041
6302,1640237456059,-0.3826777,1.5277164,8.4422655,2021:12:23:14:30:56.059
6303,1640237456074,0.6940899,3.197964,10.856908,2021:12:23:14:30:56.074
6304,1640237456107,1.0402366,8.096119,9.677733,2021:12:23:14:30:56.107
6305,1640237456122,0.54497135,4.227421,9.484299,2021:12:23:14:30:56.122
6306,1640237456138,-0.6803159,2.0187895,7.423588,2021:12:23:14:30:56.138
6307,1640237456156,-1.5456825,2.5194445,8.414119,2021:12:23:14:30:56.156
6308,1640237456177,-1.2474455,3.6022007,8.621327,2021:12:23:14:30:56.177
6309,1640237456196,0.030542351,2.976382,9.224988,2021:12:23:14:30:56.196
6310,1640237456221,-0.1658869,3.7219748,6.4192834,2021:12:23:14:30:56.221
6311,1640237456238,-0.17067784,2.7020998,7.234944,2021:12:23:14:30:56.238
6312,1640237456257,0.73301643,3.3518734,9.701089,2021:12:23:14:30:56.257
6313,1640237456277,0.6605532,5.1754313,6.692368,2021:12:23:14:30:56.277
6314,1640237456305,0.4060336,3.087173,9.021971,2021:12:23:14:30:56.305
6315,1640237456321,0.47789797,3.0386646,9.866377,2021:12:23:14:30:56.321
6316,1640237456340,0.93004453,1.6289254,8.248831,2021:12:23:14:30:56.340
6317,1640237456356,1.8481117,2.586518,11.021597,2021:12:23:14:30:56.356
6318,1640237456380,1.0402366,3.3129468,7.8715425,2021:12:23:14:30:56.380
6319,1640237456395,1.0546094,3.2506645,8.20631,2021:12:23:14:30:56.395
6320,1640237456422,1.0935359,3.0099187,10.99345,2021:12:23:14:30:56.422
6321,1640237456438,1.0594004,4.189093,7.77752,2021:12:23:14:30:56.438
6322,1640237456456,0.122768275,3.5345285,9.564547,2021:12:23:14:30:56.456
6323,1640237456476,0.31021446,3.303365,12.978703,2021:12:23:14:30:56.476
6324,1640237456495,-0.29105064,4.5591946,9.710671,2021:12:23:14:30:56.495
6325,1640237456522,-0.88692594,3.6022007,6.904967,2021:12:23:14:30:56.522
6326,1640237456537,-1.1126997,4.7232847,5.692855,2021:12:23:14:30:56.537
6327,1640237456556,-0.9444174,3.9627204,11.281507,2021:12:23:14:30:56.556
6328,1640237456577,-1.1462365,3.3081558,8.447056,2021:12:23:14:30:56.577
6329,1640237456596,-1.0743722,3.9531384,8.234457,2021:12:23:14:30:56.596
6330,1640237456620,-1.5355017,3.1063368,9.182468,2021:12:23:14:30:56.620
6331,1640237456639,-1.4588464,2.875173,9.83823,2021:12:23:14:30:56.639
6332,1640237456657,-1.4540554,2.9955459,9.069282,2021:12:23:14:30:56.657
6333,1640237456678,-1.5929933,3.5057828,9.290864,2021:12:23:14:30:56.678
6334,1640237456707,-0.6946888,2.6541903,10.234083,2021:12:23:14:30:56.707
6335,1640237456724,-0.61264366,2.899128,8.805181,2021:12:23:14:30:56.724
6336,1640237456740,-1.1893551,4.8286858,6.7965717,2021:12:23:14:30:56.740
6337,1640237456774,-1.1174908,4.0783024,7.3625035,2021:12:23:14:30:56.774
6338,1640237456792,-0.77134407,3.886065,10.153834,2021:12:23:14:30:56.792
6339,1640237456816,-0.6222255,4.424449,7.9895196,2021:12:23:14:30:56.816
6340,1640237456841,-0.8479994,2.875173,7.956582,2021:12:23:14:30:56.841
6341,1640237456860,-0.49766067,1.8984168,9.559756,2021:12:23:14:30:56.860
6342,1640237456872,-0.01676835,3.5057828,9.474716,2021:12:23:14:30:56.872
6343,1640237456896,-0.05030505,3.298574,10.724558,2021:12:23:14:30:56.896
6344,1640237456920,-0.31021446,3.5441105,9.941834,2021:12:23:14:30:56.920
6345,1640237456936,-0.055096008,3.59202,7.5415654,2021:12:23:14:30:56.936
6346,1640237456956,0.04551409,3.707602,9.130965,2021:12:23:14:30:56.956
6347,1640237456977,-0.29105064,4.155556,8.102706,2021:12:23:14:30:56.977
6348,1640237456996,-0.9779541,3.8812742,8.696785,2021:12:23:14:30:56.996
6349,1640237457020,-0.4635251,3.799229,6.201894,2021:12:23:14:30:57.020
6350,1640237457036,-0.6605532,2.8272636,8.98005,2021:12:23:14:30:57.036
6351,1640237457056,0.36770597,3.8327656,9.692106,2021:12:23:14:30:57.056
6352,1640237457078,-0.064677924,2.9236815,9.843021,2021:12:23:14:30:57.078
6353,1640237457105,-0.4539432,4.001048,10.446682,2021:12:23:14:30:57.105
6354,1640237457122,-0.03593218,3.8471386,8.989034,2021:12:23:14:30:57.122
6355,1640237457140,0.39166075,2.28349,11.206049,2021:12:23:14:30:57.140
6356,1640237457156,0.882135,3.702811,6.9331136,2021:12:23:14:30:57.156
6357,1640237457179,0.8917169,2.7500093,7.60265,2021:12:23:14:30:57.179
6358,1640237457197,0.9348355,3.3279185,9.310027,2021:12:23:14:30:57.197
6359,1640237457221,0.5988696,3.9866753,9.154322,2021:12:23:14:30:57.221
6360,1640237457239,0.45034996,4.198675,9.371112,2021:12:23:14:30:57.239
6361,1640237457257,0.26769474,3.4285285,8.003893,2021:12:23:14:30:57.257
6362,1640237457278,-0.121570535,3.8136017,10.970094,2021:12:23:14:30:57.278
6363,1640237457301,0.6036606,3.274619,8.8477,2021:12:23:14:30:57.301
6364,1640237457322,0.094621405,3.3518734,8.786615,2021:12:23:14:30:57.322
6365,1640237457340,-0.13115245,1.8552982,8.550661,2021:12:23:14:30:57.340
6366,1640237457355,-0.40543476,2.7068908,10.121495,2021:12:23:14:30:57.355
6367,1640237457375,-0.006587566,2.7739642,9.83823,2021:12:23:14:30:57.375
6368,1640237457395,0.56533295,3.69802,11.686941,2021:12:23:14:30:57.395
6369,1640237457420,0.18085863,5.329341,5.28742,2021:12:23:14:30:57.420
6370,1640237457439,-0.23236142,2.8368454,8.777034,2021:12:23:14:30:57.439
6371,1640237457457,-0.14073436,4.2417936,9.522027,2021:12:23:14:30:57.457
6372,1640237457476,0.23415802,3.895647,7.7535653,2021:12:23:14:30:57.476
6373,1640237457503,0.61384135,2.899128,12.474455,2021:12:23:14:30:57.503
6374,1640237457518,0.4359771,3.7219748,8.668638,2021:12:23:14:30:57.518
6375,1640237457539,0.8539881,4.0303926,5.443126,2021:12:23:14:30:57.539
6376,1640237457557,0.17187558,2.889546,6.3815546,2021:12:23:14:30:57.557
6377,1640237457579,0.19583037,4.823895,12.946363,2021:12:23:14:30:57.579
6378,1640237457602,0.33955908,2.7356365,9.012988,2021:12:23:14:30:57.602
6379,1640237457619,0.23415802,3.996257,11.149156,2021:12:23:14:30:57.619
6380,1640237457638,0.19103941,2.9715912,6.1030803,2021:12:23:14:30:57.638
6381,1640237457659,0.49825954,3.4572744,8.720739,2021:12:23:14:30:57.659
6382,1640237457677,0.16708463,4.203466,10.220309,2021:12:23:14:30:57.677
6383,1640237457703,0.49825954,3.1159186,13.035595,2021:12:23:14:30:57.703
6384,1640237457719,0.16708463,3.6357377,9.371711,2021:12:23:14:30:57.719
6385,1640237457742,0.6234233,3.0434556,7.3343563,2021:12:23:14:30:57.742
6386,1640237457757,0.93603325,6.137815,6.5091143,2021:12:23:14:30:57.757
6387,1640237457775,1.1522251,3.2842011,9.762773,2021:12:23:14:30:57.775
6388,1640237457794,1.1905528,5.353296,7.3433394,2021:12:23:14:30:57.794
6389,1640237457820,0.93603325,0.9551971,8.932739,2021:12:23:14:30:57.820
6390,1640237457835,1.2145076,2.8176816,7.414605,2021:12:23:14:30:57.835
6391,1640237457858,0.29224837,2.7548003,9.555564,2021:12:23:14:30:57.858
6392,1640237457875,-0.33776248,3.8375566,11.724669,2021:12:23:14:30:57.875
6393,1640237457903,-0.3138077,3.6213646,10.974885,2021:12:23:14:30:57.903
6394,1640237457919,-0.8324288,1.8115807,8.692593,2021:12:23:14:30:57.919
6395,1640237457938,-0.54916346,2.365535,8.763259,2021:12:23:14:30:57.938
6396,1640237457958,-0.21738967,3.7219748,11.050343,2021:12:23:14:30:57.958
6397,1640237457977,-0.3569263,5.680877,6.4049106,2021:12:23:14:30:57.977
6398,1640237458003,-0.2030168,3.596811,10.894636,2021:12:23:14:30:58.003
6399,1640237458018,-0.11138975,3.6644833,12.866116,2021:12:23:14:30:58.018
6400,1640237458038,-0.5779092,5.4497137,3.7171838,2021:12:23:14:30:58.038
6401,1640237458058,-1.0534117,4.7616124,1.55227,2021:12:23:14:30:58.058
6402,1640237458077,-1.7121683,3.3129468,6.947487,2021:12:23:14:30:58.077
6403,1640237458104,-0.81326497,2.5146537,14.139312,2021:12:23:14:30:58.104
6404,1640237458120,-1.4235132,1.9079987,8.239847,2021:12:23:14:30:58.120
6405,1640237458141,-1.4474679,3.3614552,10.937156,2021:12:23:14:30:58.141
6406,1640237458157,-1.6157503,0.4257963,16.455141,2021:12:23:14:30:58.157
6407,1640237458185,0.68151367,6.518097,11.031777,2021:12:23:14:30:58.185
6408,1640237458202,-1.0007112,3.8327656,-0.060485832,2021:12:23:14:30:58.202
6409,1640237458222,-0.1658869,1.9032077,11.918104,2021:12:23:14:30:58.222
6410,1640237458238,0.3964517,1.0468241,6.022832,2021:12:23:14:30:58.238
6411,1640237458256,-0.25691506,2.572145,8.008084,2021:12:23:14:30:58.256
6412,1640237458275,0.41082457,7.052289,9.003407,2021:12:23:14:30:58.275
6413,1640237458296,-1.203728,4.7520304,8.597971,2021:12:23:14:30:58.296
6414,1640237458319,0.0071864356,6.224651,5.061047,2021:12:23:14:30:58.319
6415,1640237458337,0.05030505,4.111839,12.163042,2021:12:23:14:30:58.337
6416,1640237458356,-0.3724969,6.79717,7.6499605,2021:12:23:14:30:58.356
6417,1640237458377,-1.1749822,-3.6063929,6.6504474,2021:12:23:14:30:58.377
6418,1640237458403,0.8336265,2.4326084,10.295767,2021:12:23:14:30:58.403
6419,1640237458418,1.6319197,1.0132874,14.1345215,2021:12:23:14:30:58.418
6420,1640237458438,0.45873415,3.5776472,11.988771,2021:12:23:14:30:58.438
6421,1640237458456,0.6270165,5.6760864,4.216641,2021:12:23:14:30:58.456
6422,1640237458479,0.5120335,4.2465844,8.230266,2021:12:23:14:30:58.479
6423,1640237458501,0.1754688,4.22263,6.5558257,2021:12:23:14:30:58.501
6424,1640237458519,-0.26170602,4.5639853,7.234944,2021:12:23:14:30:58.519
6425,1640237458540,0.026350264,4.472957,7.451735,2021:12:23:14:30:58.540
6426,1640237458559,-0.021559307,-0.8875248,9.201632,2021:12:23:14:30:58.559
6427,1640237458587,0.9731632,3.274619,11.347382,2021:12:23:14:30:58.587
6428,1640237458618,1.3432646,4.891567,8.875847,2021:12:23:14:30:58.618
6429,1640237458635,1.3863832,4.111839,11.936669,2021:12:23:14:30:58.635
6430,1640237458658,0.84320843,2.0139985,14.072838,2021:12:23:14:30:58.658
6431,1640237458674,0.09821462,3.5584834,8.691994,2021:12:23:14:30:58.674
6432,1640237458701,-1.0312535,3.4333196,6.1126623,2021:12:23:14:30:58.701
6433,1640237458718,-0.8342254,3.7752743,6.3102894,2021:12:23:14:30:58.718
6434,1640237458736,-0.69947976,2.9332635,9.790919,2021:12:23:14:30:58.736
6435,1640237458756,-0.30063257,5.338923,7.1073847,2021:12:23:14:30:58.756
6436,1640237458777,0.1658869,5.199386,10.729348,2021:12:23:14:30:58.777
6437,1640237458801,-0.45454204,4.939477,8.342853,2021:12:23:14:30:58.801
6438,1640237458817,-0.3724969,4.4633756,7.8008757,2021:12:23:14:30:58.817
6439,1640237458837,-0.98274505,2.3074448,10.517348,2021:12:23:14:30:58.837
6440,1640237458858,-0.1754688,2.0235806,9.286073,2021:12:23:14:30:58.858
6441,1640237458885,0.27128795,-0.18984167,9.83823,2021:12:23:14:30:58.885
6442,1640237458902,0.1658869,0.79170567,11.866003,2021:12:23:14:30:58.902
6443,1640237458918,-0.041322004,5.1466856,13.709923,2021:12:23:14:30:58.918
6444,1640237458940,0.7180447,4.1405845,7.4708986,2021:12:23:14:30:58.940
6445,1640237458957,0.7276266,5.9599504,6.900176,2021:12:23:14:30:58.957
6446,1640237458984,0.9150728,4.7616124,3.8297713,2021:12:23:14:30:58.984
6447,1640237459002,0.76655316,3.799229,8.3763895,2021:12:23:14:30:59.002
6448,1640237459017,0.71325374,2.7452185,13.09668,2021:12:23:14:30:59.017
6449,1640237459035,0.72283566,3.6309466,10.658682,2021:12:23:14:30:59.035
6450,1640237459059,0.8048808,4.728076,6.018041,2021:12:23:14:30:59.059
6451,1640237459085,0.8623723,3.587229,8.565034,2021:12:23:14:30:59.085
6452,1640237459102,0.17966089,6.2048883,9.62144,2021:12:23:14:30:59.102
6453,1640237459118,0.26170602,1.2684059,8.918366,2021:12:23:14:30:59.118
6454,1640237459136,0.03593218,3.6261556,11.828274,2021:12:23:14:30:59.136
6455,1640237459156,0.10300558,0.17606768,11.460568,2021:12:23:14:30:59.156
6456,1640237459176,-0.18085863,5.8587418,7.324176,2021:12:23:14:30:59.176
6457,1640237459201,0.41082457,4.915522,9.786129,2021:12:23:14:30:59.201
6458,1640237459218,0.30662125,5.204177,9.92327,2021:12:23:14:30:59.218
6459,1640237459235,0.29703933,3.9770932,7.942808,2021:12:23:14:30:59.235
6460,1640237459257,-0.029943481,3.5728562,6.655238,2021:12:23:14:30:59.257
6461,1640237459284,-0.31320882,3.890856,7.8481865,2021:12:23:14:30:59.284
6462,1640237459302,-1.3612307,3.4476924,8.371598,2021:12:23:14:30:59.302
6463,1640237459317,-1.9762698,4.626867,8.512932,2021:12:23:14:30:59.317
6464,1640237459338,-1.6930045,2.6296365,9.342965,2021:12:23:14:30:59.338
6465,1640237459358,-0.56353635,2.581727,12.2385,2021:12:23:14:30:59.358
6466,1640237459390,-1.1354568,3.9866753,8.687801,2021:12:23:14:30:59.390
6467,1640237459403,-1.1109031,2.8560092,8.3105135,2021:12:23:14:30:59.403
6468,1640237459419,-1.4330951,2.288281,10.579032,2021:12:23:14:30:59.419
6469,1640237459438,-1.8846427,3.9291837,4.5376353,2021:12:23:14:30:59.438
6470,1640237459458,-1.0725756,3.0242918,10.121495,2021:12:23:14:30:59.458
6471,1640237459479,-0.4910731,5.132313,12.361268,2021:12:23:14:30:59.479
6472,1640237459503,-1.4522588,4.5400305,3.48602,2021:12:23:14:30:59.503
6473,1640237459523,-1.7504959,3.4141557,6.518097,2021:12:23:14:30:59.523
6474,1640237459535,-0.75517464,4.7520304,11.488715,2021:12:23:14:30:59.535
6475,1640237459556,-1.4426769,2.364936,9.329191,2021:12:23:14:30:59.556
6476,1640237459577,-1.5193323,1.8888348,11.488715,2021:12:23:14:30:59.577
6477,1640237459606,0.42699406,1.3977617,10.649698,2021:12:23:14:30:59.606
6478,1640237459620,1.479208,3.0728002,11.409065,2021:12:23:14:30:59.620
6479,1640237459635,2.2631283,3.9435565,4.683759,2021:12:23:14:30:59.635
6480,1640237459658,2.0271738,4.213048,9.40944,2021:12:23:14:30:59.658
6481,1640237459674,2.1858742,3.1255007,8.136243,2021:12:23:14:30:59.674
6482,1640237459701,0.9174683,3.8471386,7.8811245,2021:12:23:14:30:59.701
6483,1640237459718,0.4078302,5.0598497,5.3910246,2021:12:23:14:30:59.718
6484,1640237459738,-0.029344613,3.187783,9.946626,2021:12:23:14:30:59.738
6485,1640237459756,-0.5150279,4.0351834,10.361643,2021:12:23:14:30:59.756
6486,1640237459785,-0.2838642,2.7985177,7.951791,2021:12:23:14:30:59.785
6487,1640237459800,0.023355916,2.5290265,9.23457,2021:12:23:14:30:59.800
6488,1640237459819,-0.15450837,2.8560092,9.687315,2021:12:23:14:30:59.819
6489,1640237459837,-1.1109031,3.5297377,3.9010367,2021:12:23:14:30:59.837
6490,1640237459857,-0.63959277,2.38949,14.55912,2021:12:23:14:30:59.857
6491,1640237459883,0.36950257,4.5735674,9.607067,2021:12:23:14:30:59.883
6492,1640237459900,0.31680202,3.4189467,6.909758,2021:12:23:14:30:59.900
6493,1640237459917,0.58090353,4.343003,8.366808,2021:12:23:14:30:59.917
6494,1640237459939,0.15810159,5.6036234,4.8065276,2021:12:23:14:30:59.939
6495,1640237459956,-0.61563796,1.8936257,9.875959,2021:12:23:14:30:59.956
6496,1640237459975,0.008983045,2.8464274,8.320096,2021:12:23:14:30:59.975
6497,1640237460000,0.43238387,3.7752743,6.7450686,2021:12:23:14:31:00.000
6498,1640237460017,0.8024853,1.2630161,7.8481865,2021:12:23:14:31:00.017
6499,1640237460034,-0.48568326,2.9087098,11.564772,2021:12:23:14:31:00.034
6500,1640237460056,-1.3264962,5.646742,12.101957,2021:12:23:14:31:00.056
6501,1640237460077,-0.7737396,0.98873377,17.077366,2021:12:23:14:31:00.077
6502,1640237460101,-1.1294681,5.199386,8.357824,2021:12:23:14:31:00.101
6503,1640237460116,1.2157054,1.6480893,6.499532,2021:12:23:14:31:00.116
6504,1640237460139,-0.7929034,5.4640865,12.055245,2021:12:23:14:31:00.139
6505,1640237460156,-0.21619193,5.083804,7.796684,2021:12:23:14:31:00.156
6506,1640237460183,0.730621,3.1638284,5.5802674,2021:12:23:14:31:00.183
6507,1640237460202,-0.4084291,3.9004378,19.487219,2021:12:23:14:31:00.202
6508,1640237460217,1.3779991,10.598196,-6.573193,2021:12:23:14:31:00.217
6509,1640237460237,3.050642,2.1966538,7.6691246,2021:12:23:14:31:00.237
6510,1640237460256,-0.77493733,5.526369,17.148033,2021:12:23:14:31:00.256
6511,1640237460286,1.2534342,-2.5332186,5.7587304,2021:12:23:14:31:00.286
6512,1640237460302,1.7049818,1.8361343,8.8477,2021:12:23:14:31:00.302
6513,1640237460319,1.8588914,1.8600891,13.681776,2021:12:23:14:31:00.319
6514,1640237460340,1.0468241,1.1138976,10.078976,2021:12:23:14:31:00.340
6515,1640237460372,-0.37129918,2.9620092,13.318861,2021:12:23:14:31:00.372
6516,1640237460392,0.5994685,9.150129,5.740165,2021:12:23:14:31:00.392
6517,1640237460417,0.7437961,-2.797919,4.1507654,2021:12:23:14:31:00.417
6518,1640237460434,-0.18385299,4.48733,10.658682,2021:12:23:14:31:00.434
6519,1640237460457,-0.6689374,7.4996443,8.244638,2021:12:23:14:31:00.457
6520,1640237460473,-0.08264401,3.6213646,8.107497,2021:12:23:14:31:00.473
6521,1640237460497,-0.35213536,2.1152077,10.960512,2021:12:23:14:31:00.497
6522,1640237460516,0.041920874,6.542052,5.211962,2021:12:23:14:31:00.516
6523,1640237460536,-0.9528016,2.3313994,9.395067,2021:12:23:14:31:00.536
6524,1640237460557,-0.37129918,3.3662462,12.276229,2021:12:23:14:31:00.557
6525,1640237460583,-1.1546206,2.2206087,9.183067,2021:12:23:14:31:00.583
6526,1640237460600,-0.94321966,1.3163154,9.291462,2021:12:23:14:31:00.600
6527,1640237460618,-0.57311827,5.026313,8.758469,2021:12:23:14:31:00.618
6528,1640237460637,-0.5683273,4.213048,9.1028185,2021:12:23:14:31:00.637
6529,1640237460657,-0.7078639,3.3949919,9.687315,2021:12:23:14:31:00.657
6530,1640237460683,-0.6401916,4.939477,7.0133624,2021:12:23:14:31:00.683
6531,1640237460700,-0.16468915,2.6248455,8.182955,2021:12:23:14:31:00.700
6532,1640237460715,0.109593146,3.6884382,6.947487,2021:12:23:14:31:00.715
6533,1640237460739,-0.04431635,3.9579294,8.140435,2021:12:23:14:31:00.739
6534,1640237460757,-0.37609014,2.4373994,11.040761,2021:12:23:14:31:00.757
6535,1640237460773,-0.3138077,3.6165738,9.777145,2021:12:23:14:31:00.773
6536,1640237460799,-0.22218063,2.7691731,10.18258,2021:12:23:14:31:00.799
6537,1640237460818,1.4408803,4.3286295,9.673541,2021:12:23:14:31:00.818
6538,1640237460838,-0.6689374,4.3861213,7.640978,2021:12:23:14:31:00.838
6539,1640237460859,-2.471535,3.6596923,7.070255,2021:12:23:14:31:00.859
6540,1640237460885,-1.4672306,2.3846989,9.701688,2021:12:23:14:31:00.885
6541,1640237460902,-0.28446308,3.7267656,10.922783,2021:12:23:14:31:00.902
6542,1640237460916,-1.2702025,4.131003,7.579294,2021:12:23:14:31:00.916
6543,1640237460935,-1.7984055,4.414867,7.277464,2021:12:23:14:31:00.935
6544,1640237460955,-1.1833664,4.1453757,9.644795,2021:12:23:14:31:00.955
6545,1640237460982,-1.1977392,4.3525844,8.008683,2021:12:23:14:31:00.982
6546,1640237461001,-1.116293,3.5057828,9.40944,2021:12:23:14:31:01.001
6547,1640237461016,0.14312984,2.3266084,8.876446,2021:12:23:14:31:01.016
6548,1640237461037,-0.0011977393,2.6541903,8.390762,2021:12:23:14:31:01.037
6549,1640237461066,0.21499419,3.6788561,9.258525,2021:12:23:14:31:01.066
6550,1640237461080,0.5228132,4.612494,10.512558,2021:12:23:14:31:01.080
6551,1640237461099,0.32099414,3.3614552,6.819927,2021:12:23:14:31:01.099
6552,1640237461117,-0.17906202,2.0475352,10.277202,2021:12:23:14:31:01.117
6553,1640237461139,0.22936708,4.1549573,8.33387,2021:12:23:14:31:01.139
6554,1640237461157,-0.5108358,3.7513194,9.522626,2021:12:23:14:31:01.157
6555,1640237461182,-0.09701688,3.8183928,8.8387165,2021:12:23:14:31:01.182
6556,1640237461198,0.07605644,3.1255007,11.493506,2021:12:23:14:31:01.198
6557,1640237461217,0.4790957,4.319048,7.47569,2021:12:23:14:31:01.217
6558,1640237461233,0.38327658,3.8375566,2.9434443,2021:12:23:14:31:01.233
6559,1640237461255,0.5994685,1.561852,12.333121,2021:12:23:14:31:01.255
6560,1640237461273,0.6234233,3.8471386,13.347008,2021:12:23:14:31:01.273
6561,1640237461299,-0.15510723,2.8847551,7.414605,2021:12:23:14:31:01.299
6562,1640237461316,-0.11198862,3.2315006,8.739305,2021:12:23:14:31:01.316
6563,1640237461338,-0.3329715,3.6069918,9.729835,2021:12:23:14:31:01.338
6564,1640237461354,-0.31859866,5.0502677,7.956582,2021:12:23:14:31:01.354
6565,1640237461381,0.39764944,3.789647,8.800988,2021:12:23:14:31:01.381
6566,1640237461398,-0.10240671,2.6104727,12.403788,2021:12:23:14:31:01.398
6567,1640237461416,0.13833888,4.3238387,-2.875772,2021:12:23:14:31:01.416
6568,1640237461435,0.19583037,-0.9743609,14.992702,2021:12:23:14:31:01.435
6569,1640237461465,-1.1498297,10.213122,16.676723,2021:12:23:14:31:01.465
6570,1640237461483,1.074971,1.667253,2.4721339,2021:12:23:14:31:01.483
6571,1640237461498,-0.6887001,4.5837483,2.5661564,2021:12:23:14:31:01.498
6572,1640237461517,1.584609,2.273908,6.140809,2021:12:23:14:31:01.517
6573,1640237461538,0.9551971,3.0584273,10.597597,2021:12:23:14:31:01.538
6574,1640237461559,-0.4239997,3.293783,8.07935,2021:12:23:14:31:01.559
6575,1640237461587,-0.6647453,3.7363477,14.002769,2021:12:23:14:31:01.587
6576,1640237461602,0.54676795,-1.7295355,14.785493,2021:12:23:14:31:01.602
6577,1640237461618,2.2625294,9.400456,6.6833854,2021:12:23:14:31:01.618
6578,1640237461638,-0.9192649,5.107759,14.177041,2021:12:23:14:31:01.638
6579,1640237461658,1.5175357,2.0044167,3.4339185,2021:12:23:14:31:01.658
6580,1640237461687,-0.5108358,-1.171389,10.055021,2021:12:23:14:31:01.687
6581,1640237461702,0.6473781,4.578957,10.658682,2021:12:23:14:31:01.702
6582,1640237461718,0.5030505,3.8231838,10.168207,2021:12:23:14:31:01.718
6583,1640237461749,0.48388666,7.0810347,7.6972713,2021:12:23:14:31:01.749
6584,1640237461755,0.41681325,6.1330237,6.0982895,2021:12:23:14:31:01.755
6585,1640237461781,0.9456152,4.8532395,11.324026,2021:12:23:14:31:01.781
6586,1640237461799,1.1809709,2.3799078,12.9128275,2021:12:23:14:31:01.799
6587,1640237461814,1.2672081,3.3327096,6.5558257,2021:12:23:14:31:01.814
6588,1640237461834,-0.80368304,-0.38207883,11.437212,2021:12:23:14:31:01.834
6589,1640237461864,-1.9960325,3.1015458,9.583711,2021:12:23:14:31:01.864
6590,1640237461881,-1.0635924,3.7315567,17.60557,2021:12:23:14:31:01.881
6591,1640237461899,-0.5012539,7.643972,-1.1354568,2021:12:23:14:31:01.899
6592,1640237461916,0.046711832,0.9941236,6.881611,2021:12:23:14:31:01.916
6593,1640237461938,-0.6210278,3.0099187,11.781563,2021:12:23:14:31:01.938
6594,1640237461956,0.40723136,5.7671146,5.692855,2021:12:23:14:31:01.956
6595,1640237461982,-1.2366658,3.49141,10.1921625,2021:12:23:14:31:01.982
6596,1640237461998,0.08983044,2.2547443,12.375641,2021:12:23:14:31:01.998
6597,1640237462016,-0.21738967,5.5119963,8.027248,2021:12:23:14:31:02.016
6598,1640237462039,-1.6786315,3.005128,3.4339185,2021:12:23:14:31:02.039
6599,1640237462065,0.42160422,5.2622676,8.192536,2021:12:23:14:31:02.065
6600,1640237462082,0.7725418,-1.681626,15.110679,2021:12:23:14:31:02.082
6601,1640237462099,-0.3233896,4.6556125,9.725044,2021:12:23:14:31:02.099
6602,1640237462116,-0.6551634,3.6261556,8.923158,2021:12:23:14:31:02.116
6603,1640237462146,0.11857619,4.2705393,10.653891,2021:12:23:14:31:02.146
6604,1640237462173,0.20541228,5.2718496,6.9331136,2021:12:23:14:31:02.173
6605,1640237462196,-0.8138638,5.7479506,5.63177,2021:12:23:14:31:02.196
6606,1640237462216,-0.18864393,2.5577722,10.111914,2021:12:23:14:31:02.216
6607,1640237462234,-0.95759255,0.661751,7.1313396,2021:12:23:14:31:02.234
6608,1640237462256,-0.14552532,4.3477936,11.611484,2021:12:23:14:31:02.256
6609,1640237462280,-0.22218063,4.809522,5.447917,2021:12:23:14:31:02.280
6610,1640237462298,-0.9288468,3.3129468,8.654864,2021:12:23:14:31:02.298
6611,1640237462316,0.6623498,2.6344275,11.98398,2021:12:23:14:31:02.316
6612,1640237462336,0.119175054,3.6788561,8.814762,2021:12:23:14:31:02.336
6613,1640237462364,-0.21259873,1.8552982,11.418049,2021:12:23:14:31:02.364
6614,1640237462380,0.1143841,3.808811,3.2740202,2021:12:23:14:31:02.380
6615,1640237462399,-0.9959202,2.7739642,5.928809,2021:12:23:14:31:02.399
6616,1640237462417,0.72463226,3.486619,9.913688,2021:12:23:14:31:02.417
6617,1640237462437,-1.2941573,4.3621664,8.805779,2021:12:23:14:31:02.437
6618,1640237462458,-1.226485,2.7643821,10.974885,2021:12:23:14:31:02.458
6619,1640237462477,-1.7217503,4.3525844,11.073698,2021:12:23:14:31:02.477
6620,1640237462502,-1.4522588,7.4367633,9.649587,2021:12:23:14:31:02.502
6621,1640237462518,-1.318112,3.2219186,5.2401094,2021:12:23:14:31:02.518
6622,1640237462548,-0.80368304,4.005839,7.287046,2021:12:23:14:31:02.548
6623,1640237462563,0.7054684,0.7000786,9.395067,2021:12:23:14:31:02.563
6624,1640237462581,0.08563836,2.6685631,11.003032,2021:12:23:14:31:02.581
6625,1640237462597,0.3880675,5.3916235,5.7120185,2021:12:23:14:31:02.597
6626,1640237462614,-0.51981884,3.1590374,5.249691,2021:12:23:14:31:02.614
6627,1640237462632,-0.26529926,3.2123368,16.068272,2021:12:23:14:31:02.632
6628,1640237462663,0.79170567,6.0509787,8.202119,2021:12:23:14:31:02.663
6629,1640237462680,1.272598,2.0379534,9.216004,2021:12:23:14:31:02.680
6630,1640237462697,0.9264513,0.7629599,9.008197,2021:12:23:14:31:02.697
6631,1640237462714,0.052101657,2.480518,10.705993,2021:12:23:14:31:02.714
6632,1640237462735,0.7725418,4.309466,5.457499,2021:12:23:14:31:02.735
6633,1640237462756,0.13833888,4.193884,14.375267,2021:12:23:14:31:02.756
6634,1640237462779,-0.42879066,2.1152077,11.210839,2021:12:23:14:31:02.779
6635,1640237462797,-0.34195456,7.3115993,3.7686865,2021:12:23:14:31:02.797
6636,1640237462815,1.4600441,2.375117,5.3251486,2021:12:23:14:31:02.815
6637,1640237462838,0.32099414,4.2801213,9.5980835,2021:12:23:14:31:02.838
6638,1640237462865,-0.15989819,2.2451622,10.819179,2021:12:23:14:31:02.865
6639,1640237462879,0.8641689,2.6685631,8.739305,2021:12:23:14:31:02.879
6640,1640237462898,1.0180783,3.409365,13.436838,2021:12:23:14:31:02.898
6641,1640237462917,-0.2365535,4.6795673,10.059813,2021:12:23:14:31:02.917
6642,1640237462948,0.26350263,4.6699853,-0.40483588,2021:12:23:14:31:02.948
6643,1640237462964,1.2917618,3.6644833,14.90826,2021:12:23:14:31:02.964
6644,1640237462980,-0.89471126,1.6289254,10.102332,2021:12:23:14:31:02.980
6645,1640237462997,-1.3756036,4.0399747,10.003518,2021:12:23:14:31:02.997
6646,1640237463016,-0.67372835,4.9682226,8.829135,2021:12:23:14:31:03.016
6647,1640237463032,0.41741213,4.092675,7.966164,2021:12:23:14:31:03.032
6648,1640237463064,-0.91387504,5.9791145,6.924131,2021:12:23:14:31:03.064
6649,1640237463079,-0.72642887,4.213048,9.376502,2021:12:23:14:31:03.079
6650,1640237463101,-0.8228469,1.1043156,9.150129,2021:12:23:14:31:03.101
6651,1640237463116,0.54197705,2.5050716,9.1357565,2021:12:23:14:31:03.116
6652,1640237463135,0.023355916,5.0885954,8.041621,2021:12:23:14:31:03.135
6653,1640237463154,0.41741213,2.4613543,9.611857,2021:12:23:14:31:03.154
6654,1640237463176,0.2778755,2.7643821,10.715574,2021:12:23:14:31:03.176
6655,1640237463202,0.03293783,3.3566644,9.83823,2021:12:23:14:31:03.202
6656,1640237463219,-0.15450837,2.894337,8.324288,2021:12:23:14:31:03.219
6657,1640237463235,-0.23116368,3.886065,8.003893,2021:12:23:14:31:03.235
6658,1640237463257,-0.16888124,3.707602,10.602388,2021:12:23:14:31:03.257
6659,1640237463280,-0.11138975,4.121421,8.272785,2021:12:23:14:31:03.280
6660,1640237463299,-0.26529926,3.4333196,8.084141,2021:12:23:14:31:03.299
6661,1640237463317,-0.11618071,4.4681664,9.814875,2021:12:23:14:31:03.317
6662,1640237463338,-0.005389827,3.789647,11.601901,2021:12:23:14:31:03.338
6663,1640237463362,-1.0390388,5.2766404,7.1175656,2021:12:23:14:31:03.362
6664,1640237463378,-0.2605083,2.494891,7.725418,2021:12:23:14:31:03.378
6665,1640237463398,0.15331063,3.0482464,10.131078,2021:12:23:14:31:03.398
6666,1640237463419,-0.40902796,3.063218,9.640603,2021:12:23:14:31:03.419
6667,1640237463437,-0.61084706,3.4668562,8.881237,2021:12:23:14:31:03.437
6668,1640237463462,0.042519744,3.0530374,9.908897,2021:12:23:14:31:03.462
6669,1640237463478,0.06647453,3.8279748,6.4336567,2021:12:23:14:31:03.478
6670,1640237463497,-0.61084706,3.409365,6.7965717,2021:12:23:14:31:03.497
6671,1640237463516,-0.6252199,3.8375566,10.772467,2021:12:23:14:31:03.516
6672,1640237463537,-0.57251936,2.4134445,10.6874275,2021:12:23:14:31:03.537
6673,1640237463554,-1.0144851,2.1583261,8.244638,2021:12:23:14:31:03.554
6674,1640237463579,-0.23595464,3.5632744,9.244152,2021:12:23:14:31:03.579
6675,1640237463599,-0.1736722,4.48733,8.668638,2021:12:23:14:31:03.599
6676,1640237463616,-0.95220274,4.0202117,7.042108,2021:12:23:14:31:03.616
6677,1640237463636,-0.1497174,3.6261556,9.277089,2021:12:23:14:31:03.636
6678,1640237463663,-0.024553655,2.889546,9.716061,2021:12:23:14:31:03.663
6679,1640237463680,-0.25990942,3.3949919,7.90987,2021:12:23:14:31:03.680
6680,1640237463698,0.19642924,4.6891494,8.362616,2021:12:23:14:31:03.698
6681,1640237463716,-0.07246323,4.607703,8.206909,2021:12:23:14:31:03.716
6682,1640237463737,-0.47610137,2.9476364,8.630909,2021:12:23:14:31:03.737
6683,1640237463762,0.40303928,3.8183928,9.017779,2021:12:23:14:31:03.762
6684,1640237463779,0.5856945,3.69802,7.4708986,2021:12:23:14:31:03.779
6685,1640237463798,0.7731407,2.2451622,10.559868,2021:12:23:14:31:03.798
6686,1640237463817,0.3120111,4.11663,9.480106,2021:12:23:14:31:03.817
6687,1640237463837,0.4557398,4.0591383,7.7164354,2021:12:23:14:31:03.837
6688,1640237463863,0.2682936,3.2698283,7.2020063,2021:12:23:14:31:03.863
6689,1640237463881,-0.043717485,3.6692743,9.126174,2021:12:23:14:31:03.881
6690,1640237463900,-0.36590934,2.3990717,9.908897,2021:12:23:14:31:03.900
6691,1640237463934,0.1006101,2.9087098,9.154921,2021:12:23:14:31:03.934
6692,1640237463954,0.20601116,2.7500093,8.438073,2021:12:23:14:31:03.954
6693,1640237463974,0.028146872,3.1111279,9.196841,2021:12:23:14:31:03.974
6694,1640237464000,-0.36590934,5.3916235,7.0840287,2021:12:23:14:31:04.000
6695,1640237464016,-0.3371636,2.9668002,10.05562,2021:12:23:14:31:04.016
6696,1640237464033,-0.34195456,3.0967548,12.403788,2021:12:23:14:31:04.033
6697,1640237464061,-0.13055357,3.3081558,8.3763895,2021:12:23:14:31:04.061
6698,1640237464079,0.26889247,3.7561104,9.541191,2021:12:23:14:31:04.079
6699,1640237464097,0.47071153,4.2465844,9.196841,2021:12:23:14:31:04.097
6700,1640237464115,-0.04850844,3.707602,8.3434515,2021:12:23:14:31:04.115
6701,1640237464136,-0.71684694,2.9572182,9.847813,2021:12:23:14:31:04.136
6702,1640237464160,0.3647116,4.7855673,7.3672943,2021:12:23:14:31:04.160
6703,1640237464178,0.9078864,2.5386083,10.461055,2021:12:23:14:31:04.178
6704,1640237464196,1.2007337,4.872403,8.508739,2021:12:23:14:31:04.196
6705,1640237464218,1.0330502,4.6651945,7.8625593,2021:12:23:14:31:04.218
6706,1640237464235,0.58150244,2.273908,7.711644,2021:12:23:14:31:04.235
6707,1640237464262,0.5910843,3.091964,11.271924,2021:12:23:14:31:04.262
6708,1640237464278,0.6725306,2.3697271,10.640117,2021:12:23:14:31:04.278
6709,1640237464298,1.3121234,3.8471386,8.103305,2021:12:23:14:31:04.298
6710,1640237464317,0.54317474,2.3313994,7.570311,2021:12:23:14:31:04.317
6711,1640237464344,0.20661002,3.8471386,9.62623,2021:12:23:14:31:04.344
6712,1640237464361,0.08623723,4.910731,6.457012,2021:12:23:14:31:04.361
6713,1640237464381,0.08144627,4.319048,8.739903,2021:12:23:14:31:04.381
6714,1640237464397,-0.07246323,2.3697271,12.101957,2021:12:23:14:31:04.397
6715,1640237464415,-0.5862934,3.9004378,10.847924,2021:12:23:14:31:04.415
6716,1640237464435,-0.96118575,6.142606,4.8209004,2021:12:23:14:31:04.435
6717,1640237464464,0.047909573,2.8320546,8.4237,2021:12:23:14:31:04.464
6718,1640237464479,-0.71145713,3.5824382,9.960999,2021:12:23:14:31:04.479
6719,1640237464497,-0.44675675,2.6008909,10.371224,2021:12:23:14:31:04.497
6720,1640237464515,-0.9132762,4.3382115,10.041247,2021:12:23:14:31:04.515
6721,1640237464537,0.043118615,2.9907548,8.560243,2021:12:23:14:31:04.537
6722,1640237464564,-0.5862934,4.8526406,7.244526,2021:12:23:14:31:04.564
6723,1640237464583,-0.4611296,3.4476924,9.716061,2021:12:23:14:31:04.583
6724,1640237464597,-0.0335367,4.203466,9.093237,2021:12:23:14:31:04.597
6725,1640237464617,-0.418011,1.1815698,7.419396,2021:12:23:14:31:04.617
6726,1640237464637,-0.55275667,3.789647,9.1028185,2021:12:23:14:31:04.637
6727,1640237464662,-0.32698283,3.7656922,10.154433,2021:12:23:14:31:04.662
6728,1640237464681,-0.43238387,3.303365,8.400345,2021:12:23:14:31:04.681
6729,1640237464696,-0.16828237,3.1782012,10.121495,2021:12:23:14:31:04.696
6730,1640237464717,0.418011,3.780065,8.597971,2021:12:23:14:31:04.717
6731,1640237464743,-0.023954786,2.3505633,6.891193,2021:12:23:14:31:04.743
6732,1640237464762,0.028745743,3.8615115,10.432908,2021:12:23:14:31:04.762
6733,1640237464780,0.110790886,3.1159186,9.130965,2021:12:23:14:31:04.780
6734,1640237464797,0.023954786,3.187783,8.59378,2021:12:23:14:31:04.797
6735,1640237464816,0.5575476,4.131003,8.994423,2021:12:23:14:31:04.816
6736,1640237464832,0.038926527,4.343003,8.617135,2021:12:23:14:31:04.832
6737,1640237464860,-0.66294867,3.611184,6.7540517,2021:12:23:14:31:04.860
6738,1640237464878,-0.40363812,3.5201557,9.739417,2021:12:23:14:31:04.878
6739,1640237464896,0.25511846,3.0530374,10.626343,2021:12:23:14:31:04.896
6740,1640237464914,-0.3120111,3.2410824,9.437587,2021:12:23:14:31:04.914
6741,1640237464934,-0.5862934,4.111839,8.631508,2021:12:23:14:31:04.934
6742,1640237464959,-0.4419658,3.5680654,9.305836,2021:12:23:14:31:04.959
6743,1640237464978,-0.96118575,4.4681664,9.442377,2021:12:23:14:31:04.978
6744,1640237464995,-0.50903916,4.5639853,9.984954,2021:12:23:14:31:04.995
6745,1640237465015,-1.047423,4.0351834,8.16439,2021:12:23:14:31:05.015
6746,1640237465036,-0.4084291,3.3225288,8.523112,2021:12:23:14:31:05.036
6747,1640237465061,-0.3120111,3.5680654,8.711757,2021:12:23:14:31:05.061
6748,1640237465077,-0.6677396,4.617285,8.546469,2021:12:23:14:31:05.077
6749,1640237465099,-0.739604,4.1549573,6.9852157,2021:12:23:14:31:05.099
6750,1640237465117,-0.64857584,3.5536923,8.9004,2021:12:23:14:31:05.117
6751,1640237465144,0.024553655,2.8320546,8.4237,2021:12:23:14:31:05.144
6752,1640237465161,0.44256467,3.707602,9.739417,2021:12:23:14:31:05.161
6753,1640237465180,0.7455927,2.9955459,9.089045,2021:12:23:14:31:05.180
6754,1640237465197,1.3073324,2.4517722,9.183067,2021:12:23:14:31:05.197
6755,1640237465221,0.34554777,2.38949,10.503574,2021:12:23:14:31:05.221
6756,1640237465247,0.58090353,3.5249467,10.017891,2021:12:23:14:31:05.247
6757,1640237465263,1.1432421,3.9243927,7.08882,2021:12:23:14:31:05.263
6758,1640237465278,0.4611296,2.3990717,9.1124,2021:12:23:14:31:05.278
6759,1640237465296,0.39345735,3.6549015,9.347756,2021:12:23:14:31:05.296
6760,1640237465315,0.30722013,4.015421,9.913688,2021:12:23:14:31:05.315
6761,1640237465336,0.48987538,4.3525844,7.2966275,2021:12:23:14:31:05.336
6762,1640237465360,0.08144627,3.6453195,7.631396,2021:12:23:14:31:05.360
6763,1640237465378,0.14372872,2.6248455,11.333608,2021:12:23:14:31:05.378
6764,1640237465396,0.946214,3.8183928,11.654003,2021:12:23:14:31:05.396
6765,1640237465418,0.24972863,1.9900438,8.315305,2021:12:23:14:31:05.418
6766,1640237465435,-1.0863495,3.1734102,8.532096,2021:12:23:14:31:05.435
6767,1640237465461,-0.42819178,4.3957033,8.244638,2021:12:23:14:31:05.461
6768,1640237465478,0.7970955,3.5680654,10.418535,2021:12:23:14:31:05.478
6769,1640237465498,0.5186211,4.131003,9.984355,2021:12:23:14:31:05.498
6770,1640237465518,0.34075683,3.4189467,7.2726727,2021:12:23:14:31:05.518
6771,1640237465544,0.1676835,3.8136017,8.706367,2021:12:23:14:31:05.544
6772,1640237465561,0.5186211,5.752742,8.928548,2021:12:23:14:31:05.561
6773,1640237465577,0.6240222,2.899128,7.966164,2021:12:23:14:31:05.577
6774,1640237465598,0.5569488,2.1391623,9.951417,2021:12:23:14:31:05.598
6775,1640237465619,0.89830446,3.7513194,8.508739,2021:12:23:14:31:05.619
6776,1640237465643,1.042632,2.9715912,8.371598,2021:12:23:14:31:05.643
6777,1640237465662,0.2976382,4.84785,9.074672,2021:12:23:14:31:05.662
6778,1640237465678,0.35033873,2.7452185,9.517835,2021:12:23:14:31:05.678
6779,1640237465700,0.58090353,2.5242355,9.62623,2021:12:23:14:31:05.700
6780,1640237465717,0.63360405,3.9483476,10.31014,2021:12:23:14:31:05.717
6781,1640237465741,0.70127636,3.6063929,8.617135,2021:12:23:14:31:05.741
6782,1640237465776,0.7970955,3.2171278,9.767564,2021:12:23:14:31:05.776
6783,1640237465794,0.17247446,3.6644833,4.7119064,2021:12:23:14:31:05.794
6784,1640237465815,-0.21679081,2.9715912,8.81057,2021:12:23:14:31:05.815
6785,1640237465835,-1.0480219,4.3477936,11.993562,2021:12:23:14:31:05.835
6786,1640237465860,-0.19762698,5.0311036,8.8716545,2021:12:23:14:31:05.860
6787,1640237465879,-0.33237264,2.8512182,7.654752,2021:12:23:14:31:05.879
6788,1640237465895,-0.63959277,4.299884,9.154921,2021:12:23:14:31:05.895
6789,1640237465917,-1.0821574,3.3710372,9.314818,2021:12:23:14:31:05.917
6790,1640237465943,-1.5193323,3.5441105,9.121384,2021:12:23:14:31:05.943
6791,1640237465960,-2.0139985,2.7356365,8.829135,2021:12:23:14:31:05.960
6792,1640237465979,-1.1156942,2.3990717,9.96579,2021:12:23:14:31:05.979
6793,1640237465997,-0.08204514,4.915522,8.602762,2021:12:23:14:31:05.997
6794,1640237466018,-0.6443837,4.482539,7.933226,2021:12:23:14:31:06.018
6795,1640237466042,-1.1252761,3.8279748,7.805667,2021:12:23:14:31:06.042
6796,1640237466059,-1.3941685,1.966089,10.338286,2021:12:23:14:31:06.059
6797,1640237466078,-1.4229143,4.0303926,10.517348,2021:12:23:14:31:06.078
6798,1640237466100,-1.2504398,2.9715912,8.051204,2021:12:23:14:31:06.100
6799,1640237466116,-1.2163042,3.7267656,9.385485,2021:12:23:14:31:06.116
6800,1640237466143,-0.7791294,3.2410824,8.975259,2021:12:23:14:31:06.143
6801,1640237466160,-0.8899203,3.1494553,7.405023,2021:12:23:14:31:06.160
6802,1640237466178,-0.44735563,3.4285285,10.526931,2021:12:23:14:31:06.178
6803,1640237466196,0.018564958,4.073511,7.437961,2021:12:23:14:31:06.196
6804,1640237466218,-0.17427106,2.9668002,8.5746155,2021:12:23:14:31:06.218
6805,1640237466233,0.5659318,3.481828,9.201632,2021:12:23:14:31:06.233
6806,1640237466260,0.37369466,4.198675,9.513044,2021:12:23:14:31:06.260
6807,1640237466275,0.1814575,2.8224726,7.6499605,2021:12:23:14:31:06.275
6808,1640237466296,0.73900515,4.2897034,6.513306,2021:12:23:14:31:06.296
6809,1640237466316,0.3689037,1.667253,10.9515295,2021:12:23:14:31:06.316
6810,1640237466342,-0.04910731,4.213048,11.257551,2021:12:23:14:31:06.342
6811,1640237466358,0.3689037,4.598121,7.4804807,2021:12:23:14:31:06.358
6812,1640237466377,0.7773328,3.6357377,8.517723,2021:12:23:14:31:06.377
6813,1640237466397,0.046711832,4.511285,8.03204,2021:12:23:14:31:06.397
6814,1640237466425,-0.37609014,3.5680654,7.051091,2021:12:23:14:31:06.425
6815,1640237466441,-0.2030168,3.2315006,9.960999,2021:12:23:14:31:06.441
6816,1640237466459,-0.24134447,2.7356365,9.828649,2021:12:23:14:31:06.459
6817,1640237466477,-0.45334432,3.5776472,8.097916,2021:12:23:14:31:06.477
6818,1640237466500,0.3156043,3.780065,7.254108,2021:12:23:14:31:06.500
6819,1640237466518,0.17187558,2.0475352,11.5593815,2021:12:23:14:31:06.518
6820,1640237466540,0.25332186,3.1207097,10.078976,2021:12:23:14:31:06.540
6821,1640237466559,0.6761238,4.097466,8.857282,2021:12:23:14:31:06.559
6822,1640237466579,0.8444062,3.298574,7.2253623,2021:12:23:14:31:06.579
6823,1640237466598,0.48867762,2.6973088,8.89022,2021:12:23:14:31:06.598
6824,1640237466625,0.11857619,4.7568216,10.894636,2021:12:23:14:31:06.625
6825,1640237466643,0.5803047,3.886065,6.013849,2021:12:23:14:31:06.643
6826,1640237466659,0.24373995,2.365535,9.032152,2021:12:23:14:31:06.659
6827,1640237466676,-0.38147995,2.9087098,12.431934,2021:12:23:14:31:06.676
6828,1640237466697,0.349141,4.511285,9.895123,2021:12:23:14:31:06.697
6829,1640237466715,-0.006587566,3.0242918,8.296141,2021:12:23:14:31:06.715
6830,1640237466741,0.2820676,2.6733541,11.182094,2021:12:23:14:31:06.741
6831,1640237466757,0.61384135,3.6117828,8.6357,2021:12:23:14:31:06.757
6832,1640237466776,1.4498634,4.390912,7.3343563,2021:12:23:14:31:06.776
6833,1640237466795,-0.45334432,3.4620655,9.83344,2021:12:23:14:31:06.795
6834,1640237466816,-0.13594341,2.8272636,8.715949,2021:12:23:14:31:06.816
6835,1640237466844,-0.38147995,6.5707974,9.871168,2021:12:23:14:31:06.844
6836,1640237466860,0.71924245,3.4770372,8.267994,2021:12:23:14:31:06.860
6837,1640237466877,0.31081334,2.5386083,7.423588,2021:12:23:14:31:06.877
6838,1640237466901,-0.21798855,3.4429016,11.139574,2021:12:23:14:31:06.901
6839,1640237466915,0.21439533,4.015421,9.701688,2021:12:23:14:31:06.915
6840,1640237466945,0.17606768,2.899128,7.0133624,2021:12:23:14:31:06.945
6841,1640237466958,-0.059288096,3.4572744,7.6972713,2021:12:23:14:31:06.958
6842,1640237466979,-0.15570611,3.4285285,9.578919,2021:12:23:14:31:06.979
6843,1640237466998,0.1952315,4.48733,9.23457,2021:12:23:14:31:06.998
6844,1640237467025,-0.24673429,4.073511,8.862073,2021:12:23:14:31:07.025
6845,1640237467042,-0.41501665,2.1152077,8.805181,2021:12:23:14:31:07.042
6846,1640237467060,0.14732192,3.8279748,12.97451,2021:12:23:14:31:07.060
6847,1640237467075,0.52700526,4.0543475,13.304488,2021:12:23:14:31:07.075
6848,1640237467100,-0.18924281,5.0694313,2.1559308,2021:12:23:14:31:07.100
6849,1640237467125,-0.5401804,2.0044167,1.03844,2021:12:23:14:31:07.125
6850,1640237467141,0.2623049,2.5433993,16.219187,2021:12:23:14:31:07.141
6851,1640237467157,0.36830482,4.939477,9.093237,2021:12:23:14:31:07.157
6852,1640237467176,-0.8479994,4.588539,5.9336004,2021:12:23:14:31:07.176
6853,1640237467195,-1.0689822,2.3505633,10.144852,2021:12:23:14:31:07.195
6854,1640237467216,0.7827226,3.707602,10.814388,2021:12:23:14:31:07.216
6855,1640237467241,-1.0144851,4.102257,6.5983458,2021:12:23:14:31:07.241
6856,1640237467258,-1.7786428,2.3313994,10.47962,2021:12:23:14:31:07.258
6857,1640237467277,-0.4575364,-0.767152,10.880862,2021:12:23:14:31:07.277
6858,1640237467297,-0.38986415,4.872403,7.791893,2021:12:23:14:31:07.297
6859,1640237467326,-0.7887113,6.0994873,8.126661,2021:12:23:14:31:07.326
6860,1640237467341,0.6192312,3.404574,10.164016,2021:12:23:14:31:07.341
6861,1640237467359,-0.00059886964,2.889546,8.395554,2021:12:23:14:31:07.359
6862,1640237467377,0.037728786,4.7520304,7.4804807,2021:12:23:14:31:07.377
6863,1640237467398,-0.72642887,2.066699,8.8716545,2021:12:23:14:31:07.398
6864,1640237467418,-0.99532133,2.7548003,9.437587,2021:12:23:14:31:07.418
6865,1640237467445,-0.3371636,4.087884,9.899914,2021:12:23:14:31:07.445
6866,1640237467462,-0.67372835,3.4476924,8.338661,2021:12:23:14:31:07.462
6867,1640237467478,-0.7360108,4.299884,8.008683,2021:12:23:14:31:07.478
6868,1640237467510,-0.4521466,3.9627204,9.805292,2021:12:23:14:31:07.510
6869,1640237467541,-0.13055357,3.404574,8.8387165,2021:12:23:14:31:07.541
6870,1640237467559,-0.2742823,3.6357377,7.8481865,2021:12:23:14:31:07.559
6871,1640237467576,-0.6060561,3.6405284,8.348243,2021:12:23:14:31:07.576
6872,1640237467593,-0.3036269,2.4038627,9.908897,2021:12:23:14:31:07.593
6873,1640237467616,-0.2742823,3.6692743,7.075046,2021:12:23:14:31:07.616
6874,1640237467641,-0.46651945,3.5345285,7.725418,2021:12:23:14:31:07.641
6875,1640237467660,0.36950257,3.3566644,8.866864,2021:12:23:14:31:07.660
6876,1640237467675,0.22517498,3.0386646,9.918479,2021:12:23:14:31:07.675
6877,1640237467698,0.28326535,3.3518734,10.583823,2021:12:23:14:31:07.698
6878,1640237467716,0.15810159,3.8710933,7.7164354,2021:12:23:14:31:07.716
6879,1640237467740,0.64857584,2.870382,9.347756,2021:12:23:14:31:07.740
6880,1640237467759,0.67732155,3.996257,9.92327,2021:12:23:14:31:07.759
6881,1640237467777,-0.019762699,3.4770372,8.400345,2021:12:23:14:31:07.777
6882,1640237467797,0.119773924,2.7841449,10.428117,2021:12:23:14:31:07.797
6883,1640237467825,0.28326535,4.520867,8.966276,2021:12:23:14:31:07.825
6884,1640237467840,0.008983045,3.8136017,7.77752,2021:12:23:14:31:07.840
6885,1640237467859,-0.20241794,4.5017033,8.975259,2021:12:23:14:31:07.859
6886,1640237467877,0.008983045,2.7356365,9.989145,2021:12:23:14:31:07.877
6887,1640237467908,-0.29344612,3.2794101,9.008197,2021:12:23:14:31:07.908
6888,1640237467924,-0.16888124,3.780065,7.2726727,2021:12:23:14:31:07.924
6889,1640237467942,-0.2503275,2.076281,9.211214,2021:12:23:14:31:07.942
6890,1640237467958,-0.45693752,2.9668002,11.234196,2021:12:23:14:31:07.958
6891,1640237467974,-0.35632744,2.9380543,8.390762,2021:12:23:14:31:07.974
6892,1640237467993,-0.30781898,3.4476924,8.668638,2021:12:23:14:31:07.993
6893,1640237468025,-0.66833854,3.3518734,10.489202,2021:12:23:14:31:08.025
6894,1640237468041,-0.20720889,3.9196017,8.683011,2021:12:23:14:31:08.041
6895,1640237468057,0.2641015,3.3273196,10.385597,2021:12:23:14:31:08.057
6896,1640237468074,0.09102818,3.9866753,10.668263,2021:12:23:14:31:08.074
6897,1640237468096,1.5810158,4.376539,4.6322565,2021:12:23:14:31:08.096
6898,1640237468116,0.85997677,3.4476924,8.584197,2021:12:23:14:31:08.116
6899,1640237468140,0.5665307,2.5529811,11.007823,2021:12:23:14:31:08.140
6900,1640237468157,1.9271625,4.083093,8.235056,2021:12:23:14:31:08.157
6901,1640237468177,2.2104278,2.9476364,9.31961,2021:12:23:14:31:08.177
6902,1640237468196,1.3983606,3.799229,9.489688,2021:12:23:14:31:08.196
6903,1640237468219,0.9222592,2.5194445,8.663847,2021:12:23:14:31:08.219
6904,1640237468245,1.1097054,4.0303926,9.757982,2021:12:23:14:31:08.245
6905,1640237468259,0.47969458,2.485309,8.069768,2021:12:23:14:31:08.259
6906,1640237468277,-0.21199985,2.4565632,9.895123,2021:12:23:14:31:08.277
6907,1640237468299,-0.21199985,4.2561665,9.484898,2021:12:23:14:31:08.299
6908,1640237468323,-0.20241794,3.9196017,7.405023,2021:12:23:14:31:08.323
6909,1640237468341,-0.36590934,2.8560092,10.131078,2021:12:23:14:31:08.341
6910,1640237468358,-0.29883596,4.69394,9.942433,2021:12:23:14:31:08.358
6911,1640237468378,-0.5773103,3.3129468,8.697384,2021:12:23:14:31:08.378
6912,1640237468396,-0.42819178,4.3286295,8.744096,2021:12:23:14:31:08.396
6913,1640237468416,-0.28925404,3.5728562,8.173373,2021:12:23:14:31:08.416
6914,1640237468439,-0.28925404,3.3422914,6.7780066,2021:12:23:14:31:08.439
6915,1640237468458,-0.82763785,4.4777484,7.6691246,2021:12:23:14:31:08.458
6916,1640237468475,-1.1683947,2.17749,9.607067,2021:12:23:14:31:08.475
6917,1640237468497,-1.0773665,4.087884,10.965303,2021:12:23:14:31:08.497
6918,1640237468516,-0.6545645,3.8758843,8.848299,2021:12:23:14:31:08.516
6919,1640237468538,-0.5150279,2.4613543,8.211102,2021:12:23:14:31:08.538
6920,1640237468556,-1.226485,3.1063368,9.800502,2021:12:23:14:31:08.556
6921,1640237468577,-1.9612981,2.5529811,9.314818,2021:12:23:14:31:08.577
6922,1640237468596,-1.7163603,2.0619082,8.735112,2021:12:23:14:31:08.596
6923,1640237468623,-0.7887113,4.6316576,9.1357565,2021:12:23:14:31:08.623
6924,1640237468641,-0.7647565,4.092675,8.202119,2021:12:23:14:31:08.641
6925,1640237468659,-0.12576263,3.9196017,8.277576,2021:12:23:14:31:08.659
6926,1640237468677,-0.51981884,4.001048,7.664334,2021:12:23:14:31:08.677
6927,1640237468706,-0.84201074,3.087173,10.876072,2021:12:23:14:31:08.706
6928,1640237468724,-0.44316354,3.596811,9.871168,2021:12:23:14:31:08.724
6929,1640237468742,0.65755886,3.4476924,7.4900627,2021:12:23:14:31:08.742
6930,1640237468756,4.1130366,1.2103156,12.80024,2021:12:23:14:31:08.756
6931,1640237468773,4.487929,5.4784594,8.848299,2021:12:23:14:31:08.773
6932,1640237468792,-2.8554103,2.7595913,7.34813,2021:12:23:14:31:08.792
6933,1640237468816,-2.485309,3.4429016,9.3998575,2021:12:23:14:31:08.816
6934,1640237468842,-0.26529926,4.520867,8.381181,2021:12:23:14:31:08.842
6935,1640237468857,0.95579594,4.5400305,9.041135,2021:12:23:14:31:08.857
6936,1640237468874,0.63360405,4.1501665,9.1124,2021:12:23:14:31:08.874
6937,1640237468895,0.37429354,3.80402,9.762773,2021:12:23:14:31:08.895
6938,1640237468915,0.24433881,3.6063929,10.121495,2021:12:23:14:31:08.915
6939,1640237468940,0.24433881,4.1357937,8.357824,2021:12:23:14:31:08.940
6940,1640237468957,0.3018303,1.9708799,8.800988,2021:12:23:14:31:08.957
6941,1640237468977,-0.5341917,5.0646405,9.008197,2021:12:23:14:31:08.977
6942,1640237468995,-0.39465508,2.7212636,8.447056,2021:12:23:14:31:08.995
6943,1640237469026,-0.5581465,3.4285285,4.990381,2021:12:23:14:31:09.026
6944,1640237469041,-1.3079313,2.3409815,13.752442,2021:12:23:14:31:09.041
6945,1640237469059,-0.68810123,5.738369,9.593292,2021:12:23:14:31:09.059
6946,1640237469077,-0.918666,2.3313994,7.980537,2021:12:23:14:31:09.077
6947,1640237469105,0.061683573,3.7123928,11.012613,2021:12:23:14:31:09.105
6948,1640237469123,0.48448554,3.2650373,10.319721,2021:12:23:14:31:09.123
6949,1640237469142,0.6623498,3.8423476,7.277464,2021:12:23:14:31:09.142
6950,1640237469159,0.23954785,3.0147097,6.169555,2021:12:23:14:31:09.159
6951,1640237469178,-0.27967212,1.3690159,11.42763,2021:12:23:14:31:09.178
6952,1640237469222,0.5084403,6.219261,8.385971,2021:12:23:14:31:09.222
6953,1640237469238,0.67193174,3.2602463,8.150017,2021:12:23:14:31:09.238
6954,1640237469255,0.6000674,2.066699,9.857394,2021:12:23:14:31:09.255
6955,1640237469275,0.36950257,3.9100199,9.644795,2021:12:23:14:31:09.275
6956,1640237469304,1.2438523,2.6493993,8.89022,2021:12:23:14:31:09.304
6957,1640237469306,1.1480331,2.4421904,7.452334,2021:12:23:14:31:09.306
6958,1640237469338,0.20601116,3.0195007,10.333495,2021:12:23:14:31:09.338
6959,1640237469354,-0.053299397,4.203466,9.314818,2021:12:23:14:31:09.354
6960,1640237469375,1.0228693,4.1651382,8.499158,2021:12:23:14:31:09.375
6961,1640237469395,0.82584125,2.8560092,8.202119,2021:12:23:14:31:09.395
6962,1640237469423,0.41741213,5.3676686,9.130965,2021:12:23:14:31:09.423
6963,1640237469440,0.08563836,3.5536923,8.211102,2021:12:23:14:31:09.440
6964,1640237469458,0.5132313,3.4668562,9.291462,2021:12:23:14:31:09.458
6965,1640237469475,0.60485834,2.4517722,11.719879,2021:12:23:14:31:09.475
6966,1640237469505,1.1288693,4.910731,7.5888762,2021:12:23:14:31:09.505
6967,1640237469523,0.44615787,4.376539,7.452334,2021:12:23:14:31:09.523
6968,1640237469537,-0.43837258,2.8368454,9.003407,2021:12:23:14:31:09.537
6969,1640237469556,-0.6401916,3.8327656,9.795711,2021:12:23:14:31:09.556
6970,1640237469578,-0.44316354,3.80402,10.441891,2021:12:23:14:31:09.578
6971,1640237469598,-0.294045,2.9087098,8.112288,2021:12:23:14:31:09.598
6972,1640237469622,-0.19283602,3.7411387,10.05562,2021:12:23:14:31:09.622
6973,1640237469638,-0.5485646,3.6836472,9.027361,2021:12:23:14:31:09.638
6974,1640237469658,-0.23595464,2.5960999,8.725531,2021:12:23:14:31:09.658
6975,1640237469677,-0.49586406,3.192574,9.088446,2021:12:23:14:31:09.677
6976,1640237469708,-0.22158177,4.1843023,9.45196,2021:12:23:14:31:09.708
6977,1640237469723,-0.024553655,2.6104727,9.178276,2021:12:23:14:31:09.723
6978,1640237469741,-0.48149118,4.4681664,7.970955,2021:12:23:14:31:09.741
6979,1640237469758,-0.6401916,3.6213646,9.404649,2021:12:23:14:31:09.758
6980,1640237469777,-0.21199985,4.4537935,8.479994,2021:12:23:14:31:09.777
6981,1640237469794,-0.19283602,2.485309,7.8721414,2021:12:23:14:31:09.794
6982,1640237469823,0.89291465,3.0195007,10.95632,2021:12:23:14:31:09.823
6983,1640237469840,0.60485834,3.1255007,9.729835,2021:12:23:14:31:09.840
6984,1640237469858,-0.32279074,3.4476924,7.593667,2021:12:23:14:31:09.858
6985,1640237469876,-0.16888124,2.2978628,9.611857,2021:12:23:14:31:09.876
6986,1640237469896,0.4749036,3.2171278,9.470525,2021:12:23:14:31:09.896
6987,1640237469921,0.4222031,4.0351834,9.1686945,2021:12:23:14:31:09.921
6988,1640237469937,-0.5341917,2.7787552,9.62623,2021:12:23:14:31:09.937
6989,1640237469957,-0.65935546,4.0495563,8.805779,2021:12:23:14:31:09.957
6990,1640237469978,-1.0773665,4.819104,7.5182095,2021:12:23:14:31:09.978
6991,1640237469997,-1.2935584,3.375828,10.17779,2021:12:23:14:31:09.997
6992,1640237470023,-1.1540217,3.8231838,9.5980835,2021:12:23:14:31:10.023
6993,1640237470037,-1.9517162,4.203466,8.697384,2021:12:23:14:31:10.037
6994,1640237470060,-1.5624509,2.7212636,9.267508,2021:12:23:14:31:10.060
6995,1640237470077,-1.1013212,4.299884,7.8433957,2021:12:23:14:31:10.077
6996,1640237470105,-1.1204851,3.5345285,7.8344126,2021:12:23:14:31:10.105
6997,1640237470124,-1.134858,4.588539,10.555078,2021:12:23:14:31:10.124
6998,1640237470140,-0.47670022,3.3375006,6.9570684,2021:12:23:14:31:10.140
6999,1640237470156,-0.38028222,3.5153646,9.744207,2021:12:23:14:31:10.156
7000,1640237470173,0.48448554,3.8615115,9.890332,2021:12:23:14:31:10.173
7001,1640237470193,0.03293783,3.3470824,8.046412,2021:12:23:14:31:10.193
7002,1640237470221,0.028146872,2.7787552,8.621926,2021:12:23:14:31:10.221
7003,1640237470238,0.5569488,2.8033087,9.220796,2021:12:23:14:31:10.238
7004,1640237470256,0.528203,2.8368454,9.49388,2021:12:23:14:31:10.256
7005,1640237470275,0.72044015,3.7609012,10.206535,2021:12:23:14:31:10.275
7006,1640237470297,0.75876784,3.6405284,7.9188533,2021:12:23:14:31:10.297
7007,1640237470316,0.36950257,3.7267656,6.8013625,2021:12:23:14:31:10.316
7008,1640237470340,0.037728786,3.3566644,10.970094,2021:12:23:14:31:10.340
7009,1640237470357,-0.20720889,3.6884382,8.140435,2021:12:23:14:31:10.357
7010,1640237470376,-0.5581465,2.5338175,8.8387165,2021:12:23:14:31:10.376
7011,1640237470396,-0.27907324,3.3566644,10.597597,2021:12:23:14:31:10.396
7012,1640237470423,0.2012202,2.2355804,9.116592,2021:12:23:14:31:10.423
7013,1640237470447,-0.31320882,3.6309466,8.315305,2021:12:23:14:31:10.447
7014,1640237470459,0.26350263,2.7260547,8.668638,2021:12:23:14:31:10.459
7015,1640237470476,0.52341205,2.1870718,9.23457,2021:12:23:14:31:10.476
7016,1640237470503,0.023355916,4.213048,9.937643,2021:12:23:14:31:10.503
7017,1640237470521,0.3886664,3.6309466,10.102332,2021:12:23:14:31:10.521
7018,1640237470539,1.1097054,3.9052289,7.4948535,2021:12:23:14:31:10.539
7019,1640237470556,0.528203,4.7232847,9.503462,2021:12:23:14:31:10.556
7020,1640237470578,-0.019762699,3.1255007,8.395554,2021:12:23:14:31:10.578
7021,1640237470606,0.22996594,3.9483476,7.9284353,2021:12:23:14:31:10.606
7022,1640237470622,0.20601116,3.4381106,9.253734,2021:12:23:14:31:10.622
7023,1640237470639,1.1144964,2.7841449,10.196953,2021:12:23:14:31:10.639
7024,1640237470656,1.0228693,4.8430586,8.102706,2021:12:23:14:31:10.656
7025,1640237470673,0.98454165,3.4237378,8.3105135,2021:12:23:14:31:10.673
7026,1640237470696,0.8210503,2.8224726,8.772841,2021:12:23:14:31:10.696
7027,1640237470721,0.8791406,3.5345285,9.465734,2021:12:23:14:31:10.721
7028,1640237470736,0.26889247,3.2171278,10.697009,2021:12:23:14:31:10.736
7029,1640237470755,0.08623723,2.076281,9.545982,2021:12:23:14:31:10.755
7030,1640237470777,0.45094883,4.2609572,7.570311,2021:12:23:14:31:10.777
7031,1640237470795,0.26889247,3.5393195,8.546469,2021:12:23:14:31:10.795
7032,1640237470820,0.037728786,4.4777484,9.913688,2021:12:23:14:31:10.820
7033,1640237470837,-0.33237264,3.2171278,8.975259,2021:12:23:14:31:10.837
7034,1640237470857,-0.5964742,3.674065,9.074672,2021:12:23:14:31:10.857
7035,1640237470876,0.25931054,3.1686192,10.343078,2021:12:23:14:31:10.876
7036,1640237470896,-0.30781898,4.4442115,7.8577685,2021:12:23:14:31:10.896
7037,1640237470923,-0.8414118,3.0680091,8.385971,2021:12:23:14:31:10.923
7038,1640237470938,-0.8126661,3.288992,9.230378,2021:12:23:14:31:10.938
7039,1640237470958,-0.7455927,3.409365,8.876446,2021:12:23:14:31:10.958
7040,1640237470978,-0.7455927,4.0783024,8.555451,2021:12:23:14:31:10.978
7041,1640237471023,-0.30781898,3.3129468,7.805667,2021:12:23:14:31:11.023
7042,1640237471040,0.042519744,3.409365,9.385485,2021:12:23:14:31:11.040
7043,1640237471042,-0.26949134,2.5960999,9.163903,2021:12:23:14:31:11.042
7044,1640237471059,-0.61563796,2.7356365,10.050829,2021:12:23:14:31:11.059
7045,1640237471078,-0.7887113,3.2362914,9.244152,2021:12:23:14:31:11.078
7046,1640237471105,-0.7791294,2.5386083,9.513044,2021:12:23:14:31:11.105
7047,1640237471136,-0.45693752,3.2506645,8.084141,2021:12:23:14:31:11.136
7048,1640237471154,-0.95220274,3.6117828,8.023057,2021:12:23:14:31:11.154
7049,1640237471177,-0.6443837,3.780065,9.951417,2021:12:23:14:31:11.177
7050,1640237471194,-0.8557847,4.294494,8.786615,2021:12:23:14:31:11.194
7051,1640237471214,-1.1103044,3.7459295,7.942808,2021:12:23:14:31:11.214
7052,1640237471242,0.028745743,3.6063929,10.810196,2021:12:23:14:31:11.242
7053,1640237471260,-0.19223715,4.3957033,8.923757,2021:12:23:14:31:11.260
7054,1640237471275,-0.6922933,3.5105739,7.0373173,2021:12:23:14:31:11.275
7055,1640237471303,-0.6731295,2.1295805,9.890332,2021:12:23:14:31:11.303
7056,1640237471320,-0.120372795,4.179511,8.805779,2021:12:23:14:31:11.320
7057,1640237471339,-0.7929034,3.808811,9.555564,2021:12:23:14:31:11.339
7058,1640237471357,-0.07246323,3.991466,8.296141,2021:12:23:14:31:11.357
7059,1640237471377,-0.2305648,4.092675,8.928548,2021:12:23:14:31:11.377
7060,1640237471404,0.32698283,3.7561104,8.433282,2021:12:23:14:31:11.404
7061,1640237471421,-0.062282443,2.5433993,9.97058,2021:12:23:14:31:11.421
7062,1640237471438,0.45633867,3.59202,8.829135,2021:12:23:14:31:11.438
7063,1640237471457,0.3653105,2.8224726,7.782311,2021:12:23:14:31:11.457
7064,1640237471478,0.7929034,2.3074448,7.763746,2021:12:23:14:31:11.478
7065,1640237471504,0.8168582,3.1015458,9.395067,2021:12:23:14:31:11.504
7066,1640237471520,0.5383838,3.5345285,9.173485,2021:12:23:14:31:11.520
7067,1640237471536,0.5767115,2.6248455,10.31014,2021:12:23:14:31:11.536
7068,1640237471554,0.93244004,3.404574,8.711158,2021:12:23:14:31:11.554
7069,1640237471577,1.0719767,3.298574,8.791407,2021:12:23:14:31:11.577
7070,1640237471595,1.3121234,3.4716473,9.386084,2021:12:23:14:31:11.595
7071,1640237471619,0.8701576,4.472957,8.438073,2021:12:23:14:31:11.619
7072,1640237471636,-0.0670734,2.1199985,8.631508,2021:12:23:14:31:11.636
7073,1640237471662,-0.095819145,2.7985177,9.461541,2021:12:23:14:31:11.662
7074,1640237471677,0.27368343,5.0694313,10.074185,2021:12:23:14:31:11.677
7075,1640237471704,0.5623386,3.2219186,9.456751,2021:12:23:14:31:11.704
7076,1640237471721,0.62462103,3.38541,8.999214,2021:12:23:14:31:11.721
7077,1640237471736,0.07725418,2.9182918,10.9185915,2021:12:23:14:31:11.736
7078,1640237471759,0.12995471,2.8655913,9.390276,2021:12:23:14:31:11.759
7079,1640237471778,0.20661002,3.9435565,7.414605,2021:12:23:14:31:11.778
7080,1640237471799,0.26470038,3.380619,10.413744,2021:12:23:14:31:11.799
7081,1640237471821,0.21140099,3.8758843,9.545982,2021:12:23:14:31:11.821
7082,1640237471841,0.59587526,4.405285,7.4852715,2021:12:23:14:31:11.841
7083,1640237471858,-0.17307332,3.596811,6.735487,2021:12:23:14:31:11.858
7084,1640237471876,0.105999924,3.780065,7.8529778,2021:12:23:14:31:11.876
7085,1640237471904,0.6587566,3.197365,9.239361,2021:12:23:14:31:11.904
7086,1640237471920,0.14911854,3.375828,9.517835,2021:12:23:14:31:11.920
7087,1640237471935,0.16349141,2.2158177,10.8856535,2021:12:23:14:31:11.935
7088,1640237471955,0.26949134,4.804731,9.517835,2021:12:23:14:31:11.955
7089,1640237471973,-0.16349141,3.9196017,6.4761763,2021:12:23:14:31:11.973
7090,1640237471992,-0.840813,2.870382,8.291949,2021:12:23:14:31:11.992
7091,1640237472022,-1.143841,3.6549015,11.51267,2021:12:23:14:31:12.022
7092,1640237472037,-0.6725306,3.69802,8.772841,2021:12:23:14:31:12.037
7093,1640237472056,-0.0335367,3.1734102,6.758843,2021:12:23:14:31:12.056
7094,1640237472076,0.14432758,4.299285,8.886027,2021:12:23:14:31:12.076
7095,1640237472103,-0.30242917,3.4237378,9.437587,2021:12:23:14:31:12.103
7096,1640237472119,-0.24493769,3.5057828,9.084253,2021:12:23:14:31:12.119
7097,1640237472138,0.029344613,2.581727,9.650186,2021:12:23:14:31:12.138
7098,1640237472156,0.091627054,3.0482464,10.031665,2021:12:23:14:31:12.156
7099,1640237472177,-0.1676835,3.481828,7.961373,2021:12:23:14:31:12.177
7100,1640237472203,-0.14372872,3.5824382,11.30067,2021:12:23:14:31:12.203
7101,1640237472221,-0.56293744,3.5393195,6.8013625,2021:12:23:14:31:12.221
7102,1640237472236,-0.20720889,3.3129468,8.645282,2021:12:23:14:31:12.236
7103,1640237472256,0.110192016,3.3375006,9.012988,2021:12:23:14:31:12.256
7104,1640237472277,0.043118615,3.895647,8.819553,2021:12:23:14:31:12.277
7105,1640237472304,-0.26470038,2.6493993,10.904219,2021:12:23:14:31:12.304
7106,1640237472318,0.2305648,4.516076,9.45196,2021:12:23:14:31:12.318
7107,1640237472339,0.30722013,2.3553543,7.900288,2021:12:23:14:31:12.339
7108,1640237472356,0.1341468,3.5393195,9.083654,2021:12:23:14:31:12.356
7109,1640237472373,0.105401054,3.4476924,9.560355,2021:12:23:14:31:12.373
7110,1640237472394,0.25931054,2.5433993,9.683124,2021:12:23:14:31:12.394
7111,1640237472419,-0.091627054,4.294494,7.994311,2021:12:23:14:31:12.419
7112,1640237472434,-0.4377737,3.0967548,8.730322,2021:12:23:14:31:12.434
7113,1640237472457,-0.5581465,3.9100199,9.159112,2021:12:23:14:31:12.457
7114,1640237472475,-0.48568326,3.6501105,9.329191,2021:12:23:14:31:12.475
7115,1640237472503,-0.6731295,3.8806753,9.385485,2021:12:23:14:31:12.503
7116,1640237472520,-0.7360108,2.586518,7.9853277,2021:12:23:14:31:12.520
7117,1640237472537,-0.6922933,3.3422914,8.833926,2021:12:23:14:31:12.537
7118,1640237472557,-0.6587566,3.8231838,9.178276,2021:12:23:14:31:12.557
7119,1640237472578,-0.98094845,4.4292397,9.277089,2021:12:23:14:31:12.578
7120,1640237472604,-0.6252199,3.9387655,8.008683,2021:12:23:14:31:12.604
7121,1640237472616,-0.23595464,3.9052289,9.041734,2021:12:23:14:31:12.616
7122,1640237472637,0.28326535,3.399783,11.352173,2021:12:23:14:31:12.637
7123,1640237472659,0.19642924,4.390912,8.560243,2021:12:23:14:31:12.659
7124,1640237472679,-0.091627054,2.9524274,7.395441,2021:12:23:14:31:12.679
7125,1640237472706,-0.40902796,2.081072,9.498672,2021:12:23:14:31:12.706
7126,1640237472720,0.18684733,4.6699853,8.503949,2021:12:23:14:31:12.720
7127,1640237472739,-0.07246323,3.303365,9.347756,2021:12:23:14:31:12.739
7128,1640237472773,0.4078302,3.0482464,9.588502,2021:12:23:14:31:12.773
7129,1640237472792,0.7252311,2.899128,9.3669195,2021:12:23:14:31:12.792
7130,1640237472820,0.66294867,4.434031,9.159112,2021:12:23:14:31:12.820
7131,1640237472835,0.82584125,2.6392186,9.857394,2021:12:23:14:31:12.835
7132,1640237472855,1.0570049,3.3949919,8.833926,2021:12:23:14:31:12.855
7133,1640237472874,1.1144964,3.59202,8.527305,2021:12:23:14:31:12.874
7134,1640237472900,0.6725306,2.9332635,8.890819,2021:12:23:14:31:12.900
7135,1640237472917,0.21080211,2.9620092,9.541191,2021:12:23:14:31:12.917
7136,1640237472937,-0.63001084,4.708313,7.7164354,2021:12:23:14:31:12.937
7137,1640237472955,0.008983045,2.8368454,9.583711,2021:12:23:14:31:12.955
7138,1640237472976,0.18684733,3.2698283,10.239473,2021:12:23:14:31:12.976
7139,1640237473000,0.532994,3.7752743,8.484785,2021:12:23:14:31:13.000
7140,1640237473018,0.23954785,2.8416364,10.48441,2021:12:23:14:31:13.018
7141,1640237473036,-0.48089233,3.7411387,14.295018,2021:12:23:14:31:13.036
7142,1640237473057,-1.0821574,4.6508217,12.403788,2021:12:23:14:31:13.057
7143,1640237473077,0.18684733,4.929895,-1.3241007,2021:12:23:14:31:13.077
7144,1640237473102,-0.34674552,2.8128908,11.026987,2021:12:23:14:31:13.102
7145,1640237473117,-1.4714227,4.5496125,10.18258,2021:12:23:14:31:13.117
7146,1640237473139,-0.18325411,4.4537935,4.0327883,2021:12:23:14:31:13.139
7147,1640237473158,-0.8605757,2.17749,13.082906,2021:12:23:14:31:13.158
7148,1640237473177,0.6725306,2.7643821,6.164764,2021:12:23:14:31:13.177
7149,1640237473201,0.46532172,3.4668562,10.347868,2021:12:23:14:31:13.201
7150,1640237473219,0.062282443,5.613205,7.560729,2021:12:23:14:31:13.219
7151,1640237473237,-0.09641801,-2.8602014,12.394805,2021:12:23:14:31:13.237
7152,1640237473261,0.7635588,2.2499533,7.027735,2021:12:23:14:31:13.261
7153,1640237473276,-0.24074559,6.0701427,7.933226,2021:12:23:14:31:13.276
7154,1640237473293,0.21080211,1.4893888,10.059813,2021:12:23:14:31:13.293
7155,1640237473318,0.76834977,5.0981774,11.149755,2021:12:23:14:31:13.318
7156,1640237473335,0.4515477,3.9483476,9.83823,2021:12:23:14:31:13.335
7157,1640237473355,0.88872254,4.7520304,5.928809,2021:12:23:14:31:13.355
7158,1640237473376,0.6964854,3.6692743,4.556799,2021:12:23:14:31:13.376
7159,1640237473395,0.20601116,2.4230266,11.007823,2021:12:23:14:31:13.395
7160,1640237473422,-0.41381893,2.1918628,13.196093,2021:12:23:14:31:13.422
7161,1640237473440,-0.5096381,3.7704833,9.88075,2021:12:23:14:31:13.440
7162,1640237473458,-0.7503837,4.8532395,6.2120748,2021:12:23:14:31:13.458
7163,1640237473475,-0.3317738,3.0728002,11.276715,2021:12:23:14:31:13.475
7164,1640237473501,-0.5773103,4.6891494,9.371711,2021:12:23:14:31:13.501
7165,1640237473519,-0.4952652,2.8320546,5.3491035,2021:12:23:14:31:13.519
7166,1640237473536,-0.058090355,-0.27667776,8.418909,2021:12:23:14:31:13.536
7167,1640237473558,0.5425759,3.9196017,10.144852,2021:12:23:14:31:13.558
7168,1640237473586,-0.92345697,4.6460304,4.5046973,2021:12:23:14:31:13.586
7169,1640237473602,-1.0719767,2.889546,8.725531,2021:12:23:14:31:13.602
7170,1640237473618,-0.043717485,1.4366883,14.6627245,2021:12:23:14:31:13.618
7171,1640237473636,0.4755025,3.4668562,12.097167,2021:12:23:14:31:13.636
7172,1640237473658,-0.54377365,4.0202117,6.2120748,2021:12:23:14:31:13.658
7173,1640237473684,-0.6635476,1.9175806,7.075046,2021:12:23:14:31:13.684
7174,1640237473702,-0.35153648,2.066699,11.026987,2021:12:23:14:31:13.702
7175,1640237473718,-0.21199985,5.627578,10.059813,2021:12:23:14:31:13.718
7176,1640237473741,-0.8174571,4.5639853,8.829135,2021:12:23:14:31:13.741
7177,1640237473756,-0.32698283,4.3334208,4.542426,2021:12:23:14:31:13.756
7178,1640237473776,-1.3845866,4.7376575,3.9908671,2021:12:23:14:31:13.776
7179,1640237473801,-0.68271136,5.0646405,10.838343,2021:12:23:14:31:13.801
7180,1640237473817,-0.48089233,3.2506645,14.040499,2021:12:23:14:31:13.817
7181,1640237473834,-0.29344612,0.91207844,11.25815,2021:12:23:14:31:13.834
7182,1640237473857,0.07186436,3.6261556,5.679081,2021:12:23:14:31:13.857
7183,1640237473874,-0.03413557,3.2650373,7.3062096,2021:12:23:14:31:13.874
7184,1640237473901,0.41741213,2.985964,9.857394,2021:12:23:14:31:13.901
7185,1640237473916,0.96537787,3.9579294,8.235056,2021:12:23:14:31:13.916
7186,1640237473936,0.20601116,1.1384512,8.947112,2021:12:23:14:31:13.936
7187,1640237473958,-0.105999924,3.0386646,11.719879,2021:12:23:14:31:13.958
7188,1640237473985,-0.06767227,5.6611147,11.102445,2021:12:23:14:31:13.985
7189,1640237474002,0.12935585,7.1816444,6.0797243,2021:12:23:14:31:14.002
7190,1640237474018,-0.40902796,2.172699,0.20361568,2021:12:23:14:31:14.018
7191,1640237474036,-0.029344613,-0.6857057,7.7020626,2021:12:23:14:31:14.036
7192,1640237474059,0.27368343,1.9415354,16.49287,2021:12:23:14:31:14.059
7193,1640237474084,0.124564886,3.7219748,22.279148,2021:12:23:14:31:14.084
7194,1640237474102,1.1959426,5.8054423,1.9062021,2021:12:23:14:31:14.102
7195,1640237474119,0.48029345,2.9907548,2.8212748,2021:12:23:14:31:14.119
7196,1640237474139,-0.404237,4.6699853,12.602014,2021:12:23:14:31:14.139
7197,1640237474156,-0.822248,4.1405845,9.263315,2021:12:23:14:31:14.156
7198,1640237474182,-0.038926527,0.7629599,8.197328,2021:12:23:14:31:14.182
7199,1640237474198,-0.091627054,-0.0886327,11.762399,2021:12:23:14:31:14.198
7200,1640237474219,0.4988584,6.479171,8.258412,2021:12:23:14:31:14.219
7201,1640237474237,0.54676795,10.04005,5.2544823,2021:12:23:14:31:14.237
7202,1640237474256,-1.0007112,1.4318973,10.809597,2021:12:23:14:31:14.256
7203,1640237474274,0.27248567,-0.7815249,8.720739,2021:12:23:14:31:14.274
7204,1640237474300,-0.34255344,2.0044167,12.196579,2021:12:23:14:31:14.300
7205,1640237474318,1.805592,2.7691731,14.851368,2021:12:23:14:31:14.318
7206,1640237474336,0.36411273,4.0687203,9.890332,2021:12:23:14:31:14.336
7207,1640237474357,-0.5874911,7.0762434,-7.0259385,2021:12:23:14:31:14.357
7208,1640237474385,-0.059288096,0.66654193,12.790658,2021:12:23:14:31:14.385
7209,1640237474400,0.90668863,4.496912,15.450237,2021:12:23:14:31:14.400
7210,1640237474418,1.4450724,2.7164726,11.234196,2021:12:23:14:31:14.418
7211,1640237474436,-0.025751395,5.1706405,13.361381,2021:12:23:14:31:14.436
7212,1640237474459,1.3151177,4.366957,7.3247747,2021:12:23:14:31:14.459
7213,1640237474485,-0.23715238,4.742449,7.3199835,2021:12:23:14:31:14.485
7214,1640237474501,-0.020960437,5.9114423,3.1602352,2021:12:23:14:31:14.501
7215,1640237474517,0.36830482,-1.3300894,9.805292,2021:12:23:14:31:14.517
7216,1640237474538,0.26290378,1.667253,7.254108,2021:12:23:14:31:14.538
7217,1640237474558,-0.04491522,6.1569786,4.575364,2021:12:23:14:31:14.558
7218,1640237474585,-0.016169481,5.3628774,9.362129,2021:12:23:14:31:14.585
7219,1640237474601,0.16648576,2.7356365,11.191676,2021:12:23:14:31:14.601
7220,1640237474619,0.32518622,-0.11737845,7.9895196,2021:12:23:14:31:14.619
7221,1640237474656,0.3156043,1.3258973,11.418049,2021:12:23:14:31:14.656
7222,1640237474673,-0.4341805,2.0619082,13.696149,2021:12:23:14:31:14.673
7223,1640237474698,-1.6115582,2.07149,10.238874,2021:12:23:14:31:14.698
7224,1640237474717,-0.7467904,6.022233,6.3576,2021:12:23:14:31:14.717
7225,1640237474735,0.7288243,4.607703,5.6407533,2021:12:23:14:31:14.735
7226,1640237474755,0.9258525,3.9866753,10.258038,2021:12:23:14:31:14.755
7227,1640237474776,0.25332186,7.0906167,8.98005,2021:12:23:14:31:14.776
7228,1640237474802,-0.2658981,4.107048,8.263204,2021:12:23:14:31:14.802
7229,1640237474816,0.07545757,1.6337163,8.824344,2021:12:23:14:31:14.816
7230,1640237474836,0.63240635,3.996257,8.98005,2021:12:23:14:31:14.836
7231,1640237474858,-1.0300558,2.7308455,9.267508,2021:12:23:14:31:14.858
7232,1640237474882,-1.5923944,0.92166036,9.564547,2021:12:23:14:31:14.882
7233,1640237474900,-0.14133324,1.7109705,12.380432,2021:12:23:14:31:14.900
7234,1640237474919,0.9881349,3.486619,8.187746,2021:12:23:14:31:14.919
7235,1640237474938,0.30602238,3.4285285,8.668638,2021:12:23:14:31:14.938
7236,1640237474958,-0.71325374,3.59202,11.101846,2021:12:23:14:31:14.958
7237,1640237474982,-1.1073099,4.7951493,8.758469,2021:12:23:14:31:14.982
7238,1640237474998,-1.4438747,3.3949919,6.3198714,2021:12:23:14:31:14.998
7239,1640237475019,-1.5923944,4.920313,7.442752,2021:12:23:14:31:15.019
7240,1640237475038,-1.2851743,3.6549015,11.173111,2021:12:23:14:31:15.038
7241,1640237475065,-1.5780215,3.6788561,9.456152,2021:12:23:14:31:15.065
7242,1640237475082,-1.2803832,4.0351834,8.706367,2021:12:23:14:31:15.082
7243,1640237475101,-0.28086987,2.9236815,7.4708986,2021:12:23:14:31:15.101
7244,1640237475118,-0.6072538,3.1446645,8.399746,2021:12:23:14:31:15.118
7245,1640237475136,-0.32398847,3.7944381,10.281394,2021:12:23:14:31:15.136
7246,1640237475156,-1.0498185,2.779354,9.437587,2021:12:23:14:31:15.156
7247,1640237475176,-0.5401804,3.077591,9.554965,2021:12:23:14:31:15.176
7248,1640237475200,0.7234345,4.79994,10.607179,2021:12:23:14:31:15.200
7249,1640237475216,0.40303928,5.117341,9.555564,2021:12:23:14:31:15.216
7250,1640237475235,0.638395,3.9052289,4.910132,2021:12:23:14:31:15.235
7251,1640237475256,0.64797693,2.889546,7.8200397,2021:12:23:14:31:15.256
7252,1640237475283,1.162406,2.6973088,10.828761,2021:12:23:14:31:15.283
7253,1640237475298,0.1772654,2.4661453,15.540069,2021:12:23:14:31:15.298
7254,1640237475318,0.13893776,5.627578,8.3434515,2021:12:23:14:31:15.318
7255,1640237475337,0.69169444,3.1350825,-0.80547965,2021:12:23:14:31:15.337
7256,1640237475356,0.52341205,1.2779878,10.649698,2021:12:23:14:31:15.356
7257,1640237475379,0.532994,4.9634314,13.328443,2021:12:23:14:31:15.379
7258,1640237475401,0.39345735,3.288992,7.938017,2021:12:23:14:31:15.401
7259,1640237475419,0.41262117,0.39705056,8.947112,2021:12:23:14:31:15.419
7260,1640237475438,0.14851967,3.5776472,9.442377,2021:12:23:14:31:15.438
7261,1640237475452,0.08144627,5.3580866,8.267994,2021:12:23:14:31:15.452
7262,1640237475475,-0.36590934,4.083093,9.75379,2021:12:23:14:31:15.475
7263,1640237475506,-0.83662087,0.5994685,10.805405,2021:12:23:14:31:15.506
7264,1640237475522,0.13893776,1.0947337,7.193023,2021:12:23:14:31:15.522
7265,1640237475535,0.840813,6.715125,5.485646,2021:12:23:14:31:15.535
7266,1640237475553,0.64857584,4.1651382,11.677958,2021:12:23:14:31:15.553
7267,1640237475576,-1.4804057,3.789647,10.305348,2021:12:23:14:31:15.576
7268,1640237475602,-1.5241232,4.343003,7.763147,2021:12:23:14:31:15.602
7269,1640237475619,0.26889247,3.8375566,8.112288,2021:12:23:14:31:15.619
7270,1640237475636,1.1001235,4.237003,6.9426956,2021:12:23:14:31:15.636
7271,1640237475658,0.062282443,2.687727,11.389901,2021:12:23:14:31:15.658
7272,1640237475682,-0.005389827,3.2794101,9.0698805,2021:12:23:14:31:15.682
7273,1640237475698,0.73481303,1.966089,9.767564,2021:12:23:14:31:15.698
7274,1640237475718,0.74439496,3.3949919,6.7636337,2021:12:23:14:31:15.718
7275,1640237475736,1.2348692,5.0311036,7.9050794,2021:12:23:14:31:15.736
7276,1640237475756,0.24972863,4.3142567,9.517835,2021:12:23:14:31:15.756
7277,1640237475782,0.42280197,2.1104167,7.230752,2021:12:23:14:31:15.782
7278,1640237475798,-0.40902796,3.1159186,10.927574,2021:12:23:14:31:15.798
7279,1640237475819,0.25931054,2.981173,11.389901,2021:12:23:14:31:15.819
7280,1640237475837,-0.03413557,4.9011493,8.484785,2021:12:23:14:31:15.837
7281,1640237475865,-0.091627054,3.380619,6.466594,2021:12:23:14:31:15.865
7282,1640237475881,-0.3509376,3.601602,9.385485,2021:12:23:14:31:15.881
7283,1640237475900,0.20181906,2.8512182,9.5364,2021:12:23:14:31:15.900
7284,1640237475916,0.85997677,4.376539,10.607179,2021:12:23:14:31:15.916
7285,1640237475940,0.08144627,4.3813305,7.956582,2021:12:23:14:31:15.940
7286,1640237475957,0.32638395,2.9572182,6.504323,2021:12:23:14:31:15.957
7287,1640237475982,0.7833215,4.0591383,9.800502,2021:12:23:14:31:15.982
7288,1640237475999,1.5139425,4.492121,8.348243,2021:12:23:14:31:15.999
7289,1640237476015,0.119773924,1.6193435,10.3903885,2021:12:23:14:31:16.015
7290,1640237476034,0.5335928,2.6200547,11.371337,2021:12:23:14:31:16.034
7291,1640237476058,-0.023954786,3.4333196,4.4669685,2021:12:23:14:31:16.058
7292,1640237476085,0.5479657,2.5098627,8.036831,2021:12:23:14:31:16.085
7293,1640237476103,0.4515477,3.674065,9.909496,2021:12:23:14:31:16.103
7294,1640237476117,0.58150244,2.3170266,11.314444,2021:12:23:14:31:16.117
7295,1640237476136,-0.17786428,2.6440094,9.578919,2021:12:23:14:31:16.136
7296,1640237476156,0.004790957,4.025602,7.815249,2021:12:23:14:31:16.156
7297,1640237476188,0.120372795,3.0290825,10.904219,2021:12:23:14:31:16.188
7298,1640237476206,-0.68271136,5.01194,8.720739,2021:12:23:14:31:16.206
7299,1640237476219,-0.5581465,2.5960999,8.6404915,2021:12:23:14:31:16.219
7300,1640237476237,0.28266647,1.55227,9.673541,2021:12:23:14:31:16.237
7301,1640237476259,-0.7503837,5.444923,6.4240746,2021:12:23:14:31:16.259
7302,1640237476283,-1.5289142,3.1734102,8.895011,2021:12:23:14:31:16.283
7303,1640237476299,-0.44795448,6.1665606,11.739042,2021:12:23:14:31:16.299
7304,1640237476318,-0.6354007,2.5098627,8.315305,2021:12:23:14:31:16.318
7305,1640237476340,-1.0007112,4.107048,6.66482,2021:12:23:14:31:16.340
7306,1640237476367,-0.6401916,3.481828,9.513044,2021:12:23:14:31:16.367
7307,1640237476381,-1.0294569,2.793727,11.088071,2021:12:23:14:31:16.381
7308,1640237476416,-0.51981884,4.2897034,9.272299,2021:12:23:14:31:16.416
7309,1640237476433,-0.6928922,3.375828,7.3672943,2021:12:23:14:31:16.433
7310,1640237476456,-0.38567203,2.4661453,9.263315,2021:12:23:14:31:16.456
7311,1640237476482,0.15271176,4.9251037,11.668376,2021:12:23:14:31:16.482
7312,1640237476499,-0.9090841,5.3724594,7.584085,2021:12:23:14:31:16.499
7313,1640237476517,-1.0965303,2.3361905,6.721114,2021:12:23:14:31:16.517
7314,1640237476537,0.42699406,2.899128,11.069507,2021:12:23:14:31:16.537
7315,1640237476555,0.37848562,3.7411387,9.083654,2021:12:23:14:31:16.555
7316,1640237476580,0.047310703,4.819104,8.956695,2021:12:23:14:31:16.580
7317,1640237476597,0.0808474,1.7588801,10.625744,2021:12:23:14:31:16.597
7318,1640237476616,0.24912977,3.087173,10.097541,2021:12:23:14:31:16.616
7319,1640237476638,-0.09701688,4.516076,7.3247747,2021:12:23:14:31:16.638
7320,1640237476664,0.13833888,4.3477936,8.852491,2021:12:23:14:31:16.664
7321,1640237476681,-0.13534454,2.1966538,10.531721,2021:12:23:14:31:16.681
7322,1640237476700,-0.15450837,3.9818842,7.584085,2021:12:23:14:31:16.700
7323,1640237476716,0.08563836,3.8758843,6.7774076,2021:12:23:14:31:16.716
7324,1640237476748,0.056892615,3.5824382,6.7774076,2021:12:23:14:31:16.748
7325,1640237476765,-1.0677845,2.278699,11.988771,2021:12:23:14:31:16.765
7326,1640237476782,-0.80368304,4.025602,11.706105,2021:12:23:14:31:16.782
7327,1640237476797,-0.25571734,1.9612981,9.31961,2021:12:23:14:31:16.797
7328,1640237476818,-0.039525397,2.0475352,10.18258,2021:12:23:14:31:16.818
7329,1640237476839,-0.13055357,4.1699295,8.296141,2021:12:23:14:31:16.839
7330,1640237476867,-0.39525396,3.7411387,8.3434515,2021:12:23:14:31:16.867
7331,1640237476885,-0.48149118,2.889546,8.918965,2021:12:23:14:31:16.885
7332,1640237476897,0.15271176,4.097466,7.8715425,2021:12:23:14:31:16.897
7333,1640237476914,1.1809709,3.5489016,7.249317,2021:12:23:14:31:16.914
7334,1640237476937,1.4265075,6.936707,8.225474,2021:12:23:14:31:16.937
7335,1640237476957,0.2682936,2.8512182,9.6968975,2021:12:23:14:31:16.957
7336,1640237476977,0.27308455,2.6200547,8.131452,2021:12:23:14:31:16.977
7337,1640237477002,0.119175054,2.581727,10.295767,2021:12:23:14:31:17.002
7338,1640237477017,1.3779991,1.6870158,9.017779,2021:12:23:14:31:17.017
7339,1640237477035,1.070779,3.000337,11.040761,2021:12:23:14:31:17.035
7340,1640237477063,-0.11138975,3.3129468,9.918479,2021:12:23:14:31:17.063
7341,1640237477079,0.08563836,3.9770932,5.504211,2021:12:23:14:31:17.079
7342,1640237477098,0.7198413,3.4429016,9.800502,2021:12:23:14:31:17.098
7343,1640237477117,0.21020325,4.920313,7.3247747,2021:12:23:14:31:17.117
7344,1640237477138,-0.2365535,3.707602,9.220796,2021:12:23:14:31:17.138
7345,1640237477162,-0.010779654,3.303365,11.38032,2021:12:23:14:31:17.162
7346,1640237477180,0.027548004,4.107048,8.282367,2021:12:23:14:31:17.180
7347,1640237477196,-0.5204177,3.3470824,8.597971,2021:12:23:14:31:17.196
7348,1640237477219,-0.7455927,4.4777484,10.205936,2021:12:23:14:31:17.219
7349,1640237477238,-0.37609014,3.288992,7.966164,2021:12:23:14:31:17.238
7350,1640237477261,-0.31320882,2.081072,9.871168,2021:12:23:14:31:17.261
7351,1640237477278,-0.42879066,4.5687766,8.4093275,2021:12:23:14:31:17.278
7352,1640237477295,0.36411273,3.7363477,7.640978,2021:12:23:14:31:17.295
7353,1640237477312,-0.16888124,3.390201,7.8859153,2021:12:23:14:31:17.312
7354,1640237477334,0.20541228,3.6788561,10.295767,2021:12:23:14:31:17.334
7355,1640237477353,-0.120971665,3.000337,8.112288,2021:12:23:14:31:17.353
7356,1640237477378,-0.20780776,3.187783,8.814762,2021:12:23:14:31:17.378
7357,1640237477396,0.5563499,3.5441105,12.32833,2021:12:23:14:31:17.396
7358,1640237477416,-0.10180784,3.274619,8.522513,2021:12:23:14:31:17.416
7359,1640237477435,-0.50544596,2.5098627,8.668638,2021:12:23:14:31:17.435
7360,1640237477463,0.78212374,3.59202,11.215631,2021:12:23:14:31:17.463
7361,1640237477481,0.643186,3.375828,7.414605,2021:12:23:14:31:17.481
7362,1640237477498,-0.21259873,3.5201557,7.47569,2021:12:23:14:31:17.498
7363,1640237477516,0.13354793,4.107048,7.216379,2021:12:23:14:31:17.516
7364,1640237477537,0.1479208,2.605682,8.522513,2021:12:23:14:31:17.537
7365,1640237477563,-0.08743497,3.6117828,11.757607,2021:12:23:14:31:17.563
7366,1640237477580,-0.44316354,4.588539,11.89954,2021:12:23:14:31:17.580
7367,1640237477599,-0.9090841,2.7356365,6.4384475,2021:12:23:14:31:17.599
7368,1640237477618,-1.4091402,2.6344275,7.3199835,2021:12:23:14:31:17.618
7369,1640237477636,-0.7360108,3.6261556,9.545982,2021:12:23:14:31:17.636
7370,1640237477665,-1.3947674,2.7841449,10.607179,2021:12:23:14:31:17.665
7371,1640237477681,-1.4714227,4.4196577,7.452334,2021:12:23:14:31:17.681
7372,1640237477699,-1.437886,3.000337,6.819927,2021:12:23:14:31:17.699
7373,1640237477716,-0.9911292,5.007149,8.918965,2021:12:23:14:31:17.716
7374,1640237477734,-1.1689935,5.930606,7.8433957,2021:12:23:14:31:17.734
7375,1640237477753,-1.332485,4.227421,10.008309,2021:12:23:14:31:17.753
7376,1640237477780,-0.7988921,1.5229255,9.885541,2021:12:23:14:31:17.780
7377,1640237477797,-0.015570611,3.0967548,9.88075,2021:12:23:14:31:17.797
7378,1640237477816,0.8354232,3.6261556,7.08882,2021:12:23:14:31:17.816
7379,1640237477834,0.46053076,3.780065,9.225587,2021:12:23:14:31:17.834
7380,1640237477854,0.46053076,2.6685631,9.248942,2021:12:23:14:31:17.854
7381,1640237477879,0.41741213,3.5441105,8.399746,2021:12:23:14:31:17.879
7382,1640237477895,0.61444026,3.2554553,10.795823,2021:12:23:14:31:17.895
7383,1640237477915,0.24433881,4.213048,8.051204,2021:12:23:14:31:17.915
7384,1640237477936,0.3545308,3.1446645,8.621926,2021:12:23:14:31:17.936
7385,1640237477962,0.92166036,4.073511,9.3244,2021:12:23:14:31:17.962
7386,1640237477979,0.96477896,2.4661453,8.4422655,2021:12:23:14:31:17.979
7387,1640237477996,0.7725418,2.7548003,9.692106,2021:12:23:14:31:17.996
7388,1640237478016,0.45094883,3.7171838,12.318748,2021:12:23:14:31:18.016
7389,1640237478037,0.17187558,4.3286295,11.069507,2021:12:23:14:31:18.037
7390,1640237478062,0.47011265,3.0482464,2.7787552,2021:12:23:14:31:18.062
7391,1640237478080,0.15750271,3.2410824,6.8390913,2021:12:23:14:31:18.080
7392,1640237478096,0.19103941,1.9175806,10.99824,2021:12:23:14:31:18.096
7393,1640237478117,0.4988584,3.7411387,8.886027,2021:12:23:14:31:18.117
7394,1640237478146,-0.19822586,1.7540891,11.922895,2021:12:23:14:31:18.146
7395,1640237478179,0.47969458,3.8519294,10.640117,2021:12:23:14:31:18.179
7396,1640237478195,0.9168694,3.6788561,7.5230002,2021:12:23:14:31:18.195
7397,1640237478214,1.3013437,5.5796685,7.2726727,2021:12:23:14:31:18.214
7398,1640237478234,0.753378,1.6870158,10.017292,2021:12:23:14:31:18.234
7399,1640237478262,0.49406746,1.9463264,8.753677,2021:12:23:14:31:18.262
7400,1640237478278,0.70067745,4.578957,8.942322,2021:12:23:14:31:18.278
7401,1640237478295,1.2821798,3.404574,11.201258,2021:12:23:14:31:18.295
7402,1640237478315,0.31620318,6.1809335,7.8811245,2021:12:23:14:31:18.315
7403,1640237478336,0.8881237,4.2465844,8.064978,2021:12:23:14:31:18.336
7404,1640237478363,0.6288131,3.0967548,10.064603,2021:12:23:14:31:18.363
7405,1640237478378,0.87854177,2.2930717,9.352547,2021:12:23:14:31:18.378
7406,1640237478397,-0.47190928,2.9135008,10.819179,2021:12:23:14:31:18.397
7407,1640237478416,-0.04910731,4.083093,8.064978,2021:12:23:14:31:18.416
7408,1640237478437,-0.50544596,3.0195007,7.26369,2021:12:23:14:31:18.437
7409,1640237478458,-0.15989819,4.11663,10.172998,2021:12:23:14:31:18.458
7410,1640237478482,0.0808474,5.541341,9.3244,2021:12:23:14:31:18.482
7411,1640237478499,-0.39525396,3.6644833,7.8625593,2021:12:23:14:31:18.499
7412,1640237478515,-0.3275817,3.2554553,9.078864,2021:12:23:14:31:18.515
7413,1640237478537,-0.9863383,3.3662462,9.262716,2021:12:23:14:31:18.537
7414,1640237478561,0.29224837,3.1063368,7.8433957,2021:12:23:14:31:18.561
7415,1640237478579,0.1479208,3.9291837,8.942322,2021:12:23:14:31:18.579
7416,1640237478596,0.7869147,2.6493993,7.984729,2021:12:23:14:31:18.596
7417,1640237478614,0.06647453,2.8512182,8.843508,2021:12:23:14:31:18.614
7418,1640237478633,-0.077853054,3.390201,9.286672,2021:12:23:14:31:18.633
7419,1640237478662,0.052101657,3.3470824,10.295767,2021:12:23:14:31:18.662
7420,1640237478676,-0.67372835,3.2842011,7.6739154,2021:12:23:14:31:18.676
7421,1640237478694,-0.9384287,2.5146537,11.898941,2021:12:23:14:31:18.694
7422,1640237478714,-0.053898267,5.016731,10.144852,2021:12:23:14:31:18.714
7423,1640237478734,-0.46711832,2.9572182,6.2120748,2021:12:23:14:31:18.734
7424,1640237478761,-0.40962684,3.5489016,13.550024,2021:12:23:14:31:18.761
7425,1640237478780,0.59467757,5.444923,6.371973,2021:12:23:14:31:18.780
7426,1640237478795,-0.43358162,2.663772,0.7318187,2021:12:23:14:31:18.795
7427,1640237478817,-0.42879066,2.4901,14.488453,2021:12:23:14:31:18.817
7428,1640237478837,-0.70247406,5.3580866,11.130591,2021:12:23:14:31:18.837
7429,1640237478860,-1.957106,2.6493993,4.424449,2021:12:23:14:31:18.860
7430,1640237478878,-0.909683,3.6213646,13.120635,2021:12:23:14:31:18.878
7431,1640237478898,0.28266647,2.8464274,18.218813,2021:12:23:14:31:18.898
7432,1640237478916,-1.7073773,4.3813305,0.87794286,2021:12:23:14:31:18.916
7433,1640237478940,-0.8324288,4.1357937,3.69802,2021:12:23:14:31:18.940
7434,1640237478963,1.7672642,-0.7000786,14.403414,2021:12:23:14:31:18.963
7435,1640237478980,0.6863046,3.6069918,9.140547,2021:12:23:14:31:18.980
7436,1640237478997,-0.106598794,7.0954075,8.437474,2021:12:23:14:31:18.997
7437,1640237479020,-0.88512933,3.082382,7.1882324,2021:12:23:14:31:19.020
7438,1640237479038,-0.294045,3.1015458,8.489576,2021:12:23:14:31:19.038
7439,1640237479062,0.10001123,7.128944,7.103193,2021:12:23:14:31:19.062
7440,1640237479077,-1.226485,2.9476364,10.861698,2021:12:23:14:31:19.077
7441,1640237479100,-0.58270013,-1.5612532,10.319122,2021:12:23:14:31:19.100
7442,1640237479116,-0.20780776,4.2657485,9.918479,2021:12:23:14:31:19.116
7443,1640237479135,0.6186323,4.511285,6.40012,2021:12:23:14:31:19.135
7444,1640237479154,-0.2269716,4.4777484,8.064978,2021:12:23:14:31:19.154
7445,1640237479179,-0.1694801,2.6008909,8.975259,2021:12:23:14:31:19.179
7446,1640237479197,-0.3473444,3.4770372,9.550773,2021:12:23:14:31:19.197
7447,1640237479215,-0.2958416,2.7691731,8.527305,2021:12:23:14:31:19.215
7448,1640237479235,-0.08923157,3.1111279,8.606955,2021:12:23:14:31:19.235
7449,1640237479261,0.0023954785,3.1686192,11.488715,2021:12:23:14:31:19.261
7450,1640237479278,0.32398847,4.2513757,9.045926,2021:12:23:14:31:19.278
7451,1640237479297,0.987536,3.4572744,6.8343005,2021:12:23:14:31:19.297
7452,1640237479316,1.2228918,3.2842011,8.102706,2021:12:23:14:31:19.316
7453,1640237479336,0.7467904,3.0386646,9.021971,2021:12:23:14:31:19.336
7454,1640237479360,0.25212413,3.5393195,9.913688,2021:12:23:14:31:19.360
7455,1640237479377,0.055096008,3.5441105,8.565034,2021:12:23:14:31:19.377
7456,1640237479397,0.891118,2.288281,8.239248,2021:12:23:14:31:19.397
7457,1640237479419,1.203728,2.7404275,10.14006,2021:12:23:14:31:19.419
7458,1640237479444,0.16528802,3.9818842,11.431823,2021:12:23:14:31:19.444
7459,1640237479460,0.079050794,2.0864618,9.031553,2021:12:23:14:31:19.460
7460,1640237479477,0.8138638,3.000337,7.914062,2021:12:23:14:31:19.477
7461,1640237479494,0.5353895,3.9243927,8.932739,2021:12:23:14:31:19.494
7462,1640237479513,1.52053,4.3382115,9.413631,2021:12:23:14:31:19.513
7463,1640237479534,0.17486994,4.5693755,7.2960286,2021:12:23:14:31:19.534
7464,1640237479560,-0.27667776,3.5393195,9.70588,2021:12:23:14:31:19.560
7465,1640237479576,-0.05090392,3.6549015,8.616536,2021:12:23:14:31:19.576
7466,1640237479595,0.7851181,4.8286858,8.701576,2021:12:23:14:31:19.595
7467,1640237479615,0.42459857,3.063218,9.899315,2021:12:23:14:31:19.615
7468,1640237479635,-0.15690385,2.5529811,10.90841,2021:12:23:14:31:19.635
7469,1640237479662,0.32818055,3.5824382,6.560617,2021:12:23:14:31:19.662
7470,1640237479677,1.2318748,3.5680654,8.20631,2021:12:23:14:31:19.677
7471,1640237479696,0.47250813,3.784856,9.932253,2021:12:23:14:31:19.696
7472,1640237479716,-0.05150279,3.7171838,9.01718,2021:12:23:14:31:19.716
7473,1640237479738,-0.34435004,3.8279748,9.951417,2021:12:23:14:31:19.738
7474,1640237479764,0.42459857,2.682936,8.447056,2021:12:23:14:31:19.764
7475,1640237479782,0.33776248,4.6747766,9.720253,2021:12:23:14:31:19.782
7476,1640237479796,0.121570535,3.486619,8.828536,2021:12:23:14:31:19.796
7477,1640237479818,0.059288096,3.5345285,9.7484,2021:12:23:14:31:19.818
7478,1640237479846,-0.58509564,2.572145,8.531497,2021:12:23:14:31:19.846
7479,1640237479861,-0.50784147,4.073511,9.323801,2021:12:23:14:31:19.861
7480,1640237479879,-0.32039526,4.400494,8.593181,2021:12:23:14:31:19.879
7481,1640237479899,-0.4790957,4.1747203,6.371973,2021:12:23:14:31:19.899
7482,1640237479918,-0.7773328,2.870382,8.541079,2021:12:23:14:31:19.918
7483,1640237479945,-0.36411273,3.0967548,11.149156,2021:12:23:14:31:19.945
7484,1640237479978,-0.119175054,3.375828,8.4422655,2021:12:23:14:31:19.978
7485,1640237479994,-0.24373995,2.6248455,9.375903,2021:12:23:14:31:19.994
7486,1640237480016,-0.35932177,3.5345285,10.946139,2021:12:23:14:31:20.016
7487,1640237480033,-0.59467757,2.8176816,9.229779,2021:12:23:14:31:20.033
7488,1640237480058,-0.57072276,3.9435565,8.380582,2021:12:23:14:31:20.058
7489,1640237480076,-0.037129916,2.8176816,8.777034,2021:12:23:14:31:20.076
7490,1640237480095,0.28925404,3.0967548,8.649474,2021:12:23:14:31:20.095
7491,1640237480115,0.21259873,3.375828,10.365834,2021:12:23:14:31:20.115
7492,1640237480136,-0.56114084,4.4585843,8.597372,2021:12:23:14:31:20.136
7493,1640237480158,-0.28745744,3.193173,8.456039,2021:12:23:14:31:20.158
7494,1640237480176,-0.37848562,4.343003,7.583486,2021:12:23:14:31:20.176
7495,1640237480195,-0.7102594,3.1015458,9.635214,2021:12:23:14:31:20.195
7496,1640237480216,-0.5994685,3.1255007,9.866377,2021:12:23:14:31:20.216
7497,1640237480243,-1.3833889,3.8183928,10.554479,2021:12:23:14:31:20.243
7498,1640237480260,-1.061197,3.5536923,6.9941983,2021:12:23:14:31:20.260
7499,1640237480275,-0.2682936,3.409365,8.027248,2021:12:23:14:31:20.275
7500,1640237480298,-0.45094883,3.4770372,7.993712,2021:12:23:14:31:20.298
7501,1640237480317,-0.8306322,3.8183928,9.305237,2021:12:23:14:31:20.317
7502,1640237480343,-0.4988584,3.2410824,11.837257,2021:12:23:14:31:20.343
7503,1640237480361,-0.37908447,4.8628216,7.442153,2021:12:23:14:31:20.361
7504,1640237480378,-0.5132313,2.5577722,7.970356,2021:12:23:14:31:20.378
7505,1640237480398,0.15929933,4.834076,8.951304,2021:12:23:14:31:20.398
7506,1640237480427,-0.42699406,4.111839,8.385373,2021:12:23:14:31:20.427
7507,1640237480441,0.014971741,2.7404275,9.884942,2021:12:23:14:31:20.441
7508,1640237480460,0.25571734,3.000337,8.017667,2021:12:23:14:31:20.460
7509,1640237480477,-0.03293783,3.9866753,8.866265,2021:12:23:14:31:20.477
7510,1640237480496,0.6060561,3.4578733,10.243665,2021:12:23:14:31:20.496
7511,1640237480516,0.36590934,4.410076,7.9182544,2021:12:23:14:31:20.516
7512,1640237480541,0.68810123,2.4906988,8.960886,2021:12:23:14:31:20.541
7513,1640237480561,0.7647565,2.278699,9.248343,2021:12:23:14:31:20.561
7514,1640237480579,0.5485646,3.2650373,9.554965,2021:12:23:14:31:20.579
7515,1640237480595,0.20241794,3.390201,7.30082,2021:12:23:14:31:20.595
7516,1640237480618,-0.028146872,3.9243927,9.196242,2021:12:23:14:31:20.618
7517,1640237480644,0.6443837,3.4674551,10.662874,2021:12:23:14:31:20.644
7518,1640237480659,0.22158177,3.303365,7.8475876,2021:12:23:14:31:20.659
7519,1640237480677,-0.1006101,2.9476364,7.031927,2021:12:23:14:31:20.677
7520,1640237480697,-0.34075683,2.2355804,12.002545,2021:12:23:14:31:20.697
7521,1640237480716,-0.1006101,4.1699295,10.700603,2021:12:23:14:31:20.716
7522,1640237480742,0.63001084,2.9476364,7.088221,2021:12:23:14:31:20.742
7523,1640237480759,0.105999924,2.8033087,11.271325,2021:12:23:14:31:20.759
7524,1640237480778,-0.3120111,3.9243927,9.640004,2021:12:23:14:31:20.778
7525,1640237480796,0.8557847,4.8628216,5.819815,2021:12:23:14:31:20.796
7526,1640237480814,0.93244004,3.7752743,8.790808,2021:12:23:14:31:20.814
7527,1640237480833,0.41381893,3.7171838,8.11648,2021:12:23:14:31:20.833
7528,1640237480859,-0.23535576,2.4326084,12.082794,2021:12:23:14:31:20.859
7529,1640237480877,0.47610137,4.9490585,7.088221,2021:12:23:14:31:20.877
7530,1640237480902,0.72103906,3.6453195,10.247857,2021:12:23:14:31:20.902
7531,1640237480919,0.4713104,2.6254444,7.7296104,2021:12:23:14:31:20.919
7532,1640237480941,0.34614664,4.001647,9.950818,2021:12:23:14:31:20.941
7533,1640237480959,0.7066662,2.1966538,8.659056,2021:12:23:14:31:20.959
7534,1640237480976,0.65336674,3.399783,8.922559,2021:12:23:14:31:20.976
7535,1640237480995,0.15390949,3.7171838,8.427893,2021:12:23:14:31:20.995
7536,1640237481018,0.6150391,3.8567204,8.663248,2021:12:23:14:31:21.018
7537,1640237481043,0.19702812,3.7273645,9.262117,2021:12:23:14:31:21.043
7538,1640237481059,0.24014673,3.6022007,10.144253,2021:12:23:14:31:21.059
7539,1640237481076,0.21140099,3.8231838,7.51282,2021:12:23:14:31:21.076
7540,1640237481098,0.0,2.764981,10.167608,2021:12:23:14:31:21.098
7541,1640237481118,-0.31260994,3.7513194,9.48849,2021:12:23:14:31:21.118
7542,1640237481141,-0.0335367,3.49141,7.786503,2021:12:23:14:31:21.141
7543,1640237481159,0.13893776,3.5297377,8.021859,2021:12:23:14:31:21.159
7544,1640237481177,0.321593,3.5441105,7.5265937,2021:12:23:14:31:21.177
7545,1640237481196,0.12935585,3.077591,8.403937,2021:12:23:14:31:21.196
7546,1640237481225,0.07126549,3.2506645,11.540218,2021:12:23:14:31:21.225
7547,1640237481243,0.1006101,3.2554553,9.526219,2021:12:23:14:31:21.243
7548,1640237481260,0.31680202,2.1391623,9.366322,2021:12:23:14:31:21.260
7549,1640237481276,-0.18325411,4.622076,8.41352,2021:12:23:14:31:21.276
7550,1640237481301,-0.18325411,2.875173,9.9604,2021:12:23:14:31:21.301
7551,1640237481316,0.2682936,3.005128,9.860988,2021:12:23:14:31:21.316
7552,1640237481343,0.32578507,4.1603475,7.9511924,2021:12:23:14:31:21.343
7553,1640237481360,-0.20720889,3.4626641,8.748287,2021:12:23:14:31:21.360
7554,1640237481375,-0.03473444,3.9866753,9.337575,2021:12:23:14:31:21.375
7555,1640237481395,0.07126549,4.732867,6.3007073,2021:12:23:14:31:21.395
7556,1640237481417,-0.2605083,2.3799078,8.07396,2021:12:23:14:31:21.417
7557,1640237481441,-0.21738967,2.774563,8.07396,2021:12:23:14:31:21.441
7558,1640237481459,0.24433881,2.3074448,12.31815,2021:12:23:14:31:21.459
7559,1640237481477,-0.20780776,3.3231275,11.07789,2021:12:23:14:31:21.477
7560,1640237481498,-1.1642026,2.5290265,9.752592,2021:12:23:14:31:21.498
7561,1640237481516,-0.80368304,3.5728562,7.630797,2021:12:23:14:31:21.516
7562,1640237481542,-0.71744585,4.5017033,6.149792,2021:12:23:14:31:21.542
7563,1640237481559,-0.36171725,2.9380543,11.181495,2021:12:23:14:31:21.559
7564,1640237481578,-0.10180784,4.6747766,10.167608,2021:12:23:14:31:21.578
7565,1640237481598,-0.8372198,4.3813305,8.517124,2021:12:23:14:31:21.598
7566,1640237481625,-0.34255344,3.4141557,7.0361195,2021:12:23:14:31:21.625
7567,1640237481643,-0.058689225,5.935996,8.573418,2021:12:23:14:31:21.643
7568,1640237481661,-0.48209006,4.2465844,8.814163,2021:12:23:14:31:21.661
7569,1640237481678,-0.28985292,3.0440543,10.823371,2021:12:23:14:31:21.678
7570,1640237481708,0.30602238,1.7588801,9.059101,2021:12:23:14:31:21.708
7571,1640237481725,-0.28506196,2.764981,8.026649,2021:12:23:14:31:21.725
7572,1640237481742,-0.22218063,4.809522,8.399147,2021:12:23:14:31:21.742
7573,1640237481776,-0.4102257,3.5105739,9.592095,2021:12:23:14:31:21.776
7574,1640237481793,-0.6455815,2.9620092,7.9985027,2021:12:23:14:31:21.793
7575,1640237481816,-0.71744585,2.4326084,10.577834,2021:12:23:14:31:21.816
7576,1640237481841,-0.38147995,3.3614552,12.714003,2021:12:23:14:31:21.841
7577,1640237481857,-0.58329904,4.7472396,6.555227,2021:12:23:14:31:21.857
7578,1640237481877,-0.91447395,2.9715912,5.093386,2021:12:23:14:31:21.877
7579,1640237481896,-0.3138077,2.1966538,12.336715,2021:12:23:14:31:21.896
7580,1640237481917,0.03174009,4.087884,10.285586,2021:12:23:14:31:21.917
7581,1640237481941,0.1952315,3.8327656,6.3474193,2021:12:23:14:31:21.941
7582,1640237481960,0.38746867,2.764981,9.762174,2021:12:23:14:31:21.960
7583,1640237481977,0.4497511,4.410675,8.568626,2021:12:23:14:31:21.977
7584,1640237481997,0.45454204,3.1207097,8.700977,2021:12:23:14:31:21.997
7585,1640237482018,0.65157014,3.7465284,8.84231,2021:12:23:14:31:22.018
7586,1640237482043,0.1281581,1.6822248,10.455066,2021:12:23:14:31:22.043
7587,1640237482060,0.7240334,1.8169705,9.196242,2021:12:23:14:31:22.060
7588,1640237482077,0.77673393,3.9196017,9.351948,2021:12:23:14:31:22.077
7589,1640237482108,0.5024516,3.5728562,8.781225,2021:12:23:14:31:22.108
7590,1640237482116,-0.376689,3.7609012,7.432571,2021:12:23:14:31:22.116
7591,1640237482144,0.46412396,4.3573756,7.3756785,2021:12:23:14:31:22.144
7592,1640237482159,1.194745,2.3367894,13.525471,2021:12:23:14:31:22.159
7593,1640237482175,0.62282443,4.213048,7.5643225,2021:12:23:14:31:22.175
7594,1640237482193,0.5599431,3.4285285,7.5876784,2021:12:23:14:31:22.193
7595,1640237482213,-0.45633867,3.6405284,7.626006,2021:12:23:14:31:22.213
7596,1640237482240,-0.25931054,2.5529811,7.5786953,2021:12:23:14:31:22.240
7597,1640237482259,-0.93244004,2.658981,14.105776,2021:12:23:14:31:22.259
7598,1640237482276,-0.1006101,3.784856,8.512333,2021:12:23:14:31:22.276
7599,1640237482295,0.38926527,3.4333196,8.908785,2021:12:23:14:31:22.295
7600,1640237482316,-0.37010142,3.4530823,7.988921,2021:12:23:14:31:22.316
7601,1640237482341,-0.25931054,5.608414,8.767451,2021:12:23:14:31:22.341
7602,1640237482355,0.057491485,3.298574,9.7484,2021:12:23:14:31:22.355
7603,1640237482379,0.36051953,3.1255007,9.884942,2021:12:23:14:31:22.379
7604,1640237482396,0.19702812,3.1255007,9.021971,2021:12:23:14:31:22.396
7605,1640237482416,0.105999924,4.8292847,7.8709435,2021:12:23:14:31:22.416
7606,1640237482441,0.004790957,4.95385,8.078752,2021:12:23:14:31:22.441
7607,1640237482459,-0.124564886,2.7985177,9.522027,2021:12:23:14:31:22.459
7608,1640237482476,0.42280197,3.380619,8.67283,2021:12:23:14:31:22.476
7609,1640237482507,0.110790886,2.8368454,8.989034,2021:12:23:14:31:22.507
7610,1640237482525,0.091627054,2.7308455,9.366322,2021:12:23:14:31:22.525
7611,1640237482542,0.091627054,2.9045177,9.040536,2021:12:23:14:31:22.542
7612,1640237482557,-0.14851967,2.172699,8.663248,2021:12:23:14:31:22.557
7613,1640237482581,0.120372795,3.5536923,10.1065235,2021:12:23:14:31:22.581
7614,1640237482597,-0.062282443,3.0488453,9.224988,2021:12:23:14:31:22.597
7615,1640237482625,-0.15331063,4.0783024,8.871056,2021:12:23:14:31:22.625
7616,1640237482641,-0.48987538,3.3327096,9.564547,2021:12:23:14:31:22.641
7617,1640237482658,0.053299397,4.7568216,9.182468,2021:12:23:14:31:22.658
7618,1640237482675,0.63959277,4.6699853,7.253509,2021:12:23:14:31:22.675
7619,1640237482695,-0.5521578,3.6596923,8.41352,2021:12:23:14:31:22.695
7620,1640237482714,-0.69169444,3.3327096,9.045327,2021:12:23:14:31:22.714
7621,1640237482740,-0.91267735,3.1788,9.040536,2021:12:23:14:31:22.740
7622,1640237482758,-0.35033873,3.2554553,8.67283,2021:12:23:14:31:22.758
7623,1640237482778,-0.3551297,2.1487443,10.767077,2021:12:23:14:31:22.778
7624,1640237482795,-1.1480331,3.8764832,10.446083,2021:12:23:14:31:22.795
7625,1640237482815,-1.2492421,2.581727,7.9278364,2021:12:23:14:31:22.815
7626,1640237482839,-0.8120672,2.8033087,9.625631,2021:12:23:14:31:22.839
7627,1640237482863,-0.76834977,3.7321556,7.3056107,2021:12:23:14:31:22.863
7628,1640237482880,-0.42759293,3.914811,9.597485,2021:12:23:14:31:22.880
7629,1640237482898,-0.28805628,3.9675114,8.295542,2021:12:23:14:31:22.898
7630,1640237482922,0.63959277,3.6788561,8.597372,2021:12:23:14:31:22.922
7631,1640237482939,0.12995471,2.788936,7.5032377,2021:12:23:14:31:22.939
7632,1640237482958,0.20720889,3.9483476,10.158626,2021:12:23:14:31:22.958
7633,1640237482979,0.26949134,4.001048,9.224988,2021:12:23:14:31:22.979
7634,1640237482998,-0.22517498,2.3799078,9.238762,2021:12:23:14:31:22.998
7635,1640237483023,1.1204851,2.5577722,9.804693,2021:12:23:14:31:23.023
7636,1640237483039,1.024067,3.6549015,9.946027,2021:12:23:14:31:23.039
7637,1640237483055,1.0144851,4.011229,7.371486,2021:12:23:14:31:23.055
7638,1640237483076,0.6443837,3.4530823,6.763035,2021:12:23:14:31:23.076
7639,1640237483107,0.4186099,3.6692743,9.870569,2021:12:23:14:31:23.107
7640,1640237483122,-0.047310703,3.1111279,9.946027,2021:12:23:14:31:23.122
7641,1640237483139,-0.018564958,3.6549015,8.800389,2021:12:23:14:31:23.139
7642,1640237483156,0.50544596,3.303365,9.564547,2021:12:23:14:31:23.156
7643,1640237483174,0.22637272,3.481828,8.946513,2021:12:23:14:31:23.174
7644,1640237483195,-0.13893776,2.485309,8.72014,2021:12:23:14:31:23.195
7645,1640237483224,-0.023355916,2.6973088,9.701089,2021:12:23:14:31:23.224
7646,1640237483240,-0.57072276,3.0099187,8.295542,2021:12:23:14:31:23.240
7647,1640237483256,-0.1479208,2.9045177,9.984355,2021:12:23:14:31:23.256
7648,1640237483277,0.35153648,4.0543475,9.314219,2021:12:23:14:31:23.277
7649,1640237483309,0.5874911,3.6549015,9.5783205,2021:12:23:14:31:23.309
7650,1640237483323,0.11138975,3.0147097,8.644683,2021:12:23:14:31:23.323
7651,1640237483340,-0.052101657,3.3710372,8.767451,2021:12:23:14:31:23.340
7652,1640237483359,0.71684694,2.4906988,9.205824,2021:12:23:14:31:23.359
7653,1640237483379,0.88512933,2.985964,9.092638,2021:12:23:14:31:23.379
7654,1640237483397,0.28925404,2.3361905,9.640004,2021:12:23:14:31:23.397
7655,1640237483421,-0.34494892,3.409365,10.064004,2021:12:23:14:31:23.421
7656,1640237483444,0.27488115,4.602912,7.3762774,2021:12:23:14:31:23.444
7657,1640237483460,-0.37848562,3.8567204,11.408466,2021:12:23:14:31:23.460
7658,1640237483478,-0.54676795,4.929895,6.0743346,2021:12:23:14:31:23.478
7659,1640237483508,-0.26290378,2.8512182,8.437474,2021:12:23:14:31:23.508
7660,1640237483524,-0.59467757,3.5393195,12.705019,2021:12:23:14:31:23.524
7661,1640237483541,0.76056445,3.380619,7.3666954,2021:12:23:14:31:23.541
7662,1640237483573,-0.68151367,4.6604037,9.979564,2021:12:23:14:31:23.573
7663,1640237483593,-0.38327658,3.193173,8.724932,2021:12:23:14:31:23.593
7664,1640237483614,0.18864393,3.7752743,9.305237,2021:12:23:14:31:23.614
7665,1640237483639,0.33776248,4.0351834,7.0037804,2021:12:23:14:31:23.639
7666,1640237483657,-0.37848562,5.521578,8.866265,2021:12:23:14:31:23.657
7667,1640237483677,-0.54676795,2.5481904,8.828536,2021:12:23:14:31:23.677
7668,1640237483697,0.40962684,2.586518,9.83344,2021:12:23:14:31:23.697
7669,1640237483722,-0.661751,4.482539,9.267508,2021:12:23:14:31:23.722
7670,1640237483737,-0.108994275,3.0338736,8.451248,2021:12:23:14:31:23.737
7671,1640237483757,-0.33955908,3.5105739,9.314219,2021:12:23:14:31:23.757
7672,1640237483777,-0.14732192,3.8231838,7.569712,2021:12:23:14:31:23.777
7673,1640237483798,-0.7144515,2.678145,10.550286,2021:12:23:14:31:23.798
7674,1640237483822,-0.8108695,3.3177378,9.875959,2021:12:23:14:31:23.822
7675,1640237483838,-0.5317962,4.1603475,7.5649214,2021:12:23:14:31:23.838
7676,1640237483860,-0.5222143,3.193173,8.229667,2021:12:23:14:31:23.860
7677,1640237483877,0.054497138,4.588539,9.993338,2021:12:23:14:31:23.877
7678,1640237483906,0.14073436,4.295093,7.1217575,2021:12:23:14:31:23.906
7679,1640237483922,0.006587566,2.4086537,9.550174,2021:12:23:14:31:23.922
7680,1640237483939,0.030542351,2.8368454,9.182468,2021:12:23:14:31:23.939
7681,1640237483957,0.21798855,3.0488453,9.607067,2021:12:23:14:31:23.957
7682,1640237483982,-0.55096006,3.0195007,9.026762,2021:12:23:14:31:23.982
7683,1640237483998,-0.03174009,2.8128908,9.587903,2021:12:23:14:31:23.998
7684,1640237484024,-0.08983044,3.7704833,7.8571696,2021:12:23:14:31:24.024
7685,1640237484043,-0.3012314,3.288992,8.687203,2021:12:23:14:31:24.043
7686,1640237484056,-0.29644048,4.6556125,8.659056,2021:12:23:14:31:24.056
7687,1640237484077,0.18445185,2.1918628,10.17779,2021:12:23:14:31:24.077
7688,1640237484096,0.58329904,3.8615115,8.819553,2021:12:23:14:31:24.096
7689,1640237484117,0.9725643,2.870382,8.724932,2021:12:23:14:31:24.117
7690,1640237484141,1.1600105,3.7369466,9.021971,2021:12:23:14:31:24.141
7691,1640237484157,0.41501665,3.4524834,9.078864,2021:12:23:14:31:24.157
7692,1640237484179,-0.06527679,2.4182355,9.800502,2021:12:23:14:31:24.179
7693,1640237484195,-0.022158176,3.0584273,10.064603,2021:12:23:14:31:24.195
7694,1640237484217,0.20720889,3.390201,8.286559,2021:12:23:14:31:24.217
7695,1640237484242,0.10180784,3.2075458,7.2253623,2021:12:23:14:31:24.242
7696,1640237484263,0.5581465,2.981173,8.484186,2021:12:23:14:31:24.263
7697,1640237484279,0.29883596,3.7369466,9.49388,2021:12:23:14:31:24.279
7698,1640237484307,0.005389827,2.7500093,11.601901,2021:12:23:14:31:24.307
7699,1640237484320,-0.19163829,3.5393195,8.729723,2021:12:23:14:31:24.320
7700,1640237484340,-1.373807,4.891567,8.248831,2021:12:23:14:31:24.340
7701,1640237484358,-1.2821798,4.6699853,8.626119,2021:12:23:14:31:24.358
7702,1640237484379,-0.8593779,3.6117828,8.574017,2021:12:23:14:31:24.379
7703,1640237484404,0.28446308,4.8771944,9.635214,2021:12:23:14:31:24.404
7704,1640237484421,-0.052101657,3.6836472,8.8477,2021:12:23:14:31:24.421
7705,1640237484436,-0.87854177,4.28072,6.8480744,2021:12:23:14:31:24.436
7706,1640237484455,-0.5323951,2.875173,8.866265,2021:12:23:14:31:24.455
7707,1640237484474,-0.69109553,4.506494,9.338174,2021:12:23:14:31:24.474
7708,1640237484496,-1.479208,3.0728002,10.545495,2021:12:23:14:31:24.496
7709,1640237484522,-0.8833327,3.4626641,8.220084,2021:12:23:14:31:24.522
7710,1640237484536,-0.7102594,3.3129468,8.984242,2021:12:23:14:31:24.536
7711,1640237484555,-0.30662125,3.1111279,9.984355,2021:12:23:14:31:24.555
7712,1640237484575,-0.9072875,3.8567204,8.936932,2021:12:23:14:31:24.575
7713,1640237484597,-0.5323951,4.0687203,6.8480744,2021:12:23:14:31:24.597
7714,1640237484621,-1.1240783,2.4086537,9.889733,2021:12:23:14:31:24.621
7715,1640237484637,-0.78751355,3.9435565,9.120785,2021:12:23:14:31:24.637
7716,1640237484659,-0.22038403,4.0447655,7.2960286,2021:12:23:14:31:24.659
7717,1640237484678,-0.24433881,3.298574,9.648988,2021:12:23:14:31:24.678
7718,1640237484703,-0.19642924,2.572145,11.71928,2021:12:23:14:31:24.703
7719,1640237484722,0.053898267,3.6309466,8.319497,2021:12:23:14:31:24.722
7720,1640237484740,0.38986415,3.496201,8.088333,2021:12:23:14:31:24.740
7721,1640237484757,0.7360108,1.9175806,10.04544,2021:12:23:14:31:24.757
7722,1640237484781,0.28925404,3.1686192,10.667665,2021:12:23:14:31:24.781
7723,1640237484796,0.43358162,4.496912,6.4049106,2021:12:23:14:31:24.796
7724,1640237484822,0.75996554,3.481828,8.691994,2021:12:23:14:31:24.822
7725,1640237484839,1.1731856,1.8888348,11.252761,2021:12:23:14:31:24.839
7726,1640237484857,1.3702137,3.9627204,9.583112,2021:12:23:14:31:24.857
7727,1640237484876,1.6109593,3.38541,5.673691,2021:12:23:14:31:24.876
7728,1640237484896,0.48628214,2.9380543,9.120785,2021:12:23:14:31:24.896
7729,1640237484921,0.17846315,2.581727,9.941834,2021:12:23:14:31:24.921
7730,1640237484937,-0.0808474,2.976382,9.937044,2021:12:23:14:31:24.937
7731,1640237484956,1.5774226,4.0783024,9.894525,2021:12:23:14:31:24.956
7732,1640237484976,1.331886,4.1651382,10.596998,2021:12:23:14:31:24.976
7733,1640237484995,1.4043493,4.511285,4.3250365,2021:12:23:14:31:24.995
7734,1640237485022,0.98094845,4.7711945,7.7391925,2021:12:23:14:31:25.022
7735,1640237485039,-0.0808474,5.1754313,9.61605,2021:12:23:14:31:25.039
7736,1640237485058,0.19762698,1.9708799,10.56406,2021:12:23:14:31:25.058
7737,1640237485077,0.38028222,3.6501105,11.413258,2021:12:23:14:31:25.077
7738,1640237485103,0.8803384,4.814313,3.2027547,2021:12:23:14:31:25.103
7739,1640237485121,0.35632744,3.6549015,10.130479,2021:12:23:14:31:25.121
7740,1640237485139,-0.22996594,2.8128908,9.427405,2021:12:23:14:31:25.139
7741,1640237485156,0.2700902,4.2705393,10.432309,2021:12:23:14:31:25.156
7742,1640237485176,0.08264401,1.8840439,8.262605,2021:12:23:14:31:25.176
7743,1640237485204,0.22158177,3.6022007,8.823745,2021:12:23:14:31:25.204
7744,1640237485222,-0.6132425,3.3518734,8.33387,2021:12:23:14:31:25.222
7745,1640237485238,0.3191975,3.9579294,8.899801,2021:12:23:14:31:25.238
7746,1640237485257,-0.123367146,3.2410824,9.875959,2021:12:23:14:31:25.257
7747,1640237485279,-0.30542353,1.7013886,9.469926,2021:12:23:14:31:25.279
7748,1640237485307,0.09821462,2.8655913,7.385859,2021:12:23:14:31:25.307
7749,1640237485338,-0.48328778,3.3327096,9.974772,2021:12:23:14:31:25.338
7750,1640237485354,-0.17127672,3.6692743,9.574129,2021:12:23:14:31:25.354
7751,1640237485373,-0.24314107,3.7513194,8.824344,2021:12:23:14:31:25.373
7752,1640237485394,0.8479994,4.097466,9.469926,2021:12:23:14:31:25.394
7753,1640237485421,0.7419995,3.59741,7.4846725,2021:12:23:14:31:25.421
7754,1640237485438,0.6365984,4.1699295,7.984729,2021:12:23:14:31:25.438
7755,1640237485458,0.67971706,3.4189467,9.116592,2021:12:23:14:31:25.458
7756,1640237485475,0.49227083,2.7260547,10.172998,2021:12:23:14:31:25.475
7757,1640237485497,0.5641352,2.4661453,9.83823,2021:12:23:14:31:25.497
7758,1640237485524,0.5545533,4.3286295,8.329079,2021:12:23:14:31:25.524
7759,1640237485542,0.093423665,2.9524274,8.805181,2021:12:23:14:31:25.542
7760,1640237485558,-0.0125762625,3.5201557,11.262342,2021:12:23:14:31:25.558
7761,1640237485578,-0.4257963,4.237003,7.3056107,2021:12:23:14:31:25.578
7762,1640237485597,-0.8342254,3.6501105,9.607067,2021:12:23:14:31:25.597
7763,1640237485624,-0.2287682,3.7369466,9.984355,2021:12:23:14:31:25.624
7764,1640237485641,-0.2958416,4.1603475,8.75787,2021:12:23:14:31:25.641
7765,1640237485659,-0.7617622,3.375828,6.9708424,2021:12:23:14:31:25.659
7766,1640237485676,-1.1893551,4.5256577,8.791407,2021:12:23:14:31:25.676
7767,1640237485700,-1.3528465,3.486619,9.989145,2021:12:23:14:31:25.700
7768,1640237485723,-1.4828012,3.3518734,9.045926,2021:12:23:14:31:25.723
7769,1640237485739,-1.2618183,4.155556,8.993824,2021:12:23:14:31:25.739
7770,1640237485756,-1.1270727,3.3566644,9.342965,2021:12:23:14:31:25.756
7771,1640237485775,-1.0504173,3.3518734,8.550661,2021:12:23:14:31:25.775
7772,1640237485793,-1.3815923,4.698731,7.584085,2021:12:23:14:31:25.793
7773,1640237485822,-1.2618183,3.587229,9.554965,2021:12:23:14:31:25.822
7774,1640237485838,-0.80967176,3.5536923,9.290864,2021:12:23:14:31:25.838
7775,1640237485857,-0.8623723,3.0488453,8.324288,2021:12:23:14:31:25.857
7776,1640237485875,-0.5168245,3.991466,7.1690683,2021:12:23:14:31:25.875
7777,1640237485902,-0.07425983,3.1590374,11.012613,2021:12:23:14:31:25.902
7778,1640237485918,0.03593218,2.663772,8.786615,2021:12:23:14:31:25.918
7779,1640237485937,0.2090055,2.485309,8.885428,2021:12:23:14:31:25.937
7780,1640237485957,0.5407793,3.6501105,9.786129,2021:12:23:14:31:25.957
7781,1640237485979,0.15151402,3.9291837,9.974772,2021:12:23:14:31:25.979
7782,1640237486002,-0.22816934,3.7561104,8.319497,2021:12:23:14:31:26.002
7783,1640237486018,0.54557025,3.7704833,7.3625035,2021:12:23:14:31:26.018
7784,1640237486037,0.76655316,2.894337,8.645282,2021:12:23:14:31:26.037
7785,1640237486060,0.45454204,3.2362914,9.479507,2021:12:23:14:31:26.060
7786,1640237486077,-0.18025976,4.3717484,10.168207,2021:12:23:14:31:26.077
7787,1640237486104,-1.0450275,2.8847551,9.790919,2021:12:23:14:31:26.104
7788,1640237486119,-0.05030505,2.870382,8.248831,2021:12:23:14:31:26.119
7789,1640237486135,0.31021446,3.8519294,8.947112,2021:12:23:14:31:26.135
7790,1640237486154,0.8006887,3.6357377,9.861587,2021:12:23:14:31:26.154
7791,1640237486175,0.3293783,3.5393195,8.465621,2021:12:23:14:31:26.175
7792,1640237486193,0.5024516,2.8416364,8.418909,2021:12:23:14:31:26.193
7793,1640237486219,0.9767564,4.3717484,8.314706,2021:12:23:14:31:26.219
7794,1640237486235,1.0875473,2.9715912,9.875959,2021:12:23:14:31:26.235
7795,1640237486257,0.8228469,5.102968,10.205936,2021:12:23:14:31:26.257
7796,1640237486275,0.31859866,4.0351834,8.574017,2021:12:23:14:31:26.275
7797,1640237486297,0.3233896,2.3457723,7.051091,2021:12:23:14:31:26.297
7798,1640237486322,-0.7437961,3.3129468,9.989145,2021:12:23:14:31:26.322
7799,1640237486340,-0.32578507,3.69802,9.569338,2021:12:23:14:31:26.340
7800,1640237486356,0.3329715,4.087884,8.979451,2021:12:23:14:31:26.356
7801,1640237486377,0.4575364,3.1782012,9.074073,2021:12:23:14:31:26.377
7802,1640237486399,0.67911816,4.309466,7.6924806,2021:12:23:14:31:26.399
7803,1640237486424,0.77493733,3.6261556,8.121271,2021:12:23:14:31:26.424
7804,1640237486440,0.14552532,4.516076,10.974286,2021:12:23:14:31:26.440
7805,1640237486459,-0.42160422,2.6685631,7.466108,2021:12:23:14:31:26.459
7806,1640237486477,-1.4067447,2.9715912,8.149418,2021:12:23:14:31:26.477
7807,1640237486501,-0.661751,3.4237378,11.186885,2021:12:23:14:31:26.501
7808,1640237486520,0.058689225,5.107759,8.989034,2021:12:23:14:31:26.520
7809,1640237486538,-0.26769474,3.702811,7.9092712,2021:12:23:14:31:26.538
7810,1640237486557,-0.6425871,3.7369466,8.809971,2021:12:23:14:31:26.557
7811,1640237486585,-0.1814575,2.9045177,8.772243,2021:12:23:14:31:26.585
7812,1640237486603,0.058689225,3.3470824,9.517237,2021:12:23:14:31:26.603
7813,1640237486620,0.029943481,3.895647,9.474716,2021:12:23:14:31:26.620
7814,1640237486636,0.058689225,2.9907548,7.5319834,2021:12:23:14:31:26.636
7815,1640237486656,-0.3545308,3.1446645,10.3706255,2021:12:23:14:31:26.656
7816,1640237486673,0.11138975,3.7171838,8.998615,2021:12:23:14:31:26.673
7817,1640237486702,-0.23415802,4.1843023,8.913576,2021:12:23:14:31:26.702
7818,1640237486718,-0.12875697,3.8279748,7.960774,2021:12:23:14:31:26.718
7819,1640237486734,-0.022757046,3.4476924,11.724071,2021:12:23:14:31:26.734
7820,1640237486755,-0.05150279,3.375828,9.087847,2021:12:23:14:31:26.755
7821,1640237486776,0.15510723,3.7267656,7.1307406,2021:12:23:14:31:26.776
7822,1640237486801,-0.4892765,2.475727,8.517723,2021:12:23:14:31:26.801
7823,1640237486819,0.29883596,2.9428453,10.550286,2021:12:23:14:31:26.819
7824,1640237486837,-0.16708463,3.4237378,8.460831,2021:12:23:14:31:26.837
7825,1640237486859,-0.022757046,3.2075458,8.380582,2021:12:23:14:31:26.859
7826,1640237486878,0.65935546,3.2794101,9.913089,2021:12:23:14:31:26.878
7827,1640237486901,0.25571734,4.3286295,8.772243,2021:12:23:14:31:26.901
7828,1640237486919,-0.17666654,4.3286295,7.42778,2021:12:23:14:31:26.919
7829,1640237486937,-0.6958865,3.0967548,9.781338,2021:12:23:14:31:26.937
7830,1640237486959,-0.037728786,3.5009918,9.743609,2021:12:23:14:31:26.959
7831,1640237486979,-0.57072276,2.7260547,8.5219145,2021:12:23:14:31:26.979
7832,1640237487003,-0.4749036,4.7807765,-1.5037616,2021:12:23:14:31:27.003
7833,1640237487021,-0.7294232,0.29644048,27.82468,2021:12:23:14:31:27.021
7834,1640237487039,0.015570611,6.840289,9.01718,2021:12:23:14:31:27.039
7835,1640237487069,-1.7439084,3.9579294,1.0755699,2021:12:23:14:31:27.069
7836,1640237487086,0.1736722,4.073511,4.1411834,2021:12:23:14:31:27.086
7837,1640237487104,-0.64797693,4.006438,8.956096,2021:12:23:14:31:27.104
7838,1640237487135,-0.69109553,3.4770372,13.002059,2021:12:23:14:31:27.135
7839,1640237487154,-0.31620318,3.886065,7.097803,2021:12:23:14:31:27.154
7840,1640237487175,-0.3689037,2.5002806,6.234832,2021:12:23:14:31:27.175
7841,1640237487194,0.11618071,-1.2288805,10.596998,2021:12:23:14:31:27.194
7842,1640237487220,0.011977393,11.993562,3.3255231,2021:12:23:14:31:27.220
7843,1640237487238,-1.5546656,-1.3588352,20.024405,2021:12:23:14:31:27.238
7844,1640237487257,-2.0834675,2.264326,10.791032,2021:12:23:14:31:27.257
7845,1640237487277,0.473107,0.21918629,5.9240184,2021:12:23:14:31:27.277
7846,1640237487300,2.5685518,5.627578,10.729348,2021:12:23:14:31:27.300
7847,1640237487318,1.3480556,5.7335777,14.110566,2021:12:23:14:31:27.318
7848,1640237487337,-0.122768275,6.8019614,2.641614,2021:12:23:14:31:27.337
7849,1640237487358,-0.569525,2.678145,-4.555002,2021:12:23:14:31:27.358
7850,1640237487384,0.7378074,0.7102594,10.630535,2021:12:23:14:31:27.384
7851,1640237487401,0.26709586,3.9052289,18.491896,2021:12:23:14:31:27.401
7852,1640237487418,1.3624284,6.027024,11.078489,2021:12:23:14:31:27.418
7853,1640237487436,0.60306174,3.80402,4.9945726,2021:12:23:14:31:27.436
7854,1640237487460,1.8241569,-3.3273196,9.055508,2021:12:23:14:31:27.460
7855,1640237487485,0.7473893,5.2574763,13.068533,2021:12:23:14:31:27.485
7856,1640237487501,1.0216717,4.823895,7.914062,2021:12:23:14:31:27.501
7857,1640237487518,0.026949134,-0.4737059,11.38032,2021:12:23:14:31:27.518
7858,1640237487535,0.22397724,0.72463226,9.14953,2021:12:23:14:31:27.535
7859,1640237487554,1.819366,5.2670584,4.759217,2021:12:23:14:31:27.554
7860,1640237487574,2.857207,11.647415,4.3202457,2021:12:23:14:31:27.574
7861,1640237487601,0.30063257,5.3820415,9.559756,2021:12:23:14:31:27.601
7862,1640237487619,-1.7756485,-0.107796535,10.34727,2021:12:23:14:31:27.619
7863,1640237487636,-1.1073099,3.0728002,9.206423,2021:12:23:14:31:27.636
7864,1640237487655,0.40663248,2.4661453,13.163155,2021:12:23:14:31:27.655
7865,1640237487676,2.035558,3.6644833,8.163791,2021:12:23:14:31:27.676
7866,1640237487700,0.041322004,1.9756709,8.663847,2021:12:23:14:31:27.700
7867,1640237487717,-0.39585283,2.9620092,8.772243,2021:12:23:14:31:27.717
7868,1640237487736,0.31500542,3.298574,8.725531,2021:12:23:14:31:27.736
7869,1640237487756,0.9210615,3.6549015,9.753191,2021:12:23:14:31:27.756
7870,1640237487779,0.46412396,5.1754313,7.923644,2021:12:23:14:31:27.779
7871,1640237487805,-0.14133324,3.7315567,9.196841,2021:12:23:14:31:27.805
7872,1640237487820,-0.2856608,4.0399747,9.163903,2021:12:23:14:31:27.820
7873,1640237487837,-0.016169481,3.9291837,10.34727,2021:12:23:14:31:27.837
7874,1640237487859,0.026949134,3.991466,11.111427,2021:12:23:14:31:27.859
7875,1640237487882,-0.9246547,4.1405845,6.9331136,2021:12:23:14:31:27.882
7876,1640237487901,-1.9529139,3.1446645,6.457012,2021:12:23:14:31:27.901
7877,1640237487919,-0.9390276,3.1734102,10.2251005,2021:12:23:14:31:27.919
7878,1640237487939,-0.58809,4.400494,9.559756,2021:12:23:14:31:27.939
7879,1640237487958,-0.65037245,3.4620655,9.526818,2021:12:23:14:31:27.958
7880,1640237487976,-0.9294457,3.6405284,8.088333,2021:12:23:14:31:27.976
7881,1640237487999,-1.2318748,2.6344275,7.744582,2021:12:23:14:31:27.999
7882,1640237488019,-1.0588015,3.9483476,9.993937,2021:12:23:14:31:28.019
7883,1640237488035,-1.1695924,3.7656922,9.937044,2021:12:23:14:31:28.035
7884,1640237488056,-1.3714114,2.3799078,9.49388,2021:12:23:14:31:28.056
7885,1640237488075,-0.76595426,3.1255007,7.234944,2021:12:23:14:31:28.075
7886,1640237488100,-0.15031628,4.005839,9.739417,2021:12:23:14:31:28.100
7887,1640237488118,0.046711832,4.6604037,8.150017,2021:12:23:14:31:28.118
7888,1640237488137,-0.52520865,3.0290825,8.470412,2021:12:23:14:31:28.137
7889,1640237488156,-0.28506196,2.7164726,10.196953,2021:12:23:14:31:28.156
7890,1640237488183,0.32997715,2.9715912,11.356964,2021:12:23:14:31:28.183
7891,1640237488200,0.07066662,3.4285285,8.54587,2021:12:23:14:31:28.200
7892,1640237488217,0.23296028,4.155556,7.5505486,2021:12:23:14:31:28.217
7893,1640237488236,0.07425983,4.4442115,7.239735,2021:12:23:14:31:28.236
7894,1640237488257,-0.5168245,3.1302917,10.248456,2021:12:23:14:31:28.257
7895,1640237488282,-0.30542353,4.3621664,9.135158,2021:12:23:14:31:28.282
7896,1640237488300,0.12696037,3.3662462,7.064865,2021:12:23:14:31:28.300
7897,1640237488316,0.06946888,2.5194445,9.441779,2021:12:23:14:31:28.316
7898,1640237488335,-0.022158176,4.718494,12.988285,2021:12:23:14:31:28.335
7899,1640237488353,-1.0312535,4.3286295,6.70195,2021:12:23:14:31:28.353
7900,1640237488376,-1.0360445,2.7841449,5.7539396,2021:12:23:14:31:28.376
7901,1640237488400,-0.03174009,2.6296365,12.337314,2021:12:23:14:31:28.400
7902,1640237488416,-0.060485832,4.1357937,8.932739,2021:12:23:14:31:28.416
7903,1640237488434,-0.4497511,3.6788561,8.20631,2021:12:23:14:31:28.434
7904,1640237488457,0.23296028,4.598121,10.422728,2021:12:23:14:31:28.457
7905,1640237488477,0.32398847,3.3470824,7.074447,2021:12:23:14:31:28.477
7906,1640237488503,0.21858741,3.702811,5.7491484,2021:12:23:14:31:28.503
7907,1640237488520,0.43477935,4.0351834,11.771381,2021:12:23:14:31:28.520
7908,1640237488536,0.17966089,2.1535351,10.493394,2021:12:23:14:31:28.536
7909,1640237488556,0.7180447,2.3170266,9.003407,2021:12:23:14:31:28.556
7910,1640237488576,1.6648576,3.9435565,8.008084,2021:12:23:14:31:28.576
7911,1640237488603,1.0258636,3.9291837,9.19205,2021:12:23:14:31:28.603
7912,1640237488621,0.5976719,4.3238387,9.135158,2021:12:23:14:31:28.621
7913,1640237488636,-0.40184152,4.4537935,8.866864,2021:12:23:14:31:28.636
7914,1640237488656,-0.4737059,1.7157615,9.692106,2021:12:23:14:31:28.656
7915,1640237488684,0.10300558,3.0386646,8.9704685,2021:12:23:14:31:28.684
7916,1640237488702,-0.16648576,4.5017033,7.135532,2021:12:23:14:31:28.702
7917,1640237488721,-0.40663248,3.3422914,9.469926,2021:12:23:14:31:28.721
7918,1640237488738,-1.180372,2.572145,10.550286,2021:12:23:14:31:28.738
7919,1640237488757,-0.6371973,3.38541,8.984242,2021:12:23:14:31:28.757
7920,1640237488782,0.27128795,3.7417374,9.644795,2021:12:23:14:31:28.782
7921,1640237488816,0.22757046,4.0687203,9.932253,2021:12:23:14:31:28.816
7922,1640237488835,0.21319759,3.587229,5.6880636,2021:12:23:14:31:28.835
7923,1640237488853,-0.36830482,2.5960999,8.531497,2021:12:23:14:31:28.853
7924,1640237488874,0.18445185,3.0584273,9.196841,2021:12:23:14:31:28.874
7925,1640237488900,0.3671071,1.6918067,13.766216,2021:12:23:14:31:28.900
7926,1640237488915,0.78032714,5.401804,9.172886,2021:12:23:14:31:28.915
7927,1640237488918,1.8427218,3.6405284,4.1459746,2021:12:23:14:31:28.918
7928,1640237488949,0.47789797,2.1343713,10.022083,2021:12:23:14:31:28.949
7929,1640237488984,-0.0029943483,3.8279748,9.522027,2021:12:23:14:31:28.984
7930,1640237488999,0.51622564,4.3861213,9.135158,2021:12:23:14:31:28.999
7931,1640237489017,0.78032714,2.6685631,8.531497,2021:12:23:14:31:29.017
7932,1640237489035,0.799491,3.6549015,8.432683,2021:12:23:14:31:29.035
7933,1640237489057,0.73720855,3.9866753,10.917993,2021:12:23:14:31:29.057
7934,1640237489083,0.9054909,5.719205,6.022832,2021:12:23:14:31:29.083
7935,1640237489100,0.5545533,2.6733541,10.762286,2021:12:23:14:31:29.100
7936,1640237489117,-0.0077853054,1.6385074,9.762773,2021:12:23:14:31:29.117
7937,1640237489137,-0.27188683,4.492121,8.998615,2021:12:23:14:31:29.137
7938,1640237489156,0.122169405,3.59202,7.381068,2021:12:23:14:31:29.156
7939,1640237489179,0.4874799,5.0790133,10.668263,2021:12:23:14:31:29.179
7940,1640237489200,-0.30063257,3.1638284,8.6404915,2021:12:23:14:31:29.200
7941,1640237489218,-0.10240671,4.189093,6.7540517,2021:12:23:14:31:29.218
7942,1640237489237,-0.3329715,3.8615115,9.272299,2021:12:23:14:31:29.237
7943,1640237489259,-0.054497138,2.2930717,9.692106,2021:12:23:14:31:29.259
7944,1640237489287,-0.3569263,3.6644833,9.447168,2021:12:23:14:31:29.287
7945,1640237489305,-0.63060975,3.2075458,9.97058,2021:12:23:14:31:29.305
7946,1640237489318,-0.1934349,3.0434556,9.503462,2021:12:23:14:31:29.318
7947,1640237489336,-0.32818055,2.8224726,7.456526,2021:12:23:14:31:29.336
7948,1640237489353,-0.34255344,4.708912,8.909384,2021:12:23:14:31:29.353
7949,1640237489381,-0.34255344,3.6213646,9.310027,2021:12:23:14:31:29.381
7950,1640237489400,-0.909683,3.5441105,8.843508,2021:12:23:14:31:29.400
7951,1640237489419,-0.6354007,3.3273196,10.99824,2021:12:23:14:31:29.419
7952,1640237489435,0.50364935,4.6316576,8.140435,2021:12:23:14:31:29.435
7953,1640237489457,-0.2365535,3.2171278,5.7922673,2021:12:23:14:31:29.457
7954,1640237489482,-0.34255344,3.1255007,10.99824,2021:12:23:14:31:29.482
7955,1640237489499,-0.94321966,2.7691731,10.715574,2021:12:23:14:31:29.499
7956,1640237489516,-0.43358162,2.9135008,7.654752,2021:12:23:14:31:29.516
7957,1640237489536,0.43657598,3.4237378,8.084141,2021:12:23:14:31:29.536
7958,1640237489556,-0.1694801,4.097466,8.517723,2021:12:23:14:31:29.556
7959,1640237489581,-0.5341917,2.6200547,7.4708986,2021:12:23:14:31:29.581
7960,1640237489599,-0.8995022,3.9675114,11.304862,2021:12:23:14:31:29.599
7961,1640237489619,-0.13534454,3.0386646,14.544746,2021:12:23:14:31:29.619
7962,1640237489637,-0.8755474,3.5776472,5.0376916,2021:12:23:14:31:29.637
7963,1640237489662,-0.6545645,4.2897034,4.2783246,2021:12:23:14:31:29.662
7964,1640237489682,0.2682936,3.298574,11.55998,2021:12:23:14:31:29.682
7965,1640237489700,-0.31320882,3.601602,10.210728,2021:12:23:14:31:29.700
7966,1640237489717,-0.9330389,3.1159186,6.891193,2021:12:23:14:31:29.717
7967,1640237489742,-0.1401355,4.217839,9.286672,2021:12:23:14:31:29.742
7968,1640237489757,0.37429354,3.9770932,10.640117,2021:12:23:14:31:29.757
7969,1640237489781,-0.010180783,5.6036234,8.899801,2021:12:23:14:31:29.781
7970,1640237489798,-0.5964742,4.602912,6.1078715,2021:12:23:14:31:29.798
7971,1640237489817,0.29703933,0.03174009,9.083654,2021:12:23:14:31:29.817
7972,1640237489834,0.8354232,1.8313433,10.673055,2021:12:23:14:31:29.834
7973,1640237489856,1.5133436,3.8663023,9.66875,2021:12:23:14:31:29.856
7974,1640237489882,0.16289254,3.5105739,9.875959,2021:12:23:14:31:29.882
7975,1640237489898,0.30242917,3.4237378,8.277576,2021:12:23:14:31:29.898
7976,1640237489916,0.2012202,4.482539,8.461429,2021:12:23:14:31:29.916
7977,1640237489936,0.052101657,4.6891494,8.8387165,2021:12:23:14:31:29.936
7978,1640237489957,-0.75517464,3.3321106,8.932739,2021:12:23:14:31:29.957
7979,1640237489977,-0.4186099,1.9900438,10.14006,2021:12:23:14:31:29.977
7980,1640237490000,0.22996594,3.2315006,7.3062096,2021:12:23:14:31:30.000
7981,1640237490017,0.21080211,2.6685631,9.942433,2021:12:23:14:31:30.017
7982,1640237490036,0.07186436,4.4394207,10.333495,2021:12:23:14:31:30.036
7983,1640237490066,0.08623723,3.3710372,8.418909,2021:12:23:14:31:30.066
7984,1640237490082,-0.09641801,2.7643821,7.8104577,2021:12:23:14:31:30.082
7985,1640237490100,0.043118615,2.6008909,9.706479,2021:12:23:14:31:30.100
7986,1640237490115,0.07665531,4.2609572,12.139687,2021:12:23:14:31:30.115
7987,1640237490132,-0.34135568,4.107048,8.055994,2021:12:23:14:31:30.132
7988,1640237490153,-0.54317474,3.1590374,7.5182095,2021:12:23:14:31:30.153
7989,1640237490180,0.39405623,2.9135008,10.262829,2021:12:23:14:31:30.180
7990,1640237490199,0.87434965,4.9011493,6.183329,2021:12:23:14:31:30.199
7991,1640237490215,0.5120335,2.779354,10.036456,2021:12:23:14:31:30.215
7992,1640237490233,0.21918629,3.0482464,10.059813,2021:12:23:14:31:30.233
7993,1640237490256,0.34854212,2.480518,7.621814,2021:12:23:14:31:30.256
7994,1640237490281,0.11318636,3.8231838,10.248456,2021:12:23:14:31:30.281
7995,1640237490300,0.91088074,5.2622676,9.890332,2021:12:23:14:31:30.300
7996,1640237490315,0.45454204,2.9476364,6.367182,2021:12:23:14:31:30.315
7997,1640237490336,0.026949134,2.875173,11.649212,2021:12:23:14:31:30.336
7998,1640237490356,-0.15570611,4.5591946,10.097541,2021:12:23:14:31:30.356
7999,1640237490380,0.65157014,3.0536363,6.961261,2021:12:23:14:31:30.380
8000,1640237490397,-0.71325374,4.5639853,13.880002,2021:12:23:14:31:30.397
8001,1640237490417,-0.3527342,4.7951493,3.0943594,2021:12:23:14:31:30.417
8002,1640237490437,0.3389602,2.6296365,8.329079,2021:12:23:14:31:30.437
8003,1640237490464,-0.8479994,3.5201557,8.588389,2021:12:23:14:31:30.464
8004,1640237490481,-0.22337838,3.9243927,4.070517,2021:12:23:14:31:30.481
8005,1640237490499,-0.27128795,1.6049706,16.468914,2021:12:23:14:31:30.499
8006,1640237490517,-0.031141222,4.9682226,9.224988,2021:12:23:14:31:30.517
8007,1640237490538,-0.61264366,3.7513194,7.230153,2021:12:23:14:31:30.538
8008,1640237490567,-0.4060336,1.9175806,8.993824,2021:12:23:14:31:30.567
8009,1640237490581,-0.44915223,5.3676686,9.92327,2021:12:23:14:31:30.581
8010,1640237490616,-0.4635251,0.7198413,10.399371,2021:12:23:14:31:30.616
8011,1640237490633,-1.4678295,3.9435565,7.3104014,2021:12:23:14:31:30.633
8012,1640237490637,-0.82883555,3.6213646,7.3289666,2021:12:23:14:31:30.637
8013,1640237490666,0.3868698,1.8073885,9.437587,2021:12:23:14:31:30.666
8014,1640237490696,0.39166075,8.1057005,9.267508,2021:12:23:14:31:30.696
8015,1640237490715,-0.9204626,3.409365,7.8859153,2021:12:23:14:31:30.715
8016,1640237490718,-0.987536,2.4086537,7.414006,2021:12:23:14:31:30.718
8017,1640237490747,-0.28086987,2.1918628,9.734626,2021:12:23:14:31:30.747
8018,1640237490784,-0.026350264,3.9866753,10.14006,2021:12:23:14:31:30.784
8019,1640237490799,-1.2714002,3.3225288,10.573643,2021:12:23:14:31:30.799
8020,1640237490817,-0.7617622,2.6152637,8.687203,2021:12:23:14:31:30.817
8021,1640237490837,-0.362915,2.9428453,9.31961,2021:12:23:14:31:30.837
8022,1640237490862,0.31979638,3.6596923,7.3151927,2021:12:23:14:31:30.862
8023,1640237490880,-0.58868885,3.9483476,11.733653,2021:12:23:14:31:30.880
8024,1640237490898,-0.0071864356,3.780065,12.0875845,2021:12:23:14:31:30.898
8025,1640237490917,0.14672306,4.4442115,7.43317,2021:12:23:14:31:30.917
8026,1640237490938,-0.61264366,2.899128,6.211476,2021:12:23:14:31:30.938
8027,1640237490963,-0.055096008,4.4633756,7.786503,2021:12:23:14:31:30.963
8028,1640237490980,-0.22337838,3.2842011,8.352435,2021:12:23:14:31:30.980
8029,1640237490997,0.031141222,3.197964,8.583598,2021:12:23:14:31:30.997
8030,1640237491020,-0.42519745,1.9517162,9.908897,2021:12:23:14:31:31.020
8031,1640237491036,0.0071864356,2.875173,9.720253,2021:12:23:14:31:31.036
8032,1640237491063,0.18505071,4.217839,6.4755774,2021:12:23:14:31:31.063
8033,1640237491080,-0.25272298,2.6296365,12.554703,2021:12:23:14:31:31.080
8034,1640237491096,-0.32458735,3.707602,10.852117,2021:12:23:14:31:31.096
8035,1640237491116,-0.8677621,2.793727,6.0276227,2021:12:23:14:31:31.116
8036,1640237491134,-0.41142344,3.4141557,8.663847,2021:12:23:14:31:31.134
8037,1640237491155,0.7905079,3.7465284,9.224988,2021:12:23:14:31:31.155
8038,1640237491179,0.7419995,3.693229,14.38425,2021:12:23:14:31:31.179
8039,1640237491197,1.5690384,4.7520304,12.177415,2021:12:23:14:31:31.197
8040,1640237491218,0.013175132,4.4394207,4.593929,2021:12:23:14:31:31.218
8041,1640237491235,-0.1694801,2.6541903,2.9673991,2021:12:23:14:31:31.235
8042,1640237491263,0.8108695,3.4476924,13.327844,2021:12:23:14:31:31.263
8043,1640237491280,1.3252985,5.6904593,10.366433,2021:12:23:14:31:31.280
8044,1640237491298,0.83482426,0.17606768,9.545982,2021:12:23:14:31:31.298
8045,1640237491319,0.7000786,4.2753305,9.050716,2021:12:23:14:31:31.319
8046,1640237491336,1.7481005,3.5776472,5.1742334,2021:12:23:14:31:31.336
8047,1640237491357,0.45514092,3.2171278,16.553955,2021:12:23:14:31:31.357
8048,1640237491380,0.59467757,6.4264703,9.890332,2021:12:23:14:31:31.380
8049,1640237491396,0.46472284,-0.7144515,2.830258,2021:12:23:14:31:31.396
8050,1640237491420,-0.23176254,0.9408242,8.76805,2021:12:23:14:31:31.420
8051,1640237491437,0.8300333,4.424449,9.611857,2021:12:23:14:31:31.437
8052,1640237491459,-1.0779654,4.299884,8.984841,2021:12:23:14:31:31.459
8053,1640237491482,-0.78931016,3.000337,9.375903,2021:12:23:14:31:31.482
8054,1640237491501,-1.0635924,3.5009918,9.913688,2021:12:23:14:31:31.501
8055,1640237491517,0.5994685,1.470225,5.881499,2021:12:23:14:31:31.517
8056,1640237491536,-0.5443725,6.2486057,7.7871017,2021:12:23:14:31:31.536
8057,1640237491552,-1.5534679,2.9715912,10.880263,2021:12:23:14:31:31.552
8058,1640237491576,0.6473781,0.060485832,8.593181,2021:12:23:14:31:31.576
8059,1640237491601,-0.84740055,2.6685631,11.422839,2021:12:23:14:31:31.601
8060,1640237491620,1.4211177,5.199386,7.5277915,2021:12:23:14:31:31.620
8061,1640237491635,0.21978515,4.69394,9.96579,2021:12:23:14:31:31.635
8062,1640237491662,-0.2365535,6.0749335,5.8862896,2021:12:23:14:31:31.662
8063,1640237491678,-0.25571734,3.707602,7.782311,2021:12:23:14:31:31.678
8064,1640237491698,0.34494892,1.773253,13.856047,2021:12:23:14:31:31.698
8065,1640237491717,1.272598,3.702811,9.385485,2021:12:23:14:31:31.717
8066,1640237491736,1.1953439,3.4285285,5.80125,2021:12:23:14:31:31.736
8067,1640237491762,0.45993188,2.6248455,9.224988,2021:12:23:14:31:31.762
8068,1640237491779,0.056293745,3.481828,9.890332,2021:12:23:14:31:31.779
8069,1640237491797,0.3880675,4.1501665,9.333982,2021:12:23:14:31:31.797
8070,1640237491817,0.8881237,3.7656922,10.579032,2021:12:23:14:31:31.817
8071,1640237491837,0.13354793,2.1152077,9.975371,2021:12:23:14:31:31.837
8072,1640237491862,-0.058689225,5.4880414,6.5797806,2021:12:23:14:31:31.862
8073,1640237491879,-0.8515926,3.9866753,8.230266,2021:12:23:14:31:31.879
8074,1640237491900,0.06647453,2.7212636,9.305237,2021:12:23:14:31:31.900
8075,1640237491917,-0.93363774,2.3553543,9.852603,2021:12:23:14:31:31.917
8076,1640237491946,-0.39525396,3.8327656,7.4708986,2021:12:23:14:31:31.946
8077,1640237491962,-0.33237264,2.8368454,8.630909,2021:12:23:14:31:31.962
8078,1640237491980,-0.2605083,3.2123368,12.149268,2021:12:23:14:31:31.980
8079,1640237491994,-0.19822586,4.1549573,9.248942,2021:12:23:14:31:31.994
8080,1640237492017,-0.20780776,3.702811,9.267508,2021:12:23:14:31:32.017
8081,1640237492036,0.1143841,2.9668002,10.262829,2021:12:23:14:31:32.036
8082,1640237492064,0.061683573,3.3225288,10.762885,2021:12:23:14:31:32.064
8083,1640237492078,0.5132313,5.5796685,-0.3671071,2021:12:23:14:31:32.078
8084,1640237492097,0.7294232,-0.5892877,12.5828495,2021:12:23:14:31:32.097
8085,1640237492116,0.5515589,7.5762997,3.7501216,2021:12:23:14:31:32.116
8086,1640237492138,0.5371861,-3.3752294,5.825205,2021:12:23:14:31:32.138
8087,1640237492164,0.028146872,6.927125,21.12812,2021:12:23:14:31:32.164
8088,1640237492181,-0.04910731,2.2403712,5.2544823,2021:12:23:14:31:32.181
8089,1640237492196,-1.3756036,3.4381106,12.163641,2021:12:23:14:31:32.196
8090,1640237492218,0.36830482,3.3710372,10.69641,2021:12:23:14:31:32.218
8091,1640237492237,0.32997715,5.3485045,7.546356,2021:12:23:14:31:32.237
8092,1640237492256,-0.030542351,0.30602238,8.588389,2021:12:23:14:31:32.256
8093,1640237492281,0.7773328,3.3949919,9.272299,2021:12:23:14:31:32.281
8094,1640237492299,1.0318524,5.925815,6.542052,2021:12:23:14:31:32.299
8095,1640237492318,1.1085078,-0.8539881,9.045926,2021:12:23:14:31:32.318
8096,1640237492345,1.079762,15.34304,4.1603475,2021:12:23:14:31:32.345
8097,1640237492362,-0.4772991,-0.9695699,11.059924,2021:12:23:14:31:32.362
8098,1640237492379,-0.7557735,3.9483476,6.928323,2021:12:23:14:31:32.379
8099,1640237492398,-0.61204475,2.0379534,12.177415,2021:12:23:14:31:32.398
8100,1640237492429,0.83482426,1.566643,7.8433957,2021:12:23:14:31:32.429
8101,1640237492446,0.07066662,1.152824,2.636823,2021:12:23:14:31:32.446
8102,1640237492461,1.079762,-1.4169255,22.33065,2021:12:23:14:31:32.461
8103,1640237492495,1.7624733,6.73908,20.416065,2021:12:23:14:31:32.495
8104,1640237492515,-0.7755362,5.045477,-4.9508553,2021:12:23:14:31:32.515
8105,1640237492537,-0.80907285,3.799229,10.456264,2021:12:23:14:31:32.537
8106,1640237492561,-0.06887001,3.4237378,11.80971,2021:12:23:14:31:32.561
8107,1640237492577,-2.1164052,7.042108,11.545608,2021:12:23:14:31:32.577
8108,1640237492596,-0.3329715,5.435341,-3.1398735,2021:12:23:14:31:32.596
8109,1640237492617,-1.0492196,-0.6276154,-0.52760416,2021:12:23:14:31:32.617
8110,1640237492637,-1.111502,1.061197,27.235394,2021:12:23:14:31:32.637
8111,1640237492662,0.91627055,7.7158365,0.15630497,2021:12:23:14:31:32.662
8112,1640237492677,-1.4049481,5.622787,6.3108883,2021:12:23:14:31:32.677
8113,1640237492698,-0.2227795,-3.8710933,12.036082,2021:12:23:14:31:32.698
8114,1640237492717,-0.6599543,2.1487443,8.399746,2021:12:23:14:31:32.717
8115,1640237492739,2.7571957,2.6296365,11.050343,2021:12:23:14:31:32.739
8116,1640237492762,0.7527791,3.8423476,10.498783,2021:12:23:14:31:32.762
8117,1640237492780,-1.4911854,1.9079987,9.508253,2021:12:23:14:31:32.780
8118,1640237492796,-0.8282367,-2.788337,12.257664,2021:12:23:14:31:32.796
8119,1640237492820,1.281581,13.4039,2.811693,2021:12:23:14:31:32.820
8120,1640237492843,-1.1306659,3.4333196,11.022196,2021:12:23:14:31:32.843
8121,1640237492863,-0.3862709,3.5393195,7.8200397,2021:12:23:14:31:32.863
8122,1640237492880,-1.2462478,3.8567204,9.413631,2021:12:23:14:31:32.880
8123,1640237492898,1.4977729,3.789647,7.405023,2021:12:23:14:31:32.898
8124,1640237492916,1.2959539,3.702811,8.800988,2021:12:23:14:31:32.916
8125,1640237492943,-0.48688102,3.8710933,9.805292,2021:12:23:14:31:32.943
8126,1640237492963,-0.6168357,2.4421904,9.1357565,2021:12:23:14:31:32.963
8127,1640237492979,1.0126885,3.063218,9.720253,2021:12:23:14:31:32.979
8128,1640237492996,1.598982,1.9223715,11.135382,2021:12:23:14:31:32.996
8129,1640237493018,0.83482426,3.481828,8.451847,2021:12:23:14:31:33.018
8130,1640237493036,0.07545757,3.6788561,9.277089,2021:12:23:14:31:33.036
8131,1640237493060,-0.08324288,3.0338736,10.328705,2021:12:23:14:31:33.060
8132,1640237493081,0.21978515,3.481828,12.233709,2021:12:23:14:31:33.081
8133,1640237493098,0.6473781,5.7000413,5.4760637,2021:12:23:14:31:33.098
8134,1640237493115,1.1564173,3.9531384,6.3198714,2021:12:23:14:31:33.115
8135,1640237493144,0.8300333,2.8368454,11.050343,2021:12:23:14:31:33.144
8136,1640237493162,0.44076806,4.8430586,9.5364,2021:12:23:14:31:33.162
8137,1640237493177,0.20002246,4.2465844,9.569338,2021:12:23:14:31:33.177
8138,1640237493196,0.056293745,2.6344275,10.087959,2021:12:23:14:31:33.196
8139,1640237493229,-0.5485646,3.4770372,13.776397,2021:12:23:14:31:33.229
8140,1640237493244,-1.249841,4.111839,8.999214,2021:12:23:14:31:33.244
8141,1640237493261,-0.25990942,5.6036234,3.2788112,2021:12:23:14:31:33.261
8142,1640237493279,-0.043717485,0.8108695,7.4900627,2021:12:23:14:31:33.279
8143,1640237493299,-0.46651945,2.0235806,13.639256,2021:12:23:14:31:33.299
8144,1640237493317,-0.72583,4.405285,8.536886,2021:12:23:14:31:33.317
8145,1640237493335,0.12935585,3.991466,4.740652,2021:12:23:14:31:33.335
8146,1640237493361,-0.010180783,2.1870718,9.847813,2021:12:23:14:31:33.361
8147,1640237493377,-0.15390949,3.5249467,11.451585,2021:12:23:14:31:33.377
8148,1640237493394,-0.7935023,5.0742226,7.075046,2021:12:23:14:31:33.394
8149,1640237493417,-1.2785866,2.480518,7.994311,2021:12:23:14:31:33.417
8150,1640237493436,-0.7976943,0.9551971,12.41816,2021:12:23:14:31:33.436
8151,1640237493460,-0.3844743,3.7171838,10.008309,2021:12:23:14:31:33.460
8152,1640237493476,-0.72103906,5.762324,6.2683682,2021:12:23:14:31:33.476
8153,1640237493500,-1.1294681,4.294494,7.5888762,2021:12:23:14:31:33.500
8154,1640237493517,-0.8605757,1.364225,8.730322,2021:12:23:14:31:33.517
8155,1640237493544,-1.1630049,4.189093,11.116817,2021:12:23:14:31:33.544
8156,1640237493562,-1.9606992,6.027024,7.079837,2021:12:23:14:31:33.562
8157,1640237493577,-2.5134559,2.8176816,8.182955,2021:12:23:14:31:33.577
8158,1640237493596,-1.8936257,3.0338736,8.541677,2021:12:23:14:31:33.596
8159,1640237493617,-0.84560394,4.2897034,9.810083,2021:12:23:14:31:33.617
8160,1640237493644,-0.78811246,3.5536923,10.503574,2021:12:23:14:31:33.644
8161,1640237493663,-0.2641015,2.870382,8.815361,2021:12:23:14:31:33.663
8162,1640237493679,0.12995471,1.8936257,9.173485,2021:12:23:14:31:33.679
8163,1640237493702,0.5335928,2.8320546,10.697009,2021:12:23:14:31:33.702
8164,1640237493716,0.4952652,4.9825954,9.942433,2021:12:23:14:31:33.716
8165,1640237493734,0.2982371,4.001048,6.2450128,2021:12:23:14:31:33.734
8166,1640237493753,0.54317474,2.985964,7.1882324,2021:12:23:14:31:33.753
8167,1640237493776,0.5862934,4.2657485,9.201632,2021:12:23:14:31:33.776
8168,1640237493799,-0.5479657,4.2417936,7.018153,2021:12:23:14:31:33.799
8169,1640237493817,-0.5910843,2.658981,12.215144,2021:12:23:14:31:33.817
8170,1640237493835,0.60126513,4.198675,9.376502,2021:12:23:14:31:33.835
8171,1640237493858,-0.6150391,2.7404275,9.3998575,2021:12:23:14:31:33.858
8172,1640237493883,-0.009581914,3.6788561,9.522626,2021:12:23:14:31:33.883
8173,1640237493898,0.014971741,3.0386646,10.8197775,2021:12:23:14:31:33.898
8174,1640237493916,0.105999924,3.6357377,7.3062096,2021:12:23:14:31:33.916
8175,1640237493945,0.14911854,2.7212636,6.188719,2021:12:23:14:31:33.945
8176,1640237493960,0.51922,4.5017033,9.060299,2021:12:23:14:31:33.960
8177,1640237493977,0.14432758,3.4668562,8.791407,2021:12:23:14:31:33.977
8178,1640237493998,-0.34554777,5.21855,7.8577685,2021:12:23:14:31:33.998
8179,1640237494017,-0.41262117,3.1638284,9.428603,2021:12:23:14:31:34.017
8180,1640237494046,0.2503275,3.0290825,8.065577,2021:12:23:14:31:34.046
8181,1640237494061,0.3275817,1.8840439,8.523112,2021:12:23:14:31:34.061
8182,1640237494077,0.42819178,3.5393195,11.149755,2021:12:23:14:31:34.077
8183,1640237494100,0.21679081,2.2014449,10.503574,2021:12:23:14:31:34.100
8184,1640237494133,0.6204289,3.3422914,5.339522,2021:12:23:14:31:34.133
8185,1640237494160,-0.29284725,2.288281,13.620691,2021:12:23:14:31:34.160
8186,1640237494162,-1.1336602,6.017442,14.545345,2021:12:23:14:31:34.162
8187,1640237494180,-0.061683573,4.6604037,2.5667553,2021:12:23:14:31:34.180
8188,1640237494214,-0.24613541,2.1439533,6.7869897,2021:12:23:14:31:34.214
8189,1640237494233,0.022757046,3.5489016,10.164016,2021:12:23:14:31:34.233
8190,1640237494260,-0.025152525,2.7985177,9.6639595,2021:12:23:14:31:34.260
8191,1640237494277,-0.7845192,4.8867764,8.4422655,2021:12:23:14:31:34.277
8192,1640237494297,0.82524234,2.1631172,6.6456566,2021:12:23:14:31:34.297
8193,1640237494317,0.87315196,2.2355804,9.526818,2021:12:23:14:31:34.317
8194,1640237494346,1.27679,5.6904593,9.211214,2021:12:23:14:31:34.346
8195,1640237494362,0.73900515,5.1125503,9.6968975,2021:12:23:14:31:34.362
8196,1640237494378,0.16229367,-0.04551409,11.545608,2021:12:23:14:31:34.378
8197,1640237494397,-0.5443725,4.189093,9.644795,2021:12:23:14:31:34.397
8198,1640237494416,-0.14552532,5.1802225,5.5371485,2021:12:23:14:31:34.416
8199,1640237494445,0.25811282,5.045477,8.064978,2021:12:23:14:31:34.445
8200,1640237494461,-0.80907285,2.3170266,14.568702,2021:12:23:14:31:34.461
8201,1640237494478,-1.1935471,5.8587418,2.1607215,2021:12:23:14:31:34.478
8202,1640237494496,1.4738182,2.7356365,4.4525957,2021:12:23:14:31:34.496
8203,1640237494518,-0.28985292,3.6692743,18.100834,2021:12:23:14:31:34.518
8204,1640237494543,-0.39585283,2.7841449,4.377138,2021:12:23:14:31:34.543
8205,1640237494559,0.27727664,3.404574,12.464872,2021:12:23:14:31:34.559
8206,1640237494580,0.07066662,2.6541903,9.003407,2021:12:23:14:31:34.580
8207,1640237494596,1.8151739,0.7485871,9.116592,2021:12:23:14:31:34.596
8208,1640237494616,0.5174234,4.0447655,7.9284353,2021:12:23:14:31:34.616
8209,1640237494633,1.2097167,4.530449,7.027735,2021:12:23:14:31:34.633
8210,1640237494657,-0.53958154,0.9168694,13.941086,2021:12:23:14:31:34.657
8211,1640237494678,0.6857057,1.874462,10.677846,2021:12:23:14:31:34.678
8212,1640237494695,0.3826777,8.73152,7.032526,2021:12:23:14:31:34.695
8213,1640237494714,0.08983044,2.687727,7.0133624,2021:12:23:14:31:34.714
8214,1640237494741,-0.18924281,4.626867,10.842535,2021:12:23:14:31:34.741
8215,1640237494759,-1.1360557,3.7123928,9.96579,2021:12:23:14:31:34.759
8216,1640237494776,-1.1648015,4.1747203,8.715949,2021:12:23:14:31:34.776
8217,1640237494795,-1.31392,3.3422914,11.399484,2021:12:23:14:31:34.795
8218,1640237494817,-0.85698247,4.896358,7.5888762,2021:12:23:14:31:34.817
8219,1640237494842,-1.2270839,4.4633756,7.8859153,2021:12:23:14:31:34.842
8220,1640237494861,-1.097728,4.9011493,7.9895196,2021:12:23:14:31:34.861
8221,1640237494876,-1.1983382,1.2342703,9.649587,2021:12:23:14:31:34.876
8222,1640237494898,-0.78990906,2.5098627,10.39458,2021:12:23:14:31:34.898
8223,1640237494926,-0.3431523,3.7609012,11.908523,2021:12:23:14:31:34.926
8224,1640237494941,-1.006101,4.102257,7.4469438,2021:12:23:14:31:34.941
8225,1640237494957,-1.5013661,3.274619,4.47176,2021:12:23:14:31:34.957
8226,1640237494977,-0.4102257,3.4141557,9.649587,2021:12:23:14:31:34.977
8227,1640237494999,-0.3527342,2.1870718,21.20837,2021:12:23:14:31:34.999
8228,1640237495027,-0.27068907,7.571509,5.881499,2021:12:23:14:31:35.027
8229,1640237495043,-1.0881461,1.4127334,-0.2209829,2021:12:23:14:31:35.043
8230,1640237495056,0.58449674,3.789647,11.29528,2021:12:23:14:31:35.056
8231,1640237495076,0.25272298,4.198675,10.144852,2021:12:23:14:31:35.076
8232,1640237495109,-0.42938954,5.762324,6.843283,2021:12:23:14:31:35.109
8233,1640237495124,0.10360444,2.6008909,9.1028185,2021:12:23:14:31:35.124
8234,1640237495142,0.4401692,0.24793203,11.483924,2021:12:23:14:31:35.142
8235,1640237495158,0.20002246,4.5693755,12.394206,2021:12:23:14:31:35.158
8236,1640237495175,0.8677621,8.110492,10.09275,2021:12:23:14:31:35.175
8237,1640237495194,-0.13175131,1.9079987,8.650073,2021:12:23:14:31:35.194
8238,1640237495218,0.13833888,-0.7240334,10.352659,2021:12:23:14:31:35.218
8239,1640237495241,0.42699406,5.5796685,15.6532545,2021:12:23:14:31:35.241
8240,1640237495257,0.1143841,3.1542463,14.77591,2021:12:23:14:31:35.257
8241,1640237495277,0.43657598,6.306097,1.6229367,2021:12:23:14:31:35.277
8242,1640237495297,1.0947337,2.5960999,3.0332747,2021:12:23:14:31:35.297
8243,1640237495327,0.052101657,4.1747203,16.468914,2021:12:23:14:31:35.327
8244,1640237495340,-0.76056445,7.4032264,4.0663247,2021:12:23:14:31:35.340
8245,1640237495359,-1.130067,0.75816894,6.0845156,2021:12:23:14:31:35.359
8246,1640237495378,-0.32279074,3.2075458,3.7926414,2021:12:23:14:31:35.378
8247,1640237495396,0.028146872,0.31081334,7.34813,2021:12:23:14:31:35.396
8248,1640237495424,0.8833327,3.8423476,13.399109,2021:12:23:14:31:35.424
8249,1640237495443,0.6863046,3.2075458,11.371337,2021:12:23:14:31:35.443
8250,1640237495459,-0.058689225,0.6473781,10.446682,2021:12:23:14:31:35.459
8251,1640237495476,-0.26529926,1.3833889,8.263204,2021:12:23:14:31:35.476
8252,1640237495498,0.32099414,6.436052,7.5182095,2021:12:23:14:31:35.498
8253,1640237495524,0.48448554,5.3485045,2.7691731,2021:12:23:14:31:35.524
8254,1640237495542,-0.23176254,0.40663248,3.5758505,2021:12:23:14:31:35.542
8255,1640237495557,-0.06827114,5.002358,0.7929034,2021:12:23:14:31:35.557
8256,1640237495576,1.7097728,-1.1570162,10.376016,2021:12:23:14:31:35.576
8257,1640237495595,1.4360894,7.5044355,9.286672,2021:12:23:14:31:35.595
8258,1640237495625,-1.3803945,4.6699853,22.486357,2021:12:23:14:31:35.625
8259,1640237495644,0.07126549,6.902571,8.484785,2021:12:23:14:31:35.644
8260,1640237495656,-0.13055357,1.4414792,8.886027,2021:12:23:14:31:35.656
8261,1640237495675,0.13354793,2.494891,1.6564734,2021:12:23:14:31:35.675
8262,1640237495697,0.72463226,-1.5899988,15.007074,2021:12:23:14:31:35.697
8263,1640237495720,-0.9426208,0.32518622,16.14852,2021:12:23:14:31:35.720
8264,1640237495743,1.6235356,2.6973088,-1.2630161,2021:12:23:14:31:35.743
8265,1640237495761,0.71505034,1.3019426,11.955833,2021:12:23:14:31:35.761
8266,1640237495779,1.9026089,8.591983,4.2783246,2021:12:23:14:31:35.779
8267,1640237495796,1.3258973,9.120785,9.951417,2021:12:23:14:31:35.796
8268,1640237495817,-0.6258188,5.310177,13.361381,2021:12:23:14:31:35.817
8269,1640237495848,1.4456713,1.2055246,5.5233746,2021:12:23:14:31:35.848
8270,1640237495864,-0.31320882,0.61384135,8.060186,2021:12:23:14:31:35.864
8271,1640237495878,-0.039525397,3.5824382,6.8109446,2021:12:23:14:31:35.878
8272,1640237495907,-0.48149118,4.8628216,11.022196,2021:12:23:14:31:35.907
8273,1640237495925,-0.18325411,-0.031141222,8.508739,2021:12:23:14:31:35.925
8274,1640237495941,0.8593779,3.390201,7.1594863,2021:12:23:14:31:35.941
8275,1640237495975,0.5371861,4.0543475,6.2354307,2021:12:23:14:31:35.975
8276,1640237495994,0.095220275,3.0728002,12.210353,2021:12:23:14:31:35.994
8277,1640237496024,-1.8271513,4.3334208,12.196579,2021:12:23:14:31:36.024
8278,1640237496040,-0.57251936,4.5017033,9.126174,2021:12:23:14:31:36.040
8279,1640237496059,-0.2605083,2.182281,5.7216005,2021:12:23:14:31:36.059
8280,1640237496077,-0.120971665,4.3382115,9.347756,2021:12:23:14:31:36.077
8281,1640237496096,-0.61084706,3.5728562,10.937156,2021:12:23:14:31:36.096
8282,1640237496115,-0.25092638,5.507205,8.692593,2021:12:23:14:31:36.115
8283,1640237496138,-0.9905304,2.981173,3.5518959,2021:12:23:14:31:36.138
8284,1640237496155,0.061683573,1.8019987,14.148894,2021:12:23:14:31:36.155
8285,1640237496177,0.51802224,5.825205,8.145226,2021:12:23:14:31:36.177
8286,1640237496196,-1.6780328,5.093386,1.9816597,2021:12:23:14:31:36.196
8287,1640237496223,-1.0629936,1.2731968,14.148894,2021:12:23:14:31:36.223
8288,1640237496240,0.123966016,1.7445072,14.705244,2021:12:23:14:31:36.240
8289,1640237496258,-1.1546206,3.1829922,7.437961,2021:12:23:14:31:36.258
8290,1640237496276,-0.11138975,3.7704833,9.333982,2021:12:23:14:31:36.276
8291,1640237496305,0.89291465,4.4196577,10.767676,2021:12:23:14:31:36.305
8292,1640237496321,0.39764944,0.9408242,7.951791,2021:12:23:14:31:36.321
8293,1640237496340,-0.390463,5.9114423,8.272785,2021:12:23:14:31:36.340
8294,1640237496355,0.07605644,3.784856,7.7164354,2021:12:23:14:31:36.355
8295,1640237496375,0.6863046,0.93603325,9.715462,2021:12:23:14:31:36.375
8296,1640237496393,-0.13534454,6.835498,7.4475427,2021:12:23:14:31:36.393
8297,1640237496414,-0.12576263,3.890856,11.215631,2021:12:23:14:31:36.414
8298,1640237496439,-0.294045,3.1159186,11.955833,2021:12:23:14:31:36.439
8299,1640237496455,-0.6928922,4.5448217,9.012988,2021:12:23:14:31:36.455
8300,1640237496476,-0.29883596,3.0386646,6.367182,2021:12:23:14:31:36.476
8301,1640237496497,-0.3036269,3.4237378,8.433282,2021:12:23:14:31:36.497
8302,1640237496515,-0.2269716,3.3710372,9.611857,2021:12:23:14:31:36.515
8303,1640237496544,-0.64977354,3.3662462,7.3199835,2021:12:23:14:31:36.544
8304,1640237496562,-0.70247406,3.8279748,8.914174,2021:12:23:14:31:36.562
8305,1640237496577,-1.0582026,4.2609572,6.4240746,2021:12:23:14:31:36.577
8306,1640237496595,-1.3899764,3.7315567,7.7206273,2021:12:23:14:31:36.595
8307,1640237496623,-0.6641464,3.4668562,10.1262865,2021:12:23:14:31:36.623
8308,1640237496641,-0.81326497,2.6344275,11.102445,2021:12:23:14:31:36.641
8309,1640237496658,-0.8659655,2.3505633,9.654377,2021:12:23:14:31:36.658
8310,1640237496678,0.20062132,2.899128,8.390762,2021:12:23:14:31:36.678
8311,1640237496706,0.7923045,3.6357377,7.9092712,2021:12:23:14:31:36.706
8312,1640237496723,0.061683573,4.1357937,9.404649,2021:12:23:14:31:36.723
8313,1640237496739,-0.51981884,4.3477936,9.635813,2021:12:23:14:31:36.739
8314,1640237496759,-0.46711832,3.8136017,8.777034,2021:12:23:14:31:36.759
8315,1640237496779,-0.6258188,2.981173,8.16439,2021:12:23:14:31:36.779
8316,1640237496796,-0.80368304,3.7465284,11.4467945,2021:12:23:14:31:36.796
8317,1640237496822,-0.22218063,4.7807765,7.3056107,2021:12:23:14:31:36.822
8318,1640237496838,0.104802184,3.5153646,6.758843,2021:12:23:14:31:36.838
8319,1640237496856,0.24912977,2.0427444,9.701688,2021:12:23:14:31:36.856
8320,1640237496874,-0.12576263,2.7841449,12.031291,2021:12:23:14:31:36.874
8321,1640237496895,-0.43358162,4.472957,8.135644,2021:12:23:14:31:36.895
8322,1640237496914,0.43178502,3.197964,3.7644944,2021:12:23:14:31:36.914
8323,1640237496938,-0.2269716,2.1391623,9.1028185,2021:12:23:14:31:36.938
8324,1640237496956,-0.06348018,2.3799078,8.89022,2021:12:23:14:31:36.956
8325,1640237496975,-0.029943481,3.4285285,10.31014,2021:12:23:14:31:36.975
8326,1640237496996,-0.039525397,0.9024965,11.121009,2021:12:23:14:31:36.996
8327,1640237497023,1.1474342,3.4189467,9.10761,2021:12:23:14:31:37.023
8328,1640237497040,0.84500504,4.01063,7.546356,2021:12:23:14:31:37.040
8329,1640237497058,0.9743609,3.707602,9.6310215,2021:12:23:14:31:37.058
8330,1640237497076,0.8354232,4.6651945,9.150129,2021:12:23:14:31:37.076
8331,1640237497097,1.0851518,2.081072,8.67822,2021:12:23:14:31:37.097
8332,1640237497124,1.3929708,4.1699295,8.286559,2021:12:23:14:31:37.124
8333,1640237497139,2.0750833,3.7513194,6.9708424,2021:12:23:14:31:37.139
8334,1640237497157,1.8445184,5.0406857,5.4760637,2021:12:23:14:31:37.157
8335,1640237497179,0.8881237,2.6248455,10.26762,2021:12:23:14:31:37.179
8336,1640237497197,0.6240222,3.496201,12.531347,2021:12:23:14:31:37.197
8337,1640237497221,0.5898866,3.1590374,13.450612,2021:12:23:14:31:37.221
8338,1640237497241,0.52760416,4.0543475,9.847813,2021:12:23:14:31:37.241
8339,1640237497260,-0.09701688,4.2082567,7.8907065,2021:12:23:14:31:37.260
8340,1640237497277,-1.4618407,4.025602,10.314931,2021:12:23:14:31:37.277
8341,1640237497305,-1.6828237,3.780065,8.626119,2021:12:23:14:31:37.305
8342,1640237497321,-1.9091964,3.4141557,9.1124,2021:12:23:14:31:37.321
8343,1640237497341,-1.1785754,4.11663,9.941834,2021:12:23:14:31:37.341
8344,1640237497356,-0.76056445,4.766403,6.2120748,2021:12:23:14:31:37.356
8345,1640237497377,-0.65935546,5.4305496,-2.0738854,2021:12:23:14:31:37.377
8346,1640237497394,-1.2648127,0.6234233,21.08141,2021:12:23:14:31:37.394
8347,1640237497423,-1.4043493,5.8395777,14.384849,2021:12:23:14:31:37.423
8348,1640237497441,0.4749036,1.2055246,3.9669125,2021:12:23:14:31:37.441
8349,1640237497457,-0.38567203,3.1063368,9.045926,2021:12:23:14:31:37.457
8350,1640237497475,-0.2030168,3.2506645,11.654003,2021:12:23:14:31:37.475
8351,1640237497506,-0.36650822,4.01063,10.008309,2021:12:23:14:31:37.506
8352,1640237497522,-0.106598794,4.5741663,6.9570684,2021:12:23:14:31:37.522
8353,1640237497536,-0.6976831,1.5810158,9.913688,2021:12:23:14:31:37.536
8354,1640237497556,0.76775086,0.6330052,10.205936,2021:12:23:14:31:37.556
8355,1640237497589,1.8972191,9.318412,5.58925,2021:12:23:14:31:37.589
8356,1640237497604,0.22038403,4.22263,8.763259,2021:12:23:14:31:37.604
8357,1640237497622,-0.4239997,0.5994685,9.428004,2021:12:23:14:31:37.622
8358,1640237497640,0.20541228,2.2253995,12.182206,2021:12:23:14:31:37.640
8359,1640237497659,1.2103156,4.6508217,7.018153,2021:12:23:14:31:37.659
8360,1640237497678,0.042519744,2.1295805,8.687801,2021:12:23:14:31:37.678
8361,1640237497705,0.4749036,3.6549015,9.159112,2021:12:23:14:31:37.705
8362,1640237497724,0.5084403,3.1686192,10.579032,2021:12:23:14:31:37.724
8363,1640237497738,-0.35153648,3.6213646,9.890332,2021:12:23:14:31:37.738
8364,1640237497774,-0.7509825,3.7123928,6.6456566,2021:12:23:14:31:37.774
8365,1640237497794,-0.82763785,3.6692743,8.225474,2021:12:23:14:31:37.794
8366,1640237497820,-0.15450837,4.4442115,9.649587,2021:12:23:14:31:37.820
8367,1640237497836,-0.12576263,4.227421,12.427144,2021:12:23:14:31:37.836
8368,1640237497858,-0.48628214,3.9866753,7.1313396,2021:12:23:14:31:37.858
8369,1640237497876,-0.84680164,3.7219748,5.2449,2021:12:23:14:31:37.876
8370,1640237497905,-0.51981884,2.9284725,9.875959,2021:12:23:14:31:37.905
8371,1640237497921,-0.26529926,4.4196577,10.847325,2021:12:23:14:31:37.921
8372,1640237497937,-0.3371636,2.903919,9.301044,2021:12:23:14:31:37.937
8373,1640237497956,-0.5246098,3.1350825,8.876446,2021:12:23:14:31:37.956
8374,1640237497975,0.104802184,3.187783,8.140435,2021:12:23:14:31:37.975
8375,1640237498003,0.08563836,4.9346857,7.1786504,2021:12:23:14:31:38.003
8376,1640237498022,0.1814575,3.6357377,9.140547,2021:12:23:14:31:38.022
8377,1640237498039,-0.5341917,3.1111279,11.300071,2021:12:23:14:31:38.039
8378,1640237498059,-0.34195456,2.1631172,8.857282,2021:12:23:14:31:38.059
8379,1640237498077,0.07126549,3.1494553,8.687801,2021:12:23:14:31:38.077
8380,1640237498104,0.64797693,4.7232847,8.730322,2021:12:23:14:31:38.104
8381,1640237498119,-0.16409028,3.390201,8.697384,2021:12:23:14:31:38.119
8382,1640237498137,0.042519744,2.4421904,10.616761,2021:12:23:14:31:38.137
8383,1640237498156,0.76775086,2.7404275,9.130965,2021:12:23:14:31:38.156
8384,1640237498179,0.7773328,3.886065,8.126661,2021:12:23:14:31:38.179
8385,1640237498196,1.0037055,3.2506645,8.541677,2021:12:23:14:31:38.196
8386,1640237498219,1.4798069,4.742449,8.362616,2021:12:23:14:31:38.219
8387,1640237498238,1.0570049,3.6596923,9.154921,2021:12:23:14:31:38.238
8388,1640237498257,0.18684733,3.2458735,10.503574,2021:12:23:14:31:38.257
8389,1640237498275,0.14851967,3.4620655,8.366808,2021:12:23:14:31:38.275
8390,1640237498296,0.34554777,2.499682,9.3669195,2021:12:23:14:31:38.296
8391,1640237498320,-1.0144851,3.192574,10.923382,2021:12:23:14:31:38.320
8392,1640237498339,-0.6875023,3.5728562,8.597971,2021:12:23:14:31:38.339
8393,1640237498356,-0.36590934,3.481828,8.282367,2021:12:23:14:31:38.356
8394,1640237498377,0.42280197,4.073511,7.1175656,2021:12:23:14:31:38.377
8395,1640237498404,0.34075683,3.1686192,8.815361,2021:12:23:14:31:38.404
8396,1640237498419,0.2641015,5.035895,10.725156,2021:12:23:14:31:38.419
8397,1640237498438,0.37908447,3.9531384,8.136243,2021:12:23:14:31:38.438
8398,1640237498459,0.62462103,2.8608003,7.6972713,2021:12:23:14:31:38.459
8399,1640237498476,0.7156492,3.6165738,9.465734,2021:12:23:14:31:38.476
8400,1640237498503,0.9030954,3.3225288,8.848299,2021:12:23:14:31:38.503
8401,1640237498519,1.3258973,1.7540891,8.961485,2021:12:23:14:31:38.519
8402,1640237498539,1.1773777,4.3573756,5.5329566,2021:12:23:14:31:38.539
8403,1640237498556,0.95579594,-0.48807874,14.828012,2021:12:23:14:31:38.556
8404,1640237498579,0.019163828,8.485983,8.914174,2021:12:23:14:31:38.579
8405,1640237498598,1.9223715,2.2403712,-0.055694874,2021:12:23:14:31:38.598
8406,1640237498622,0.26889247,4.3238387,10.574241,2021:12:23:14:31:38.622
8407,1640237498639,0.19702812,1.9223715,8.494367,2021:12:23:14:31:38.639
8408,1640237498655,0.19702812,4.309466,9.560355,2021:12:23:14:31:38.655
8409,1640237498674,-0.34135568,1.9948348,11.234196,2021:12:23:14:31:38.674
8410,1640237498695,-1.5331063,3.0195007,8.848299,2021:12:23:14:31:38.695
8411,1640237498723,-0.6922933,3.1302917,8.046412,2021:12:23:14:31:38.723
8412,1640237498740,-0.41381893,3.5680654,11.762399,2021:12:23:14:31:38.740
8413,1640237498755,-1.355242,7.325972,13.766815,2021:12:23:14:31:38.755
8414,1640237498776,-1.4181232,-1.0899427,10.9515295,2021:12:23:14:31:38.776
8415,1640237498794,-0.31260994,6.8977804,3.2315006,2021:12:23:14:31:38.794
8416,1640237498819,0.24972863,3.1734102,4.3064713,2021:12:23:14:31:38.819
8417,1640237498839,0.20181906,4.309466,13.205674,2021:12:23:14:31:38.839
8418,1640237498859,-0.50005615,5.810233,7.225961,2021:12:23:14:31:38.859
8419,1640237498878,-1.4708239,2.485309,6.843882,2021:12:23:14:31:38.878
8420,1640237498902,-0.120372795,1.7397163,10.664072,2021:12:23:14:31:38.902
8421,1640237498920,0.39405623,3.9196017,9.442377,2021:12:23:14:31:38.920
8422,1640237498938,-1.0815586,4.4585843,9.517835,2021:12:23:14:31:38.938
8423,1640237498957,-1.6103605,1.2246884,16.374893,2021:12:23:14:31:38.957
8424,1640237498979,-0.51442903,1.3211064,13.469776,2021:12:23:14:31:38.979
8425,1640237499002,0.937231,3.707602,5.8533516,2021:12:23:14:31:39.002
8426,1640237499020,0.5767115,6.339634,5.4527082,2021:12:23:14:31:39.020
8427,1640237499036,0.052700527,4.3334208,8.565034,2021:12:23:14:31:39.036
8428,1640237499056,0.6006662,4.790358,4.570573,2021:12:23:14:31:39.056
8429,1640237499075,-0.5719205,3.390201,2.457761,2021:12:23:14:31:39.075
8430,1640237499094,-0.77853054,1.6241344,15.837108,2021:12:23:14:31:39.094
8431,1640237499121,0.14911854,4.636449,11.951042,2021:12:23:14:31:39.121
8432,1640237499136,-0.21140099,4.9634314,12.743347,2021:12:23:14:31:39.136
8433,1640237499157,-0.42280197,1.8840439,-1.7439084,2021:12:23:14:31:39.157
8434,1640237499175,0.14432758,-0.41142344,13.078115,2021:12:23:14:31:39.175
8435,1640237499202,2.076281,0.8833327,11.819291,2021:12:23:14:31:39.202
8436,1640237499218,0.28805628,4.2513757,7.5888762,2021:12:23:14:31:39.218
8437,1640237499236,-0.25990942,1.874462,9.480106,2021:12:23:14:31:39.236
8438,1640237499255,1.0138863,3.7171838,8.305723,2021:12:23:14:31:39.255
8439,1640237499277,0.77853054,5.7958603,8.725531,2021:12:23:14:31:39.277
8440,1640237499303,-0.043717485,6.339634,6.546843,2021:12:23:14:31:39.303
8441,1640237499319,-0.71145713,7.455927,7.5182095,2021:12:23:14:31:39.319
8442,1640237499339,-0.35572857,-3.909421,11.880376,2021:12:23:14:31:39.339
8443,1640237499357,0.74439496,4.790358,8.9045925,2021:12:23:14:31:39.357
8444,1640237499387,1.8163716,4.506494,9.447168,2021:12:23:14:31:39.387
8445,1640237499405,0.6677396,3.3566644,9.301044,2021:12:23:14:31:39.405
8446,1640237499419,0.7060673,3.3422914,8.659655,2021:12:23:14:31:39.419
8447,1640237499437,-0.13474567,3.9435565,8.55126,2021:12:23:14:31:39.437
8448,1640237499462,-1.6247333,2.499682,9.093237,2021:12:23:14:31:39.462
8449,1640237499477,-0.6348018,3.187783,11.045551,2021:12:23:14:31:39.477
8450,1640237499505,-0.029344613,3.380619,8.833926,2021:12:23:14:31:39.505
8451,1640237499522,-0.7737396,2.9955459,8.267994,2021:12:23:14:31:39.522
8452,1640237499540,-0.9857394,4.3957033,8.961485,2021:12:23:14:31:39.540
8453,1640237499576,-0.8030842,4.3286295,10.758094,2021:12:23:14:31:39.576
8454,1640237499594,-0.39884716,3.481828,8.263204,2021:12:23:14:31:39.594
8455,1640237499618,-0.37010142,2.5242355,9.1028185,2021:12:23:14:31:39.618
8456,1640237499636,0.16289254,5.0694313,6.6408653,2021:12:23:14:31:39.636
8457,1640237499658,-0.3653105,1.8217615,10.295767,2021:12:23:14:31:39.658
8458,1640237499675,-0.86536664,4.1501665,11.107235,2021:12:23:14:31:39.675
8459,1640237499701,0.42280197,3.1063368,7.8954973,2021:12:23:14:31:39.701
8460,1640237499718,0.88872254,3.9435565,8.687801,2021:12:23:14:31:39.718
8461,1640237499738,0.39884716,3.9531384,10.154433,2021:12:23:14:31:39.738
8462,1640237499756,0.9899315,3.3129468,7.3625035,2021:12:23:14:31:39.756
8463,1640237499777,0.4611296,3.187783,8.781824,2021:12:23:14:31:39.777
8464,1640237499800,0.062282443,3.6453195,7.914661,2021:12:23:14:31:39.800
8465,1640237499818,0.67732155,1.8457162,12.964929,2021:12:23:14:31:39.818
8466,1640237499837,0.9803496,5.3676686,7.5888762,2021:12:23:14:31:39.837
8467,1640237499861,1.1725868,2.586518,7.0373173,2021:12:23:14:31:39.861
8468,1640237499877,0.41322005,4.0687203,10.82397,2021:12:23:14:31:39.877
8469,1640237499901,1.0282592,3.4381106,8.98005,2021:12:23:14:31:39.901
8470,1640237499919,0.37968335,4.102257,8.876446,2021:12:23:14:31:39.919
8471,1640237499940,0.28326535,3.9100199,7.249317,2021:12:23:14:31:39.940
8472,1640237499957,0.08144627,3.3662462,9.163903,2021:12:23:14:31:39.957
8473,1640237499985,0.18265525,2.1918628,9.508253,2021:12:23:14:31:39.985
8474,1640237500002,-0.63001084,5.656324,13.474566,2021:12:23:14:31:40.002
8475,1640237500016,-0.17307332,3.8567204,5.282629,2021:12:23:14:31:40.016
8476,1640237500035,0.14432758,2.889546,7.3110003,2021:12:23:14:31:40.035
8477,1640237500057,-0.97555864,2.1343713,15.672419,2021:12:23:14:31:40.057
8478,1640237500075,-0.43238387,5.935397,4.5280533,2021:12:23:14:31:40.075
8479,1640237500096,-0.97555864,2.9620092,7.2822547,2021:12:23:14:31:40.096
8480,1640237500119,-0.7545757,3.69802,11.540816,2021:12:23:14:31:40.119
8481,1640237500138,-0.3509376,2.793727,9.588502,2021:12:23:14:31:40.138
8482,1640237500156,-0.28865516,5.1125503,8.584197,2021:12:23:14:31:40.156
8483,1640237500176,-0.89411235,4.390912,8.225474,2021:12:23:14:31:40.176
8484,1640237500202,-0.74020284,1.9612981,8.720739,2021:12:23:14:31:40.202
8485,1640237500219,-0.6922933,2.2253995,8.471011,2021:12:23:14:31:40.219
8486,1640237500236,-0.9707677,4.607703,10.536512,2021:12:23:14:31:40.236
8487,1640237500257,-0.51922,2.288281,9.348355,2021:12:23:14:31:40.257
8488,1640237500277,-0.10120897,2.6152637,6.343826,2021:12:23:14:31:40.277
8489,1640237500302,0.18265525,4.304675,9.805292,2021:12:23:14:31:40.302
8490,1640237500319,0.2305648,3.293783,10.626343,2021:12:23:14:31:40.319
8491,1640237500335,-0.30781898,3.298574,8.98005,2021:12:23:14:31:40.335
8492,1640237500352,0.72103906,2.572145,6.6366735,2021:12:23:14:31:40.352
8493,1640237500385,0.9132762,2.8560092,9.701688,2021:12:23:14:31:40.385
8494,1640237500400,-0.1006101,3.885466,9.329191,2021:12:23:14:31:40.400
8495,1640237500419,-0.23535576,3.914811,9.19744,2021:12:23:14:31:40.419
8496,1640237500438,0.37968335,2.6392186,8.739903,2021:12:23:14:31:40.438
8497,1640237500460,0.27368343,2.8176816,8.484785,2021:12:23:14:31:40.460
8498,1640237500478,-0.4419658,4.8430586,10.041247,2021:12:23:14:31:40.478
8499,1640237500501,-0.5335928,3.8567204,7.876932,2021:12:23:14:31:40.501
8500,1640237500516,-0.37968335,3.0530374,9.739417,2021:12:23:14:31:40.516
8501,1640237500536,-0.21140099,3.2458735,8.456638,2021:12:23:14:31:40.536
8502,1640237500555,-0.5048471,3.784856,8.857881,2021:12:23:14:31:40.555
8503,1640237500575,-0.7018752,4.213048,9.871767,2021:12:23:14:31:40.575
8504,1640237500600,-0.24972863,4.2465844,8.687801,2021:12:23:14:31:40.600
8505,1640237500617,-0.19702812,3.1398735,5.9336004,2021:12:23:14:31:40.617
8506,1640237500637,0.09641801,3.5536923,11.376127,2021:12:23:14:31:40.637
8507,1640237500659,0.18265525,4.6651945,8.725531,2021:12:23:14:31:40.659
8508,1640237500683,-0.9803496,2.6344275,8.664446,2021:12:23:14:31:40.683
8509,1640237500705,0.46651945,4.227421,9.574728,2021:12:23:14:31:40.705
8510,1640237500720,-0.28805628,2.8608003,8.758469,2021:12:23:14:31:40.720
8511,1640237500737,-0.34135568,3.3518734,8.329678,2021:12:23:14:31:40.737
8512,1640237500757,0.091627054,3.303365,8.975259,2021:12:23:14:31:40.757
8513,1640237500783,0.2982371,4.025003,9.357338,2021:12:23:14:31:40.783
8514,1640237500800,0.24493769,1.566643,10.078976,2021:12:23:14:31:40.800
8515,1640237500817,0.105999924,4.6412396,8.67822,2021:12:23:14:31:40.817
8516,1640237500834,-0.20661002,3.274619,8.150017,2021:12:23:14:31:40.834
8517,1640237500854,-0.50903916,4.179511,8.357824,2021:12:23:14:31:40.854
8518,1640237500877,-0.7060673,2.879964,10.347868,2021:12:23:14:31:40.877
8519,1640237500903,0.30781898,3.4333196,9.178276,2021:12:23:14:31:40.903
8520,1640237500919,0.37010142,3.2794101,7.8104577,2021:12:23:14:31:40.919
8521,1640237500936,-0.35572857,3.187783,9.45196,2021:12:23:14:31:40.936
8522,1640237500956,0.023954786,3.784856,8.192536,2021:12:23:14:31:40.956
8523,1640237500975,-0.85997677,2.8320546,9.650186,2021:12:23:14:31:40.975
8524,1640237500995,0.16349141,2.586518,8.296141,2021:12:23:14:31:40.995
8525,1640237501020,0.13953662,2.899128,10.965902,2021:12:23:14:31:41.020
8526,1640237501038,0.6875023,3.3273196,9.338773,2021:12:23:14:31:41.038
8527,1640237501056,0.24074559,3.7609012,8.103305,2021:12:23:14:31:41.056
8528,1640237501083,0.6587566,4.1651382,7.442752,2021:12:23:14:31:41.083
8529,1640237501101,1.03844,2.692518,7.631396,2021:12:23:14:31:41.101
8530,1640237501119,1.3312871,2.7452185,11.536026,2021:12:23:14:31:41.119
8531,1640237501137,0.8030842,3.7513194,9.041734,2021:12:23:14:31:41.137
8532,1640237501157,0.6252199,4.0399747,8.933338,2021:12:23:14:31:41.157
8533,1640237501183,0.22637272,2.3026538,8.55126,2021:12:23:14:31:41.183
8534,1640237501200,0.48089233,4.554404,8.753677,2021:12:23:14:31:41.200
8535,1640237501219,0.24493769,2.889546,8.815361,2021:12:23:14:31:41.219
8536,1640237501237,0.37010142,4.3813305,9.895123,2021:12:23:14:31:41.237
8537,1640237501257,-0.062282443,2.0044167,8.782423,2021:12:23:14:31:41.257
8538,1640237501299,0.3653105,3.486619,11.220422,2021:12:23:14:31:41.299
8539,1640237501316,0.26949134,5.1466856,7.075046,2021:12:23:14:31:41.316
8540,1640237501335,0.08204514,4.025003,8.805779,2021:12:23:14:31:41.335
8541,1640237501354,0.56712955,3.4524834,7.452334,2021:12:23:14:31:41.354
8542,1640237501374,0.5767115,2.6200547,10.44249,2021:12:23:14:31:41.374
8543,1640237501399,-0.038327657,2.572145,8.881237,2021:12:23:14:31:41.399
8544,1640237501418,-0.009581914,3.4141557,9.527417,2021:12:23:14:31:41.418
8545,1640237501435,-0.25931054,4.1501665,8.673429,2021:12:23:14:31:41.435
8546,1640237501458,-0.98514056,2.8176816,8.565034,2021:12:23:14:31:41.458
8547,1640237501475,-1.0378411,3.6501105,9.960999,2021:12:23:14:31:41.475
8548,1640237501499,-0.44675675,3.8710933,8.602762,2021:12:23:14:31:41.499
8549,1640237501517,-0.25931054,2.5433993,7.244526,2021:12:23:14:31:41.517
8550,1640237501536,-0.49945727,3.3949919,8.371598,2021:12:23:14:31:41.536
8551,1640237501559,-0.16828237,3.4620655,9.960999,2021:12:23:14:31:41.559
8552,1640237501583,-0.7689486,3.5489016,7.735,2021:12:23:14:31:41.583
8553,1640237501602,-0.74978477,2.9087098,9.876558,2021:12:23:14:31:41.602
8554,1640237501620,-0.76415765,3.6549015,12.045664,2021:12:23:14:31:41.620
8555,1640237501636,-0.8839316,4.2657485,9.145338,2021:12:23:14:31:41.636
8556,1640237501658,-1.0378411,3.1255007,8.55126,2021:12:23:14:31:41.658
8557,1640237501682,-0.49945727,3.3225288,13.530861,2021:12:23:14:31:41.682
8558,1640237501702,-0.4515477,4.5400305,5.773103,2021:12:23:14:31:41.702
8559,1640237501719,-0.64857584,2.494891,7.0139613,2021:12:23:14:31:41.719
8560,1640237501739,0.58150244,3.8567204,10.196953,2021:12:23:14:31:41.739
8561,1640237501755,0.32698283,2.5913088,9.673541,2021:12:23:14:31:41.755
8562,1640237501775,-0.66294867,2.5673542,5.7353745,2021:12:23:14:31:41.775
8563,1640237501801,-0.21619193,3.409365,9.419022,2021:12:23:14:31:41.801
8564,1640237501818,0.2838642,2.7548003,11.767189,2021:12:23:14:31:41.818
8565,1640237501834,-0.07186436,2.7643821,8.145824,2021:12:23:14:31:41.834
8566,1640237501854,-0.418011,3.2698283,7.796684,2021:12:23:14:31:41.854
8567,1640237501876,-0.095819145,2.182281,11.422839,2021:12:23:14:31:41.876
8568,1640237501901,0.3653105,2.3457723,10.347868,2021:12:23:14:31:41.901
8569,1640237501917,0.5096381,4.506494,7.419396,2021:12:23:14:31:41.917
8570,1640237501937,0.51442903,3.1446645,6.735487,2021:12:23:14:31:41.937
8571,1640237501957,0.41381893,2.4134445,7.1552944,2021:12:23:14:31:41.957
8572,1640237501984,-0.023954786,1.8115807,12.616386,2021:12:23:14:31:41.984
8573,1640237501998,0.8845304,5.208968,12.687054,2021:12:23:14:31:41.998
8574,1640237502017,0.4521466,5.026313,7.3295655,2021:12:23:14:31:42.017
8575,1640237502037,0.19223715,2.7308455,5.245499,2021:12:23:14:31:42.037
8576,1640237502064,0.7935023,3.2602463,9.763371,2021:12:23:14:31:42.064
8577,1640237502081,1.3217053,3.9052289,12.060037,2021:12:23:14:31:42.081
8578,1640237502100,1.0719767,3.6549015,9.40944,2021:12:23:14:31:42.100
8579,1640237502117,0.5916832,3.1829922,7.43317,2021:12:23:14:31:42.117
8580,1640237502139,0.54317474,1.9032077,10.3245125,2021:12:23:14:31:42.139
8581,1640237502156,0.043717485,4.5017033,7.782311,2021:12:23:14:31:42.156
8582,1640237502183,-0.18744619,4.0447655,6.5701985,2021:12:23:14:31:42.183
8583,1640237502199,0.12995471,2.7116816,10.659281,2021:12:23:14:31:42.199
8584,1640237502217,-0.2976382,1.5474792,10.135869,2021:12:23:14:31:42.217
8585,1640237502233,-0.7833215,2.7595913,8.999214,2021:12:23:14:31:42.233
8586,1640237502259,-0.047909573,4.2753305,9.96579,2021:12:23:14:31:42.259
8587,1640237502282,-0.4515477,3.486619,9.555564,2021:12:23:14:31:42.282
8588,1640237502299,-0.5575476,2.894337,8.24943,2021:12:23:14:31:42.299
8589,1640237502315,-0.418011,3.1590374,7.584085,2021:12:23:14:31:42.315
8590,1640237502336,-0.13953662,3.1350825,10.31014,2021:12:23:14:31:42.336
8591,1640237502357,-0.44675675,2.3074448,8.206909,2021:12:23:14:31:42.357
8592,1640237502382,-0.65336674,3.390201,7.772729,2021:12:23:14:31:42.382
8593,1640237502402,-0.37968335,3.288992,11.107235,2021:12:23:14:31:42.402
8594,1640237502415,-0.54317474,4.1357937,11.201258,2021:12:23:14:31:42.415
8595,1640237502437,-0.74978477,4.001048,9.843021,2021:12:23:14:31:42.437
8596,1640237502464,-0.34135568,4.309466,6.7780066,2021:12:23:14:31:42.464
8597,1640237502481,-0.45633867,2.8272636,9.678332,2021:12:23:14:31:42.481
8598,1640237502500,-0.6725306,3.59202,13.281132,2021:12:23:14:31:42.500
8599,1640237502518,-0.56712955,4.400494,5.438335,2021:12:23:14:31:42.518
8600,1640237502539,-0.4850844,1.8600891,7.43317,2021:12:23:14:31:42.539
8601,1640237502556,-0.16828237,2.8080997,10.041247,2021:12:23:14:31:42.556
8602,1640237502581,-0.72103906,3.0195007,7.942808,2021:12:23:14:31:42.581
8603,1640237502600,-0.004790957,4.2705393,6.386346,2021:12:23:14:31:42.600
8604,1640237502618,-0.25931054,2.976382,10.253247,2021:12:23:14:31:42.618
8605,1640237502638,-0.23535576,2.7985177,9.545982,2021:12:23:14:31:42.638
8606,1640237502666,-0.34135568,2.1439533,9.230378,2021:12:23:14:31:42.666
8607,1640237502681,0.22577386,4.319048,11.625856,2021:12:23:14:31:42.681
8608,1640237502696,0.43717483,3.799229,10.517348,2021:12:23:14:31:42.696
8609,1640237502716,0.0,2.6104727,7.796684,2021:12:23:14:31:42.716
8610,1640237502736,0.14911854,3.702811,7.8392034,2021:12:23:14:31:42.736
8611,1640237502755,0.38926527,2.4469814,9.895123,2021:12:23:14:31:42.755
8612,1640237502783,0.30302805,2.5529811,9.31961,2021:12:23:14:31:42.783
8613,1640237502798,0.4084291,3.3321106,7.6505594,2021:12:23:14:31:42.798
8614,1640237502816,0.63420296,4.5017033,9.484898,2021:12:23:14:31:42.816
8615,1640237502836,0.5096381,3.1782012,8.730322,2021:12:23:14:31:42.836
8616,1640237502866,0.6389939,3.1494553,8.866864,2021:12:23:14:31:42.866
8617,1640237502881,1.047423,4.9346857,8.300932,2021:12:23:14:31:42.881
8618,1640237502900,0.24014673,2.8128908,9.291462,2021:12:23:14:31:42.900
8619,1640237502919,-0.13953662,2.4326084,11.696523,2021:12:23:14:31:42.919
8620,1640237502938,0.33656475,2.9955459,8.744695,2021:12:23:14:31:42.938
8621,1640237502964,0.09102818,2.5577722,9.1686945,2021:12:23:14:31:42.964
8622,1640237502981,-0.23535576,3.187783,10.517348,2021:12:23:14:31:42.981
8623,1640237503000,-0.25931054,3.2219186,9.376502,2021:12:23:14:31:43.000
8624,1640237503019,-0.24493769,3.390201,8.414119,2021:12:23:14:31:43.019
8625,1640237503055,-0.78811246,2.9332635,8.192536,2021:12:23:14:31:43.055
8626,1640237503075,-0.2838642,3.3225288,9.012988,2021:12:23:14:31:43.075
8627,1640237503080,-0.0670734,3.496201,9.055508,2021:12:23:14:31:43.080
8628,1640237503102,-0.39884716,3.5393195,9.201632,2021:12:23:14:31:43.102
8629,1640237503136,-0.6779204,4.2753305,8.782423,2021:12:23:14:31:43.136
8630,1640237503154,-0.6922933,2.470936,9.3998575,2021:12:23:14:31:43.154
8631,1640237503181,-0.6581577,4.4585843,7.947599,2021:12:23:14:31:43.181
8632,1640237503200,-0.7737396,2.2206087,7.452334,2021:12:23:14:31:43.200
8633,1640237503217,-0.97555864,2.5194445,10.706592,2021:12:23:14:31:43.217
8634,1640237503236,-0.50903916,3.5728562,11.8145,2021:12:23:14:31:43.236
8635,1640237503256,-0.3844743,3.3273196,8.141034,2021:12:23:14:31:43.256
8636,1640237503281,-0.44675675,2.6440094,7.5325823,2021:12:23:14:31:43.281
8637,1640237503297,-0.48987538,3.4381106,8.683011,2021:12:23:14:31:43.297
8638,1640237503316,-0.6869035,3.4333196,9.244152,2021:12:23:14:31:43.316
8639,1640237503337,-0.36950257,3.380619,8.414119,2021:12:23:14:31:43.337
8640,1640237503365,-0.004790957,3.005128,8.833926,2021:12:23:14:31:43.365
8641,1640237503381,-0.35033873,2.7020998,11.206049,2021:12:23:14:31:43.381
8642,1640237503398,-0.2305648,2.9572182,8.003893,2021:12:23:14:31:43.398
8643,1640237503420,0.22158177,3.7459295,7.372085,2021:12:23:14:31:43.420
8644,1640237503437,0.71145713,4.2082567,10.329304,2021:12:23:14:31:43.437
8645,1640237503465,0.38028222,3.0195007,8.5746155,2021:12:23:14:31:43.465
8646,1640237503482,0.07246323,2.5577722,8.782423,2021:12:23:14:31:43.482
8647,1640237503500,0.8318299,3.2842011,11.050343,2021:12:23:14:31:43.500
8648,1640237503517,0.6491747,3.5297377,8.239847,2021:12:23:14:31:43.517
8649,1640237503547,0.19762698,2.7068908,9.701688,2021:12:23:14:31:43.547
8650,1640237503556,0.19283602,3.7363477,10.088558,2021:12:23:14:31:43.556
8651,1640237503578,0.22158177,4.025003,7.8104577,2021:12:23:14:31:43.578
8652,1640237503597,-0.1772654,2.1583261,9.244152,2021:12:23:14:31:43.597
8653,1640237503617,-0.29284725,2.7356365,11.022196,2021:12:23:14:31:43.617
8654,1640237503635,-0.12935585,4.1357937,8.8387165,2021:12:23:14:31:43.635
8655,1640237503666,-0.0335367,3.2650373,8.744695,2021:12:23:14:31:43.666
8656,1640237503680,-0.35992065,3.3225288,9.338773,2021:12:23:14:31:43.680
8657,1640237503697,-0.48029345,3.6884382,8.456638,2021:12:23:14:31:43.697
8658,1640237503719,-0.16289254,2.8655913,8.989632,2021:12:23:14:31:43.719
8659,1640237503736,-0.2784744,3.7656922,9.640603,2021:12:23:14:31:43.736
8660,1640237503768,-0.50903916,4.1843023,9.216004,2021:12:23:14:31:43.768
8661,1640237503781,-0.32638395,2.6440094,8.674027,2021:12:23:14:31:43.781
8662,1640237503800,-0.31680202,2.870382,9.687914,2021:12:23:14:31:43.800
8663,1640237503817,-0.29284725,3.3369017,7.711644,2021:12:23:14:31:43.817
8664,1640237503836,-0.5186211,2.7404275,8.702175,2021:12:23:14:31:43.836
8665,1640237503864,-0.24493769,3.1398735,9.541191,2021:12:23:14:31:43.864
8666,1640237503883,-0.22577386,2.9135008,8.239847,2021:12:23:14:31:43.883
8667,1640237503899,-0.33596587,2.7452185,8.928548,2021:12:23:14:31:43.899
8668,1640237503919,0.091627054,3.6063929,9.909496,2021:12:23:14:31:43.919
8669,1640237503947,0.04850844,3.9052289,8.414119,2021:12:23:14:31:43.947
8670,1640237503964,-0.028146872,2.985964,8.018266,2021:12:23:14:31:43.964
8671,1640237503981,-0.0670734,3.3614552,8.796197,2021:12:23:14:31:43.981
8672,1640237503998,0.00059886964,2.9182918,11.079088,2021:12:23:14:31:43.998
8673,1640237504015,0.15929933,3.4429016,8.494367,2021:12:23:14:31:44.015
8674,1640237504033,-0.2012202,2.1631172,9.654377,2021:12:23:14:31:44.033
8675,1640237504063,0.27907324,3.6165738,8.753677,2021:12:23:14:31:44.063
8676,1640237504080,-0.5138301,3.0386646,11.979788,2021:12:23:14:31:44.080
8677,1640237504098,0.44735563,4.732867,4.622675,2021:12:23:14:31:44.098
8678,1640237504117,-0.19163829,2.3266084,5.9479733,2021:12:23:14:31:44.117
8679,1640237504137,-0.18205637,2.4565632,13.814126,2021:12:23:14:31:44.137
8680,1640237504155,0.38028222,3.9531384,9.904705,2021:12:23:14:31:44.155
8681,1640237504178,0.24074559,3.3081558,7.772729,2021:12:23:14:31:44.178
8682,1640237504196,-0.023355916,4.2753305,9.348355,2021:12:23:14:31:44.196
8683,1640237504217,-0.16349141,3.2027547,9.348355,2021:12:23:14:31:44.217
8684,1640237504236,-0.19702812,2.9668002,8.597971,2021:12:23:14:31:44.236
8685,1640237504262,-0.50424826,2.3266084,8.6404915,2021:12:23:14:31:44.262
8686,1640237504278,-0.110192016,4.0687203,7.621814,2021:12:23:14:31:44.278
8687,1640237504299,0.058090355,2.2253995,10.564659,2021:12:23:14:31:44.299
8688,1640237504316,0.13474567,1.1138976,9.5651455,2021:12:23:14:31:44.316
8689,1640237504346,-0.14432758,4.6412396,8.244638,2021:12:23:14:31:44.346
8690,1640237504362,0.68271136,3.885466,7.5182095,2021:12:23:14:31:44.362
8691,1640237504379,-0.22577386,2.8847551,10.626343,2021:12:23:14:31:44.379
8692,1640237504396,0.13953662,3.2602463,10.890445,2021:12:23:14:31:44.396
8693,1640237504416,0.37010142,3.9579294,8.447056,2021:12:23:14:31:44.416
8694,1640237504434,0.110790886,3.274619,8.287158,2021:12:23:14:31:44.434
8695,1640237504455,0.06767227,3.1734102,8.81057,2021:12:23:14:31:44.455
8696,1640237504481,-0.13953662,2.8080997,9.352547,2021:12:23:14:31:44.481
8697,1640237504496,0.06767227,2.8847551,9.654377,2021:12:23:14:31:44.496
8698,1640237504515,0.14432758,4.121421,8.966276,2021:12:23:14:31:44.515
8699,1640237504537,0.10120897,3.9052289,7.032526,2021:12:23:14:31:44.537
8700,1640237504555,-0.2641015,2.5044727,9.012988,2021:12:23:14:31:44.555
8701,1640237504582,0.052700527,3.0578284,11.376127,2021:12:23:14:31:44.582
8702,1640237504601,0.12516375,4.4537935,8.541677,2021:12:23:14:31:44.601
8703,1640237504614,-0.124564886,3.6213646,6.9522777,2021:12:23:14:31:44.614
8704,1640237504637,-0.5479657,2.7691731,11.970206,2021:12:23:14:31:44.637
8705,1640237504664,-0.019163828,3.587229,7.640978,2021:12:23:14:31:44.664
8706,1640237504677,-0.15390949,1.7349254,8.862073,2021:12:23:14:31:44.677
8707,1640237504699,0.27907324,3.0338736,9.980163,2021:12:23:14:31:44.699
8708,1640237504718,0.120372795,2.6973088,8.296141,2021:12:23:14:31:44.718
8709,1640237504739,-0.28805628,3.0434556,8.282367,2021:12:23:14:31:44.739
8710,1640237504763,-0.5575476,1.3019426,10.144852,2021:12:23:14:31:44.763
8711,1640237504782,-0.64857584,3.8471386,9.395067,2021:12:23:14:31:44.782
8712,1640237504798,-0.4850844,3.2219186,7.47569,2021:12:23:14:31:44.798
8713,1640237504819,-0.51922,2.3846989,11.819291,2021:12:23:14:31:44.819
8714,1640237504839,0.25451958,3.2123368,10.423326,2021:12:23:14:31:44.839
8715,1640237504861,0.41322005,4.107048,5.438335,2021:12:23:14:31:44.861
8716,1640237504895,0.74020284,1.3019426,10.909009,2021:12:23:14:31:44.895
8717,1640237504914,2.4511733,3.9291837,10.810196,2021:12:23:14:31:44.914
8718,1640237504934,1.1965415,3.6357377,5.8820977,2021:12:23:14:31:44.934
8719,1640237504954,-0.8893214,2.288281,8.899801,2021:12:23:14:31:44.954
8720,1640237504979,-1.5331063,3.4381106,10.229891,2021:12:23:14:31:44.979
8721,1640237504996,-0.22577386,4.01063,8.654864,2021:12:23:14:31:44.996
8722,1640237505017,0.95160383,4.0543475,11.498297,2021:12:23:14:31:45.017
8723,1640237505036,-1.4175245,3.4476924,9.041734,2021:12:23:14:31:45.036
8724,1640237505061,-2.417038,3.8136017,8.966276,2021:12:23:14:31:45.061
8725,1640237505079,-0.42280197,4.482539,9.329191,2021:12:23:14:31:45.079
8726,1640237505098,-0.4515477,2.7643821,8.300932,2021:12:23:14:31:45.098
8727,1640237505118,-0.9563948,4.554404,7.075046,2021:12:23:14:31:45.118
8728,1640237505138,-0.5288019,4.111839,10.022682,2021:12:23:14:31:45.138
8729,1640237505165,-0.2784744,3.091964,9.550773,2021:12:23:14:31:45.165
8730,1640237505183,-0.85997677,4.189093,8.405135,2021:12:23:14:31:45.183
8731,1640237505197,-1.2785866,4.1549573,7.7068534,2021:12:23:14:31:45.197
8732,1640237505219,-0.75517464,4.7137027,8.145226,2021:12:23:14:31:45.219
8733,1640237505236,-0.7743384,4.2897034,10.201744,2021:12:23:14:31:45.236
8734,1640237505263,-0.34674552,4.578957,8.475802,2021:12:23:14:31:45.263
8735,1640237505279,0.4078302,3.082382,8.479994,2021:12:23:14:31:45.279
8736,1640237505301,0.6437849,3.3662462,11.588127,2021:12:23:14:31:45.301
8737,1640237505316,0.5425759,3.192574,9.6639595,2021:12:23:14:31:45.316
8738,1640237505336,-0.89411235,3.3081558,6.891193,2021:12:23:14:31:45.336
8739,1640237505354,-2.1199985,5.1945953,6.70734,2021:12:23:14:31:45.354
8740,1640237505383,-2.3553543,4.2801213,10.097541,2021:12:23:14:31:45.383
8741,1640237505400,-1.6486881,3.4722462,10.323914,2021:12:23:14:31:45.400
8742,1640237505415,-1.024067,3.789647,6.8343005,2021:12:23:14:31:45.415
8743,1640237505435,-0.63959277,2.2403712,10.423326,2021:12:23:14:31:45.435
8744,1640237505460,0.22996594,4.708313,10.649698,2021:12:23:14:31:45.460
8745,1640237505479,0.3982483,2.6296365,0.22757046,2021:12:23:14:31:45.479
8746,1640237505497,0.5521578,1.3498522,13.545234,2021:12:23:14:31:45.497
8747,1640237505519,1.7630723,4.4585843,10.48441,2021:12:23:14:31:45.519
8748,1640237505536,1.5612532,2.9380543,6.924131,2021:12:23:14:31:45.536
8749,1640237505560,0.6527679,2.3846989,13.427256,2021:12:23:14:31:45.560
8750,1640237505578,1.9792641,4.2465844,8.654864,2021:12:23:14:31:45.578
8751,1640237505597,1.5612532,4.5741663,5.6036234,2021:12:23:14:31:45.597
8752,1640237505618,0.09042931,4.6508217,10.258038,2021:12:23:14:31:45.618
8753,1640237505637,0.6288131,3.3177378,7.3104014,2021:12:23:14:31:45.637
8754,1640237505660,1.4360894,4.881985,8.6075535,2021:12:23:14:31:45.660
8755,1640237505677,0.68151367,3.702811,12.196579,2021:12:23:14:31:45.677
8756,1640237505701,1.4360894,0.8641689,8.173972,2021:12:23:14:31:45.701
8757,1640237505715,1.4504622,7.744582,2.8212748,2021:12:23:14:31:45.715
8758,1640237505734,0.38387543,2.8033087,12.828386,2021:12:23:14:31:45.734
8759,1640237505753,1.4121346,4.891567,8.777034,2021:12:23:14:31:45.753
8760,1640237505779,-0.04850844,4.3957033,8.220683,2021:12:23:14:31:45.779
8761,1640237505794,0.042519744,2.5146537,9.098027,2021:12:23:14:31:45.794
8762,1640237505815,0.43178502,2.6200547,9.3998575,2021:12:23:14:31:45.815
8763,1640237505835,0.43178502,2.692518,10.451473,2021:12:23:14:31:45.835
8764,1640237505860,-0.5677284,2.8464274,8.805779,2021:12:23:14:31:45.860
8765,1640237505878,-0.8899203,4.7137027,9.456152,2021:12:23:14:31:45.878
8766,1640237505897,0.35992065,4.939477,7.1738596,2021:12:23:14:31:45.897
8767,1640237505916,0.57611257,2.5481904,10.541304,2021:12:23:14:31:45.916
8768,1640237505944,1.0180783,3.8519294,6.4007187,2021:12:23:14:31:45.944
8769,1640237505960,0.32099414,3.7656922,11.140173,2021:12:23:14:31:45.960
8770,1640237505980,0.61444026,2.6248455,9.145338,2021:12:23:14:31:45.980
8771,1640237505997,1.1186885,4.496912,7.5655203,2021:12:23:14:31:45.997
8772,1640237506019,0.87854177,2.5577722,8.555451,2021:12:23:14:31:46.019
8773,1640237506036,0.6958865,3.6596923,9.19205,2021:12:23:14:31:46.036
8774,1640237506058,0.45094883,3.0290825,11.092862,2021:12:23:14:31:46.058
8775,1640237506082,0.023355916,3.780065,9.602875,2021:12:23:14:31:46.082
8776,1640237506100,-0.40004492,3.3710372,7.4942546,2021:12:23:14:31:46.100
8777,1640237506118,-0.27488115,3.707602,9.857394,2021:12:23:14:31:46.118
8778,1640237506144,-0.2700902,2.7020998,9.5651455,2021:12:23:14:31:46.144
8779,1640237506159,-0.71684694,3.8279748,7.8907065,2021:12:23:14:31:46.159
8780,1640237506176,-0.601864,3.5345285,11.409065,2021:12:23:14:31:46.176
8781,1640237506194,0.31620318,3.9052289,8.550661,2021:12:23:14:31:46.194
8782,1640237506217,-0.17307332,2.4517722,8.55605,2021:12:23:14:31:46.217
8783,1640237506233,-0.08623723,4.405285,10.517947,2021:12:23:14:31:46.233
8784,1640237506259,-0.37489238,4.6891494,4.6508217,2021:12:23:14:31:46.259
8785,1640237506279,-0.56712955,4.284912,6.87682,2021:12:23:14:31:46.279
8786,1640237506295,-0.124564886,2.5433993,14.281244,2021:12:23:14:31:46.295
8787,1640237506315,-0.6054572,3.6549015,10.376016,2021:12:23:14:31:46.315
8788,1640237506344,-1.773253,3.601602,5.490437,2021:12:23:14:31:46.344
8789,1640237506361,-1.1294681,3.481828,8.984841,2021:12:23:14:31:46.361
8790,1640237506378,-1.2492421,3.0242918,10.729947,2021:12:23:14:31:46.378
8791,1640237506397,-2.402665,3.7171838,8.438073,2021:12:23:14:31:46.397
8792,1640237506417,-2.090055,3.486619,9.447168,2021:12:23:14:31:46.417
8793,1640237506444,-1.0570049,4.2609572,8.244638,2021:12:23:14:31:46.444
8794,1640237506460,-1.047423,3.375828,9.286672,2021:12:23:14:31:46.460
8795,1640237506478,-0.9659767,2.3505633,8.961485,2021:12:23:14:31:46.478
8796,1640237506499,-1.1821686,4.8867764,8.442864,2021:12:23:14:31:46.499
8797,1640237506519,-1.2252873,5.3772507,7.560729,2021:12:23:14:31:46.519
8798,1640237506543,-1.55227,2.6392186,10.932964,2021:12:23:14:31:46.543
8799,1640237506562,0.06767227,3.49141,8.244638,2021:12:23:14:31:46.562
8800,1640237506578,0.32698283,3.6453195,7.621814,2021:12:23:14:31:46.578
8801,1640237506600,0.043717485,4.0351834,7.560729,2021:12:23:14:31:46.600
8802,1640237506627,0.30781898,3.3177378,9.763371,2021:12:23:14:31:46.627
8803,1640237506660,0.74020284,3.5536923,10.480219,2021:12:23:14:31:46.660
8804,1640237506677,0.87494856,3.481828,8.320096,2021:12:23:14:31:46.677
8805,1640237506695,0.12516375,3.6165738,8.145824,2021:12:23:14:31:46.695
8806,1640237506715,-0.1772654,2.9230826,8.782423,2021:12:23:14:31:46.715
8807,1640237506727,0.18325411,3.2602463,10.060411,2021:12:23:14:31:46.727
8808,1640237506744,0.36590934,3.7704833,8.546469,2021:12:23:14:31:46.744
8809,1640237506779,-0.1772654,4.1453757,9.126773,2021:12:23:14:31:46.779
8810,1640237506795,0.6875023,3.4333196,9.475315,2021:12:23:14:31:46.795
8811,1640237506814,0.5773103,4.424449,8.508739,2021:12:23:14:31:46.814
8812,1640237506842,0.39465508,4.2082567,7.391249,2021:12:23:14:31:46.842
8813,1640237506862,0.22158177,3.991466,8.800988,2021:12:23:14:31:46.862
8814,1640237506879,0.52940077,4.708313,9.0369425,2021:12:23:14:31:46.879
8815,1640237506897,0.15450837,3.082382,8.951903,2021:12:23:14:31:46.897
8816,1640237506915,-0.5713216,3.789647,9.041734,2021:12:23:14:31:46.915
8817,1640237506943,-0.54736686,3.3225288,8.584197,2021:12:23:14:31:46.943
8818,1640237506960,-0.8210503,3.0626192,9.480106,2021:12:23:14:31:46.960
8819,1640237506980,0.06288131,3.1398735,7.603249,2021:12:23:14:31:46.980
8820,1640237506997,-0.19163829,3.6405284,8.621926,2021:12:23:14:31:46.997
8821,1640237507026,-0.5138301,3.4381106,10.597597,2021:12:23:14:31:47.026
8822,1640237507042,-0.88872254,3.2506645,9.447168,2021:12:23:14:31:47.042
8823,1640237507059,-1.1863607,3.6596923,6.5941534,2021:12:23:14:31:47.059
8824,1640237507077,-0.45094883,3.3321106,9.159711,2021:12:23:14:31:47.077
8825,1640237507102,0.07725418,3.7171838,10.131078,2021:12:23:14:31:47.102
8826,1640237507117,0.25511846,3.693229,8.173972,2021:12:23:14:31:47.117
8827,1640237507134,-0.0808474,3.991466,8.862672,2021:12:23:14:31:47.134
8828,1640237507159,-0.018564958,3.5536923,9.730433,2021:12:23:14:31:47.159
8829,1640237507176,0.5677284,2.5194445,9.504061,2021:12:23:14:31:47.176
8830,1640237507195,0.707265,3.4668562,8.602762,2021:12:23:14:31:47.195
8831,1640237507219,0.24014673,3.7363477,10.013101,2021:12:23:14:31:47.219
8832,1640237507243,0.8605757,4.977804,7.43317,2021:12:23:14:31:47.243
8833,1640237507259,0.14432758,2.4326084,10.149643,2021:12:23:14:31:47.259
8834,1640237507276,0.3174009,3.4572744,8.909384,2021:12:23:14:31:47.276
8835,1640237507298,-0.48029345,4.193884,8.683011,2021:12:23:14:31:47.298
8836,1640237507318,-0.5910843,2.8464274,12.357076,2021:12:23:14:31:47.318
8837,1640237507345,-0.8989033,5.0406857,10.588614,2021:12:23:14:31:47.345
8838,1640237507359,-0.4946663,4.097466,-0.86656433,2021:12:23:14:31:47.359
8839,1640237507378,-0.836022,2.9380543,11.154546,2021:12:23:14:31:47.378
8840,1640237507396,0.5096381,2.687727,8.305723,2021:12:23:14:31:47.396
8841,1640237507426,0.48568326,4.612494,3.5854325,2021:12:23:14:31:47.426
8842,1640237507444,-0.0335367,1.4318973,14.205787,2021:12:23:14:31:47.444
8843,1640237507460,0.5767115,4.3957033,13.149381,2021:12:23:14:31:47.460
8844,1640237507477,0.56712955,3.6692743,6.056369,2021:12:23:14:31:47.477
8845,1640237507497,-0.24014673,3.9196017,10.762885,2021:12:23:14:31:47.497
8846,1640237507517,0.82164913,2.889546,7.1882324,2021:12:23:14:31:47.517
8847,1640237507544,0.76415765,4.8430586,10.366433,2021:12:23:14:31:47.544
8848,1640237507561,0.7976943,-1.1234795,10.758094,2021:12:23:14:31:47.561
8849,1640237507576,1.8457162,4.804731,7.5044355,2021:12:23:14:31:47.576
8850,1640237507594,0.7689486,3.7171838,8.6075535,2021:12:23:14:31:47.594
8851,1640237507617,1.6295242,3.69802,7.688288,2021:12:23:14:31:47.617
8852,1640237507642,0.9132762,3.0195007,9.786728,2021:12:23:14:31:47.642
8853,1640237507661,1.249841,9.919677,5.97612,2021:12:23:14:31:47.661
8854,1640237507677,0.009581914,1.0468241,10.295767,2021:12:23:14:31:47.677
8855,1640237507696,0.86536664,2.9572182,9.810083,2021:12:23:14:31:47.696
8856,1640237507716,-0.43717483,2.172699,10.1262865,2021:12:23:14:31:47.716
8857,1640237507742,-0.4755025,3.4668562,9.117191,2021:12:23:14:31:47.742
8858,1640237507760,-0.7833215,3.6836472,8.461429,2021:12:23:14:31:47.760
8859,1640237507778,-0.8024853,3.9196017,9.178276,2021:12:23:14:31:47.778
8860,1640237507797,-1.1294681,3.4716473,9.235168,2021:12:23:14:31:47.797
8861,1640237507818,-0.34135568,3.4476924,10.404162,2021:12:23:14:31:47.818
8862,1640237507841,-0.14911854,4.617285,7.1882324,2021:12:23:14:31:47.841
8863,1640237507859,-0.7018752,3.5680654,8.008683,2021:12:23:14:31:47.859
8864,1640237507877,-0.5288019,3.7459295,9.206423,2021:12:23:14:31:47.877
8865,1640237507900,-1.1007224,3.7944381,9.296253,2021:12:23:14:31:47.900
8866,1640237507916,-1.7157615,3.4429016,8.244638,2021:12:23:14:31:47.916
8867,1640237507941,-0.6964854,2.182281,9.461541,2021:12:23:14:31:47.941
8868,1640237507959,-0.32219186,2.7691731,10.102931,2021:12:23:14:31:47.959
8869,1640237507980,-0.4946663,3.5824382,8.173972,2021:12:23:14:31:47.980
8870,1640237507997,-0.2641015,3.2410824,8.173972,2021:12:23:14:31:47.997
8871,1640237508025,0.3509376,3.5824382,9.895123,2021:12:23:14:31:48.025
8872,1640237508042,0.35572857,2.9236815,9.277089,2021:12:23:14:31:48.042
8873,1640237508059,-0.6054572,3.3321106,8.824344,2021:12:23:14:31:48.059
8874,1640237508077,-0.07186436,3.789647,8.451847,2021:12:23:14:31:48.077
8875,1640237508096,-0.19223715,3.9579294,8.697384,2021:12:23:14:31:48.096
8876,1640237508115,0.5383838,3.5249467,7.914661,2021:12:23:14:31:48.115
8877,1640237508141,0.24014673,4.3142567,0.062282443,2021:12:23:14:31:48.141
8878,1640237508158,-0.65336674,-0.27667776,15.6861925,2021:12:23:14:31:48.158
8879,1640237508175,1.4947786,6.306097,20.765205,2021:12:23:14:31:48.175
8880,1640237508196,-1.2737957,3.8327656,4.6083016,2021:12:23:14:31:48.196
8881,1640237508216,-0.54736686,5.3341317,8.975858,2021:12:23:14:31:48.216
8882,1640237508238,0.10120897,3.4620655,7.5511475,2021:12:23:14:31:48.238
8883,1640237508262,-0.48987538,4.8676124,7.8817234,2021:12:23:14:31:48.262
8884,1640237508281,-0.52341205,3.1638284,8.16439,2021:12:23:14:31:48.281
8885,1640237508300,-0.5138301,3.8423476,8.527305,2021:12:23:14:31:48.300
8886,1640237508333,-0.30722013,2.5044727,6.867238,2021:12:23:14:31:48.333
8887,1640237508358,0.21679081,0.89770555,12.663697,2021:12:23:14:31:48.358
8888,1640237508376,0.4952652,5.5119963,7.5325823,2021:12:23:14:31:48.376
8889,1640237508392,-1.8019987,10.473032,6.9570684,2021:12:23:14:31:48.392
8890,1640237508416,-0.6581577,-0.41142344,9.338773,2021:12:23:14:31:48.416
8891,1640237508432,-1.0138863,2.095445,9.419022,2021:12:23:14:31:48.432
8892,1640237508458,1.331886,1.0468241,11.456376,2021:12:23:14:31:48.458
8893,1640237508474,0.2503275,3.4770372,9.810083,2021:12:23:14:31:48.474
8894,1640237508495,-0.75876784,3.077591,6.2168655,2021:12:23:14:31:48.495
8895,1640237508516,-1.0665869,3.2075458,9.017779,2021:12:23:14:31:48.516
8896,1640237508542,-0.69169444,3.4476924,12.403788,2021:12:23:14:31:48.542
8897,1640237508557,-0.26889247,5.810233,8.320096,2021:12:23:14:31:48.557
8898,1640237508576,-0.97975075,3.1063368,7.5559382,2021:12:23:14:31:48.576
8899,1640237508596,-0.9030954,3.1350825,9.650186,2021:12:23:14:31:48.596
8900,1640237508616,-0.15810159,3.611184,7.942808,2021:12:23:14:31:48.616
8901,1640237508639,-0.66294867,4.087884,12.272037,2021:12:23:14:31:48.639
8902,1640237508657,-0.528203,4.530449,8.348243,2021:12:23:14:31:48.657
8903,1640237508677,0.105999924,3.7752743,7.570311,2021:12:23:14:31:48.677
8904,1640237508698,0.8845304,2.7212636,8.418909,2021:12:23:14:31:48.698
8905,1640237508725,1.1636037,3.914811,9.310626,2021:12:23:14:31:48.725
8906,1640237508741,0.89411235,5.516787,8.300932,2021:12:23:14:31:48.741
8907,1640237508757,0.96657556,2.5146537,7.103193,2021:12:23:14:31:48.757
8908,1640237508780,0.44735563,1.8265524,10.206535,2021:12:23:14:31:48.780
8909,1640237508799,1.6055695,2.2253995,9.928061,2021:12:23:14:31:48.799
8910,1640237508828,2.6098738,1.9756709,7.136131,2021:12:23:14:31:48.828
8911,1640237508844,1.8798518,4.9921775,7.4475427,2021:12:23:14:31:48.844
8912,1640237508859,0.8414118,1.8115807,9.904705,2021:12:23:14:31:48.859
8913,1640237508877,0.34674552,2.7595913,10.480219,2021:12:23:14:31:48.877
8914,1640237508905,-0.09102818,3.7123928,12.569076,2021:12:23:14:31:48.905
8915,1640237508923,-0.7156492,5.2664595,8.508739,2021:12:23:14:31:48.923
8916,1640237508941,-1.3498522,5.247296,5.132313,2021:12:23:14:31:48.941
8917,1640237508961,-0.64857584,3.2602463,11.220422,2021:12:23:14:31:48.961
8918,1640237508978,0.120971665,4.9011493,8.730322,2021:12:23:14:31:48.978
8919,1640237508994,0.12576263,4.203466,8.541677,2021:12:23:14:31:48.994
8920,1640237509024,-0.3551297,3.4237378,9.130965,2021:12:23:14:31:49.024
8921,1640237509041,-0.09102818,3.7609012,5.646143,2021:12:23:14:31:49.041
8922,1640237509057,-0.27368343,4.4585843,11.578546,2021:12:23:14:31:49.057
8923,1640237509078,-0.53778493,4.7951493,8.3434515,2021:12:23:14:31:49.078
8924,1640237509099,-0.5186211,4.9634314,9.814875,2021:12:23:14:31:49.099
8925,1640237509122,-0.87434965,1.681626,8.866864,2021:12:23:14:31:49.122
8926,1640237509138,-0.09102818,1.3258973,10.140659,2021:12:23:14:31:49.138
8927,1640237509160,-0.7827226,4.3717484,8.938129,2021:12:23:14:31:49.160
8928,1640237509178,0.038926527,3.0242918,8.9045925,2021:12:23:14:31:49.178
8929,1640237509196,0.30841786,3.9675114,8.065577,2021:12:23:14:31:49.196
8930,1640237509223,1.2121122,2.7739642,8.820152,2021:12:23:14:31:49.223
8931,1640237509241,0.8030842,2.663772,9.75379,2021:12:23:14:31:49.241
8932,1640237509258,0.35632744,5.719205,7.5655203,2021:12:23:14:31:49.258
8933,1640237509277,-0.4078302,3.7411387,6.9995885,2021:12:23:14:31:49.277
8934,1640237509307,-0.5665307,2.8560092,9.253734,2021:12:23:14:31:49.307
8935,1640237509324,-0.095220275,3.49141,6.7684245,2021:12:23:14:31:49.324
8936,1640237509340,-0.109593146,2.7308455,5.5802674,2021:12:23:14:31:49.340
8937,1640237509356,0.35153648,2.3122356,6.4713855,2021:12:23:14:31:49.356
8938,1640237509374,0.16888124,1.0324513,11.861811,2021:12:23:14:31:49.374
8939,1640237509394,0.5246098,2.6488004,21.576674,2021:12:23:14:31:49.394
8940,1640237509424,0.6210278,4.6316576,5.50481,2021:12:23:14:31:49.424
8941,1640237509440,-0.31620318,3.693229,6.924131,2021:12:23:14:31:49.440
8942,1640237509458,0.38507318,4.7616124,8.55605,2021:12:23:14:31:49.458
8943,1640237509475,-0.018564958,4.189093,9.442377,2021:12:23:14:31:49.475
8944,1640237509498,-0.72463226,3.9004378,7.8721414,2021:12:23:14:31:49.498
8945,1640237509527,0.10180784,3.1686192,9.437587,2021:12:23:14:31:49.527
8946,1640237509544,0.6785193,2.4373994,7.603249,2021:12:23:14:31:49.544
8947,1640237509559,0.03473444,3.3129468,10.060411,2021:12:23:14:31:49.559
8948,1640237509576,-0.5515589,6.1090693,8.041621,2021:12:23:14:31:49.576
8949,1640237509597,-1.5079538,11.252761,6.702549,2021:12:23:14:31:49.597
8950,1640237509626,-1.1091065,-1.9559082,15.195718,2021:12:23:14:31:49.626
8951,1640237509641,0.67372835,3.8136017,14.73399,2021:12:23:14:31:49.641
8952,1640237509659,-0.69109553,3.2506645,0.49167198,2021:12:23:14:31:49.659
8953,1640237509676,-0.85458696,2.5625632,8.824943,2021:12:23:14:31:49.676
8954,1640237509706,1.0055021,2.1343713,9.121983,2021:12:23:14:31:49.706
8955,1640237509722,-0.15750271,3.3518734,9.550773,2021:12:23:14:31:49.722
8956,1640237509742,-0.5659318,4.237003,9.381293,2021:12:23:14:31:49.742
8957,1640237509758,-1.6091627,5.1706405,6.646255,2021:12:23:14:31:49.758
8958,1640237509776,-1.4408803,3.6063929,8.975858,2021:12:23:14:31:49.776
8959,1640237509793,-0.4024404,4.3573756,9.3669195,2021:12:23:14:31:49.793
8960,1640237509814,-1.5079538,4.987386,8.485384,2021:12:23:14:31:49.814
8961,1640237509839,-1.5606543,3.2123368,11.34319,2021:12:23:14:31:49.839
8962,1640237509857,0.6354007,-1.7391174,10.602388,2021:12:23:14:31:49.857
8963,1640237509876,0.12576263,6.258188,7.8487854,2021:12:23:14:31:49.876
8964,1640237509896,-0.19583037,4.496912,7.018752,2021:12:23:14:31:49.896
8965,1640237509922,-2.411648,5.7575326,8.400345,2021:12:23:14:31:49.922
8966,1640237509940,-1.8013998,5.2766404,8.541677,2021:12:23:14:31:49.940
8967,1640237509958,-1.3636261,3.4141557,8.108096,2021:12:23:14:31:49.958
8968,1640237509977,-0.6623498,3.596811,8.659655,2021:12:23:14:31:49.977
8969,1640237509998,0.2030168,3.1015458,8.966276,2021:12:23:14:31:49.998
8970,1640237510022,0.41920874,3.404574,8.8387165,2021:12:23:14:31:50.022
8971,1640237510039,0.4910731,2.687727,10.0933485,2021:12:23:14:31:50.039
8972,1640237510059,0.7270277,2.8512182,9.527417,2021:12:23:14:31:50.059
8973,1640237510079,0.18385299,2.4661453,8.59857,2021:12:23:14:31:50.079
8974,1640237510107,0.5683273,2.8176816,9.046525,2021:12:23:14:31:50.107
8975,1640237510125,0.9767564,2.090654,10.1592245,2021:12:23:14:31:50.125
8976,1640237510140,1.9283602,3.780065,7.598458,2021:12:23:14:31:50.140
8977,1640237510175,1.7936145,3.1590374,9.975371,2021:12:23:14:31:50.175
8978,1640237510193,2.269716,4.203466,8.758469,2021:12:23:14:31:50.193
8979,1640237510223,2.0337613,3.2506645,8.886027,2021:12:23:14:31:50.223
8980,1640237510238,0.9090841,3.2506645,9.456751,2021:12:23:14:31:50.238
8981,1640237510256,0.4186099,3.6405284,8.334469,2021:12:23:14:31:50.256
8982,1640237510275,0.32279074,3.0578284,11.239585,2021:12:23:14:31:50.275
8983,1640237510296,0.38986415,4.3382115,6.674402,2021:12:23:14:31:50.296
8984,1640237510323,-0.1143841,3.7315567,9.343564,2021:12:23:14:31:50.323
8985,1640237510339,-0.28266647,3.49141,8.523112,2021:12:23:14:31:50.339
8986,1640237510356,0.23176254,3.5824382,9.187858,2021:12:23:14:31:50.356
8987,1640237510376,0.19283602,4.698731,8.046412,2021:12:23:14:31:50.376
8988,1640237510397,0.27488115,3.8806753,8.150616,2021:12:23:14:31:50.397
8989,1640237510415,-0.24912977,3.8279748,10.833551,2021:12:23:14:31:50.415
8990,1640237510443,-0.31620318,5.5652957,2.3876932,2021:12:23:14:31:50.443
8991,1640237510460,0.31320882,0.67133284,14.658532,2021:12:23:14:31:50.460
8992,1640237510476,-0.6767227,5.535951,12.739155,2021:12:23:14:31:50.476
8993,1640237510496,0.16888124,3.380619,5.11794,2021:12:23:14:31:50.496
8994,1640237510523,-0.32099414,4.2417936,9.8621855,2021:12:23:14:31:50.523
8995,1640237510542,0.03413557,3.1302917,7.3157916,2021:12:23:14:31:50.542
8996,1640237510558,-0.1676835,3.7507205,9.004005,2021:12:23:14:31:50.558
8997,1640237510577,0.024553655,3.9196017,8.867463,2021:12:23:14:31:50.577
8998,1640237510596,0.56293744,3.9052289,9.607666,2021:12:23:14:31:50.596
8999,1640237510623,0.8611745,5.1610584,8.305723,2021:12:23:14:31:50.623
9000,1640237510638,0.5773103,0.5126324,9.19744,2021:12:23:14:31:50.638
9001,1640237510660,0.36590934,8.067373,6.9995885,2021:12:23:14:31:50.660
9002,1640237510677,-1.3163154,1.5037616,10.692219,2021:12:23:14:31:50.677
9003,1640237510695,-0.35033873,2.1439533,9.579518,2021:12:23:14:31:50.695
9004,1640237510722,-1.6522813,3.1686192,10.432908,2021:12:23:14:31:50.722
9005,1640237510738,-1.5468802,3.601602,8.226073,2021:12:23:14:31:50.738
9006,1640237510755,-0.91207844,3.3662462,8.938129,2021:12:23:14:31:50.755
9007,1640237510775,-0.2682936,4.6508217,8.272785,2021:12:23:14:31:50.775
9008,1640237510799,0.024553655,3.4524834,9.150129,2021:12:23:14:31:50.799
9009,1640237510821,0.3036269,3.1302917,8.98005,2021:12:23:14:31:50.821
9010,1640237510837,0.37549126,3.587229,8.226073,2021:12:23:14:31:50.837
9011,1640237510857,0.20720889,2.3074448,8.951903,2021:12:23:14:31:50.857
9012,1640237510876,0.37549126,2.7260547,10.413744,2021:12:23:14:31:50.876
9013,1640237510905,0.10180784,3.5824382,9.75379,2021:12:23:14:31:50.905
9014,1640237510922,0.024553655,2.678145,8.433282,2021:12:23:14:31:50.922
9015,1640237510938,0.8515926,2.5092638,8.523112,2021:12:23:14:31:50.938
9016,1640237510956,0.9959202,3.0626192,9.673541,2021:12:23:14:31:50.956
9017,1640237510978,0.029344613,3.8375566,8.324887,2021:12:23:14:31:50.978
9018,1640237510998,0.1736722,4.496912,8.984841,2021:12:23:14:31:50.998
9019,1640237511020,0.7647565,3.707602,7.711644,2021:12:23:14:31:51.020
9020,1640237511037,0.28925404,3.2698283,10.644908,2021:12:23:14:31:51.037
9021,1640237511055,-0.24912977,4.602912,7.8014746,2021:12:23:14:31:51.055
9022,1640237511074,-1.4408803,3.0626192,9.466332,2021:12:23:14:31:51.074
9023,1640237511095,-0.018564958,4.6795673,8.499158,2021:12:23:14:31:51.095
9024,1640237511113,-0.19642924,2.9715912,9.1124,2021:12:23:14:31:51.113
9025,1640237511138,-0.85458696,4.1699295,9.545982,2021:12:23:14:31:51.138
9026,1640237511155,-0.70067745,3.3177378,8.381181,2021:12:23:14:31:51.155
9027,1640237511174,-0.15750271,4.0639296,8.25422,2021:12:23:14:31:51.174
9028,1640237511194,-0.37908447,3.4572744,8.739903,2021:12:23:14:31:51.194
9029,1640237511221,-0.35992065,4.1357937,8.975858,2021:12:23:14:31:51.221
9030,1640237511240,-0.44615787,4.872403,9.084253,2021:12:23:14:31:51.240
9031,1640237511256,0.24613541,2.5338175,9.02257,2021:12:23:14:31:51.256
9032,1640237511276,0.6449826,3.380619,9.545982,2021:12:23:14:31:51.276
9033,1640237511296,0.43837258,3.3566644,9.046525,2021:12:23:14:31:51.296
9034,1640237511320,-0.44615787,3.2315006,8.376988,2021:12:23:14:31:51.320
9035,1640237511337,-0.1143841,3.1302917,8.259011,2021:12:23:14:31:51.337
9036,1640237511357,0.04910731,2.3990717,10.428117,2021:12:23:14:31:51.357
9037,1640237511377,-1.056406,3.9196017,8.645282,2021:12:23:14:31:51.377
9038,1640237511405,-0.5665307,3.693229,9.343564,2021:12:23:14:31:51.405
9039,1640237511419,-0.2778755,3.8806753,9.004005,2021:12:23:14:31:51.419
9040,1640237511438,-0.0041920873,3.9100199,9.545982,2021:12:23:14:31:51.438
9041,1640237511460,-0.013774002,4.0495563,8.508739,2021:12:23:14:31:51.460
9042,1640237511477,-0.2012202,3.1542463,8.961485,2021:12:23:14:31:51.477
9043,1640237511505,0.52940077,3.6357377,8.890819,2021:12:23:14:31:51.505
9044,1640237511521,0.39465508,3.404574,8.395554,2021:12:23:14:31:51.521
9045,1640237511542,-0.1772654,2.788337,9.423813,2021:12:23:14:31:51.542
9046,1640237511557,-0.1143841,3.3422914,9.277688,2021:12:23:14:31:51.557
9047,1640237511574,0.5341917,3.9004378,7.688288,2021:12:23:14:31:51.574
9048,1640237511594,0.7743384,2.0235806,9.5651455,2021:12:23:14:31:51.594
9049,1640237511621,0.6449826,3.298574,10.697009,2021:12:23:14:31:51.621
9050,1640237511638,0.9761575,3.2171278,9.046525,2021:12:23:14:31:51.638
9051,1640237511655,0.7360108,3.4285285,7.8439946,2021:12:23:14:31:51.655
9052,1640237511676,1.1396489,3.288992,9.253734,2021:12:23:14:31:51.676
9053,1640237511705,1.0534117,4.48733,10.2251005,2021:12:23:14:31:51.705
9054,1640237511719,0.68810123,4.588539,6.947487,2021:12:23:14:31:51.719
9055,1640237511736,0.54377365,3.9243927,8.471011,2021:12:23:14:31:51.736
9056,1640237511756,0.2269716,3.5345285,9.730433,2021:12:23:14:31:51.756
9057,1640237511778,0.092225924,4.2657485,7.735599,2021:12:23:14:31:51.778
9058,1640237511797,0.21199985,4.59333,8.513531,2021:12:23:14:31:51.797
9059,1640237511825,0.20720889,3.8375566,9.5651455,2021:12:23:14:31:51.825
9060,1640237511844,0.019762699,3.0578284,9.895123,2021:12:23:14:31:51.844
9061,1640237511859,-0.023355916,2.8033087,8.928548,2021:12:23:14:31:51.859
9062,1640237511877,-0.2012202,3.091964,8.971067,2021:12:23:14:31:51.877
9063,1640237511903,0.42879066,3.3273196,9.5651455,2021:12:23:14:31:51.903
9064,1640237511924,0.3036269,3.1542463,10.0933485,2021:12:23:14:31:51.924
9065,1640237511939,-0.21559307,4.366957,7.8721414,2021:12:23:14:31:51.939
9066,1640237511957,-0.08563836,3.6788561,7.9901185,2021:12:23:14:31:51.957
9067,1640237511979,-0.15271176,4.0591383,7.626605,2021:12:23:14:31:51.979
9068,1640237512019,-0.32099414,3.1302917,9.315417,2021:12:23:14:31:52.019
9069,1640237512036,0.07306209,4.617285,9.583711,2021:12:23:14:31:52.036
9070,1640237512055,0.27488115,3.5009918,8.3105135,2021:12:23:14:31:52.055
9071,1640237512073,-0.2012202,2.6008909,10.041247,2021:12:23:14:31:52.073
9072,1640237512095,-0.1479208,2.475727,12.121121,2021:12:23:14:31:52.095
9073,1640237512122,-0.34973988,4.0543475,8.966276,2021:12:23:14:31:52.122
9074,1640237512136,-0.12875697,3.1829922,5.46229,2021:12:23:14:31:52.136
9075,1640237512155,-0.23954785,1.8840439,10.560467,2021:12:23:14:31:52.155
9076,1640237512178,-0.32099414,4.496912,8.353034,2021:12:23:14:31:52.178
9077,1640237512202,-0.5132313,3.7219748,6.947487,2021:12:23:14:31:52.202
9078,1640237512218,-0.037129916,4.4292397,9.834039,2021:12:23:14:31:52.218
9079,1640237512237,0.25092638,3.8567204,9.338773,2021:12:23:14:31:52.237
9080,1640237512256,0.015570611,3.005128,8.636299,2021:12:23:14:31:52.256
9081,1640237512278,-0.22457612,3.7555115,8.792006,2021:12:23:14:31:52.278
9082,1640237512306,-0.21020325,2.788337,10.352659,2021:12:23:14:31:52.306
9083,1640237512322,0.10240671,2.07149,10.428117,2021:12:23:14:31:52.322
9084,1640237512339,-0.34973988,3.1446645,8.664446,2021:12:23:14:31:52.339
9085,1640237512358,-0.44076806,3.4237378,7.6601415,2021:12:23:14:31:52.358
9086,1640237512386,0.4772991,2.8176816,9.730433,2021:12:23:14:31:52.386
9087,1640237512402,0.30901673,5.319759,8.46622,2021:12:23:14:31:52.402
9088,1640237512421,-0.9456152,4.405285,7.6834974,2021:12:23:14:31:52.421
9089,1640237512437,-0.8300333,4.390912,7.90987,2021:12:23:14:31:52.437
9090,1640237512460,-0.49346858,3.587229,9.084253,2021:12:23:14:31:52.460
9091,1640237512477,-1.1138976,3.1015458,10.946738,2021:12:23:14:31:52.477
9092,1640237512504,-0.9168694,3.6788561,9.140547,2021:12:23:14:31:52.504
9093,1640237512522,-0.9312423,3.611184,9.126773,2021:12:23:14:31:52.522
9094,1640237512542,-0.38327658,2.9087098,8.188345,2021:12:23:14:31:52.542
9095,1640237512556,0.41441777,3.2267096,9.419022,2021:12:23:14:31:52.556
9096,1640237512577,0.2658981,4.414867,9.211813,2021:12:23:14:31:52.577
9097,1640237512595,-0.9839428,4.3142567,8.494966,2021:12:23:14:31:52.595
9098,1640237512622,-0.98873377,3.9100199,8.480593,2021:12:23:14:31:52.622
9099,1640237512637,-0.68091476,3.8327656,8.792006,2021:12:23:14:31:52.637
9100,1640237512657,-0.108994275,4.939477,9.555564,2021:12:23:14:31:52.657
9101,1640237512677,-0.16229367,3.7752743,8.277576,2021:12:23:14:31:52.677
9102,1640237512702,0.66953623,3.5584834,8.34405,2021:12:23:14:31:52.702
9103,1640237512719,0.8857282,2.7691731,8.3105135,2021:12:23:14:31:52.719
9104,1640237512738,0.80907285,2.278699,11.064715,2021:12:23:14:31:52.738
9105,1640237512757,0.32818055,3.4716473,8.263803,2021:12:23:14:31:52.757
9106,1640237512785,0.8857282,3.0626192,6.830108,2021:12:23:14:31:52.785
9107,1640237512803,0.36171725,2.4517722,10.258636,2021:12:23:14:31:52.803
9108,1640237512820,-0.19583037,3.5536923,11.951641,2021:12:23:14:31:52.820
9109,1640237512837,-0.6425871,4.617285,9.084253,2021:12:23:14:31:52.837
9110,1640237512859,-0.01796609,3.4668562,7.593667,2021:12:23:14:31:52.859
9111,1640237512877,0.6072538,3.0386646,7.2876444,2021:12:23:14:31:52.877
9112,1640237512901,0.054497138,2.7500093,10.380806,2021:12:23:14:31:52.901
9113,1640237512918,-0.6090504,4.9011493,8.716548,2021:12:23:14:31:52.918
9114,1640237512935,-1.065389,3.0290825,5.80664,2021:12:23:14:31:52.935
9115,1640237512954,-1.0989258,1.8361343,11.352772,2021:12:23:14:31:52.954
9116,1640237512976,-0.86357003,3.9387655,7.546955,2021:12:23:14:31:52.976
9117,1640237513000,-0.21020325,4.1262116,10.150242,2021:12:23:14:31:53.000
9118,1640237513019,-0.056293745,3.5345285,10.277202,2021:12:23:14:31:53.019
9119,1640237513036,0.57311827,1.9319534,8.461429,2021:12:23:14:31:53.036
9120,1640237513057,-0.33476812,3.1350825,9.650186,2021:12:23:14:31:53.057
9121,1640237513077,1.1695924,2.6152637,6.740278,2021:12:23:14:31:53.077
9122,1640237513101,1.4768125,4.2705393,13.036194,2021:12:23:14:31:53.101
9123,1640237513118,0.86177343,3.1446645,9.758581,2021:12:23:14:31:53.118
9124,1640237513138,1.2845753,5.1562676,6.53786,2021:12:23:14:31:53.138
9125,1640237513156,0.9965191,4.2705393,7.594266,2021:12:23:14:31:53.156
9126,1640237513179,1.7606767,4.092675,7.6128306,2021:12:23:14:31:53.179
9127,1640237513206,0.67911816,3.9004378,9.3669195,2021:12:23:14:31:53.206
9128,1640237513224,0.51981884,3.1207097,9.569937,2021:12:23:14:31:53.224
9129,1640237513237,0.15929933,3.2602463,9.301044,2021:12:23:14:31:53.237
9130,1640237513258,-0.1772654,2.4278176,9.545982,2021:12:23:14:31:53.258
9131,1640237513284,0.12576263,4.284912,10.3245125,2021:12:23:14:31:53.284
9132,1640237513303,-0.22517498,5.617996,8.084141,2021:12:23:14:31:53.303
9133,1640237513320,0.120971665,2.0523262,9.876558,2021:12:23:14:31:53.320
9134,1640237513337,-0.2682936,3.0242918,7.763746,2021:12:23:14:31:53.337
9135,1640237513354,-0.27308455,3.5009918,10.083767,2021:12:23:14:31:53.354
9136,1640237513375,-0.5228132,4.390912,7.405023,2021:12:23:14:31:53.375
9137,1640237513402,-0.14312984,4.193884,9.716061,2021:12:23:14:31:53.402
9138,1640237513419,-0.056892615,3.3321106,8.711757,2021:12:23:14:31:53.419
9139,1640237513437,0.4186099,3.7944381,8.159598,2021:12:23:14:31:53.437
9140,1640237513458,-0.06647453,3.5441105,9.117191,2021:12:23:14:31:53.458
9141,1640237513475,-0.23954785,2.985964,9.093237,2021:12:23:14:31:53.475
9142,1640237513502,-0.3647116,3.0338736,8.093723,2021:12:23:14:31:53.502
9143,1640237513518,-1.1240783,2.6296365,10.376016,2021:12:23:14:31:53.518
9144,1640237513539,-0.77793163,3.2267096,8.603361,2021:12:23:14:31:53.539
9145,1640237513558,-0.22996594,3.7704833,11.913913,2021:12:23:14:31:53.558
9146,1640237513576,0.2605083,4.3477936,8.744695,2021:12:23:14:31:53.576
9147,1640237513600,0.22158177,3.587229,6.9570684,2021:12:23:14:31:53.600
9148,1640237513619,0.4186099,3.4716473,7.7020626,2021:12:23:14:31:53.619
9149,1640237513637,0.16888124,2.8080997,9.1124,2021:12:23:14:31:53.637
9150,1640237513660,-0.037728786,3.5728562,10.135869,2021:12:23:14:31:53.660
9151,1640237513683,0.053299397,2.8416364,8.051204,2021:12:23:14:31:53.683
9152,1640237513701,0.30841786,3.5632744,8.650073,2021:12:23:14:31:53.701
9153,1640237513718,0.61084706,2.3122356,11.51267,2021:12:23:14:31:53.718
9154,1640237513740,-0.037728786,4.6412396,6.74986,2021:12:23:14:31:53.740
9155,1640237513773,-0.8402141,3.298574,9.121983,2021:12:23:14:31:53.773
9156,1640237513802,-0.638395,2.394281,10.032264,2021:12:23:14:31:53.802
9157,1640237513820,-0.56173974,3.375828,10.2915745,2021:12:23:14:31:53.820
9158,1640237513834,-0.5186211,3.4237378,8.697384,2021:12:23:14:31:53.834
9159,1640237513858,-0.4078302,4.598121,10.078976,2021:12:23:14:31:53.858
9160,1640237513875,-0.33596587,3.7411387,7.245125,2021:12:23:14:31:53.875
9161,1640237513897,-0.4222031,4.400494,8.315305,2021:12:23:14:31:53.897
9162,1640237513920,0.092225924,5.1754313,9.253734,2021:12:23:14:31:53.920
9163,1640237513937,0.092225924,3.8327656,9.117191,2021:12:23:14:31:53.937
9164,1640237513956,1.1156942,3.7267656,6.9666505,2021:12:23:14:31:53.956
9165,1640237513978,1.6924056,3.390201,8.984841,2021:12:23:14:31:53.978
9166,1640237514005,0.54377365,2.2547443,8.565034,2021:12:23:14:31:54.005
9167,1640237514019,-0.0808474,2.692518,11.036569,2021:12:23:14:31:54.019
9168,1640237514036,0.4186099,3.1207097,9.62144,2021:12:23:14:31:54.036
9169,1640237514058,0.5964742,2.38949,9.994535,2021:12:23:14:31:54.058
9170,1640237514082,1.346259,3.7459295,9.683124,2021:12:23:14:31:54.082
9171,1640237514103,0.86536664,5.1125503,8.947112,2021:12:23:14:31:54.103
9172,1640237514119,0.7312198,3.9770932,7.9050794,2021:12:23:14:31:54.119
9173,1640237514137,0.1736722,3.274619,8.485384,2021:12:23:14:31:54.137
9174,1640237514157,-0.4557398,4.073511,8.787214,2021:12:23:14:31:54.157
9175,1640237514185,-1.3019426,4.7472396,9.1124,2021:12:23:14:31:54.185
9176,1640237514201,-1.2348692,3.4381106,8.664446,2021:12:23:14:31:54.201
9177,1640237514217,-1.3013437,3.6836472,8.438073,2021:12:23:14:31:54.217
9178,1640237514236,-1.0084965,4.0495563,9.569937,2021:12:23:14:31:54.236
9179,1640237514256,-0.849796,3.0578284,9.395666,2021:12:23:14:31:54.256
9180,1640237514273,-0.86895984,3.6063929,9.0698805,2021:12:23:14:31:54.273
9181,1640237514299,-0.91207844,2.6152637,8.433282,2021:12:23:14:31:54.299
9182,1640237514317,-1.3977617,2.678145,10.371823,2021:12:23:14:31:54.317
9183,1640237514334,-0.7485871,3.274619,9.145338,2021:12:23:14:31:54.334
9184,1640237514356,0.29883596,3.6692743,9.018378,2021:12:23:14:31:54.356
9185,1640237514381,-0.28745744,2.9524274,7.4900627,2021:12:23:14:31:54.381
9186,1640237514399,0.025152525,3.9196017,10.18797,2021:12:23:14:31:54.399
9187,1640237514416,0.53958154,3.8902571,8.353034,2021:12:23:14:31:54.416
9188,1640237514437,0.87075645,3.4620655,8.626718,2021:12:23:14:31:54.437
9189,1640237514460,0.68810123,3.3662462,9.296253,2021:12:23:14:31:54.460
9190,1640237514475,0.7941011,3.59202,8.8387165,2021:12:23:14:31:54.475
9191,1640237514499,1.0007112,3.49141,8.650073,2021:12:23:14:31:54.499
9192,1640237514517,0.98154736,3.2650373,8.357824,2021:12:23:14:31:54.517
9193,1640237514538,0.2700902,3.8279748,9.074672,2021:12:23:14:31:54.538
9194,1640237514558,0.08264401,3.2171278,8.815361,2021:12:23:14:31:54.558
9195,1640237514584,0.24134447,4.2801213,9.928061,2021:12:23:14:31:54.584
9196,1640237514602,0.80368304,3.5489016,7.405023,2021:12:23:14:31:54.602
9197,1640237514619,-0.12875697,3.7411387,10.423326,2021:12:23:14:31:54.619
9198,1640237514638,-0.6042595,3.6501105,8.400345,2021:12:23:14:31:54.638
9199,1640237514660,0.3329715,3.6357377,8.513531,2021:12:23:14:31:54.660
9200,1640237514684,0.039525397,3.8567204,9.819665,2021:12:23:14:31:54.684
9201,1640237514702,0.11138975,3.6309466,7.268481,2021:12:23:14:31:54.702
9202,1640237514719,-0.35932177,4.087884,8.881237,2021:12:23:14:31:54.719
9203,1640237514750,-0.1479208,3.298574,10.253846,2021:12:23:14:31:54.750
9204,1640237514755,-0.34494892,3.7752743,7.207396,2021:12:23:14:31:54.755
9205,1640237514778,-0.5371861,3.303365,8.966276,2021:12:23:14:31:54.778
9206,1640237514803,-0.26350263,3.4524834,10.135869,2021:12:23:14:31:54.803
9207,1640237514818,0.25571734,3.5584834,8.664446,2021:12:23:14:31:54.818
9208,1640237514837,0.601864,2.4565632,9.404649,2021:12:23:14:31:54.837
9209,1640237514858,0.7414006,3.7561104,9.475315,2021:12:23:14:31:54.858
9210,1640237514882,0.41920874,2.692518,9.065089,2021:12:23:14:31:54.882
9211,1640237514902,0.597073,2.7500093,7.9290338,2021:12:23:14:31:54.902
9212,1640237514919,0.28446308,3.7704833,8.800988,2021:12:23:14:31:54.919
9213,1640237514937,0.22218063,4.343003,8.565633,2021:12:23:14:31:54.937
9214,1640237514957,0.07306209,3.0242918,9.461541,2021:12:23:14:31:54.957
9215,1640237514983,0.40483588,4.0783024,9.145338,2021:12:23:14:31:54.983
9216,1640237514998,0.63060975,3.6788561,8.716548,2021:12:23:14:31:54.998
9217,1640237515019,0.5874911,2.9380543,9.164502,2021:12:23:14:31:55.019
9218,1640237515038,0.6833103,2.6685631,10.135869,2021:12:23:14:31:55.038
9219,1640237515065,0.89051914,3.5536923,9.428603,2021:12:23:14:31:55.065
9220,1640237515083,0.07306209,2.2062356,8.857881,2021:12:23:14:31:55.083
9221,1640237515101,0.22218063,3.5057828,8.942921,2021:12:23:14:31:55.101
9222,1640237515116,0.3569263,4.015421,8.749485,2021:12:23:14:31:55.116
9223,1640237515135,0.21738967,3.9866753,8.023057,2021:12:23:14:31:55.135
9224,1640237515154,-0.34015796,3.7267656,8.221282,2021:12:23:14:31:55.154
9225,1640237515183,-0.17666654,3.707602,10.277202,2021:12:23:14:31:55.183
9226,1640237515198,-0.57072276,3.5201557,7.8158474,2021:12:23:14:31:55.198
9227,1640237515217,-0.93603325,2.981173,9.348355,2021:12:23:14:31:55.217
9228,1640237515235,-0.41202232,3.8663023,10.083767,2021:12:23:14:31:55.235
9229,1640237515256,-0.8204514,2.6248455,9.032152,2021:12:23:14:31:55.256
9230,1640237515282,-0.6186323,2.7739642,9.673541,2021:12:23:14:31:55.282
9231,1640237515299,-0.23894899,3.000337,8.754276,2021:12:23:14:31:55.299
9232,1640237515318,-0.57072276,4.602912,7.212187,2021:12:23:14:31:55.318
9233,1640237515337,-0.34435004,3.5249467,9.475914,2021:12:23:14:31:55.337
9234,1640237515358,0.56353635,4.8430586,8.536886,2021:12:23:14:31:55.358
9235,1640237515384,0.909683,4.0591383,8.603361,2021:12:23:14:31:55.384
9236,1640237515403,1.3708127,4.198675,8.38178,2021:12:23:14:31:55.403
9237,1640237515418,1.2366658,3.9723022,9.442377,2021:12:23:14:31:55.418
9238,1640237515437,1.0204738,4.2082567,9.353146,2021:12:23:14:31:55.437
9239,1640237515458,-0.056293745,3.7171838,8.980649,2021:12:23:14:31:55.458
9240,1640237515486,-0.8300333,3.38541,9.419022,2021:12:23:14:31:55.486
9241,1640237515502,-1.07018,2.658981,8.918965,2021:12:23:14:31:55.502
9242,1640237515520,-1.2432534,3.375828,8.8387165,2021:12:23:14:31:55.520
9243,1640237515538,-1.5223266,2.9955459,8.617135,2021:12:23:14:31:55.538
9244,1640237515574,-1.3199086,4.2561665,9.40944,2021:12:23:14:31:55.574
9245,1640237515599,-0.9743609,3.4141557,8.541677,2021:12:23:14:31:55.599
9246,1640237515616,-0.09941236,3.587229,9.183067,2021:12:23:14:31:55.616
9247,1640237515633,0.11198862,4.1357937,9.504061,2021:12:23:14:31:55.633
9248,1640237515639,0.32818055,3.8710933,9.187858,2021:12:23:14:31:55.639
9249,1640237515666,-0.08503949,2.875173,8.263803,2021:12:23:14:31:55.666
9250,1640237515699,-0.42160422,3.486619,8.527904,2021:12:23:14:31:55.699
9251,1640237515715,-0.19583037,4.087884,8.334469,2021:12:23:14:31:55.715
9252,1640237515736,-0.76236105,3.4572744,10.3245125,2021:12:23:14:31:55.736
9253,1640237515757,-0.82524234,3.6213646,9.258525,2021:12:23:14:31:55.757
9254,1640237515782,-0.20541228,3.4381106,8.980649,2021:12:23:14:31:55.782
9255,1640237515798,0.3569263,4.622076,8.579407,2021:12:23:14:31:55.798
9256,1640237515816,1.2222929,3.293783,8.023057,2021:12:23:14:31:55.816
9257,1640237515836,0.82344574,3.5489016,9.056107,2021:12:23:14:31:55.836
9258,1640237515864,1.0683835,2.870382,7.896096,2021:12:23:14:31:55.864
9259,1640237515881,1.2845753,3.0290825,10.234682,2021:12:23:14:31:55.881
9260,1640237515900,1.6690496,3.192574,10.716173,2021:12:23:14:31:55.900
9261,1640237515916,2.043942,3.9770932,6.118052,2021:12:23:14:31:55.916
9262,1640237515940,1.0444286,2.4469814,8.409926,2021:12:23:14:31:55.940
9263,1640237515956,0.73660964,3.1446645,11.395291,2021:12:23:14:31:55.956
9264,1640237515973,0.8186548,3.2602463,9.819665,2021:12:23:14:31:55.973
9265,1640237515997,0.10240671,3.6788561,8.461429,2021:12:23:14:31:55.997
9266,1640237516016,-0.44076806,3.8183928,9.23996,2021:12:23:14:31:56.016
9267,1640237516034,-0.4695138,3.69802,9.136355,2021:12:23:14:31:56.034
9268,1640237516066,-0.26769474,4.097466,7.6787066,2021:12:23:14:31:56.066
9269,1640237516081,-0.79110676,4.554404,9.84362,2021:12:23:14:31:56.081
9270,1640237516097,-0.47430477,3.2698283,10.503574,2021:12:23:14:31:56.097
9271,1640237516115,-0.6330052,4.4436126,8.173972,2021:12:23:14:31:56.115
9272,1640237516136,-0.28685856,3.9052289,5.2077703,2021:12:23:14:31:56.136
9273,1640237516157,-0.32997715,3.5824382,10.376615,2021:12:23:14:31:56.157
9274,1640237516177,-0.6904967,3.2842011,11.225212,2021:12:23:14:31:56.177
9275,1640237516202,-0.6425871,3.49141,9.504061,2021:12:23:14:31:56.202
9276,1640237516218,-1.5798181,3.1686192,8.301531,2021:12:23:14:31:56.218
9277,1640237516237,-0.63779616,2.870382,7.90987,2021:12:23:14:31:56.237
9278,1640237516257,-0.38327658,3.9675114,9.348355,2021:12:23:14:31:56.257
9279,1640237516284,-0.39764944,4.001048,10.27241,2021:12:23:14:31:56.284
9280,1640237516303,-0.849796,2.572145,7.735599,2021:12:23:14:31:56.303
9281,1640237516316,-0.5371861,2.6392186,8.617135,2021:12:23:14:31:56.316
9282,1640237516339,0.3138077,4.698731,9.532208,2021:12:23:14:31:56.339
9283,1640237516363,0.698282,4.6412396,9.376502,2021:12:23:14:31:56.363
9284,1640237516380,-1.0516151,4.1549573,8.480593,2021:12:23:14:31:56.380
9285,1640237516399,-1.2390612,2.095445,9.697496,2021:12:23:14:31:56.399
9286,1640237516419,-0.3689037,2.9572182,8.541677,2021:12:23:14:31:56.419
9287,1640237516436,1.106711,3.5105739,7.6361866,2021:12:23:14:31:56.436
9288,1640237516456,-0.9072875,3.4524834,9.386084,2021:12:23:14:31:56.456
9289,1640237516484,-0.5228132,3.9052289,8.584197,2021:12:23:14:31:56.484
9290,1640237516496,1.1354568,3.0967548,9.286672,2021:12:23:14:31:56.496
9291,1640237516516,1.6642587,3.1015458,8.664446,2021:12:23:14:31:56.516
9292,1640237516535,1.5582588,3.7507205,9.456751,2021:12:23:14:31:56.535
9293,1640237516563,1.1642026,2.4901,9.829247,2021:12:23:14:31:56.563
9294,1640237516582,0.7653554,3.3225288,8.843508,2021:12:23:14:31:56.582
9295,1640237516596,-0.3689037,3.0680091,8.188345,2021:12:23:14:31:56.596
9296,1640237516615,-1.0276603,3.0242918,9.6639595,2021:12:23:14:31:56.615
9297,1640237516637,-1.1378523,5.228132,8.862672,2021:12:23:14:31:56.637
9298,1640237516665,-0.8402141,4.3334208,8.277576,2021:12:23:14:31:56.665
9299,1640237516681,-0.7629599,4.3382115,6.994797,2021:12:23:14:31:56.681
9300,1640237516696,-0.16229367,4.0447655,10.616761,2021:12:23:14:31:56.696
9301,1640237516717,-0.45094883,3.8806753,9.1028185,2021:12:23:14:31:56.717
9302,1640237516747,-0.7964966,3.3949919,8.499158,2021:12:23:14:31:56.747
9303,1640237516764,-0.5132313,3.3422914,10.041247,2021:12:23:14:31:56.764
9304,1640237516781,-0.23954785,3.8136017,9.550773,2021:12:23:14:31:56.781
9305,1640237516797,-0.01796609,3.0530374,10.060411,2021:12:23:14:31:56.797
9306,1640237516820,0.12576263,4.6891494,6.7636337,2021:12:23:14:31:56.820
9307,1640237516838,-0.39764944,3.298574,7.452334,2021:12:23:14:31:56.838
9308,1640237516859,-0.5563499,4.01063,8.59857,2021:12:23:14:31:56.859
9309,1640237516883,-0.26350263,3.6884382,8.843508,2021:12:23:14:31:56.883
9310,1640237516902,-0.22457612,3.1446645,9.645394,2021:12:23:14:31:56.902
9311,1640237516916,-0.3018303,3.9100199,9.952016,2021:12:23:14:31:56.916
9312,1640237516936,0.4239997,3.1590374,8.503949,2021:12:23:14:31:56.936
9313,1640237516957,0.91387504,3.1494553,8.565633,2021:12:23:14:31:56.957
9314,1640237516980,0.93363774,2.8224726,9.994535,2021:12:23:14:31:56.980
9315,1640237516998,-0.1143841,2.6733541,11.356964,2021:12:23:14:31:56.998
9316,1640237517015,-0.13354793,3.298574,8.890819,2021:12:23:14:31:57.015
9317,1640237517035,0.092225924,3.4668562,7.0846276,2021:12:23:14:31:57.035
9318,1640237517061,0.54377365,3.49141,8.749485,2021:12:23:14:31:57.061
9319,1640237517078,-0.36411273,5.281431,9.404649,2021:12:23:14:31:57.078
9320,1640237517097,-0.30662125,3.6692743,8.277576,2021:12:23:14:31:57.097
9321,1640237517117,-0.5228132,3.8279748,7.6457686,2021:12:23:14:31:57.117
9322,1640237517139,-0.37369466,2.6008909,12.998466,2021:12:23:14:31:57.139
9323,1640237517165,0.3036269,4.376539,10.7868395,2021:12:23:14:31:57.165
9324,1640237517179,0.34674552,3.8327656,2.7272522,2021:12:23:14:31:57.179
9325,1640237517198,0.2030168,2.288281,9.183067,2021:12:23:14:31:57.198
9326,1640237517218,0.025152525,3.2267096,11.932478,2021:12:23:14:31:57.218
9327,1640237517237,0.8228469,3.3518734,8.24943,2021:12:23:14:31:57.237
9328,1640237517262,0.21259873,4.217839,8.6075535,2021:12:23:14:31:57.262
9329,1640237517297,0.7414006,2.8655913,9.216004,2021:12:23:14:31:57.297
9330,1640237517316,-0.29224837,4.48733,8.692593,2021:12:23:14:31:57.316
9331,1640237517335,0.64977354,5.0885954,8.886027,2021:12:23:14:31:57.335
9332,1640237517353,0.21259873,3.2794101,9.49927,2021:12:23:14:31:57.353
9333,1640237517378,0.20780776,1.4414792,8.711757,2021:12:23:14:31:57.378
9334,1640237517397,-0.2587117,4.6795673,8.499158,2021:12:23:14:31:57.397
9335,1640237517416,-0.032338962,4.790358,8.277576,2021:12:23:14:31:57.416
9336,1640237517436,0.06348018,3.1255007,7.603249,2021:12:23:14:31:57.436
9337,1640237517455,-0.09042931,3.4476924,10.1592245,2021:12:23:14:31:57.455
9338,1640237517480,0.59228206,3.1542463,10.102931,2021:12:23:14:31:57.480
9339,1640237517497,0.40483588,3.5201557,8.2117,2021:12:23:14:31:57.497
9340,1640237517516,-0.27308455,3.4381106,9.065089,2021:12:23:14:31:57.516
9341,1640237517536,-0.35932177,3.2506645,9.555564,2021:12:23:14:31:57.536
9342,1640237517558,0.120971665,2.5338175,9.404649,2021:12:23:14:31:57.558
9343,1640237517582,-0.27308455,3.5680654,8.305723,2021:12:23:14:31:57.582
9344,1640237517598,-0.44615787,3.4764383,9.220796,2021:12:23:14:31:57.598
9345,1640237517618,-0.78212374,4.198675,9.814875,2021:12:23:14:31:57.618
9346,1640237517637,-0.4557398,4.107048,7.796684,2021:12:23:14:31:57.637
9347,1640237517664,-0.5228132,4.438822,7.1696672,2021:12:23:14:31:57.664
9348,1640237517680,0.020361567,3.1255007,8.720739,2021:12:23:14:31:57.680
9349,1640237517697,-0.123966016,3.3518734,9.140547,2021:12:23:14:31:57.697
9350,1640237517717,-0.98873377,3.1159186,8.267994,2021:12:23:14:31:57.717
9351,1640237517745,-0.7869147,3.2554553,4.391511,2021:12:23:14:31:57.745
9352,1640237517762,-0.3018303,0.82524234,13.720103,2021:12:23:14:31:57.762
9353,1640237517782,0.6449826,4.438822,15.823334,2021:12:23:14:31:57.782
9354,1640237517796,-0.34973988,4.121421,4.8867764,2021:12:23:14:31:57.796
9355,1640237517816,-2.0798743,1.5810158,6.6223006,2021:12:23:14:31:57.816
9356,1640237517834,0.053898267,3.4141557,9.6310215,2021:12:23:14:31:57.834
9357,1640237517863,0.053898267,2.981173,9.75379,2021:12:23:14:31:57.863
9358,1640237517880,0.14552532,5.411386,8.678819,2021:12:23:14:31:57.880
9359,1640237517897,0.4239997,2.6541903,11.616873,2021:12:23:14:31:57.897
9360,1640237517917,1.2648127,3.3129468,10.376615,2021:12:23:14:31:57.917
9361,1640237517936,0.7845192,7.05169,3.6465173,2021:12:23:14:31:57.936
9362,1640237517961,-1.2582251,5.719205,7.1175656,2021:12:23:14:31:57.961
9363,1640237517978,0.06348018,1.4798069,11.220422,2021:12:23:14:31:57.978
9364,1640237517997,-0.1479208,1.6864169,10.984467,2021:12:23:14:31:57.997
9365,1640237518020,0.9623835,4.005839,9.084253,2021:12:23:14:31:58.020
9366,1640237518037,-0.119175054,2.692518,7.7308083,2021:12:23:14:31:58.037
9367,1640237518063,0.36650822,4.319048,8.763259,2021:12:23:14:31:58.063
9368,1640237518079,0.029943481,4.193884,9.126773,2021:12:23:14:31:58.079
9369,1640237518100,-1.6331174,3.5153646,10.229891,2021:12:23:14:31:58.100
9370,1640237518117,-1.3396714,2.3846989,9.0698805,2021:12:23:14:31:58.117
9371,1640237518146,-0.123966016,4.179511,6.2545943,2021:12:23:14:31:58.146
9372,1640237518161,0.1694801,4.087884,9.748999,2021:12:23:14:31:58.161
9373,1640237518180,-0.7485871,3.702811,9.461541,2021:12:23:14:31:58.180
9374,1640237518196,-1.7774451,3.7267656,9.404649,2021:12:23:14:31:58.196
9375,1640237518215,-0.92166036,2.394281,9.169293,2021:12:23:14:31:58.215
9376,1640237518233,-0.4749036,4.005839,8.674027,2021:12:23:14:31:58.233
9377,1640237518263,0.24134447,2.9476364,9.545982,2021:12:23:14:31:58.263
9378,1640237518278,0.6976831,3.7267656,10.456264,2021:12:23:14:31:58.278
9379,1640237518296,0.597073,2.7116816,8.126661,2021:12:23:14:31:58.296
9380,1640237518316,0.67372835,2.8224726,7.4852715,2021:12:23:14:31:58.316
9381,1640237518337,0.8324288,4.198675,8.971067,2021:12:23:14:31:58.337
9382,1640237518355,0.6833103,3.2123368,9.885541,2021:12:23:14:31:58.355
9383,1640237518380,0.70247406,2.7985177,9.54179,2021:12:23:14:31:58.380
9384,1640237518400,1.1881573,2.976382,8.023057,2021:12:23:14:31:58.400
9385,1640237518418,1.0965303,2.985964,9.060299,2021:12:23:14:31:58.418
9386,1640237518437,0.88512933,2.976382,10.041247,2021:12:23:14:31:58.437
9387,1640237518456,0.18804507,3.1734102,10.9515295,2021:12:23:14:31:58.456
9388,1640237518481,0.72642887,3.1638284,8.55605,2021:12:23:14:31:58.481
9389,1640237518500,0.41441777,3.991466,9.489688,2021:12:23:14:31:58.500
9390,1640237518517,0.2269716,3.895647,8.81057,2021:12:23:14:31:58.517
9391,1640237518545,-0.42699406,4.472957,7.442752,2021:12:23:14:31:58.545
9392,1640237518559,-0.78751355,2.682936,9.272898,2021:12:23:14:31:58.559
9393,1640237518580,-0.12875697,3.587229,9.164502,2021:12:23:14:31:58.580
9394,1640237518597,-0.1143841,2.8224726,8.442864,2021:12:23:14:31:58.597
9395,1640237518618,-0.4988584,3.9818842,7.7068534,2021:12:23:14:31:58.618
9396,1640237518644,-0.6192312,2.4278176,10.201744,2021:12:23:14:31:58.644
9397,1640237518663,-0.13354793,2.38949,11.04136,2021:12:23:14:31:58.663
9398,1640237518676,0.014971741,3.2698283,9.173485,2021:12:23:14:31:58.676
9399,1640237518694,0.16888124,4.1501665,7.8392034,2021:12:23:14:31:58.694
9400,1640237518715,0.058689225,3.7219748,9.140547,2021:12:23:14:31:58.715
9401,1640237518736,-0.35033873,4.102257,10.220908,2021:12:23:14:31:58.736
9402,1640237518762,-0.2682936,4.6316576,7.8344126,2021:12:23:14:31:58.762
9403,1640237518778,-0.21559307,3.9866753,7.947599,2021:12:23:14:31:58.778
9404,1640237518795,0.2605083,3.6644833,8.183554,2021:12:23:14:31:58.795
9405,1640237518816,-0.3886664,3.4429016,9.484898,2021:12:23:14:31:58.816
9406,1640237518836,-0.42699406,3.6788561,8.588988,2021:12:23:14:31:58.836
9407,1640237518862,-0.54736686,2.7068908,8.947112,2021:12:23:14:31:58.862
9408,1640237518880,-0.07605644,2.576936,9.31961,2021:12:23:14:31:58.880
9409,1640237518900,0.07306209,2.9572182,8.999214,2021:12:23:14:31:58.900
9410,1640237518918,-0.2682936,3.2123368,8.287158,2021:12:23:14:31:58.918
9411,1640237518938,-0.028146872,2.5194445,10.531721,2021:12:23:14:31:58.938
9412,1640237518964,0.019762699,3.000337,10.140659,2021:12:23:14:31:58.964
9413,1640237518980,-0.22517498,3.611184,8.065577,2021:12:23:14:31:58.980
9414,1640237519000,-0.35033873,3.6213646,8.315305,2021:12:23:14:31:59.000
9415,1640237519021,-0.042519744,2.8320546,9.376502,2021:12:23:14:31:59.021
9416,1640237519055,-0.0808474,3.0386646,9.329191,2021:12:23:14:31:59.055
9417,1640237519078,-0.14372872,3.303365,10.008309,2021:12:23:14:31:59.078
9418,1640237519096,0.15450837,3.895647,8.3434515,2021:12:23:14:31:59.096
9419,1640237519114,-0.037728786,3.399783,6.3911366,2021:12:23:14:31:59.114
9420,1640237519134,0.31320882,2.7691731,9.62623,2021:12:23:14:31:59.134
9421,1640237519161,0.4377737,3.0434556,11.295879,2021:12:23:14:31:59.161
9422,1640237519176,0.12576263,3.2650373,8.67822,2021:12:23:14:31:59.176
9423,1640237519194,0.23116368,2.981173,8.6075535,2021:12:23:14:31:59.194
9424,1640237519216,-0.06587566,2.7500093,10.183179,2021:12:23:14:31:59.216
9425,1640237519235,-0.25332186,3.5536923,9.1124,2021:12:23:14:31:59.235
9426,1640237519261,-0.22457612,4.2465844,9.305836,2021:12:23:14:31:59.261
9427,1640237519279,-0.49406746,3.0434556,8.193135,2021:12:23:14:31:59.279
9428,1640237519297,-0.1479208,2.1199985,9.065089,2021:12:23:14:31:59.297
9429,1640237519318,-0.35932177,3.1542463,8.523112,2021:12:23:14:31:59.318
9430,1640237519345,-0.335367,3.9531384,9.527417,2021:12:23:14:31:59.345
9431,1640237519360,-0.21978515,2.364936,9.131564,2021:12:23:14:31:59.360
9432,1640237519378,-0.39285848,3.69802,10.046038,2021:12:23:14:31:59.378
9433,1640237519396,-0.21020325,3.7459295,9.508852,2021:12:23:14:31:59.396
9434,1640237519418,-0.037129916,3.4764383,7.3295655,2021:12:23:14:31:59.418
9435,1640237519443,-0.23415802,3.1111279,8.291949,2021:12:23:14:31:59.443
9436,1640237519460,-0.23415802,3.0530374,9.895123,2021:12:23:14:31:59.460
9437,1640237519477,-0.34973988,3.4189467,8.772841,2021:12:23:14:31:59.477
9438,1640237519500,-0.21020325,3.0680091,10.069993,2021:12:23:14:31:59.500
9439,1640237519518,0.0059886966,3.288992,9.513044,2021:12:23:14:31:59.518
9440,1640237519545,-0.27248567,3.0626192,8.494966,2021:12:23:14:31:59.545
9441,1640237519559,-0.15271176,3.8471386,9.602875,2021:12:23:14:31:59.559
9442,1640237519576,0.29464385,3.5153646,9.588502,2021:12:23:14:31:59.576
9443,1640237519594,0.3138077,2.2301905,9.447168,2021:12:23:14:31:59.594
9444,1640237519615,0.5108358,3.375828,9.786728,2021:12:23:14:31:59.615
9445,1640237519634,0.04431635,4.3334208,8.8387165,2021:12:23:14:31:59.634
9446,1640237519660,-0.6234233,3.4572744,7.4385595,2021:12:23:14:31:59.660
9447,1640237519676,-0.5084403,3.5297377,8.876446,2021:12:23:14:31:59.676
9448,1640237519696,-0.9312423,3.5584834,8.59378,2021:12:23:14:31:59.696
9449,1640237519716,-0.6857057,3.0147097,9.489688,2021:12:23:14:31:59.716
9450,1640237519738,-0.15271176,3.0099187,9.060898,2021:12:23:14:31:59.738
9451,1640237519764,-0.15750271,3.486619,8.905191,2021:12:23:14:31:59.764
9452,1640237519779,-0.20062132,3.0530374,9.569937,2021:12:23:14:31:59.779
9453,1640237519797,0.15989819,2.9668002,9.555564,2021:12:23:14:31:59.797
9454,1640237519817,0.078451924,2.9476364,9.216004,2021:12:23:14:31:59.817
9455,1640237519841,0.039525397,3.0338736,8.193135,2021:12:23:14:31:59.841
9456,1640237519861,-0.20541228,3.1398735,9.428603,2021:12:23:14:31:59.861
9457,1640237519879,-0.037129916,3.481828,8.787214,2021:12:23:14:31:59.879
9458,1640237519898,-0.06587566,3.1015458,9.701688,2021:12:23:14:31:59.898
9459,1640237519917,0.059288096,3.6596923,9.301044,2021:12:23:14:31:59.917
9460,1640237519940,0.14073436,3.601602,9.117191,2021:12:23:14:31:59.940
9461,1640237519959,0.020361567,3.9579294,8.291949,2021:12:23:14:31:59.959
9462,1640237519978,-0.2485309,2.8847551,9.117191,2021:12:23:14:31:59.978
9463,1640237519995,-0.22457612,3.1015458,9.258525,2021:12:23:14:31:59.995
9464,1640237520015,-0.34973988,3.2650373,9.527417,2021:12:23:14:32:00.015
9465,1640237520033,-0.45514092,3.5153646,8.385971,2021:12:23:14:32:00.033
9466,1640237520060,-0.33955908,2.8608003,8.546469,2021:12:23:14:32:00.060
9467,1640237520078,-0.16708463,3.496201,7.363102,2021:12:23:14:32:00.078
9468,1640237520094,-0.33955908,2.3697271,9.772954,2021:12:23:14:32:00.094
9469,1640237520116,0.5347906,3.3177378,10.6544895,2021:12:23:14:32:00.116
9470,1640237520144,0.48209006,2.9278736,8.674027,2021:12:23:14:32:00.144
9471,1640237520158,0.092824794,3.6309466,7.631396,2021:12:23:14:32:00.158
9472,1640237520178,0.24194333,2.6973088,9.805891,2021:12:23:14:32:00.178
9473,1640237520196,0.29464385,3.082382,10.607179,2021:12:23:14:32:00.196
9474,1640237520217,0.06887001,3.4572744,8.513531,2021:12:23:14:32:00.217
9475,1640237520241,0.04491522,3.3710372,8.159598,2021:12:23:14:32:00.241
9476,1640237520259,0.092824794,3.2075458,9.909496,2021:12:23:14:32:00.259
9477,1640237520277,0.030542351,3.1686192,9.079463,2021:12:23:14:32:00.277
9478,1640237520300,0.24194333,3.8663023,8.541677,2021:12:23:14:32:00.300
9479,1640237520317,0.34255344,3.3949919,8.131452,2021:12:23:14:32:00.317
9480,1640237520345,0.23715238,2.7308455,10.117304,2021:12:23:14:32:00.345
9481,1640237520361,0.45813528,3.4572744,8.759068,2021:12:23:14:32:00.361
9482,1640237520379,-0.41202232,3.3129468,8.800988,2021:12:23:14:32:00.379
9483,1640237520396,-0.17606768,3.2123368,10.239473,2021:12:23:14:32:00.396
9484,1640237520426,-0.25332186,3.390201,11.885766,2021:12:23:14:32:00.426
9485,1640237520441,-0.2820676,4.3334208,7.90987,2021:12:23:14:32:00.441
9486,1640237520459,-0.37309578,3.2506645,7.768537,2021:12:23:14:32:00.459
9487,1640237520477,-0.20481342,3.3369017,8.193135,2021:12:23:14:32:00.477
9488,1640237520498,-0.56533295,2.5194445,9.282479,2021:12:23:14:32:00.498
9489,1640237520517,-0.16648576,2.9087098,9.423813,2021:12:23:14:32:00.517
9490,1640237520543,-0.11378523,3.404574,7.405622,2021:12:23:14:32:00.543
9491,1640237520560,-0.50784147,3.0482464,9.989744,2021:12:23:14:32:00.560
9492,1640237520577,0.10240671,3.4189467,11.494105,2021:12:23:14:32:00.577
9493,1640237520595,0.25152525,4.405285,9.475914,2021:12:23:14:32:00.595
9494,1640237520627,-0.14732192,4.073511,8.499158,2021:12:23:14:32:00.627
9495,1640237520643,-0.42160422,2.7404275,10.168806,2021:12:23:14:32:00.643
9496,1640237520659,-0.16648576,3.6501105,9.692705,2021:12:23:14:32:00.659
9497,1640237520678,-0.23415802,2.9135008,7.26369,2021:12:23:14:32:00.678
9498,1640237520700,-0.35393196,3.1111279,9.263315,2021:12:23:14:32:00.700
9499,1640237520719,0.04970618,3.1015458,8.311112,2021:12:23:14:32:00.719
9500,1640237520743,-0.32518622,3.000337,8.018266,2021:12:23:14:32:00.743
9501,1640237520759,-0.21439533,4.0447655,9.362728,2021:12:23:14:32:00.759
9502,1640237520777,-0.44076806,3.399783,8.980649,2021:12:23:14:32:00.777
9503,1640237520816,-0.33955908,3.3081558,8.716548,2021:12:23:14:32:00.816
9504,1640237520833,-0.061084703,3.3470824,10.8197775,2021:12:23:14:32:00.833
9505,1640237520841,0.14133324,3.8615115,8.947711,2021:12:23:14:32:00.841
9506,1640237520861,-0.108994275,2.066699,9.338773,2021:12:23:14:32:00.861
9507,1640237520894,0.092824794,2.9955459,8.759068,2021:12:23:14:32:00.894
9508,1640237520914,-0.23835011,2.7452185,8.263803,2021:12:23:14:32:00.914
9509,1640237520935,0.17007898,2.7404275,8.763858,2021:12:23:14:32:00.935
9510,1640237520956,0.33836135,2.8224726,7.348729,2021:12:23:14:32:00.956
9511,1640237520975,0.121570535,4.11663,9.174084,2021:12:23:14:32:00.975
9512,1640237520995,0.5497623,2.7787552,10.447281,2021:12:23:14:32:00.995
9513,1640237521015,0.45813528,3.7267656,10.192761,2021:12:23:14:32:01.015
9514,1640237521042,0.51622564,4.438822,7.853576,2021:12:23:14:32:01.042
9515,1640237521059,-0.060485832,3.4429016,7.702661,2021:12:23:14:32:01.059
9516,1640237521076,-0.25751394,3.4381106,9.8621855,2021:12:23:14:32:01.076
9517,1640237521098,0.016169481,2.9135008,9.018378,2021:12:23:14:32:01.098
9518,1640237521125,-0.0029943483,2.3218176,9.466332,2021:12:23:14:32:01.125
9519,1640237521141,0.3096156,2.9087098,9.49927,2021:12:23:14:32:01.141
9520,1640237521157,0.2658981,2.682936,9.371711,2021:12:23:14:32:01.157
9521,1640237521179,0.46771717,4.097466,9.419022,2021:12:23:14:32:01.179
9522,1640237521195,0.21798855,3.6549015,9.136355,2021:12:23:14:32:01.195
9523,1640237521223,0.12636149,3.9291837,7.938017,2021:12:23:14:32:01.223
9524,1640237521244,0.06887001,3.000337,8.711757,2021:12:23:14:32:01.244
9525,1640237521259,0.0017966089,3.3949919,10.18797,2021:12:23:14:32:01.259
9526,1640237521277,0.17007898,3.2315006,9.041734,2021:12:23:14:32:01.277
9527,1640237521306,0.030542351,3.1494553,9.40944,2021:12:23:14:32:01.306
9528,1640237521316,-0.30602238,3.3710372,8.857881,2021:12:23:14:32:01.316
9529,1640237521341,-0.560542,3.4572744,9.536999,2021:12:23:14:32:01.341
9530,1640237521357,-0.30602238,3.2362914,9.343564,2021:12:23:14:32:01.357
9531,1640237521374,-0.50784147,4.1597486,8.032639,2021:12:23:14:32:01.374
9532,1640237521393,-0.32039526,3.0434556,8.772841,2021:12:23:14:32:01.393
9533,1640237521423,-0.03174009,2.6535914,10.206535,2021:12:23:14:32:01.423
9534,1640237521441,0.07366096,2.7356365,8.239847,2021:12:23:14:32:01.441
9535,1640237521460,-0.46472284,3.5201557,8.541677,2021:12:23:14:32:01.460
9536,1640237521475,-0.29644048,3.3416927,9.338773,2021:12:23:14:32:01.475
9537,1640237521495,-0.27727664,3.6357377,9.428603,2021:12:23:14:32:01.495
9538,1640237521515,-0.2287682,3.4668562,7.2876444,2021:12:23:14:32:01.515
9539,1640237521541,-0.18564959,3.496201,9.041734,2021:12:23:14:32:01.541
9540,1640237521558,0.17966089,2.870382,10.079575,2021:12:23:14:32:01.558
9541,1640237521577,-0.17127672,3.2698283,12.1402855,2021:12:23:14:32:01.577
9542,1640237521596,0.41501665,3.9052289,7.39604,2021:12:23:14:32:01.596
9543,1640237521624,-0.38746867,3.1302917,7.428978,2021:12:23:14:32:01.624
9544,1640237521640,-0.25272298,2.7643821,9.121983,2021:12:23:14:32:01.640
9545,1640237521658,-0.27248567,3.2794101,9.58431,2021:12:23:14:32:01.658
9546,1640237521677,-0.17606768,4.1693306,8.315305,2021:12:23:14:32:01.677
9547,1640237521706,-0.07545757,2.879964,9.489688,2021:12:23:14:32:01.706
9548,1640237521723,0.21319759,3.380619,10.0933485,2021:12:23:14:32:01.723
9549,1640237521741,-0.08503949,3.3710372,7.1696672,2021:12:23:14:32:01.741
9550,1640237521758,-0.7815249,3.5441105,9.423813,2021:12:23:14:32:01.758
9551,1640237521774,-0.21439533,3.8375566,9.579518,2021:12:23:14:32:01.774
9552,1640237521793,-0.52700526,2.9278736,9.291462,2021:12:23:14:32:01.793
9553,1640237521824,-0.31081334,2.692518,9.640603,2021:12:23:14:32:01.824
9554,1640237521841,-0.18564959,3.0147097,9.914287,2021:12:23:14:32:01.841
9555,1640237521857,-0.13774002,3.4668562,8.711757,2021:12:23:14:32:01.857
9556,1640237521875,-0.5365872,3.4237378,8.131452,2021:12:23:14:32:01.875
9557,1640237521896,-0.4257963,3.6309466,8.754276,2021:12:23:14:32:01.896
9558,1640237521916,-0.23355916,3.9627204,9.730433,2021:12:23:14:32:01.916
9559,1640237521942,-0.11378523,2.7212636,8.055994,2021:12:23:14:32:01.942
9560,1640237521962,-0.15211289,3.2315006,8.994423,2021:12:23:14:32:01.962
9561,1640237521977,-0.10420331,3.5153646,8.956695,2021:12:23:14:32:01.977
9562,1640237521996,-0.349141,3.000337,9.447168,2021:12:23:14:32:01.996
9563,1640237522025,-0.3012314,3.6549015,8.490175,2021:12:23:14:32:02.025
9564,1640237522043,-0.35393196,2.5140548,9.046525,2021:12:23:14:32:02.043
9565,1640237522058,-0.23835011,3.293783,9.645394,2021:12:23:14:32:02.058
9566,1640237522077,0.17007898,2.5092638,9.277688,2021:12:23:14:32:02.077
9567,1640237522099,-0.022158176,3.784856,9.423813,2021:12:23:14:32:02.099
9568,1640237522121,0.14612418,3.082382,7.9523897,2021:12:23:14:32:02.121
9569,1640237522142,0.21798855,2.6685631,8.923757,2021:12:23:14:32:02.142
9570,1640237522158,0.18445185,3.3518734,7.78291,2021:12:23:14:32:02.158
9571,1640237522173,-0.33955908,2.4278176,8.905191,2021:12:23:14:32:02.173
9572,1640237522193,0.22757046,2.682936,13.6590185,2021:12:23:14:32:02.193
9573,1640237522215,0.6024628,4.073511,8.287158,2021:12:23:14:32:02.215
9574,1640237522237,-0.2485309,3.6213646,6.523487,2021:12:23:14:32:02.237
9575,1640237522257,0.08803384,3.293783,10.583823,2021:12:23:14:32:02.257
9576,1640237522275,0.3473444,2.9668002,9.249541,2021:12:23:14:32:02.275
9577,1640237522295,0.18864393,3.601602,8.04222,2021:12:23:14:32:02.295
9578,1640237522316,0.24194333,2.682936,8.584197,2021:12:23:14:32:02.316
9579,1640237522340,0.06887001,3.000337,9.395666,2021:12:23:14:32:02.340
9580,1640237522356,0.26110715,3.2123368,8.735112,2021:12:23:14:32:02.356
9581,1640237522377,0.06887001,2.4661453,8.674027,2021:12:23:14:32:02.377
9582,1640237522396,0.25152525,4.434031,9.88614,2021:12:23:14:32:02.396
9583,1640237522424,0.21798855,3.5249467,8.259011,2021:12:23:14:32:02.424
9584,1640237522439,-0.34435004,2.1152077,10.060411,2021:12:23:14:32:02.439
9585,1640237522460,0.40004492,3.702811,10.508366,2021:12:23:14:32:02.460
9586,1640237522477,-0.2485309,2.875173,8.961485,2021:12:23:14:32:02.477
9587,1640237522505,0.10240671,3.0290825,8.956695,2021:12:23:14:32:02.505
9588,1640237522526,0.059288096,3.1446645,9.635813,2021:12:23:14:32:02.526
9589,1640237522539,0.054497138,3.9052289,7.99491,2021:12:23:14:32:02.539
9590,1640237522558,-0.07066662,3.087173,8.117678,2021:12:23:14:32:02.558
9591,1640237522577,0.22757046,3.1829922,9.220796,2021:12:23:14:32:02.577
9592,1640237522600,0.20780776,3.7609012,7.933226,2021:12:23:14:32:02.600
9593,1640237522625,-0.21499419,2.7985177,10.61197,2021:12:23:14:32:02.625
9594,1640237522656,0.61204475,2.9332635,10.395179,2021:12:23:14:32:02.656
9595,1640237522674,0.0011977393,4.087884,8.178762,2021:12:23:14:32:02.674
9596,1640237522694,-0.1281581,3.192574,9.371711,2021:12:23:14:32:02.694
9597,1640237522714,0.46771717,2.6685631,9.838829,2021:12:23:14:32:02.714
9598,1640237522741,0.42938954,2.9907548,10.239473,2021:12:23:14:32:02.741
9599,1640237522758,0.27548003,3.2410824,9.876558,2021:12:23:14:32:02.758
9600,1640237522775,0.280271,3.7459295,5.1460867,2021:12:23:14:32:02.775
9601,1640237522795,-0.07545757,2.288281,8.268593,2021:12:23:14:32:02.795
9602,1640237522816,0.029943481,3.3321106,11.522252,2021:12:23:14:32:02.816
9603,1640237522843,0.31859866,3.0386646,10.782049,2021:12:23:14:32:02.843
9604,1640237522860,0.21738967,4.554404,7.74039,2021:12:23:14:32:02.860
9605,1640237522877,0.3329715,3.303365,7.2588987,2021:12:23:14:32:02.877
9606,1640237522905,0.0059886966,3.4141557,11.04615,2021:12:23:14:32:02.905
9607,1640237522923,0.5587454,3.3470824,7.8487854,2021:12:23:14:32:02.923
9608,1640237522940,-0.36411273,2.2253995,9.744207,2021:12:23:14:32:02.940
9609,1640237522958,0.41920874,3.3949919,9.447168,2021:12:23:14:32:02.958
9610,1640237522979,0.18864393,2.9380543,9.88614,2021:12:23:14:32:02.979
9611,1640237523006,0.48688102,2.28349,8.405135,2021:12:23:14:32:03.006
9612,1640237523022,0.3233896,3.8710933,7.1882324,2021:12:23:14:32:03.022
9613,1640237523038,0.15510723,3.7267656,11.149755,2021:12:23:14:32:03.038
9614,1640237523059,0.078451924,4.5639853,8.994423,2021:12:23:14:32:03.059
9615,1640237523076,-0.19103941,2.0283716,8.3105135,2021:12:23:14:32:03.076
9616,1640237523105,0.39525396,3.9291837,9.357937,2021:12:23:14:32:03.105
9617,1640237523122,0.19822586,3.2123368,6.8486733,2021:12:23:14:32:03.122
9618,1640237523141,-0.66654193,2.5386083,9.192649,2021:12:23:14:32:03.141
9619,1640237523156,0.0011977393,3.0290825,12.11154,2021:12:23:14:32:03.156
9620,1640237523174,0.1934349,2.903919,11.008422,2021:12:23:14:32:03.174
9621,1640237523194,0.107197665,4.7711945,5.627578,2021:12:23:14:32:03.194
9622,1640237523220,-0.13294905,2.2397723,8.527904,2021:12:23:14:32:03.220
9623,1640237523238,-0.1616948,3.7315567,10.546094,2021:12:23:14:32:03.238
9624,1640237523256,0.2658981,4.0351834,9.225587,2021:12:23:14:32:03.256
9625,1640237523276,-0.022158176,3.2842011,8.075158,2021:12:23:14:32:03.276
9626,1640237523296,-0.046711832,2.5960999,9.654976,2021:12:23:14:32:03.296
9627,1640237523324,0.37189806,3.2021558,9.183067,2021:12:23:14:32:03.324
9628,1640237523341,-0.01736722,2.278699,7.9901185,2021:12:23:14:32:03.341
9629,1640237523357,0.17966089,3.6453195,8.353034,2021:12:23:14:32:03.357
9630,1640237523379,-0.11857619,3.9435565,9.650186,2021:12:23:14:32:03.379
9631,1640237523396,0.04491522,2.9620092,9.716061,2021:12:23:14:32:03.396
9632,1640237523421,0.5497623,2.8320546,8.749485,2021:12:23:14:32:03.421
9633,1640237523440,0.22757046,3.6261556,10.225699,2021:12:23:14:32:03.440
9634,1640237523457,0.24194333,4.11663,8.301531,2021:12:23:14:32:03.457
9635,1640237523477,-0.32518622,2.889546,8.645881,2021:12:23:14:32:03.477
9636,1640237523505,0.21319759,2.8033087,9.928659,2021:12:23:14:32:03.505
9637,1640237523522,-0.05150279,3.4285285,8.226073,2021:12:23:14:32:03.522
9638,1640237523541,-0.18085863,2.663772,8.777633,2021:12:23:14:32:03.541
9639,1640237523557,0.06407905,2.8560092,10.301157,2021:12:23:14:32:03.557
9640,1640237523573,0.16049707,3.885466,9.140547,2021:12:23:14:32:03.573
9641,1640237523593,-0.08503949,4.3525844,7.6224127,2021:12:23:14:32:03.593
9642,1640237523620,-0.17606768,3.077591,9.013587,2021:12:23:14:32:03.620
9643,1640237523638,0.3233896,2.6440094,11.395291,2021:12:23:14:32:03.638
9644,1640237523657,-0.041920874,4.390912,8.772841,2021:12:23:14:32:03.657
9645,1640237523675,-0.6234233,3.1782012,7.702661,2021:12:23:14:32:03.675
9646,1640237523705,-0.6330052,3.0530374,9.683124,2021:12:23:14:32:03.705
9647,1640237523721,-0.4359771,3.2650373,9.051315,2021:12:23:14:32:03.721
9648,1640237523738,-0.46472284,2.6152637,8.89561,2021:12:23:14:32:03.738
9649,1640237523758,-0.36351386,3.2171278,10.192761,2021:12:23:14:32:03.758
9650,1640237523778,-0.07066662,3.8519294,8.367407,2021:12:23:14:32:03.778
9651,1640237523804,-0.349141,3.3225288,9.569937,2021:12:23:14:32:03.804
9652,1640237523821,0.06407905,3.2410824,9.145338,2021:12:23:14:32:03.821
9653,1640237523837,-0.37309578,2.879964,8.348842,2021:12:23:14:32:03.837
9654,1640237523859,-0.40663248,3.7411387,9.58431,2021:12:23:14:32:03.859
9655,1640237523876,-0.2287682,2.9380543,8.34405,2021:12:23:14:32:03.876
9656,1640237523905,-0.3156043,2.7260547,10.598196,2021:12:23:14:32:03.905
9657,1640237523921,0.18445185,4.005839,9.980163,2021:12:23:14:32:03.921
9658,1640237523941,-0.15690385,3.0195007,8.400345,2021:12:23:14:32:03.941
9659,1640237523957,0.020960437,3.8950481,7.9667625,2021:12:23:14:32:03.957
9660,1640237523979,-0.29164952,2.8655913,8.070367,2021:12:23:14:32:03.979
9661,1640237524004,-0.39705056,2.8416364,10.338885,2021:12:23:14:32:04.004
9662,1640237524020,-0.13294905,3.298574,10.041846,2021:12:23:14:32:04.020
9663,1640237524036,-0.5030505,3.4668562,8.805779,2021:12:23:14:32:04.036
9664,1640237524057,-0.61803347,3.486619,8.98544,2021:12:23:14:32:04.057
9665,1640237524075,-0.32997715,2.981173,9.258525,2021:12:23:14:32:04.075
9666,1640237524096,0.0017966089,2.7260547,9.54179,2021:12:23:14:32:04.096
9667,1640237524116,-0.09941236,3.7507205,9.45196,2021:12:23:14:32:04.116
9668,1640237524140,-0.11378523,3.7267656,8.815361,2021:12:23:14:32:04.140
9669,1640237524157,-0.445559,3.2362914,9.098626,2021:12:23:14:32:04.157
9670,1640237524178,-0.25811282,3.2362914,7.896096,2021:12:23:14:32:04.178
9671,1640237524196,-0.35872293,2.9332635,8.433282,2021:12:23:14:32:04.196
9672,1640237524221,-0.24793203,2.8416364,11.154546,2021:12:23:14:32:04.221
9673,1640237524239,-0.046112962,3.7411387,8.975858,2021:12:23:14:32:04.239
9674,1640237524257,0.006587566,3.80402,8.38657,2021:12:23:14:32:04.257
9675,1640237524278,-0.0029943483,3.3081558,7.9901185,2021:12:23:14:32:04.278
9676,1640237524305,-0.29644048,2.8512182,8.518322,2021:12:23:14:32:04.305
9677,1640237524322,-0.5174234,2.4373994,12.527155,2021:12:23:14:32:04.322
9678,1640237524339,0.13654228,3.674065,9.716061,2021:12:23:14:32:04.339
9679,1640237524357,-0.20002246,4.376539,8.918965,2021:12:23:14:32:04.357
9680,1640237524380,-0.40663248,3.2171278,8.645881,2021:12:23:14:32:04.380
9681,1640237524405,-0.4695138,3.0338736,8.070367,2021:12:23:14:32:04.405
9682,1640237524423,-0.45454204,2.6973088,9.49927,2021:12:23:14:32:04.423
9683,1640237524439,-0.3826777,3.9770932,7.924243,2021:12:23:14:32:04.439
9684,1640237524459,-0.5317962,3.2069468,8.409926,2021:12:23:14:32:04.459
9685,1640237524494,-0.33955908,2.9135008,9.895123,2021:12:23:14:32:04.494
9686,1640237524518,-0.47430477,3.0338736,9.687914,2021:12:23:14:32:04.518
9687,1640237524520,-0.39705056,3.1734102,10.173597,2021:12:23:14:32:04.520
9688,1640237524541,-0.54137814,4.7568216,8.829734,2021:12:23:14:32:04.541
9689,1640237524576,-0.29164952,2.9087098,8.674027,2021:12:23:14:32:04.576
9690,1640237524595,-0.041322004,3.4620655,10.31014,2021:12:23:14:32:04.595
9691,1640237524620,-0.63240635,2.8560092,9.381293,2021:12:23:14:32:04.620
9692,1640237524638,-0.68091476,3.3129468,8.829734,2021:12:23:14:32:04.638
9693,1640237524657,-0.21918629,3.2554553,9.442377,2021:12:23:14:32:04.657
9694,1640237524678,0.016169481,3.1734102,8.04222,2021:12:23:14:32:04.678
9695,1640237524703,-0.11378523,2.8224726,8.952502,2021:12:23:14:32:04.703
9696,1640237524718,-0.046112962,3.49141,8.126661,2021:12:23:14:32:04.718
9697,1640237524740,0.07366096,3.2842011,8.442864,2021:12:23:14:32:04.740
9698,1640237524756,0.37189806,3.4333196,9.88614,2021:12:23:14:32:04.756
9699,1640237524778,0.24673429,4.308867,8.518322,2021:12:23:14:32:04.778
9700,1640237524803,-0.6036606,2.264326,9.551372,2021:12:23:14:32:04.803
9701,1640237524821,-0.20002246,3.4237378,10.083767,2021:12:23:14:32:04.821
9702,1640237524837,-0.079649664,3.7219748,7.942808,2021:12:23:14:32:04.837
9703,1640237524860,-0.65157014,2.894337,9.956806,2021:12:23:14:32:04.860
9704,1640237524877,-0.27188683,3.4237378,9.622039,2021:12:23:14:32:04.877
9705,1640237524904,-0.62282443,3.1686192,7.560729,2021:12:23:14:32:04.904
9706,1640237524920,-0.349141,3.1782012,9.065688,2021:12:23:14:32:04.920
9707,1640237524938,-0.19044055,2.6248455,10.9138,2021:12:23:14:32:04.938
9708,1640237524955,-0.6036606,3.3369017,11.17371,2021:12:23:14:32:04.955
9709,1640237524976,-0.17127672,4.3382115,7.721226,2021:12:23:14:32:04.976
9710,1640237524994,-0.39705056,3.8327656,5.867725,2021:12:23:14:32:04.994
9711,1640237525022,-0.5126324,2.7404275,8.376988,2021:12:23:14:32:05.022
9712,1640237525038,-0.11378523,3.1159186,10.404761,2021:12:23:14:32:05.038
9713,1640237525056,0.2658981,2.576936,10.965902,2021:12:23:14:32:05.056
9714,1640237525077,0.42938954,3.587229,8.117678,2021:12:23:14:32:05.077
9715,1640237525103,0.15091515,3.409365,8.735112,2021:12:23:14:32:05.103
9716,1640237525119,0.17486994,3.4572744,8.38178,2021:12:23:14:32:05.119
9717,1640237525137,0.04970618,2.9087098,10.8856535,2021:12:23:14:32:05.137
9718,1640237525156,0.26110715,4.0543475,8.645881,2021:12:23:14:32:05.156
9719,1640237525178,-0.3156043,4.1549573,9.0369425,2021:12:23:14:32:05.178
9720,1640237525203,-0.57970583,2.38949,10.87188,2021:12:23:14:32:05.203
9721,1640237525218,0.15570611,1.1432421,9.074672,2021:12:23:14:32:05.218
9722,1640237525237,-0.37788674,2.0858629,8.72613,2021:12:23:14:32:05.237
9723,1640237525257,-0.39705056,2.9332635,8.76805,2021:12:23:14:32:05.257
9724,1640237525277,-0.6036606,3.274619,10.211327,2021:12:23:14:32:05.277
9725,1640237525303,-0.9258525,2.5242355,15.733503,2021:12:23:14:32:05.303
9726,1640237525320,-0.0125762625,5.5700865,2.1469476,2021:12:23:14:32:05.320
9727,1640237525341,-0.9881349,1.5277164,5.2880187,2021:12:23:14:32:05.341
9728,1640237525356,-1.180372,3.3273196,12.154059,2021:12:23:14:32:05.356
9729,1640237525374,0.08324288,3.3081558,8.867463,2021:12:23:14:32:05.374
9730,1640237525394,-0.69528764,2.985964,5.8820977,2021:12:23:14:32:05.394
9731,1640237525418,-0.45514092,1.8409252,4.755025,2021:12:23:14:32:05.418
9732,1640237525436,-0.95938915,1.7349254,17.313322,2021:12:23:14:32:05.436
9733,1640237525461,-0.11378523,2.678145,11.008422,2021:12:23:14:32:05.461
9734,1640237525478,-0.40184152,2.7452185,5.788075,2021:12:23:14:32:05.478
9735,1640237525498,-0.6857057,3.390201,11.168919,2021:12:23:14:32:05.498
9736,1640237525522,-0.13774002,3.2650373,9.824456,2021:12:23:14:32:05.522
9737,1640237525538,-0.41142344,3.8806753,7.6930795,2021:12:23:14:32:05.538
9738,1640237525557,-0.5317962,2.894337,9.659767,2021:12:23:14:32:05.557
9739,1640237525578,0.078451924,-0.63240635,10.909608,2021:12:23:14:32:05.578
9740,1640237525605,0.19882472,3.601602,9.423813,2021:12:23:14:32:05.605
9741,1640237525622,-0.43537822,1.5229255,8.541677,2021:12:23:14:32:05.622
9742,1640237525638,-0.37309578,4.0543475,8.376988,2021:12:23:14:32:05.638
9743,1640237525658,-0.4790957,1.3306884,9.263315,2021:12:23:14:32:05.658
9744,1640237525677,0.17486994,1.2923607,6.0521765,2021:12:23:14:32:05.677
9745,1640237525701,-0.66654193,7.523599,7.754164,2021:12:23:14:32:05.701
9746,1640237525718,-1.4402815,0.27188683,12.870906,2021:12:23:14:32:05.718
9747,1640237525739,-0.28685856,3.0290825,11.932478,2021:12:23:14:32:05.739
9748,1640237525756,-0.18564959,1.9415354,8.235655,2021:12:23:14:32:05.756
9749,1640237525776,-0.022158176,3.0242918,10.05562,2021:12:23:14:32:05.776
9750,1640237525793,-0.25811282,2.5242355,10.362242,2021:12:23:14:32:05.793
9751,1640237525819,-0.82524234,2.081072,8.584197,2021:12:23:14:32:05.819
9752,1640237525838,-1.2240895,2.8272636,9.41423,2021:12:23:14:32:05.838
9753,1640237525858,0.36231613,2.1966538,9.720852,2021:12:23:14:32:05.858
9754,1640237525874,1.4001572,1.7972078,9.207022,2021:12:23:14:32:05.874
9755,1640237525901,1.5492758,3.1111279,8.918965,2021:12:23:14:32:05.901
9756,1640237525916,1.1456376,2.7068908,8.928548,2021:12:23:14:32:05.916
9757,1640237525935,0.9150728,2.3457723,10.022682,2021:12:23:14:32:05.935
9758,1640237525956,0.9821462,2.7308455,9.829247,2021:12:23:14:32:05.956
9759,1640237525975,0.5353895,3.7363477,7.4948535,2021:12:23:14:32:05.975
9760,1640237526003,-0.58449674,3.9196017,8.603361,2021:12:23:14:32:06.003
9761,1640237526019,-0.17127672,2.0139985,9.942433,2021:12:23:14:32:06.019
9762,1640237526036,0.020960437,3.000337,9.183067,2021:12:23:14:32:06.036
9763,1640237526061,-0.32039526,3.1494553,10.041846,2021:12:23:14:32:06.061
9764,1640237526079,-0.23835011,2.6392186,10.239473,2021:12:23:14:32:06.079
9765,1640237526101,-0.3922596,2.364936,9.084253,2021:12:23:14:32:06.101
9766,1640237526118,-0.123367146,2.981173,9.154921,2021:12:23:14:32:06.118
9767,1640237526140,-0.52700526,2.605682,10.09814,2021:12:23:14:32:06.140
9768,1640237526172,-0.555751,2.9182918,9.635813,2021:12:23:14:32:06.172
9769,1640237526193,-0.57970583,2.5673542,8.38178,2021:12:23:14:32:06.193
9770,1640237526218,-0.45454204,3.2650373,8.513531,2021:12:23:14:32:06.218
9771,1640237526234,-0.33955908,3.5632744,9.650186,2021:12:23:14:32:06.234
9772,1640237526254,-0.4737059,2.5577722,9.899914,2021:12:23:14:32:06.254
9773,1640237526274,-0.32518622,3.3225288,6.886402,2021:12:23:14:32:06.274
9774,1640237526301,-0.40663248,3.005128,7.5044355,2021:12:23:14:32:06.301
9775,1640237526318,-0.4162144,2.2397723,12.673279,2021:12:23:14:32:06.318
9776,1640237526336,0.24673429,2.581727,12.230116,2021:12:23:14:32:06.336
9777,1640237526356,0.0017966089,3.8471386,8.33926,2021:12:23:14:32:06.356
9778,1640237526379,-0.08444062,4.0543475,8.075158,2021:12:23:14:32:06.379
9779,1640237526402,0.3096156,3.0674102,9.607666,2021:12:23:14:32:06.402
9780,1640237526417,0.2856608,3.0482464,10.414343,2021:12:23:14:32:06.417
9781,1640237526436,0.030542351,2.6344275,9.834039,2021:12:23:14:32:06.436
9782,1640237526458,0.016169481,2.9428453,9.338773,2021:12:23:14:32:06.458
9783,1640237526484,0.473107,2.8080997,8.452446,2021:12:23:14:32:06.484
9784,1640237526502,0.78032714,2.7212636,8.433282,2021:12:23:14:32:06.502
9785,1640237526518,0.5353895,2.899128,8.942921,2021:12:23:14:32:06.518
9786,1640237526539,0.473107,2.7643821,9.310626,2021:12:23:14:32:06.539
9787,1640237526558,0.3527342,2.7308455,9.051315,2021:12:23:14:32:06.558
9788,1640237526583,0.52580756,2.605682,10.367032,2021:12:23:14:32:06.583
9789,1640237526601,0.8336265,3.2219186,8.905191,2021:12:23:14:32:06.601
9790,1640237526618,0.42938954,4.3477936,8.990231,2021:12:23:14:32:06.618
9791,1640237526634,0.37189806,3.3177378,10.3903885,2021:12:23:14:32:06.634
9792,1640237526659,0.3671071,3.0434556,8.55605,2021:12:23:14:32:06.659
9793,1640237526685,-0.14732192,3.3416927,7.1271477,2021:12:23:14:32:06.685
9794,1640237526701,0.3000337,3.3416927,3.321331,2021:12:23:14:32:06.701
9795,1640237526717,0.011378523,0.6425871,11.550998,2021:12:23:14:32:06.717
9796,1640237526736,0.20840663,4.4777484,8.301531,2021:12:23:14:32:06.736
9797,1640237526755,0.107796535,0.8012876,10.777258,2021:12:23:14:32:06.755
9798,1640237526776,-0.08923157,4.410076,9.569937,2021:12:23:14:32:06.776
9799,1640237526800,1.3618295,3.293783,3.4345174,2021:12:23:14:32:06.800
9800,1640237526816,0.14612418,2.7404275,8.617135,2021:12:23:14:32:06.816
9801,1640237526836,1.1264738,3.5632744,6.3917356,2021:12:23:14:32:06.836
9802,1640237526860,0.6892989,2.9087098,10.432908,2021:12:23:14:32:06.860
9803,1640237526877,0.44436127,3.2069468,8.617135,2021:12:23:14:32:06.877
9804,1640237526901,1.2660104,1.2246884,7.1463113,2021:12:23:14:32:06.901
9805,1640237526917,-2.021185,-3.6303477,40.40753,2021:12:23:14:32:06.917
9806,1640237526938,2.4242244,-4.929895,36.748436,2021:12:23:14:32:06.938
9807,1640237526958,-1.5648464,9.039338,-7.2044015,2021:12:23:14:32:06.958
9808,1640237526987,0.020960437,13.576974,-26.304152,2021:12:23:14:32:06.987
9809,1640237527004,3.1117265,-3.3752294,17.672045,2021:12:23:14:32:07.004
9810,1640237527019,1.7558857,4.0639296,12.767302,2021:12:23:14:32:07.019
9811,1640237527041,1.9583037,6.0893064,13.073923,2021:12:23:14:32:07.041
9812,1640237527060,1.8523037,5.550324,13.172736,2021:12:23:14:32:07.060
9813,1640237527083,1.4007561,5.093386,0.0011977393,2021:12:23:14:32:07.083
9814,1640237527101,-2.0547218,-0.5365872,7.6553507,2021:12:23:14:32:07.101
9815,1640237527119,0.26170602,2.3074448,12.154658,2021:12:23:14:32:07.119
9816,1640237527135,2.9146986,-2.3697271,37.257477,2021:12:23:14:32:07.135
9817,1640237527154,3.5824382,6.012651,-3.1440656,2021:12:23:14:32:07.154
9818,1640237527174,4.6879516,19.461466,-14.415391,2021:12:23:14:32:07.174
9819,1640237527203,-0.89650786,-5.333533,18.365536,2021:12:23:14:32:07.203
9820,1640237527220,1.9583037,-11.14197,20.557997,2021:12:23:14:32:07.220
9821,1640237527235,2.7416253,0.92166036,11.918703,2021:12:23:14:32:07.235
9822,1640237527256,1.5786203,4.607703,7.863158,2021:12:23:14:32:07.256
9823,1640237527284,-3.064416,3.6261556,7.3301644,2021:12:23:14:32:07.284
9824,1640237527301,-2.141558,7.446345,-1.1540217,2021:12:23:14:32:07.301
9825,1640237527319,1.8379309,5.2712507,11.3809185,2021:12:23:14:32:07.319
9826,1640237527337,0.0886327,8.808174,14.115956,2021:12:23:14:32:07.337
9827,1640237527357,1.6313208,1.9079987,2.1894674,2021:12:23:14:32:07.357
9828,1640237527383,1.4534566,6.5947523,7.046899,2021:12:23:14:32:07.383
9829,1640237527399,-0.362915,1.460643,13.036194,2021:12:23:14:32:07.399
9830,1640237527418,-1.7666655,4.8867764,6.306696,2021:12:23:14:32:07.418
9831,1640237527437,-4.3807316,10.001721,7.5044355,2021:12:23:14:32:07.437
9832,1640237527467,-5.5006175,-0.57970583,11.211438,2021:12:23:14:32:07.467
9833,1640237527482,-2.319422,-0.5749149,7.6745143,2021:12:23:14:32:07.482
9834,1640237527501,0.011977393,0.18564959,15.913164,2021:12:23:14:32:07.501
9835,1640237527517,0.42998838,3.702811,8.749485,2021:12:23:14:32:07.517
9836,1640237527539,-2.5787327,-0.5174234,7.768537,2021:12:23:14:32:07.539
9837,1640237527557,0.18505071,4.131003,8.04222,2021:12:23:14:32:07.557
9838,1640237527574,-0.9929259,4.0447655,10.593405,2021:12:23:14:32:07.574
9839,1640237527598,0.58868885,3.6836472,6.480967,2021:12:23:14:32:07.598
9840,1640237527618,1.5642475,2.6392186,7.0612717,2021:12:23:14:32:07.618
9841,1640237527636,1.5259198,6.4025154,8.08474,2021:12:23:14:32:07.636
9842,1640237527658,0.44436127,4.3382115,8.584197,2021:12:23:14:32:07.658
9843,1640237527682,-0.1419321,4.4681664,6.4624023,2021:12:23:14:32:07.682
9844,1640237527702,1.3672193,-1.1857619,9.899914,2021:12:23:14:32:07.702
9845,1640237527716,2.7416253,3.1207097,7.2828536,2021:12:23:14:32:07.716
9846,1640237527738,1.9391398,2.475727,11.710896,2021:12:23:14:32:07.738
9847,1640237527757,0.05030505,0.28625968,11.9420595,2021:12:23:14:32:07.757
9848,1640237527785,0.9006999,2.8080997,12.824194,2021:12:23:14:32:07.785
9849,1640237527804,2.3284051,5.935397,-2.6440094,2021:12:23:14:32:07.804
9850,1640237527819,1.8912303,-3.9333758,14.512408,2021:12:23:14:32:07.819
9851,1640237527839,0.23296028,4.506494,15.478984,2021:12:23:14:32:07.839
9852,1640237527859,0.58868885,7.514017,15.347232,2021:12:23:14:32:07.859
9853,1640237527884,0.96358126,7.817045,9.060898,2021:12:23:14:32:07.884
9854,1640237527900,2.45836,4.179511,-2.7386308,2021:12:23:14:32:07.900
9855,1640237527918,-0.17067784,0.7773328,5.3491035,2021:12:23:14:32:07.918
9856,1640237527940,-0.15151402,3.6549015,9.834039,2021:12:23:14:32:07.940
9857,1640237527975,0.29045177,1.0132874,12.154658,2021:12:23:14:32:07.975
9858,1640237528002,1.0114908,2.5092638,9.88614,2021:12:23:14:32:08.002
9859,1640237528022,1.9726766,2.9955459,0.52940077,2021:12:23:14:32:08.022
9860,1640237528035,1.4678295,0.7773328,9.098626,2021:12:23:14:32:08.035
9861,1640237528058,-0.91567165,3.5297377,11.649811,2021:12:23:14:32:08.058
9862,1640237528074,0.11737845,1.8409252,17.714563,2021:12:23:14:32:08.074
9863,1640237528100,-0.5791069,6.503125,7.2499156,2021:12:23:14:32:08.100
9864,1640237528116,1.722948,2.9326646,0.2982371,2021:12:23:14:32:08.116
9865,1640237528135,0.05030505,3.8902571,10.44249,2021:12:23:14:32:08.135
9866,1640237528155,-0.5168245,8.004492,9.716061,2021:12:23:14:32:08.155
9867,1640237528181,-0.57431597,5.5605044,8.136243,2021:12:23:14:32:08.181
9868,1640237528199,1.4199198,-1.0899427,9.937643,2021:12:23:14:32:08.199
9869,1640237528218,0.2227795,4.405285,9.268106,2021:12:23:14:32:08.218
9870,1640237528237,-0.18564959,3.1015458,5.985702,2021:12:23:14:32:08.237
9871,1640237528257,-1.3151177,5.295804,10.862297,2021:12:23:14:32:08.257
9872,1640237528281,2.9524274,-4.072912,12.304975,2021:12:23:14:32:08.281
9873,1640237528300,-0.7431972,3.4237378,11.55998,2021:12:23:14:32:08.300
9874,1640237528317,0.58809,-2.7643821,11.333608,2021:12:23:14:32:08.317
9875,1640237528339,-2.1607215,9.304039,5.788075,2021:12:23:14:32:08.339
9876,1640237528356,0.42459857,3.601602,8.626718,2021:12:23:14:32:08.356
9877,1640237528382,-2.8003144,7.0714526,9.207022,2021:12:23:14:32:08.382
9878,1640237528399,-2.0840664,2.3074448,10.428117,2021:12:23:14:32:08.399
9879,1640237528420,-0.7000786,4.1843023,11.659393,2021:12:23:14:32:08.420
9880,1640237528438,-2.0696936,2.6973088,8.122469,2021:12:23:14:32:08.438
9881,1640237528459,-3.790246,12.2918,4.858629,2021:12:23:14:32:08.459
9882,1640237528484,1.3618295,0.89291465,12.923008,2021:12:23:14:32:08.484
9883,1640237528500,-1.3774002,-1.2103156,9.673541,2021:12:23:14:32:08.500
9884,1640237528516,0.26110715,-0.4737059,10.565258,2021:12:23:14:32:08.516
9885,1640237528548,1.0348468,1.465434,12.234308,2021:12:23:14:32:08.548
9886,1640237528563,-1.3103268,1.6528802,9.3669195,2021:12:23:14:32:08.563
9887,1640237528583,-0.83482426,3.4476924,6.2971144,2021:12:23:14:32:08.583
9888,1640237528601,-0.20002246,3.486619,8.055994,2021:12:23:14:32:08.601
9889,1640237528617,-2.4972863,4.5400305,9.791518,2021:12:23:14:32:08.617
9890,1640237528636,-2.7859416,5.1466856,8.560842,2021:12:23:14:32:08.636
9891,1640237528656,-3.5069807,4.819104,7.348729,2021:12:23:14:32:08.656
9892,1640237528680,-2.8721788,4.708313,9.494479,2021:12:23:14:32:08.680
9893,1640237528700,-1.6325186,2.4613543,8.25422,2021:12:23:14:32:08.700
9894,1640237528717,-2.0457387,3.1015458,7.089419,2021:12:23:14:32:08.717
9895,1640237528739,-0.87315196,4.2897034,14.102182,2021:12:23:14:32:08.739
9896,1640237528755,-0.8204514,1.2779878,11.093461,2021:12:23:14:32:08.755
9897,1640237528781,-2.944642,-0.093423665,9.654976,2021:12:23:14:32:08.781
9898,1640237528799,-1.584609,3.9339747,5.8539505,2021:12:23:14:32:08.799
9899,1640237528819,-0.9498072,2.9715912,4.9011493,2021:12:23:14:32:08.819
9900,1640237528837,-0.041920874,0.6904967,12.54572,2021:12:23:14:32:08.837
9901,1640237528863,-0.3156043,3.3129468,12.644533,2021:12:23:14:32:08.863
9902,1640237528881,-1.594191,4.3573756,6.056369,2021:12:23:14:32:08.881
9903,1640237528899,-1.1324625,4.1645393,6.2498035,2021:12:23:14:32:08.899
9904,1640237528917,-0.69528764,3.2842011,10.3574505,2021:12:23:14:32:08.917
9905,1640237528935,-1.1372534,2.0187895,11.395291,2021:12:23:14:32:08.935
9906,1640237528954,-1.800801,3.2219186,10.880862,2021:12:23:14:32:08.954
9907,1640237528979,-1.584609,4.0591383,8.315305,2021:12:23:14:32:08.979
9908,1640237528998,-1.2576262,4.8574314,7.791893,2021:12:23:14:32:08.998
9909,1640237529017,-1.4594454,5.1706405,8.334469,2021:12:23:14:32:09.017
9910,1640237529036,-1.0174795,3.0290825,8.961485,2021:12:23:14:32:09.036
9911,1640237529065,-1.5127447,3.4429016,7.514017,2021:12:23:14:32:09.065
9912,1640237529081,-2.5984952,3.4141557,8.480593,2021:12:23:14:32:09.081
9913,1640237529100,-2.646405,2.8608003,9.777744,2021:12:23:14:32:09.100
9914,1640237529118,-2.1373658,1.8163716,6.9618597,2021:12:23:14:32:09.118
9915,1640237529141,-2.1804843,1.9367445,8.697384,2021:12:23:14:32:09.141
9916,1640237529167,-1.7097728,0.8300333,10.050829,2021:12:23:14:32:09.167
9917,1640237529183,-2.8919415,-0.064677924,9.5980835,2021:12:23:14:32:09.183
9918,1640237529197,-2.5505857,0.40663248,10.602987,2021:12:23:14:32:09.197
9919,1640237529221,-0.6761238,2.1679082,7.688288,2021:12:23:14:32:09.221
9920,1640237529237,-1.4450724,4.015421,8.475802,2021:12:23:14:32:09.237
9921,1640237529265,-1.7768462,3.4764383,10.607179,2021:12:23:14:32:09.265
9922,1640237529282,-0.8971067,3.3273196,8.867463,2021:12:23:14:32:09.282
9923,1640237529302,0.6455815,1.2390612,8.980649,2021:12:23:14:32:09.302
9924,1640237529317,2.048733,1.4175245,10.31014,2021:12:23:14:32:09.317
9925,1640237529346,1.8852416,2.6733541,9.645394,2021:12:23:14:32:09.346
9926,1640237529363,0.7509825,1.2103156,10.895235,2021:12:23:14:32:09.363
9927,1640237529380,1.2845753,0.35393196,10.7018,2021:12:23:14:32:09.380
9928,1640237529398,2.7506082,0.32518622,9.220796,2021:12:23:14:32:09.398
9929,1640237529416,2.903919,0.6330052,9.923869,2021:12:23:14:32:09.416
9930,1640237529434,1.8756597,1.0276603,10.692219,2021:12:23:14:32:09.434
9931,1640237529464,0.6599543,1.4941797,9.791518,2021:12:23:14:32:09.464
9932,1640237529481,-0.013175132,3.8231838,8.329678,2021:12:23:14:32:09.481
9933,1640237529495,0.37129918,2.5625632,8.674027,2021:12:23:14:32:09.495
9934,1640237529516,0.010779654,1.9948348,9.876558,2021:12:23:14:32:09.516
9935,1640237529536,-0.7964966,3.2315006,9.569937,2021:12:23:14:32:09.536
9936,1640237529563,-0.7294232,2.1439533,10.239473,2021:12:23:14:32:09.563
9937,1640237529579,-0.45514092,2.182281,9.093836,2021:12:23:14:32:09.579
9938,1640237529598,-0.7342142,0.72463226,9.244751,2021:12:23:14:32:09.598
9939,1640237529618,-1.2192986,3.399783,8.565633,2021:12:23:14:32:09.618
9940,1640237529638,-1.1522251,1.5420893,9.084253,2021:12:23:14:32:09.638
9941,1640237529665,-1.3779991,3.3710372,11.409065,2021:12:23:14:32:09.665
9942,1640237529682,-1.0318524,1.5810158,9.315417,2021:12:23:14:32:09.682
9943,1640237529700,-0.48388666,3.1111279,9.051315,2021:12:23:14:32:09.700
9944,1640237529716,-0.16229367,1.8313433,8.923757,2021:12:23:14:32:09.716
9945,1640237529747,-0.5323951,4.193884,8.933338,2021:12:23:14:32:09.747
9946,1640237529779,-0.21499419,2.273908,9.390875,2021:12:23:14:32:09.779
9947,1640237529796,0.3569263,3.5489016,9.5651455,2021:12:23:14:32:09.796
9948,1640237529815,0.2700902,0.69528764,9.20223,2021:12:23:14:32:09.815
9949,1640237529833,0.23176254,1.6385074,9.093836,2021:12:23:14:32:09.833
9950,1640237529862,-0.34973988,0.65696,9.805891,2021:12:23:14:32:09.862
9951,1640237529880,-0.5515589,1.4025527,9.716061,2021:12:23:14:32:09.880
9952,1640237529897,-0.78212374,1.465434,9.6310215,2021:12:23:14:32:09.897
9953,1640237529916,-0.34973988,2.182281,8.989632,2021:12:23:14:32:09.916
9954,1640237529935,0.15989819,2.889546,9.504061,2021:12:23:14:32:09.935
9955,1640237529957,0.1934349,3.0578284,9.6639595,2021:12:23:14:32:09.957
9956,1640237529982,0.020361567,2.4901,9.504061,2021:12:23:14:32:09.982
9957,1640237530002,0.47670022,1.3354793,8.833926,2021:12:23:14:32:10.002
9958,1640237530017,0.43837258,2.1343713,10.6544895,2021:12:23:14:32:10.017
9959,1640237530036,0.69349104,1.3977617,9.235168,2021:12:23:14:32:10.036
9960,1640237530056,0.37609014,1.8457162,9.333982,2021:12:23:14:32:10.056
9961,1640237530083,1.0198749,1.0324513,9.777145,2021:12:23:14:32:10.083
9962,1640237530099,0.6210278,1.7301344,9.772954,2021:12:23:14:32:10.099
9963,1640237530117,0.36650822,2.3361905,8.758469,2021:12:23:14:32:10.117
9964,1640237530147,-0.2485309,1.4510611,9.866976,2021:12:23:14:32:10.147
9965,1640237530162,-0.49406746,1.9948348,10.31014,2021:12:23:14:32:10.162
9966,1640237530180,-0.27308455,1.5325074,9.225587,2021:12:23:14:32:10.180
9967,1640237530197,-0.19583037,1.8505071,10.923382,2021:12:23:14:32:10.197
9968,1640237530215,-0.48328778,1.8457162,11.456376,2021:12:23:14:32:10.215
9969,1640237530233,-0.7473893,1.566643,8.68361,2021:12:23:14:32:10.233
9970,1640237530254,-0.4204065,1.4941797,9.664558,2021:12:23:14:32:10.254
9971,1640237530279,-0.4928697,2.2978628,10.437699,2021:12:23:14:32:10.279
9972,1640237530298,-0.459333,2.692518,8.626718,2021:12:23:14:32:10.298
9973,1640237530316,-0.6078527,2.269117,9.32979,2021:12:23:14:32:10.316
9974,1640237530347,-1.0599992,1.5516713,9.810682,2021:12:23:14:32:10.347
9975,1640237530363,-1.2761912,1.8019987,9.362728,2021:12:23:14:32:10.363
9976,1640237530378,-0.6946888,0.9695699,9.796309,2021:12:23:14:32:10.378
9977,1640237530396,-0.25691506,2.3218176,10.065202,2021:12:23:14:32:10.396
9978,1640237530419,-0.108395405,1.6001797,9.645394,2021:12:23:14:32:10.419
9979,1640237530437,-0.108395405,1.7013886,9.471124,2021:12:23:14:32:10.437
9980,1640237530462,0.16109593,2.1002357,9.88614,2021:12:23:14:32:10.462
9981,1640237530480,0.3389602,2.0571172,9.67414,2021:12:23:14:32:10.480
9982,1640237530500,0.4737059,1.5714339,9.324999,2021:12:23:14:32:10.500
9983,1640237530517,0.13235019,1.672044,9.480705,2021:12:23:14:32:10.517
9984,1640237530537,0.11797732,1.7684621,9.54179,2021:12:23:14:32:10.537
9985,1640237530563,0.37728786,1.7301344,9.692705,2021:12:23:14:32:10.563
9986,1640237530579,0.42519745,1.7684621,9.54179,2021:12:23:14:32:10.579
9987,1640237530597,0.19463263,1.8211626,9.636412,2021:12:23:14:32:10.597
9988,1640237530623,-0.34854212,1.8409252,9.626829,2021:12:23:14:32:10.623
9989,1640237530639,-0.93004453,1.9319534,9.645394,2021:12:23:14:32:10.639
9990,1640237530663,-1.0833552,2.1199985,9.607666,2021:12:23:14:32:10.663
9991,1640237530677,-1.0354456,2.28349,9.593891,2021:12:23:14:32:10.677
9992,1640237530696,-0.891118,2.394281,9.54179,2021:12:23:14:32:10.696
9993,1640237530715,-0.57431597,2.3122356,9.41423,2021:12:23:14:32:10.715
9994,1640237530735,-0.09821462,2.3026538,9.508852,2021:12:23:14:32:10.735
9995,1640237530754,0.36770597,3.0434556,9.183666,2021:12:23:14:32:10.754
9996,1640237530778,0.4401692,3.005128,8.867463,2021:12:23:14:32:10.778
9997,1640237530797,0.22397724,2.8368454,9.051315,2021:12:23:14:32:10.797
9998,1640237530815,0.14672306,3.1542463,9.19744,2021:12:23:14:32:10.815
9999,1640237530835,0.1419321,3.4716473,9.060898,2021:12:23:14:32:10.835
10000,1640237530863,0.3922596,3.5201557,8.914773,2021:12:23:14:32:10.863
10001,1640237530880,0.81985253,3.399783,8.938129,2021:12:23:14:32:10.880
10002,1640237530899,0.5599431,3.380619,9.013587,2021:12:23:14:32:10.899
10003,1640237530916,0.20002246,3.5057828,9.004005,2021:12:23:14:32:10.916
10004,1640237530945,0.3533331,3.6357377,8.9243555,2021:12:23:14:32:10.945
10005,1640237530961,0.6036606,3.6788561,8.966276,2021:12:23:14:32:10.961
10006,1640237530979,0.5892877,3.693229,8.995022,2021:12:23:14:32:10.979
10007,1640237530998,0.2958416,3.6357377,9.004005,2021:12:23:14:32:10.998
10008,1640237531017,-0.0886327,3.5632744,9.02796,2021:12:23:14:32:11.017
10009,1640237531037,-0.25212413,3.5441105,8.98544,2021:12:23:14:32:11.037
10010,1640237531060,-0.03533331,3.5201557,9.004005,2021:12:23:14:32:11.060
10011,1640237531076,0.24314107,3.48602,9.018378,2021:12:23:14:32:11.076
10012,1640237531101,0.37309578,3.3662462,9.023169,2021:12:23:14:32:11.101
10013,1640237531118,0.33955908,3.2506645,8.995022,2021:12:23:14:32:11.118
10014,1640237531134,0.2623049,3.192574,9.070479,2021:12:23:14:32:11.134
10015,1640237531153,0.13294905,3.192574,9.013587,2021:12:23:14:32:11.153
10016,1640237531176,0.08444062,3.2410824,8.938129,2021:12:23:14:32:11.176
10017,1640237531194,0.01736722,3.399783,9.032751,2021:12:23:14:32:11.194
10018,1640237531216,-0.0125762625,3.4189467,9.079463,2021:12:23:14:32:11.216
10019,1640237531235,0.030542351,3.390201,9.013587,2021:12:23:14:32:11.235
10020,1640237531261,0.040124267,3.3470824,9.041734,2021:12:23:14:32:11.261
10021,1640237531277,0.016169481,3.2842011,9.093836,2021:12:23:14:32:11.277
10022,1640237531298,-0.13294905,3.3177378,9.074672,2021:12:23:14:32:11.298
10023,1640237531320,-0.46472284,3.3566644,9.051315,2021:12:23:14:32:11.320
10024,1640237531336,-0.5898866,3.3949919,8.999214,2021:12:23:14:32:11.336
10025,1640237531360,-0.39764944,3.3662462,9.023169,2021:12:23:14:32:11.360
10026,1640237531379,-0.3156043,3.390201,8.999214,2021:12:23:14:32:11.379
10027,1640237531397,-0.3156043,3.4476924,8.994423,2021:12:23:14:32:11.397
10028,1640237531416,-0.15211289,3.303365,9.089045,2021:12:23:14:32:11.416
10029,1640237531443,-0.094621405,3.2075458,9.079463,2021:12:23:14:32:11.443
10030,1640237531460,-0.15211289,3.3321106,9.008796,2021:12:23:14:32:11.460
