,Timestamp,Gyro-x, Gyro-y, Gyro-z,Time
1,1640237328596,0.0029294747,-0.004394212,-0.015978953,2021:12:23:14:28:48.596
2,1640237328617,-0.00026631588,0.0009321056,-0.013848426,2021:12:23:14:28:48.617
3,1640237328635,0.0018642112,-0.00013315794,-0.010652635,2021:12:23:14:28:48.635
4,1640237328661,0.00079894764,-0.002263685,-0.011717899,2021:12:23:14:28:48.661
5,1640237328678,-0.00026631588,-0.002263685,-0.012783162,2021:12:23:14:28:48.678
6,1640237328699,-0.00026631588,-0.002263685,-0.015978953,2021:12:23:14:28:48.699
7,1640237328716,-0.00026631588,-0.002263685,-0.019174743,2021:12:23:14:28:48.716
8,1640237328744,-0.00026631588,-0.002263685,-0.02130527,2021:12:23:14:28:48.744
9,1640237328761,0.00079894764,-0.002263685,-0.020240007,2021:12:23:14:28:48.761
10,1640237328780,0.00079894764,0.0009321056,-0.015978953,2021:12:23:14:28:48.780
11,1640237328797,0.00079894764,0.0030626326,-0.013848426,2021:12:23:14:28:48.797
12,1640237328821,0.00079894764,0.0041278964,-0.009587372,2021:12:23:14:28:48.821
13,1640237328845,0.00079894764,0.00519316,-0.004261054,2021:12:23:14:28:48.845
14,1640237328861,0.00079894764,0.0062584234,-0.004261054,2021:12:23:14:28:48.861
15,1640237328879,0.0018642112,0.00519316,-0.006391581,2021:12:23:14:28:48.879
16,1640237328902,0.0018642112,0.00519316,-0.0074568447,2021:12:23:14:28:48.902
17,1640237328920,0.0018642112,0.0041278964,-0.006391581,2021:12:23:14:28:48.920
18,1640237328944,0.0018642112,0.0030626326,-0.008522108,2021:12:23:14:28:48.944
19,1640237328960,0.0018642112,0.001997369,-0.009587372,2021:12:23:14:28:48.960
20,1640237328983,0.0018642112,0.001997369,-0.008522108,2021:12:23:14:28:48.983
21,1640237329001,0.00079894764,0.001997369,-0.0053263176,2021:12:23:14:28:49.001
22,1640237329028,0.00079894764,0.0009321056,-0.0031957906,2021:12:23:14:28:49.028
23,1640237329045,-0.00026631588,0.0009321056,-0.0010652635,2021:12:23:14:28:49.045
24,1640237329063,0.00079894764,0.0009321056,0.0010652635,2021:12:23:14:28:49.063
25,1640237329081,0.00079894764,0.0009321056,0.004261054,2021:12:23:14:28:49.081
26,1640237329103,-0.00026631588,0.0009321056,0.004261054,2021:12:23:14:28:49.103
27,1640237329128,0.00079894764,-0.00013315794,0.0053263176,2021:12:23:14:28:49.128
28,1640237329144,0.00079894764,-0.00013315794,0.0031957906,2021:12:23:14:28:49.144
29,1640237329163,0.00079894764,-0.00013315794,-0.0,2021:12:23:14:28:49.163
30,1640237329182,0.00079894764,-0.0011984215,-0.002130527,2021:12:23:14:28:49.182
31,1640237329202,-0.00026631588,-0.0033289485,-0.008522108,2021:12:23:14:28:49.202
32,1640237329228,-0.00026631588,-0.004394212,-0.011717899,2021:12:23:14:28:49.228
33,1640237329245,-0.00026631588,-0.004394212,-0.015978953,2021:12:23:14:28:49.245
34,1640237329264,-0.00026631588,-0.0075900024,-0.022370534,2021:12:23:14:28:49.264
35,1640237329286,-0.00026631588,-0.009720529,-0.027696852,2021:12:23:14:28:49.286
36,1640237329310,-0.00026631588,-0.016112112,-0.027696852,2021:12:23:14:28:49.310
37,1640237329327,-0.002396843,-0.02143843,-0.019174743,2021:12:23:14:28:49.327
38,1640237329346,-0.002396843,-0.02783001,-0.0053263176,2021:12:23:14:28:49.346
39,1640237329367,-0.0034621065,-0.033156328,0.012783162,2021:12:23:14:28:49.367
40,1640237329394,-0.006657897,-0.043808963,0.035153694,2021:12:23:14:28:49.394
41,1640237329410,-0.0077231606,-0.057657387,0.05219791,2021:12:23:14:28:49.410
42,1640237329427,-0.008788424,-0.06831002,0.061785284,2021:12:23:14:28:49.427
43,1640237329448,-0.013049478,-0.081093185,0.07137266,2021:12:23:14:28:49.448
44,1640237329468,-0.014114741,-0.092811085,0.099069506,2021:12:23:14:28:49.468
45,1640237329493,-0.018375795,-0.10026793,0.13209268,2021:12:23:14:28:49.493
46,1640237329510,-0.023702113,-0.111985825,0.1693769,2021:12:23:14:28:49.510
47,1640237329528,-0.024767376,-0.11518162,0.21731377,2021:12:23:14:28:49.528
48,1640237329547,-0.02583264,-0.1098553,0.2716422,2021:12:23:14:28:49.547
49,1640237329568,-0.02902843,-0.10879004,0.32916644,2021:12:23:14:28:49.568
50,1640237329588,-0.032224223,-0.10559425,0.3792338,2021:12:23:14:28:49.588
51,1640237329611,-0.033289485,-0.10026793,0.39627802,2021:12:23:14:28:49.611
52,1640237329627,-0.032224223,-0.08961529,0.35153696,2021:12:23:14:28:49.627
53,1640237329648,-0.026897904,-0.083223715,0.2599243,2021:12:23:14:28:49.648
54,1640237329670,-0.02263685,-0.081093185,0.16618112,2021:12:23:14:28:49.670
55,1640237329694,-0.021571586,-0.08215845,0.09267793,2021:12:23:14:28:49.694
56,1640237329710,-0.017310532,-0.07789739,0.025566325,2021:12:23:14:28:49.710
57,1640237329730,-0.011984214,-0.071505815,-0.044741068,2021:12:23:14:28:49.730
58,1640237329751,-0.009853687,-0.07044055,-0.09480845,2021:12:23:14:28:49.751
59,1640237329776,-0.009853687,-0.057657387,-0.10439582,2021:12:23:14:28:49.776
60,1640237329793,-0.002396843,-0.036352117,-0.08522108,2021:12:23:14:28:49.793
61,1640237329812,-0.00026631588,-0.019307902,-0.053263176,2021:12:23:14:28:49.812
62,1640237329832,0.0029294747,-0.004394212,-0.020240007,2021:12:23:14:28:49.832
63,1640237329853,0.0018642112,0.011584741,0.02130527,2021:12:23:14:28:49.853
64,1640237329876,0.00079894764,0.022237375,0.05113265,2021:12:23:14:28:49.876
65,1640237329893,0.0061252653,0.033955276,0.034088433,2021:12:23:14:28:49.893
66,1640237329913,0.01038632,0.02969422,-0.015978953,2021:12:23:14:28:49.913
67,1640237329932,0.01358211,0.021172112,-0.08202529,2021:12:23:14:28:49.932
68,1640237329959,0.012516847,0.0083889505,-0.15339795,2021:12:23:14:28:49.959
69,1640237329978,0.011451583,-0.01291632,-0.22157481,2021:12:23:14:28:49.978
70,1640237329995,0.008255793,-0.026764747,-0.28122956,2021:12:23:14:28:49.995
71,1640237330014,0.01358211,-0.03954791,-0.32490537,2021:12:23:14:28:50.014
72,1640237330034,0.008255793,-0.050200544,-0.3387538,2021:12:23:14:28:50.034
73,1640237330062,0.0050600017,-0.06298371,-0.32277486,2021:12:23:14:28:50.062
74,1640237330078,0.003994738,-0.08002792,-0.28122956,2021:12:23:14:28:50.078
75,1640237330096,-0.0034621065,-0.09387635,-0.23755376,2021:12:23:14:28:50.096
76,1640237330115,-0.009853687,-0.11624688,-0.21944429,2021:12:23:14:28:50.115
77,1640237330135,-0.00452737,-0.13861741,-0.23755376,2021:12:23:14:28:50.135
78,1640237330154,-0.00026631588,-0.15779217,-0.295078,2021:12:23:14:28:50.154
79,1640237330181,-0.008788424,-0.19081533,-0.3387538,2021:12:23:14:28:50.181
80,1640237330197,-0.020506322,-0.18975006,-0.32064432,2021:12:23:14:28:50.197
81,1640237330216,0.0018642112,-0.20466375,-0.21731377,2021:12:23:14:28:50.216
82,1640237330234,-0.009853687,-0.20892482,-0.15978953,2021:12:23:14:28:50.234
83,1640237330255,-0.013049478,-0.20359848,-0.15126742,2021:12:23:14:28:50.255
84,1640237330282,-0.009853687,-0.23875219,-0.13528846,2021:12:23:14:28:50.282
85,1640237330299,-0.010918951,-0.23981746,-0.18002954,2021:12:23:14:28:50.299
86,1640237330314,-0.014114741,-0.28988484,-0.2162485,2021:12:23:14:28:50.314
87,1640237330345,-0.017310532,-0.3111901,-0.22583586,2021:12:23:14:28:50.345
88,1640237330360,-0.0013315794,-0.31971222,-0.20879164,2021:12:23:14:28:50.360
89,1640237330379,-0.013049478,-0.3261038,-0.16618112,2021:12:23:14:28:50.379
90,1640237330396,-0.010918951,-0.31545117,-0.10652635,2021:12:23:14:28:50.396
91,1640237330418,-0.010918951,-0.28988484,-0.031957906,2021:12:23:14:28:50.418
92,1640237330445,-0.014114741,-0.25047007,-0.002130527,2021:12:23:14:28:50.445
93,1640237330461,0.0050600017,-0.23129535,-0.025566325,2021:12:23:14:28:50.461
94,1640237330478,0.0050600017,-0.1918806,-0.08415582,2021:12:23:14:28:50.478
95,1640237330499,0.0029294747,-0.16951005,-0.16405058,2021:12:23:14:28:50.499
96,1640237330518,-0.0034621065,-0.17270584,-0.26205483,2021:12:23:14:28:50.518
97,1640237330544,0.0050600017,-0.16098794,-0.3856254,2021:12:23:14:28:50.544
98,1640237330560,0.003994738,-0.18229322,-0.55074126,2021:12:23:14:28:50.560
99,1640237330582,0.009321056,-0.21531639,-0.7744466,2021:12:23:14:28:50.582
100,1640237330600,0.01358211,-0.24833956,-1.0205225,2021:12:23:14:28:50.600
101,1640237330621,0.018908428,-0.29201537,-1.2527499,2021:12:23:14:28:50.621
102,1640237330647,0.022104219,-0.31332064,-1.4178658,2021:12:23:14:28:50.647
103,1640237330663,0.030626327,-0.33888695,-1.45515,2021:12:23:14:28:50.663
104,1640237330680,0.05832318,-0.3378217,-1.4540848,2021:12:23:14:28:50.680
105,1640237330702,0.07643266,-0.3644533,-1.4647373,2021:12:23:14:28:50.702
106,1640237330733,0.07110634,-0.36764908,-1.4136047,2021:12:23:14:28:50.733
107,1640237330747,0.061518967,-0.33356065,-1.3390362,2021:12:23:14:28:50.747
108,1640237330762,0.045540016,-0.34101748,-1.1739204,2021:12:23:14:28:50.762
109,1640237330782,0.050866332,-0.302668,-0.9363666,2021:12:23:14:28:50.782
110,1640237330800,0.042344224,-0.2792322,-0.610396,2021:12:23:14:28:50.800
111,1640237330827,0.011451583,-0.2206427,-0.25779378,2021:12:23:14:28:50.827
112,1640237330846,-0.019441059,-0.1567269,0.10652635,2021:12:23:14:28:50.846
113,1640237330863,-0.015180005,-0.092811085,0.47723806,2021:12:23:14:28:50.863
114,1640237330884,-0.020506322,0.017976321,0.8149266,2021:12:23:14:28:50.884
115,1640237330913,-0.03755054,0.0712395,1.1419625,2021:12:23:14:28:50.913
116,1640237330926,-0.085487396,0.15219952,1.3635373,2021:12:23:14:28:50.926
117,1640237330945,-0.07909582,0.21078902,1.499891,2021:12:23:14:28:50.945
118,1640237330964,-0.019441059,0.23635535,1.5946995,2021:12:23:14:28:50.964
119,1640237331011,0.008788424,0.3798996,1.7462332,2021:12:23:14:28:51.011
120,1640237331028,-0.08415582,0.429967,1.7683375,2021:12:23:14:28:51.028
121,1640237331042,-0.025566325,0.5061333,1.770468,2021:12:23:14:28:51.042
122,1640237331058,-0.04207791,0.51119334,1.7020248,2021:12:23:14:28:51.058
123,1640237331078,-0.011185267,0.43662488,1.6357121,2021:12:23:14:28:51.078
124,1640237331094,0.0031957906,0.3982754,1.5054836,2021:12:23:14:28:51.094
125,1640237331115,0.046072647,0.36338803,1.4317142,2021:12:23:14:28:51.115
126,1640237331143,0.037284225,0.34634382,1.3406341,2021:12:23:14:28:51.143
127,1640237331162,0.043675803,0.27071008,1.3014857,2021:12:23:14:28:51.162
128,1640237331181,0.04980107,0.26618272,1.2708594,2021:12:23:14:28:51.181
129,1640237331202,0.05805686,0.26138905,1.3273183,2021:12:23:14:28:51.202
130,1640237331213,0.03435475,0.27949852,1.4002889,2021:12:23:14:28:51.213
131,1640237331232,0.061518967,0.2989396,1.4969616,2021:12:23:14:28:51.232
132,1640237331260,0.02263685,0.3247722,1.5907048,2021:12:23:14:28:51.260
133,1640237331276,0.052730545,0.33542484,1.6282552,2021:12:23:14:28:51.276
134,1640237331294,0.09374319,0.3426154,1.5491595,2021:12:23:14:28:51.294
135,1640237331318,0.08708529,0.3277017,1.3462268,2021:12:23:14:28:51.318
136,1640237331345,0.10466214,0.30506483,1.1805784,2021:12:23:14:28:51.345
137,1640237331361,0.13768531,0.2978743,1.0343709,2021:12:23:14:28:51.361
138,1640237331376,0.098004244,0.27390587,0.91479504,2021:12:23:14:28:51.376
139,1640237331409,0.1123853,0.2877543,0.773115,2021:12:23:14:28:51.409
140,1640237331428,0.117445305,0.23315956,0.600276,2021:12:23:14:28:51.428
141,1640237331445,0.13555479,0.18575533,0.52224547,2021:12:23:14:28:51.445
142,1640237331464,0.22237375,0.23102903,0.3893538,2021:12:23:14:28:51.464
143,1640237331493,0.1928127,0.22676797,0.2263685,2021:12:23:14:28:51.493
144,1640237331511,0.20000322,0.22277324,0.127299,2021:12:23:14:28:51.511
145,1640237331529,0.22397165,0.26032376,-0.03675159,2021:12:23:14:28:51.529
146,1640237331551,0.18189375,0.2288985,-0.23675482,2021:12:23:14:28:51.551
147,1640237331559,0.16378427,0.22490376,-0.3536675,2021:12:23:14:28:51.559
148,1640237331576,0.16564848,0.16311848,-0.38988644,2021:12:23:14:28:51.576
149,1640237331599,0.15899058,0.16631427,-0.49907595,2021:12:23:14:28:51.599
150,1640237331617,0.11265162,0.14554162,-0.55233914,2021:12:23:14:28:51.617
151,1640237331644,0.122238986,0.114116356,-0.53742546,2021:12:23:14:28:51.644
152,1640237331663,0.115314774,0.18042901,-0.63463074,2021:12:23:14:28:51.663
153,1640237331681,0.07643266,0.13941637,-0.7227813,2021:12:23:14:28:51.681
154,1640237331709,0.07270423,0.07869634,-0.80613816,2021:12:23:14:28:51.709
155,1640237331726,0.052464228,0.10000161,-0.92464876,2021:12:23:14:28:51.726
156,1640237331759,0.038882118,0.014514215,-0.86579293,2021:12:23:14:28:51.759
157,1640237331776,0.038349487,0.04194475,-0.79734975,2021:12:23:14:28:51.776
158,1640237331793,0.038882118,0.03688475,-0.7893603,2021:12:23:14:28:51.793
159,1640237331812,0.043675803,0.04194475,-0.71026444,2021:12:23:14:28:51.812
160,1640237331834,0.05060002,0.09494161,-0.59494966,2021:12:23:14:28:51.834
161,1640237331854,0.0058589494,0.124502674,-0.45060647,2021:12:23:14:28:51.854
162,1640237331878,0.00905474,0.16977638,-0.36458644,2021:12:23:14:28:51.878
163,1640237331898,-0.023169482,0.2238385,-0.2884201,2021:12:23:14:28:51.898
164,1640237331908,0.002130527,0.23502377,-0.16644743,2021:12:23:14:28:51.908
165,1640237331927,-0.006924213,0.26698166,-0.090281084,2021:12:23:14:28:51.927
166,1640237331946,0.0053263176,0.29414588,-0.013848426,2021:12:23:14:28:51.946
167,1640237331965,0.008522108,0.28056377,0.004261054,2021:12:23:14:28:51.965
168,1640237331993,0.01038632,0.27443853,-0.08415582,2021:12:23:14:28:51.993
169,1640237332012,0.0284958,0.19773954,-0.21358533,2021:12:23:14:28:52.012
170,1640237332033,-0.025566325,0.13062795,-0.3704454,2021:12:23:14:28:52.033
171,1640237332059,0.00079894764,0.06724476,-0.49215174,2021:12:23:14:28:52.059
172,1640237332076,0.04287686,0.02143843,-0.52810436,2021:12:23:14:28:52.076
173,1640237332110,0.051398966,0.00039947382,-0.5001412,2021:12:23:14:28:52.110
174,1640237332127,0.009853687,0.04141212,-0.4258391,2021:12:23:14:28:52.127
175,1640237332142,-0.015446321,0.03821633,-0.36991277,2021:12:23:14:28:52.142
176,1640237332158,0.03435475,0.059787914,-0.33848748,2021:12:23:14:28:52.158
177,1640237332162,0.07856318,0.08615319,-0.3336938,2021:12:23:14:28:52.162
178,1640237332192,-0.09693898,0.034754224,-0.2732401,2021:12:23:14:28:52.192
179,1640237332209,-0.15046847,0.048070017,-0.26285377,2021:12:23:14:28:52.209
180,1640237332224,0.021571586,0.053396333,-0.2902843,2021:12:23:14:28:52.224
181,1640237332243,-0.13049479,-0.0062584234,-0.31265485,2021:12:23:14:28:52.243
182,1640237332276,-0.0940095,0.009986846,-0.32330748,2021:12:23:14:28:52.276
183,1640237332292,-0.16112112,0.022237375,-0.3502054,2021:12:23:14:28:52.292
184,1640237332310,-0.172839,-0.08934898,-0.2868222,2021:12:23:14:28:52.310
185,1640237332328,-0.06844318,-0.01877527,-0.23675482,2021:12:23:14:28:52.328
186,1640237332359,0.014913689,0.044341594,-0.15339795,2021:12:23:14:28:52.359
187,1640237332377,-0.08309056,0.031292114,0.0015978953,2021:12:23:14:28:52.377
188,1640237332396,-0.029561063,0.104528986,0.12703268,2021:12:23:14:28:52.396
189,1640237332415,-0.11052109,0.13302478,0.24074955,2021:12:23:14:28:52.415
190,1640237332424,-0.0031957906,0.07896266,0.31611696,2021:12:23:14:28:52.424
191,1640237332446,0.014647374,0.11385004,0.29134956,2021:12:23:14:28:52.446
192,1640237332465,0.023702113,0.102398455,0.23382534,2021:12:23:14:28:52.465
193,1640237332491,-0.011984214,0.057923704,0.15606111,2021:12:23:14:28:52.491
194,1640237332507,0.002130527,0.035819486,0.1022653,2021:12:23:14:28:52.507
195,1640237332531,0.027696852,0.069641605,-0.011451583,2021:12:23:14:28:52.531
196,1640237332558,0.07723161,0.088816345,-0.05938844,2021:12:23:14:28:52.558
197,1640237332577,0.026631588,0.08934898,-0.18349165,2021:12:23:14:28:52.577
198,1640237332593,0.037017908,0.08082687,-0.33582434,2021:12:23:14:28:52.593
199,1640237332626,0.01038632,0.021172112,-0.48389596,2021:12:23:14:28:52.626
200,1640237332642,0.039681066,0.039814223,-0.67271394,2021:12:23:14:28:52.642
201,1640237332661,0.12836425,-0.04008054,-0.8301066,2021:12:23:14:28:52.661
202,1640237332676,-0.046072647,0.0027963168,-0.8562056,2021:12:23:14:28:52.676
203,1640237332707,-0.05299686,-0.0075900024,-0.8900277,2021:12:23:14:28:52.707
204,1640237332725,-0.031425275,-0.032091063,-1.0096035,2021:12:23:14:28:52.725
205,1640237332744,-0.0058589494,-0.10266477,-1.1520824,2021:12:23:14:28:52.744
206,1640237332764,-0.046072647,-0.07656582,-1.1779151,2021:12:23:14:28:52.764
207,1640237332777,0.027696852,-0.13701952,-1.1936278,2021:12:23:14:28:52.777
208,1640237332791,-0.016511586,-0.11065425,-1.1906983,2021:12:23:14:28:52.791
209,1640237332812,0.031158958,-0.08428898,-1.0769814,2021:12:23:14:28:52.812
210,1640237332830,0.049534753,-0.08562055,-1.0127993,2021:12:23:14:28:52.830
211,1640237332850,0.061252654,-0.13062795,-0.88656557,2021:12:23:14:28:52.850
212,1640237332877,0.053263176,-0.09494161,-0.7912245,2021:12:23:14:28:52.877
213,1640237332897,0.038349487,-0.08961529,-0.73316765,2021:12:23:14:28:52.897
214,1640237332924,0.050067388,-0.10213214,-0.69508445,2021:12:23:14:28:52.924
215,1640237332941,0.064182125,-0.16764584,-0.69295394,2021:12:23:14:28:52.941
216,1640237332960,0.08335687,-0.165249,-0.6777739,2021:12:23:14:28:52.960
217,1640237332982,0.1744369,-0.17377111,-0.640756,2021:12:23:14:28:52.982
218,1640237333011,0.07243792,-0.23529008,-0.58962333,2021:12:23:14:28:53.011
219,1640237333029,0.10120004,-0.23342587,-0.52837074,2021:12:23:14:28:53.029
220,1640237333030,0.099069506,-0.21478376,-0.44874227,2021:12:23:14:28:53.030
221,1640237333060,0.16165374,-0.2877543,-0.32756853,2021:12:23:14:28:53.060
222,1640237333073,0.079628445,-0.25286692,-0.091346346,2021:12:23:14:28:53.073
223,1640237333092,0.0503337,-0.22756693,0.17257269,2021:12:23:14:28:53.092
224,1640237333113,0.07057371,-0.22756693,0.29081693,2021:12:23:14:28:53.113
225,1640237333137,0.025566325,-0.1852227,0.3603254,2021:12:23:14:28:53.137
226,1640237333163,0.025033694,-0.23821956,0.41039276,2021:12:23:14:28:53.163
227,1640237333180,0.052464228,-0.2241048,0.39281592,2021:12:23:14:28:53.180
228,1640237333197,-0.12250531,-0.2241048,0.4724444,2021:12:23:14:28:53.197
229,1640237333224,-0.059654757,-0.18548901,0.46179172,2021:12:23:14:28:53.224
230,1640237333245,-0.04926844,-0.09946898,0.39148435,2021:12:23:14:28:53.245
231,1640237333274,0.10333056,-0.19853848,0.37204328,2021:12:23:14:28:53.274
232,1640237333290,0.02530001,-0.19853848,0.4277033,2021:12:23:14:28:53.290
233,1640237333311,0.019441059,-0.1668469,0.4612591,2021:12:23:14:28:53.311
234,1640237333329,0.03302317,-0.22596903,0.45167172,2021:12:23:14:28:53.329
235,1640237333358,0.036485277,-0.23182797,0.412257,2021:12:23:14:28:53.358
236,1640237333376,0.15739268,-0.22357218,0.4559328,2021:12:23:14:28:53.376
237,1640237333376,0.0981374,-0.16817848,0.49055386,2021:12:23:14:28:53.376
238,1640237333396,0.0041278964,-0.10133319,0.55952966,2021:12:23:14:28:53.396
239,1640237333424,0.03821633,-0.1367532,0.6034718,2021:12:23:14:28:53.424
240,1640237333439,0.037151065,-0.08588687,0.5651223,2021:12:23:14:28:53.439
241,1640237333456,0.021172112,-0.08615319,0.63010335,2021:12:23:14:28:53.456
242,1640237333483,0.009720529,-0.11837741,0.7270424,2021:12:23:14:28:53.483
243,1640237333509,-0.023835272,-0.045673173,0.7917571,2021:12:23:14:28:53.509
244,1640237333526,0.042743698,-0.056059495,0.9709877,2021:12:23:14:28:53.526
245,1640237333542,-0.08269108,-0.010519478,1.0969551,2021:12:23:14:28:53.542
246,1640237333571,0.04061317,0.03182475,1.1888341,2021:12:23:14:28:53.571
247,1640237333596,-0.007856319,0.052597385,1.292431,2021:12:23:14:28:53.596
248,1640237333612,-0.042743698,0.042743698,1.3113394,2021:12:23:14:28:53.612
249,1640237333628,-0.0062584234,0.032091063,1.3241225,2021:12:23:14:28:53.628
250,1640237333639,-0.032623697,0.06005423,1.296692,2021:12:23:14:28:53.639
251,1640237333662,-0.017177375,0.09121319,1.2727236,2021:12:23:14:28:53.662
252,1640237333682,-0.07203845,0.13861741,1.2330425,2021:12:23:14:28:53.682
253,1640237333710,-0.04647212,0.14580795,1.125451,2021:12:23:14:28:53.710
254,1640237333726,-0.011584741,0.16578163,1.0253161,2021:12:23:14:28:53.726
255,1640237333745,-0.0083889505,0.1535311,0.92145294,2021:12:23:14:28:53.745
256,1640237333764,0.028628957,0.17989638,0.7949529,2021:12:23:14:28:53.764
257,1640237333788,0.038482644,0.106393196,0.6708497,2021:12:23:14:28:53.788
258,1640237333807,-0.011052109,0.13808478,0.5299686,2021:12:23:14:28:53.807
259,1640237333839,0.016378427,0.12929636,0.54621387,2021:12:23:14:28:53.839
260,1640237333857,-0.033955276,0.16418374,0.5110602,2021:12:23:14:28:53.857
261,1640237333873,-0.046205804,0.15912373,0.46099278,2021:12:23:14:28:53.873
262,1640237333891,-0.0118510565,0.1567269,0.4724444,2021:12:23:14:28:53.891
263,1640237333924,-0.0118510565,0.117844775,0.45673174,2021:12:23:14:28:53.924
264,1640237333942,-0.03555317,0.117844775,0.37976643,2021:12:23:14:28:53.942
265,1640237333960,-0.03901528,0.112252146,0.28202853,2021:12:23:14:28:53.960
266,1640237333977,-0.04287686,0.11065425,0.23169482,2021:12:23:14:28:53.977
267,1640237333988,-0.07137266,0.08402266,0.20932429,2021:12:23:14:28:53.988
268,1640237334008,-0.046338964,0.036085803,0.20053586,2021:12:23:14:28:54.008
269,1640237334024,-0.039148435,0.025965799,0.16112112,2021:12:23:14:28:54.024
270,1640237334048,-0.044741068,0.01877527,0.11824425,2021:12:23:14:28:54.048
271,1640237334063,-0.03621896,0.017177375,0.12197267,2021:12:23:14:28:54.063
272,1640237334093,-0.055926334,-0.0006657897,0.023435798,2021:12:23:14:28:54.093
273,1640237334110,-0.047404226,-0.04593949,0.030892642,2021:12:23:14:28:54.110
274,1640237334129,-0.109722145,0.024900535,0.11984215,2021:12:23:14:28:54.129
275,1640237334149,-0.071905285,-0.030493168,0.17390427,2021:12:23:14:28:54.149
276,1640237334179,-0.10812425,-0.030493168,0.20106849,2021:12:23:14:28:54.179
277,1640237334197,-0.07536739,-0.03235738,0.33156326,2021:12:23:14:28:54.197
278,1640237334215,-0.113450564,-0.011584741,0.48842332,2021:12:23:14:28:54.215
279,1640237334240,-0.048203174,0.023568956,0.6066676,2021:12:23:14:28:54.240
280,1640237334242,-0.08149266,0.052064754,0.7779087,2021:12:23:14:28:54.242
281,1640237334271,-0.06551371,0.056059495,0.89295715,2021:12:23:14:28:54.271
282,1640237334290,-0.033555802,0.08855003,1.0516814,2021:12:23:14:28:54.290
283,1640237334307,-0.067111604,0.05313002,1.1273152,2021:12:23:14:28:54.307
284,1640237334326,-0.014114741,0.03422159,1.1731215,2021:12:23:14:28:54.326
285,1640237334356,-0.04926844,0.023568956,1.2040141,2021:12:23:14:28:54.356
286,1640237334373,-0.013315794,0.045673173,1.1970899,2021:12:23:14:28:54.373
287,1640237334393,-0.009587372,0.07843003,1.2098731,2021:12:23:14:28:54.393
288,1640237334412,-0.0101200035,0.043542646,1.0924277,2021:12:23:14:28:54.412
289,1640237334439,0.09480845,0.09494161,1.0583394,2021:12:23:14:28:54.439
290,1640237334459,-0.11185267,0.094675295,1.0618014,2021:12:23:14:28:54.459
291,1640237334478,0.022370534,0.09227845,1.0050762,2021:12:23:14:28:54.478
292,1640237334497,0.018642113,0.21771324,1.2436951,2021:12:23:14:28:54.497
293,1640237334524,-0.074834764,0.10399635,1.073253,2021:12:23:14:28:54.524
294,1640237334546,0.15579478,0.26112273,1.1693931,2021:12:23:14:28:54.546
295,1640237334564,0.0058589494,-0.086952135,1.2034814,2021:12:23:14:28:54.564
296,1640237334587,0.0050600017,0.24008377,1.0570078,2021:12:23:14:28:54.587
297,1640237334588,0.13182636,-0.05685844,1.0865688,2021:12:23:14:28:54.588
298,1640237334612,0.08229161,0.2957438,1.0167941,2021:12:23:14:28:54.612
299,1640237334632,-0.07563371,0.0025300009,1.0197235,2021:12:23:14:28:54.632
300,1640237334650,0.12942952,0.20706059,1.1139994,2021:12:23:14:28:54.650
301,1640237334674,-0.14674005,0.10612688,1.1856383,2021:12:23:14:28:54.674
302,1640237334708,0.20985691,0.21877849,1.2061446,2021:12:23:14:28:54.708
303,1640237334723,0.10652635,0.24967113,1.3510205,2021:12:23:14:28:54.723
304,1640237334739,0.17976321,0.3969438,1.3350415,2021:12:23:14:28:54.739
305,1640237334757,0.06977476,0.06138581,1.4402363,2021:12:23:14:28:54.757
306,1640237334782,0.17843165,0.292548,1.4032184,2021:12:23:14:28:54.782
307,1640237334807,0.12250531,0.31491852,1.4735258,2021:12:23:14:28:54.807
308,1640237334823,-0.07510108,0.4099933,1.3600752,2021:12:23:14:28:54.823
309,1640237334845,0.11105372,0.1031974,1.4226594,2021:12:23:14:28:54.845
310,1640237334872,0.43516016,0.41931435,1.3222584,2021:12:23:14:28:54.872
311,1640237334889,0.22743376,0.38709015,1.1020151,2021:12:23:14:28:54.889
312,1640237334908,0.2346243,0.47071332,1.0088046,2021:12:23:14:28:54.908
313,1640237334929,0.32570434,-0.023568956,0.91000134,2021:12:23:14:28:54.929
314,1640237334937,0.47350964,0.4768386,0.6756434,2021:12:23:14:28:54.937
315,1640237334963,0.6649908,0.14101426,0.5166528,2021:12:23:14:28:54.963
316,1640237334988,0.24900535,0.60227334,0.3270359,2021:12:23:14:28:54.988
317,1640237335006,0.09667266,0.12237215,0.8519445,2021:12:23:14:28:55.006
318,1640237335023,0.64847916,-0.22144166,0.8311719,2021:12:23:14:28:55.023
319,1640237335044,1.2439615,0.552206,0.25033692,2021:12:23:14:28:55.044
320,1640237335073,0.80613816,0.18255953,-0.39547908,2021:12:23:14:28:55.073
321,1640237335091,0.6628602,0.24674167,0.046338964,2021:12:23:14:28:55.091
322,1640237335108,0.61971706,0.0035952644,0.19574217,2021:12:23:14:28:55.108
323,1640237335139,0.96406347,0.3061301,-0.05113265,2021:12:23:14:28:55.139
324,1640237335156,0.5957486,0.2573943,-0.23542324,2021:12:23:14:28:55.156
325,1640237335172,0.55713284,0.26378587,-0.09241161,2021:12:23:14:28:55.172
326,1640237335190,0.7155908,0.1969406,0.06844318,2021:12:23:14:28:55.190
327,1640237335195,0.43649173,0.37270907,-0.20852533,2021:12:23:14:28:55.195
328,1640237335222,0.4814991,0.26378587,-0.14194636,2021:12:23:14:28:55.222
329,1640237335240,0.46365595,0.26511747,-0.039148435,2021:12:23:14:28:55.240
330,1640237335257,0.585096,0.2121206,-0.099868454,2021:12:23:14:28:55.257
331,1640237335276,0.631435,0.11385004,-0.26897904,2021:12:23:14:28:55.276
332,1640237335306,0.29427904,0.057391074,-0.24447797,2021:12:23:14:28:55.306
333,1640237335324,0.14567478,0.24434482,0.06391581,2021:12:23:14:28:55.324
334,1640237335344,0.19014955,0.28642273,0.17710006,2021:12:23:14:28:55.344
335,1640237335363,0.3368896,0.14953637,0.13022846,2021:12:23:14:28:55.363
336,1640237335390,0.5824328,0.19907112,0.17390427,2021:12:23:14:28:55.390
337,1640237335410,0.117445305,0.34021854,0.05219791,2021:12:23:14:28:55.410
338,1640237335430,-0.31158957,0.5559344,0.087351605,2021:12:23:14:28:55.430
339,1640237335456,0.06285055,0.48003438,0.36085802,2021:12:23:14:28:55.456
340,1640237335477,-0.3635212,0.21158797,0.18269269,2021:12:23:14:28:55.477
341,1640237335496,-0.14887057,0.3290333,-0.13555479,2021:12:23:14:28:55.496
342,1640237335520,-0.07084002,0.2390185,-0.04394212,2021:12:23:14:28:55.520
343,1640237335540,-0.127299,0.3295659,-0.11025477,2021:12:23:14:28:55.540
344,1640237335542,-0.11584741,0.297608,0.008788424,2021:12:23:14:28:55.542
345,1640237335572,-0.12277162,0.33063117,-0.17523585,2021:12:23:14:28:55.572
346,1640237335588,0.0,0.2725743,-0.29640958,2021:12:23:14:28:55.588
347,1640237335607,-0.076698974,0.307728,-0.29214853,2021:12:23:14:28:55.607
348,1640237335624,-0.009321056,0.36924696,-0.2884201,2021:12:23:14:28:55.624
349,1640237335656,0.038615804,0.33968592,-0.21438429,2021:12:23:14:28:55.656
350,1640237335674,0.14833795,0.3548659,-0.25300008,2021:12:23:14:28:55.674
351,1640237335691,0.11797793,0.24754061,-0.631435,2021:12:23:14:28:55.691
352,1640237335712,0.0026631588,0.3780354,-1.1432941,2021:12:23:14:28:55.712
353,1640237335738,-0.013848426,-0.05233107,-0.87751085,2021:12:23:14:28:55.738
354,1640237335757,-0.10439582,0.03342264,-0.7866971,2021:12:23:14:28:55.757
355,1640237335779,0.11211899,0.145009,-0.9912277,2021:12:23:14:28:55.779
356,1640237335804,-0.002130527,-0.10266477,-1.0173267,2021:12:23:14:28:55.804
357,1640237335805,0.022370534,-0.020639481,-0.88842976,2021:12:23:14:28:55.805
358,1640237335823,0.020506322,0.007323687,-0.6490118,2021:12:23:14:28:55.823
359,1640237335847,0.014647374,-0.009720529,-0.49401596,2021:12:23:14:28:55.847
360,1640237335861,0.0050600017,-0.004394212,-0.4061317,2021:12:23:14:28:55.861
361,1640237335889,0.006657897,-0.0075900024,-0.27643588,2021:12:23:14:28:55.889
362,1640237335909,-0.06764423,-0.06005423,-0.13928321,2021:12:23:14:28:55.909
363,1640237335930,-0.012783162,-0.15779217,0.06391581,2021:12:23:14:28:55.930
364,1640237335953,0.13848425,0.14474268,0.18935059,2021:12:23:14:28:55.953
365,1640237335970,0.061785284,-0.06085318,0.09534109,2021:12:23:14:28:55.970
366,1640237336006,0.06258423,0.002263685,0.1794969,2021:12:23:14:28:56.006
367,1640237336023,0.0026631588,0.017976321,0.39787593,2021:12:23:14:28:56.023
368,1640237336038,0.041811593,0.022503693,0.41358855,2021:12:23:14:28:56.038
369,1640237336055,0.012516847,0.036085803,0.41172436,2021:12:23:14:28:56.055
370,1640237336087,0.032756854,0.026764747,0.37097803,2021:12:23:14:28:56.087
371,1640237336104,0.09853688,0.026232114,0.25752747,2021:12:23:14:28:56.104
372,1640237336124,0.06977476,-0.053928968,0.15925689,2021:12:23:14:28:56.124
373,1640237336141,-0.064182125,-0.11624688,0.09693898,2021:12:23:14:28:56.141
374,1640237336155,-0.04394212,0.01291632,0.18189375,2021:12:23:14:28:56.155
375,1640237336170,-0.109455824,-0.010785793,0.21092218,2021:12:23:14:28:56.170
376,1640237336188,0.03568633,0.009986846,0.177899,2021:12:23:14:28:56.188
377,1640237336209,-0.04207791,-0.02463422,0.1440769,2021:12:23:14:28:56.209
378,1640237336228,-0.0018642112,0.036618434,0.08868319,2021:12:23:14:28:56.228
379,1640237336259,-0.004793686,0.047537386,0.085487396,2021:12:23:14:28:56.259
380,1640237336289,-0.006924213,0.08189213,0.08868319,2021:12:23:14:28:56.289
381,1640237336306,-0.041278962,0.10346372,0.10865688,2021:12:23:14:28:56.306
382,1640237336320,-0.122238986,0.092811085,0.10519477,2021:12:23:14:28:56.320
383,1640237336344,0.054861072,0.124502674,0.24048324,2021:12:23:14:28:56.344
384,1640237336364,0.027963167,0.09946898,0.3526022,2021:12:23:14:28:56.364
385,1640237336393,-0.023169482,0.14980268,0.42637172,2021:12:23:14:28:56.393
386,1640237336408,-0.045806333,0.16578163,0.5044023,2021:12:23:14:28:56.408
387,1640237336409,-0.06072002,0.16951005,0.60320544,2021:12:23:14:28:56.409
388,1640237336438,-0.02716422,0.19481006,0.6591318,2021:12:23:14:28:56.438
389,1640237336453,0.024501061,0.25499746,0.6226465,2021:12:23:14:28:56.453
390,1640237336473,0.0956074,0.26378587,0.5563339,2021:12:23:14:28:56.473
391,1640237336491,0.030093694,0.28695536,0.41838226,2021:12:23:14:28:56.491
392,1640237336521,-0.12543479,0.2845585,0.21092218,2021:12:23:14:28:56.521
393,1640237336539,-0.05805686,0.27683535,0.011451583,2021:12:23:14:28:56.539
394,1640237336557,0.037284225,0.23955114,-0.24847272,2021:12:23:14:28:56.557
395,1640237336578,-0.00053263176,0.2238385,-0.57923704,2021:12:23:14:28:56.578
396,1640237336607,0.013049478,0.18975006,-0.86179817,2021:12:23:14:28:56.607
397,1640237336625,0.008255793,0.114915304,-1.1350383,2021:12:23:14:28:56.625
398,1640237336640,0.029827379,0.057124756,-1.3922994,2021:12:23:14:28:56.640
399,1640237336671,-0.047670543,-0.012117373,-1.4974942,2021:12:23:14:28:56.671
400,1640237336689,-0.03542001,-0.02783001,-1.469531,2021:12:23:14:28:56.689
401,1640237336708,0.08495477,-0.04833633,-1.504951,2021:12:23:14:28:56.708
402,1640237336730,0.12250531,-0.06724476,-1.5614101,2021:12:23:14:28:56.730
403,1640237336753,0.09294424,-0.13701952,-1.3938973,2021:12:23:14:28:56.753
404,1640237336756,0.07110634,-0.13648689,-1.2327762,2021:12:23:14:28:56.756
405,1640237336776,0.093210556,-0.16311848,-1.190432,2021:12:23:14:28:56.776
406,1640237336797,0.1190432,-0.19827217,-1.1374351,2021:12:23:14:28:56.797
407,1640237336820,0.13422321,-0.21531639,-0.9874993,2021:12:23:14:28:56.820
408,1640237336840,0.1643169,-0.1801627,-0.8370308,2021:12:23:14:28:56.840
409,1640237336872,0.05566002,-0.21478376,-0.68336654,2021:12:23:14:28:56.872
410,1640237336889,-0.082557924,-0.20945744,-0.4194475,2021:12:23:14:28:56.889
411,1640237336905,-0.033822116,-0.14474268,-0.19041586,2021:12:23:14:28:56.905
412,1640237336927,0.022903167,-0.13249215,-0.0956074,2021:12:23:14:28:56.927
413,1640237336956,0.06950845,-0.098670036,0.032756854,2021:12:23:14:28:56.956
414,1640237336973,0.0,-0.08721845,0.16751269,2021:12:23:14:28:56.973
415,1640237336992,-0.017044216,-0.03821633,0.28868642,2021:12:23:14:28:56.992
416,1640237337008,-0.009853687,-0.0118510565,0.2916159,2021:12:23:14:28:57.008
417,1640237337017,-0.07536739,0.01744369,0.28442535,2021:12:23:14:28:57.017
418,1640237337038,-0.10466214,0.049667913,0.33635697,2021:12:23:14:28:57.038
419,1640237337058,-0.014381058,0.08988161,0.27883273,2021:12:23:14:28:57.058
420,1640237337077,0.0061252653,0.10905635,0.14327794,2021:12:23:14:28:57.077
421,1640237337103,-0.050067388,0.11571425,0.066312656,2021:12:23:14:28:57.103
422,1640237337125,-0.074035816,0.12956268,0.0061252653,2021:12:23:14:28:57.125
423,1640237337143,-0.08282424,0.14394373,-0.14780532,2021:12:23:14:28:57.143
424,1640237337170,-0.047936857,0.11385004,-0.31638327,2021:12:23:14:28:57.170
425,1640237337186,-0.029294748,0.11092056,-0.4862928,2021:12:23:14:28:57.186
426,1640237337210,-0.006391581,0.097604774,-0.6649908,2021:12:23:14:28:57.210
427,1640237337235,-0.058589496,0.07763108,-0.87751085,2021:12:23:14:28:57.235
428,1640237337252,-0.039148435,0.049401596,-1.0165278,2021:12:23:14:28:57.252
429,1640237337270,0.018642113,0.007856319,-1.1326414,2021:12:23:14:28:57.270
430,1640237337299,0.039681066,-0.058988966,-1.236771,2021:12:23:14:28:57.299
431,1640237337323,0.032224223,-0.08721845,-1.2538152,2021:12:23:14:28:57.323
432,1640237337341,-0.006657897,-0.11731215,-1.2234552,2021:12:23:14:28:57.341
433,1640237337355,0.0940095,-0.08162582,-1.2077426,2021:12:23:14:28:57.355
434,1640237337369,0.06258423,-0.13302478,-1.1337067,2021:12:23:14:28:57.369
435,1640237337384,0.04340949,-0.14474268,-0.99362457,2021:12:23:14:28:57.384
436,1640237337405,0.107857935,-0.14447637,-0.8487487,2021:12:23:14:28:57.405
437,1640237337423,0.23861903,-0.15273216,-0.7800392,2021:12:23:14:28:57.423
438,1640237337442,0.18402427,-0.18788585,-0.59947705,2021:12:23:14:28:57.442
439,1640237337471,0.18375796,-0.1719069,-0.4061317,2021:12:23:14:28:57.471
440,1640237337487,0.17337164,-0.160189,-0.34834117,2021:12:23:14:28:57.487
441,1640237337509,0.17523585,-0.15433006,-0.30759484,2021:12:23:14:28:57.509
442,1640237337537,0.152599,-0.13861741,-0.20186743,2021:12:23:14:28:57.537
443,1640237337560,0.114515826,-0.14980268,-0.17576848,2021:12:23:14:28:57.560
444,1640237337587,0.074834764,-0.1801627,-0.19600849,2021:12:23:14:28:57.587
445,1640237337603,0.2514022,-0.075234234,-0.18881796,2021:12:23:14:28:57.603
446,1640237337621,-0.009321056,-0.11065425,-0.25619587,2021:12:23:14:28:57.621
447,1640237337622,0.061785284,-0.08029424,-0.18162744,2021:12:23:14:28:57.622
448,1640237337651,0.035952643,-0.023036323,-0.040480014,2021:12:23:14:28:57.651
449,1640237337672,0.060986336,-0.042477384,0.02130527,2021:12:23:14:28:57.672
450,1640237337688,0.011984214,-0.053396333,-0.14327794,2021:12:23:14:28:57.688
451,1640237337704,0.041278962,-0.06085318,-0.33582434,2021:12:23:14:28:57.704
452,1640237337735,0.013848426,-0.049934227,-0.5334307,2021:12:23:14:28:57.735
453,1640237337755,-0.021571586,-0.12050793,-0.7653918,2021:12:23:14:28:57.755
454,1640237337770,0.100134775,-0.14261216,-0.92145294,2021:12:23:14:28:57.770
455,1640237337788,-0.04287686,-0.26724797,-1.1355709,2021:12:23:14:28:57.788
456,1640237337817,0.044741068,-0.18415743,-1.2804468,2021:12:23:14:28:57.817
457,1640237337835,0.06258423,-0.24008377,-1.260473,2021:12:23:14:28:57.835
458,1640237337856,0.11984215,-0.2675143,-1.1294457,2021:12:23:14:28:57.856
459,1640237337876,0.10040109,-0.17803216,-1.0777804,2021:12:23:14:28:57.876
460,1640237337901,0.10918951,-0.19880481,-1.0215877,2021:12:23:14:28:57.901
461,1640237337922,0.12170636,-0.23129535,-0.9076045,2021:12:23:14:28:57.922
462,1640237337941,0.17257269,-0.28056377,-0.72571075,2021:12:23:14:28:57.941
463,1640237337962,0.059654757,-0.39055225,-0.69268763,2021:12:23:14:28:57.962
464,1640237337970,0.06684528,-0.2893522,-0.68842655,2021:12:23:14:28:57.970
465,1640237337987,0.254598,-0.2741722,-0.47856963,2021:12:23:14:28:57.987
466,1640237338010,0.1877527,-0.28402588,-0.34487906,2021:12:23:14:28:58.010
467,1640237338034,0.19574217,-0.2675143,-0.24527693,2021:12:23:14:28:58.034
468,1640237338050,0.19840533,-0.17829849,-0.07456845,2021:12:23:14:28:58.050
469,1640237338088,0.21491691,-0.18495639,0.1810948,2021:12:23:14:28:58.088
470,1640237338104,0.20319901,-0.14580795,0.39787593,2021:12:23:14:28:58.104
471,1640237338121,0.2396843,-0.14980268,0.44155174,2021:12:23:14:28:58.121
472,1640237338138,0.22690113,-0.15539531,0.29108325,2021:12:23:14:28:58.138
473,1640237338168,0.18002954,-0.20572902,0.05832318,2021:12:23:14:28:58.168
474,1640237338187,0.22237375,-0.19401112,-0.17097479,2021:12:23:14:28:58.187
475,1640237338204,0.24021693,-0.18975006,-0.41438752,2021:12:23:14:28:58.204
476,1640237338220,0.15899058,-0.22357218,-0.6764423,2021:12:23:14:28:58.220
477,1640237338235,0.15552847,-0.1785648,-0.9118656,2021:12:23:14:28:58.235
478,1640237338252,0.18082848,-0.1735048,-0.9880319,2021:12:23:14:28:58.252
479,1640237338271,0.15233268,-0.17643428,-0.98190665,2021:12:23:14:28:58.271
480,1640237338292,0.16591479,-0.1300953,-1.0298436,2021:12:23:14:28:58.292
481,1640237338311,0.14833795,-0.1902827,-1.0961561,2021:12:23:14:28:58.311
482,1640237338337,0.14194636,-0.24674167,-1.0591383,2021:12:23:14:28:58.337
483,1640237338358,0.15606111,-0.27071008,-0.94195926,2021:12:23:14:28:58.358
484,1640237338378,0.1291632,-0.2792322,-0.9185235,2021:12:23:14:28:58.378
485,1640237338403,0.11584741,-0.27337325,-0.9030771,2021:12:23:14:28:58.403
486,1640237338425,0.11957583,-0.2810964,-0.86792344,2021:12:23:14:28:58.425
487,1640237338447,0.10466214,-0.3415501,-0.874315,2021:12:23:14:28:58.447
488,1640237338474,0.06897581,-0.31731537,-0.9478182,2021:12:23:14:28:58.474
489,1640237338490,0.06791055,-0.38309538,-0.8636624,2021:12:23:14:28:58.490
490,1640237338508,0.13289163,-0.31092378,-0.70680237,2021:12:23:14:28:58.508
491,1640237338536,0.11984215,-0.37590486,-0.5920202,2021:12:23:14:28:58.536
492,1640237338553,0.14540847,-0.35886064,-0.5331644,2021:12:23:14:28:58.553
493,1640237338570,0.09933583,-0.36045855,-0.48682544,2021:12:23:14:28:58.570
494,1640237338576,0.1284974,-0.36764908,-0.35340118,2021:12:23:14:28:58.576
495,1640237338601,0.11278477,-0.40573224,-0.25060326,2021:12:23:14:28:58.601
496,1640237338616,0.15193321,-0.36338803,-0.19148111,2021:12:23:14:28:58.616
497,1640237338635,0.15086795,-0.3495396,-0.07510108,2021:12:23:14:28:58.635
498,1640237338656,0.1332911,-0.3226417,-0.03755054,2021:12:23:14:28:58.656
499,1640237338686,0.14474268,-0.3311638,-0.013315794,2021:12:23:14:28:58.686
500,1640237338702,0.0981374,-0.37430698,-0.040480014,2021:12:23:14:28:58.702
501,1640237338722,0.12956268,-0.34634382,0.02130527,2021:12:23:14:28:58.722
502,1640237338739,0.097604774,-0.33728907,0.07749792,2021:12:23:14:28:58.739
503,1640237338772,0.13116057,-0.27816695,0.09454214,2021:12:23:14:28:58.772
504,1640237338800,0.10080056,-0.28695536,0.059122127,2021:12:23:14:28:58.800
505,1640237338818,0.14021531,-0.24461114,0.04287686,2021:12:23:14:28:58.818
506,1640237338835,0.1165132,-0.26032376,0.11797793,2021:12:23:14:28:58.835
507,1640237338836,0.08002792,-0.25473115,0.07350318,2021:12:23:14:28:58.836
508,1640237338857,0.096539505,-0.27683535,0.014114741,2021:12:23:14:28:58.857
509,1640237338883,0.13195951,-0.20572902,0.047670543,2021:12:23:14:28:58.883
510,1640237338900,0.11171951,-0.22943114,0.15126742,2021:12:23:14:28:58.900
511,1640237338919,0.09014793,-0.28535748,0.13954952,2021:12:23:14:28:58.919
512,1640237338943,0.22490376,-0.20439744,0.18562217,2021:12:23:14:28:58.943
513,1640237338969,0.13888372,-0.20759323,0.15552847,2021:12:23:14:28:58.969
514,1640237338985,0.07909582,-0.2456764,-0.023702113,2021:12:23:14:28:58.985
515,1640237339002,0.07749792,-0.31678274,-0.17550217,2021:12:23:14:28:59.002
516,1640237339035,0.06018739,-0.25073642,-0.21198744,2021:12:23:14:28:59.035
517,1640237339052,0.030626327,-0.26405218,-0.23355903,2021:12:23:14:28:59.052
518,1640237339073,0.045007385,-0.2709764,-0.26312009,2021:12:23:14:28:59.073
519,1640237339090,0.1073253,-0.25047007,-0.23329271,2021:12:23:14:28:59.090
520,1640237339120,0.080693714,-0.24887219,-0.097205296,2021:12:23:14:28:59.120
521,1640237339135,0.018642113,-0.29867327,0.05619265,2021:12:23:14:28:59.135
522,1640237339157,0.010918951,-0.25606272,0.18216006,2021:12:23:14:28:59.157
523,1640237339177,-0.0053263176,-0.22809955,0.34461275,2021:12:23:14:28:59.177
524,1640237339186,-0.05299686,-0.1583248,0.5097286,2021:12:23:14:28:59.186
525,1640237339203,0.016245268,-0.16924374,0.7097318,2021:12:23:14:28:59.203
526,1640237339224,-0.018642113,-0.14740583,0.74382025,2021:12:23:14:28:59.224
527,1640237339243,-0.07057371,-0.12769847,0.65034336,2021:12:23:14:28:59.243
528,1640237339269,-0.031425275,-0.13968268,0.77737606,2021:12:23:14:28:59.269
529,1640237339300,-0.047936857,-0.07949529,0.8322371,2021:12:23:14:28:59.300
530,1640237339317,0.036485277,0.083223715,0.71718866,2021:12:23:14:28:59.317
531,1640237339337,-0.046338964,0.03155843,0.6085318,2021:12:23:14:28:59.337
532,1640237339355,-0.059654757,0.02969422,0.5621928,2021:12:23:14:28:59.355
533,1640237339381,-0.019441059,0.12210583,0.59441704,2021:12:23:14:28:59.381
534,1640237339402,-0.026631588,0.11571425,0.5273054,2021:12:23:14:28:59.402
535,1640237339420,-0.04394212,0.049401596,0.43755698,2021:12:23:14:28:59.420
536,1640237339437,-0.017310532,0.024367902,0.40320224,2021:12:23:14:28:59.437
537,1640237339450,-0.048735805,0.06910897,0.41065907,2021:12:23:14:28:59.450
538,1640237339470,-0.06844318,0.09787109,0.33129695,2021:12:23:14:28:59.470
539,1640237339487,-0.041278962,0.07257108,0.3033338,2021:12:23:14:28:59.487
540,1640237339503,-0.0636495,0.11171951,0.109455824,2021:12:23:14:28:59.503
541,1640237339525,0.020506322,0.17723322,0.033555802,2021:12:23:14:28:59.525
542,1640237339552,0.011451583,0.20173427,0.06897581,2021:12:23:14:28:59.552
543,1640237339574,0.006924213,0.24993746,0.058589496,2021:12:23:14:28:59.574
544,1640237339589,-0.037017908,0.23848587,0.0737695,2021:12:23:14:28:59.589
545,1640237339613,-0.015712637,0.20706059,0.19174743,2021:12:23:14:28:59.613
546,1640237339643,0.0034621065,0.28828695,0.3137201,2021:12:23:14:28:59.643
547,1640237339661,0.032756854,0.3191796,0.39707696,2021:12:23:14:28:59.661
548,1640237339676,-0.033555802,0.3024017,0.37790224,2021:12:23:14:28:59.676
549,1640237339706,0.030626327,0.31039116,0.4175833,2021:12:23:14:28:59.706
550,1640237339724,0.008522108,0.31971222,0.37763593,2021:12:23:14:28:59.724
551,1640237339740,-0.015446321,0.35566485,0.17496954,2021:12:23:14:28:59.740
552,1640237339767,0.028229482,0.28828695,0.030626327,2021:12:23:14:28:59.767
553,1640237339785,0.0010652635,0.2725743,-0.08602003,2021:12:23:14:28:59.785
554,1640237339788,-0.04394212,0.26671535,-0.3169159,2021:12:23:14:28:59.788
555,1640237339811,-0.008522108,0.28003114,-0.5552686,2021:12:23:14:28:59.811
556,1640237339839,-0.010918951,0.25473115,-0.77950656,2021:12:23:14:28:59.839
557,1640237339855,-0.0636495,0.165249,-0.95074767,2021:12:23:14:28:59.855
558,1640237339868,-0.07616634,0.2307627,-1.0258487,2021:12:23:14:28:59.868
559,1640237339900,-0.10839056,0.12104057,-1.1837741,2021:12:23:14:28:59.900
560,1640237339921,-0.13928321,0.0544616,-1.3709942,2021:12:23:14:28:59.921
561,1640237339941,-0.18508954,-0.00519316,-1.3174647,2021:12:23:14:28:59.941
562,1640237339959,0.11025477,0.12050793,-1.1661973,2021:12:23:14:28:59.959
563,1640237339985,-0.068176866,-0.09121319,-1.0516814,2021:12:23:14:28:59.985
564,1640237340001,-0.039947383,-0.11944267,-0.885234,2021:12:23:14:29:00.001
565,1640237340019,-0.05166528,-0.042477384,-0.6287718,2021:12:23:14:29:00.019
566,1640237340040,0.059122127,-0.06591318,-0.45060647,2021:12:23:14:29:00.040
567,1640237340070,0.18642111,-0.065646864,-0.340618,2021:12:23:14:29:00.070
568,1640237340088,-0.013848426,-0.08748477,-0.18429059,2021:12:23:14:29:00.088
569,1640237340108,0.03036001,-0.057391074,-0.067111604,2021:12:23:14:29:00.108
570,1640237340133,0.0026631588,-0.07310371,-0.006391581,2021:12:23:14:29:00.133
571,1640237340135,0.09267793,-0.04727107,0.021837901,2021:12:23:14:29:00.135
572,1640237340159,0.00053263176,-0.06191844,-0.0050600017,2021:12:23:14:29:00.159
573,1640237340178,0.008522108,-0.06831002,-0.017044216,2021:12:23:14:29:00.178
574,1640237340202,0.062317915,-0.038482644,-0.023702113,2021:12:23:14:29:00.202
575,1640237340219,0.147539,-0.05819002,-0.064448446,2021:12:23:14:29:00.219
576,1640237340250,0.11797793,-0.04593949,-0.18642111,2021:12:23:14:29:00.250
577,1640237340268,0.10279793,-0.02197106,-0.2431464,2021:12:23:14:29:00.268
578,1640237340287,0.11132004,-0.10213214,-0.1912148,2021:12:23:14:29:00.287
579,1640237340304,-0.016245268,-0.10772477,-0.1440769,2021:12:23:14:29:00.304
580,1640237340331,0.12623373,0.00013315794,-0.11877688,2021:12:23:14:29:00.331
581,1640237340353,0.28549063,-0.07949529,-0.10705899,2021:12:23:14:29:00.353
582,1640237340373,0.32091063,-0.052863702,-0.15819164,2021:12:23:14:29:00.373
583,1640237340391,-0.111586355,-0.1165132,-0.152599,2021:12:23:14:29:00.391
584,1640237340401,0.09853688,-0.0997353,-0.29640958,2021:12:23:14:29:00.401
585,1640237340414,0.0074568447,-0.061119493,-0.40426752,2021:12:23:14:29:00.414
586,1640237340439,0.077764235,-0.062451076,-0.53263175,2021:12:23:14:29:00.439
587,1640237340459,0.05805686,-0.06271739,-0.7177213,2021:12:23:14:29:00.459
588,1640237340484,0.06391581,-0.1817606,-0.8583361,2021:12:23:14:29:00.484
589,1640237340502,0.17710006,-0.13142689,-1.0018803,2021:12:23:14:29:00.502
590,1640237340524,0.091346346,-0.22330587,-0.9337035,2021:12:23:14:29:00.524
591,1640237340542,0.06764423,-0.17243953,-0.8269108,2021:12:23:14:29:00.542
592,1640237340566,0.021571586,-0.22836587,-0.6490118,2021:12:23:14:29:00.566
593,1640237340599,0.15206636,-0.13382374,-0.529436,2021:12:23:14:29:00.599
594,1640237340616,0.18828532,-0.21877849,-0.34194958,2021:12:23:14:29:00.616
595,1640237340635,0.046338964,-0.23209429,-0.22184113,2021:12:23:14:29:00.635
596,1640237340651,0.09480845,-0.16551532,-0.10040109,2021:12:23:14:29:00.651
597,1640237340655,0.100933716,-0.18495639,0.026098955,2021:12:23:14:29:00.655
598,1640237340684,0.06844318,-0.1468732,0.106792666,2021:12:23:14:29:00.684
599,1640237340700,0.04447475,-0.15379742,0.18242638,2021:12:23:14:29:00.700
600,1640237340722,0.041811593,-0.11757846,0.20479691,2021:12:23:14:29:00.722
601,1640237340738,0.012783162,-0.13142689,0.21704744,2021:12:23:14:29:00.738
602,1640237340764,0.053529494,-0.020639481,0.20319901,2021:12:23:14:29:00.764
603,1640237340789,0.2013348,-0.10665951,0.22556955,2021:12:23:14:29:00.789
604,1640237340806,0.17044216,-0.02463422,0.10040109,2021:12:23:14:29:00.806
605,1640237340824,0.08282424,-0.02649843,-0.002130527,2021:12:23:14:29:00.824
606,1640237340852,0.11318425,-0.07257108,-0.061785284,2021:12:23:14:29:00.852
607,1640237340871,0.084422134,-0.020373166,-0.21917798,2021:12:23:14:29:00.871
608,1640237340891,0.101732664,-0.07949529,-0.34940642,2021:12:23:14:29:00.891
609,1640237340915,-0.030892642,-0.05819002,-0.432497,2021:12:23:14:29:00.915
610,1640237340935,-0.08628634,-0.12343741,-0.51079386,2021:12:23:14:29:00.935
611,1640237340958,-0.06072002,-0.075500555,-0.6671213,2021:12:23:14:29:00.958
612,1640237340984,0.11025477,-0.15459637,-0.7787076,2021:12:23:14:29:00.984
613,1640237340999,0.022903167,-0.22090903,-0.8341013,2021:12:23:14:29:00.999
614,1640237341000,0.074834764,-0.20812586,-0.9592698,2021:12:23:14:29:01.000
615,1640237341024,0.032756854,-0.30879328,-0.9238498,2021:12:23:14:29:01.024
616,1640237341049,0.007190529,-0.27497116,-0.8074697,2021:12:23:14:29:01.049
617,1640237341067,0.053263176,-0.2792322,-0.6426202,2021:12:23:14:29:01.067
618,1640237341084,0.0838895,-0.2978743,-0.4878907,2021:12:23:14:29:01.084
619,1640237341113,-0.0889495,-0.2928143,-0.35952643,2021:12:23:14:29:01.113
620,1640237341132,-0.079628445,-0.29334694,-0.325438,2021:12:23:14:29:01.132
621,1640237341150,0.04154528,-0.3295659,-0.29534432,2021:12:23:14:29:01.150
622,1640237341169,0.114515826,-0.31731537,-0.24394535,2021:12:23:14:29:01.169
623,1640237341193,0.182959,-0.28056377,-0.1896169,2021:12:23:14:29:01.193
624,1640237341222,0.054594755,-0.4102596,-0.19334532,2021:12:23:14:29:01.222
625,1640237341240,0.09267793,-0.3966775,-0.14727268,2021:12:23:14:29:01.240
626,1640237341257,0.2013348,-0.3596596,0.043675803,2021:12:23:14:29:01.257
627,1640237341281,0.24101587,-0.4283691,0.11717899,2021:12:23:14:29:01.281
628,1640237341301,0.13821794,-0.3495396,0.18828532,2021:12:23:14:29:01.301
629,1640237341320,0.085487396,-0.3277017,0.3856254,2021:12:23:14:29:01.320
630,1640237341348,0.048203174,-0.3245059,0.5067991,2021:12:23:14:29:01.348
631,1640237341349,0.054594755,-0.27497116,0.5696497,2021:12:23:14:29:01.349
632,1640237341374,0.05166528,-0.2845585,0.6993455,2021:12:23:14:29:01.374
633,1640237341400,0.14620742,-0.1585911,0.85274345,2021:12:23:14:29:01.400
634,1640237341413,0.12543479,-0.20226692,0.93663293,2021:12:23:14:29:01.413
635,1640237341432,-0.0031957906,-0.10958899,0.7835013,2021:12:23:14:29:01.432
636,1640237341456,-0.04261054,-0.07843003,0.7920234,2021:12:23:14:29:01.456
637,1640237341483,-0.01358211,-0.13462268,1.0721878,2021:12:23:14:29:01.483
638,1640237341500,0.03808317,0.0025300009,1.174453,2021:12:23:14:29:01.500
639,1640237341518,-0.05060002,-0.013448952,1.1017488,2021:12:23:14:29:01.518
640,1640237341546,-0.064182125,-0.004394212,0.9520793,2021:12:23:14:29:01.546
641,1640237341568,-0.040213697,0.031292114,0.9057403,2021:12:23:14:29:01.568
642,1640237341585,-0.087351605,0.04593949,0.8588687,2021:12:23:14:29:01.585
643,1640237341601,-0.08309056,0.066712126,0.7342329,2021:12:23:14:29:01.601
644,1640237341613,-0.041278962,0.11092056,0.609597,2021:12:23:14:29:01.613
645,1640237341632,-0.04314317,0.112252146,0.4846949,2021:12:23:14:29:01.632
646,1640237341650,0.00026631588,0.12743215,0.4444812,2021:12:23:14:29:01.650
647,1640237341668,0.03036001,0.13622057,0.33236223,2021:12:23:14:29:01.668
648,1640237341689,0.04154528,0.118910044,0.19201376,2021:12:23:14:29:01.689
649,1640237341716,0.0077231606,0.12130688,0.1712411,2021:12:23:14:29:01.716
650,1640237341737,0.053529494,0.11171951,0.13156004,2021:12:23:14:29:01.737
651,1640237341758,0.006924213,0.1284974,0.09853688,2021:12:23:14:29:01.758
652,1640237341776,0.016511586,0.2307627,0.1123853,2021:12:23:14:29:01.776
653,1640237341807,-0.1307611,0.20306586,0.084422134,2021:12:23:14:29:01.807
654,1640237341831,-0.09534109,0.13062795,0.019174743,2021:12:23:14:29:01.831
655,1640237341848,0.008788424,0.18282585,0.01038632,2021:12:23:14:29:01.848
656,1640237341865,-0.011717899,0.13888372,-0.0031957906,2021:12:23:14:29:01.865
657,1640237341870,-0.059921075,0.15486269,-0.0620516,2021:12:23:14:29:01.870
658,1640237341892,-0.07909582,0.106393196,-0.114515826,2021:12:23:14:29:01.892
659,1640237341923,-0.02583264,0.07044055,-0.16405058,2021:12:23:14:29:01.923
660,1640237341939,0.059122127,0.08855003,-0.21571587,2021:12:23:14:29:01.939
661,1640237341955,0.040480014,0.1181111,-0.2703106,2021:12:23:14:29:01.955
662,1640237341982,-0.022370534,0.08748477,-0.2514022,2021:12:23:14:29:01.982
663,1640237342000,0.0026631588,0.1047953,-0.25246745,2021:12:23:14:29:02.000
664,1640237342019,0.03435475,0.110121615,-0.264718,2021:12:23:14:29:02.019
665,1640237342037,0.01358211,0.11438267,-0.25513062,2021:12:23:14:29:02.037
666,1640237342067,-0.09933583,0.081093185,-0.20426428,2021:12:23:14:29:02.067
667,1640237342085,-0.1073253,0.05419528,-0.15419689,2021:12:23:14:29:02.085
668,1640237342104,0.17523585,0.035286855,-0.10146635,2021:12:23:14:29:02.104
669,1640237342124,0.17869796,0.05632581,-0.167779,2021:12:23:14:29:02.124
670,1640237342151,-0.047137912,0.090680555,-0.18695375,2021:12:23:14:29:02.151
671,1640237342172,-0.018908428,0.048070017,-0.06498107,2021:12:23:14:29:02.172
672,1640237342190,0.004261054,0.06591318,-0.017843165,2021:12:23:14:29:02.190
673,1640237342213,0.019973692,0.06298371,-0.032490537,2021:12:23:14:29:02.213
674,1640237342215,0.04980107,0.052064754,-0.08016108,2021:12:23:14:29:02.215
675,1640237342236,0.024234746,0.059255283,-0.07563371,2021:12:23:14:29:02.236
676,1640237342256,0.035952643,0.08482161,-0.07936213,2021:12:23:14:29:02.256
677,1640237342281,-0.075900026,0.082957394,-0.091346346,2021:12:23:14:29:02.281
678,1640237342297,-0.00452737,0.067777395,-0.08202529,2021:12:23:14:29:02.297
679,1640237342320,0.065247394,0.050200544,-0.11291793,2021:12:23:14:29:02.320
680,1640237342350,-0.05566002,0.089082666,-0.19068217,2021:12:23:14:29:02.350
681,1640237342363,0.05060002,0.047537386,-0.23835272,2021:12:23:14:29:02.363
682,1640237342380,0.113450564,0.03368896,-0.3137201,2021:12:23:14:29:02.380
683,1640237342412,0.059122127,0.03874896,-0.37816855,2021:12:23:14:29:02.412
684,1640237342431,-0.12436952,-0.041145805,-0.3701791,2021:12:23:14:29:02.431
685,1640237342447,-0.007190529,0.001997369,-0.3858917,2021:12:23:14:29:02.447
686,1640237342467,-0.034088433,-0.052863702,-0.39654434,2021:12:23:14:29:02.467
687,1640237342496,0.050866332,-0.047537386,-0.39867488,2021:12:23:14:29:02.496
688,1640237342514,0.061252654,-0.07763108,-0.46844962,2021:12:23:14:29:02.514
689,1640237342533,0.03675159,-0.10399635,-0.47404227,2021:12:23:14:29:02.533
690,1640237342553,0.045007385,-0.13888372,-0.43729067,2021:12:23:14:29:02.553
691,1640237342562,0.035153694,-0.12343741,-0.36511907,2021:12:23:14:29:02.562
692,1640237342583,0.026098955,-0.17217322,-0.25939167,2021:12:23:14:29:02.583
693,1640237342604,0.051931597,-0.18389112,-0.22343902,2021:12:23:14:29:02.604
694,1640237342629,-0.030626327,-0.1886848,-0.1440769,2021:12:23:14:29:02.629
695,1640237342651,0.014913689,-0.16152059,-0.029827379,2021:12:23:14:29:02.651
696,1640237342672,0.08681898,-0.15725952,0.021038955,2021:12:23:14:29:02.672
697,1640237342698,-0.03568633,-0.1868206,0.1006674,2021:12:23:14:29:02.698
698,1640237342715,-0.00079894764,-0.16498269,0.23409165,2021:12:23:14:29:02.715
699,1640237342734,0.006391581,-0.13701952,0.3070622,2021:12:23:14:29:02.734
700,1640237342766,0.019973692,-0.16045532,0.37310854,2021:12:23:14:29:02.766
701,1640237342782,0.00079894764,-0.08215845,0.4447475,2021:12:23:14:29:02.782
702,1640237342798,0.022104219,-0.0930774,0.5030707,2021:12:23:14:29:02.798
703,1640237342816,0.01038632,-0.08269108,0.478037,2021:12:23:14:29:02.816
704,1640237342820,-0.06737792,-0.077364765,0.4458128,2021:12:23:14:29:02.820
705,1640237342847,-0.03808317,-0.060586862,0.43516016,2021:12:23:14:29:02.847
706,1640237342865,-0.026631588,-0.023036323,0.35100433,2021:12:23:14:29:02.865
707,1640237342885,-0.05566002,-0.021704745,0.32330748,2021:12:23:14:29:02.885
708,1640237342903,-0.09241161,-0.0038615803,0.320378,2021:12:23:14:29:02.903
709,1640237342932,-0.06977476,-0.004394212,0.2633864,2021:12:23:14:29:02.932
710,1640237342952,-0.04980107,0.005992107,0.22503692,2021:12:23:14:29:02.952
711,1640237342968,-0.031957906,0.037417382,0.19734007,2021:12:23:14:29:02.968
712,1640237342990,-0.10120004,0.017976321,0.15526216,2021:12:23:14:29:02.990
713,1640237343018,-0.021038955,0.022237375,0.15686005,2021:12:23:14:29:03.018
714,1640237343036,0.029827379,0.023302639,0.18562217,2021:12:23:14:29:03.036
715,1640237343056,0.039681066,0.049667913,0.18828532,2021:12:23:14:29:03.056
716,1640237343081,0.06684528,0.042211067,0.19094849,2021:12:23:14:29:03.081
717,1640237343084,0.026365273,0.012117373,0.17869796,2021:12:23:14:29:03.084
718,1640237343113,0.035153694,0.02969422,0.16857795,2021:12:23:14:29:03.113
719,1640237343130,0.023169482,0.018242639,0.16245268,2021:12:23:14:29:03.130
720,1640237343146,0.048203174,0.04727107,0.19254638,2021:12:23:14:29:03.146
721,1640237343166,0.018642113,0.03555317,0.22716744,2021:12:23:14:29:03.166
722,1640237343197,0.022104219,0.05179844,0.2580601,2021:12:23:14:29:03.197
723,1640237343215,-0.0077231606,0.057657387,0.3267696,2021:12:23:14:29:03.215
724,1640237343233,0.035952643,0.105327934,0.36964643,2021:12:23:14:29:03.233
725,1640237343253,0.065247394,0.1282311,0.36645067,2021:12:23:14:29:03.253
726,1640237343278,0.027696852,0.145009,0.35606432,2021:12:23:14:29:03.278
727,1640237343303,-0.0077231606,0.1719069,0.33742222,2021:12:23:14:29:03.303
728,1640237343320,-0.018642113,0.13568795,0.33236223,2021:12:23:14:29:03.320
729,1640237343338,-0.028762115,0.16711321,0.29214853,2021:12:23:14:29:03.338
730,1640237343365,-0.011717899,0.20493007,0.21438429,2021:12:23:14:29:03.365
731,1640237343388,-0.00905474,0.23955114,0.12942952,2021:12:23:14:29:03.388
732,1640237343404,-0.017044216,0.18708691,0.0569916,2021:12:23:14:29:03.404
733,1640237343431,0.029827379,0.18282585,-0.08335687,2021:12:23:14:29:03.431
734,1640237343432,-0.02077264,0.14447637,-0.21651481,2021:12:23:14:29:03.432
735,1640237343447,-0.06791055,0.113051094,-0.31957906,2021:12:23:14:29:03.447
736,1640237343471,0.00079894764,0.04460791,-0.4093275,2021:12:23:14:29:03.471
737,1640237343488,-0.012516847,0.07976161,-0.4492749,2021:12:23:14:29:03.488
738,1640237343513,-0.03542001,0.027563693,-0.41518646,2021:12:23:14:29:03.513
739,1640237343536,-0.010918951,0.052597385,-0.44181806,2021:12:23:14:29:03.536
740,1640237343564,0.014381058,0.019041585,-0.44155174,2021:12:23:14:29:03.564
741,1640237343581,0.04846949,-0.004394212,-0.50866336,2021:12:23:14:29:03.581
742,1640237343596,0.007989476,-0.06724476,-0.52837074,2021:12:23:14:29:03.596
743,1640237343622,0.084422134,-0.061119493,-0.5118591,2021:12:23:14:29:03.622
744,1640237343649,0.024767376,-0.06591318,-0.48176542,2021:12:23:14:29:03.649
745,1640237343664,-0.024767376,-0.10692582,-0.44341594,2021:12:23:14:29:03.664
746,1640237343684,0.007190529,-0.10799109,-0.36938012,2021:12:23:14:29:03.684
747,1640237343713,-0.024234746,-0.10000161,-0.24021693,2021:12:23:14:29:03.713
748,1640237343731,-0.0029294747,-0.0914795,-0.090281084,2021:12:23:14:29:03.731
749,1640237343751,0.0031957906,-0.06644581,0.033555802,2021:12:23:14:29:03.751
750,1640237343768,0.033555802,-0.07843003,0.13342425,2021:12:23:14:29:03.768
751,1640237343778,-0.02530001,-0.10346372,0.21518323,2021:12:23:14:29:03.778
752,1640237343798,0.02530001,-0.024367902,0.29214853,2021:12:23:14:29:03.798
753,1640237343821,-0.026098955,0.007323687,0.30759484,2021:12:23:14:29:03.821
754,1640237343847,0.029294748,-0.007856319,0.36645067,2021:12:23:14:29:03.847
755,1640237343864,-0.006391581,0.020639481,0.37337488,2021:12:23:14:29:03.864
756,1640237343885,-0.04314317,0.037417382,0.32756853,2021:12:23:14:29:03.885
757,1640237343904,-0.04980107,0.021172112,0.28442535,2021:12:23:14:29:03.904
758,1640237343930,-0.014913689,0.02783001,0.21385165,2021:12:23:14:29:03.930
759,1640237343948,0.0018642112,0.053396333,0.14274532,2021:12:23:14:29:03.948
760,1640237343969,0.022104219,0.06538055,0.05432844,2021:12:23:14:29:03.969
761,1640237343993,0.006391581,0.03874896,0.011717899,2021:12:23:14:29:03.993
762,1640237344013,-0.026631588,0.0544616,-0.00053263176,2021:12:23:14:29:04.013
763,1640237344030,-0.021837901,0.040346857,-0.026365273,2021:12:23:14:29:04.030
764,1640237344035,0.093210556,0.061119493,-0.05619265,2021:12:23:14:29:04.035
765,1640237344063,-0.016777901,0.035020538,-0.079894766,2021:12:23:14:29:04.063
766,1640237344079,-0.0452737,0.03155843,-0.100134775,2021:12:23:14:29:04.079
767,1640237344098,0.0015978953,0.06538055,-0.1358211,2021:12:23:14:29:04.098
768,1640237344117,0.10546109,0.04727107,-0.11877688,2021:12:23:14:29:04.117
769,1640237344148,0.03808317,0.09946898,-0.15526216,2021:12:23:14:29:04.148
770,1640237344164,-0.055926334,0.025699483,-0.16005585,2021:12:23:14:29:04.164
771,1640237344186,-0.041012645,0.03342264,-0.20160112,2021:12:23:14:29:04.186
772,1640237344203,0.004793686,0.044874225,-0.19361165,2021:12:23:14:29:04.203
773,1640237344232,0.030093694,0.018242639,-0.16484953,2021:12:23:14:29:04.232
774,1640237344249,-0.07803056,0.004394212,-0.19148111,2021:12:23:14:29:04.249
775,1640237344270,-0.037017908,0.0038615803,-0.17576848,2021:12:23:14:29:04.270
776,1640237344295,-0.0058589494,-0.038482644,-0.15472953,2021:12:23:14:29:04.295
777,1640237344315,-0.016245268,0.0035952644,-0.11638004,2021:12:23:14:29:04.315
778,1640237344337,-0.034621064,-0.03289001,-0.10546109,2021:12:23:14:29:04.337
779,1640237344362,0.040213697,-0.026232114,-0.07803056,2021:12:23:14:29:04.362
780,1640237344378,0.011451583,-0.023835272,-0.0026631588,2021:12:23:14:29:04.378
781,1640237344381,0.04207791,0.022237375,0.066312656,2021:12:23:14:29:04.381
782,1640237344405,0.07030739,0.042211067,0.07163897,2021:12:23:14:29:04.405
783,1640237344428,-0.10998846,0.02197106,0.19041586,2021:12:23:14:29:04.428
784,1640237344449,-0.088416874,-0.0478037,0.19148111,2021:12:23:14:29:04.449
785,1640237344464,0.10599372,-0.048070017,0.11504846,2021:12:23:14:29:04.464
786,1640237344496,0.0053263176,0.07789739,0.03542001,2021:12:23:14:29:04.496
787,1640237344513,0.007989476,0.1098553,-0.04261054,2021:12:23:14:29:04.513
788,1640237344531,-0.08468845,0.011318425,-0.109455824,2021:12:23:14:29:04.531
789,1640237344551,0.029827379,-0.069641605,-0.19520955,2021:12:23:14:29:04.551
790,1640237344578,-0.08815055,-0.017710006,-0.2583264,2021:12:23:14:29:04.578
791,1640237344598,0.17843165,0.033156328,-0.4191812,2021:12:23:14:29:04.598
792,1640237344619,-0.031425275,-0.030226853,-0.46019384,2021:12:23:14:29:04.619
793,1640237344636,0.10519477,-0.04141212,-0.39121804,2021:12:23:14:29:04.636
794,1640237344646,-0.057257913,-0.04141212,-0.330498,2021:12:23:14:29:04.646
795,1640237344664,0.06924213,-0.10958899,-0.2498043,2021:12:23:14:29:04.664
796,1640237344686,0.1339569,-0.074435286,-0.22983061,2021:12:23:14:29:04.686
797,1640237344703,-0.04980107,-0.14367741,-0.14061478,2021:12:23:14:29:04.703
798,1640237344727,0.011984214,-0.06804371,-0.1022653,2021:12:23:14:29:04.727
799,1640237344751,0.074035816,-0.104528986,-0.04394212,2021:12:23:14:29:04.751
800,1640237344770,-0.0050600017,-0.10000161,0.007989476,2021:12:23:14:29:04.770
801,1640237344791,-0.05113265,-0.07177213,0.03808317,2021:12:23:14:29:04.791
802,1640237344815,0.07243792,-0.075500555,0.107591614,2021:12:23:14:29:04.815
803,1640237344847,-0.011451583,-0.068576336,0.18322533,2021:12:23:14:29:04.847
804,1640237344861,0.02263685,-0.07789739,0.18482322,2021:12:23:14:29:04.861
805,1640237344879,-0.02530001,-0.058722652,0.17417058,2021:12:23:14:29:04.879
806,1640237344896,-0.029294748,-0.067511074,0.20106849,2021:12:23:14:29:04.896
807,1640237344927,0.038349487,-0.022770008,0.1693769,2021:12:23:14:29:04.927
808,1640237344946,0.008788424,-0.048602648,0.16351795,2021:12:23:14:29:04.946
809,1640237344961,0.015180005,-0.030493168,0.2013348,2021:12:23:14:29:04.961
810,1640237344982,0.029294748,-0.030493168,0.2146506,2021:12:23:14:29:04.982
811,1640237344994,0.0053263176,-0.054727912,0.20719376,2021:12:23:14:29:04.994
812,1640237345013,-0.006924213,-0.018508954,0.22210744,2021:12:23:14:29:05.013
813,1640237345033,-0.060986336,-0.016378427,0.23542324,2021:12:23:14:29:05.033
814,1640237345053,-0.024767376,0.00519316,0.26951167,2021:12:23:14:29:05.053
815,1640237345079,0.031158958,0.006791055,0.27297378,2021:12:23:14:29:05.079
816,1640237345101,0.020240007,0.024900535,0.24101587,2021:12:23:14:29:05.101
817,1640237345121,0.01038632,0.035819486,0.23329271,2021:12:23:14:29:05.121
818,1640237345146,-0.035952643,0.023835272,0.1794969,2021:12:23:14:29:05.146
819,1640237345164,0.06338318,0.050999492,0.13715267,2021:12:23:14:29:05.164
820,1640237345195,0.0122505305,0.018508954,0.11638004,2021:12:23:14:29:05.195
821,1640237345203,-0.018642113,0.027031062,0.049002122,2021:12:23:14:29:05.203
822,1640237345230,0.043675803,0.019574217,-0.020506322,2021:12:23:14:29:05.230
823,1640237345246,0.033822116,0.0070573706,-0.08042739,2021:12:23:14:29:05.246
824,1640237345249,0.004394212,0.029960537,-0.113450564,2021:12:23:14:29:05.249
825,1640237345270,-0.029960537,0.012650005,-0.1241032,2021:12:23:14:29:05.270
826,1640237345296,-0.03874896,0.015845794,-0.13608742,2021:12:23:14:29:05.296
827,1640237345311,-0.032623697,-0.006524739,-0.088416874,2021:12:23:14:29:05.311
828,1640237345330,-0.016911058,0.0011984215,-0.05885581,2021:12:23:14:29:05.330
829,1640237345361,0.03182475,-0.002263685,-0.046605278,2021:12:23:14:29:05.361
830,1640237345376,0.05685844,-0.0009321056,-0.02716422,2021:12:23:14:29:05.376
831,1640237345399,0.019840533,-0.009187898,0.009321056,2021:12:23:14:29:05.399
832,1640237345414,-0.02649843,0.028628957,0.0452737,2021:12:23:14:29:05.414
833,1640237345443,0.013182636,0.01744369,0.05060002,2021:12:23:14:29:05.443
834,1640237345467,0.0014647373,0.012650005,0.072171606,2021:12:23:14:29:05.467
835,1640237345483,0.005992107,0.034754224,0.075900026,2021:12:23:14:29:05.483
836,1640237345503,-0.034754224,0.015579479,0.076698974,2021:12:23:14:29:05.503
837,1640237345529,-0.02463422,0.031292114,0.07030739,2021:12:23:14:29:05.529
838,1640237345547,0.009720529,-0.00519316,0.09534109,2021:12:23:14:29:05.547
839,1640237345568,-0.023036323,0.028362641,0.09347688,2021:12:23:14:29:05.568
840,1640237345590,-0.008655266,0.04833633,0.088416874,2021:12:23:14:29:05.590
841,1640237345594,-0.00519316,0.04913528,0.10519477,2021:12:23:14:29:05.594
842,1640237345613,-0.035020538,0.05819002,0.09640635,2021:12:23:14:29:05.613
843,1640237345636,-0.030226853,0.028895274,0.08202529,2021:12:23:14:29:05.636
844,1640237345660,-0.0057257917,0.0310258,0.0905474,2021:12:23:14:29:05.660
845,1640237345678,-0.04593949,0.04460791,0.08522108,2021:12:23:14:29:05.678
846,1640237345710,-0.032091063,0.04727107,0.06977476,2021:12:23:14:29:05.710
847,1640237345729,-0.03342264,0.04061317,0.06578002,2021:12:23:14:29:05.729
848,1640237345746,-0.035819486,0.039814223,0.085487396,2021:12:23:14:29:05.746
849,1640237345764,-0.008122634,0.054727912,0.107591614,2021:12:23:14:29:05.764
850,1640237345796,-0.028362641,0.07203845,0.12170636,2021:12:23:14:29:05.796
851,1640237345811,-0.023302639,0.037950013,0.10998846,2021:12:23:14:29:05.811
852,1640237345831,-0.005992107,0.051532123,0.11211899,2021:12:23:14:29:05.831
853,1640237345849,-0.026764747,0.06191844,0.08335687,2021:12:23:14:29:05.849
854,1640237345858,0.0035952644,0.05552686,0.024767376,2021:12:23:14:29:05.858
855,1640237345879,0.008122634,0.050733175,-0.02263685,2021:12:23:14:29:05.879
856,1640237345897,-0.018508954,0.032623697,-0.089482136,2021:12:23:14:29:05.897
857,1640237345917,0.029427905,0.035020538,-0.15499584,2021:12:23:14:29:05.917
858,1640237345942,-0.08668582,0.04700475,-0.1845569,2021:12:23:14:29:05.942
859,1640237345962,-0.025965799,0.004394212,-0.16804533,2021:12:23:14:29:05.962
860,1640237345987,0.01358211,0.011052109,-0.16005585,2021:12:23:14:29:05.987
861,1640237346008,-0.017044216,-0.043808963,-0.2314285,2021:12:23:14:29:06.008
862,1640237346028,-0.010652635,-0.015579479,-0.19734007,2021:12:23:14:29:06.028
863,1640237346048,-0.034621064,-0.009187898,-0.16884427,2021:12:23:14:29:06.048
864,1640237346068,-0.07430213,-0.007323687,-0.17150743,2021:12:23:14:29:06.068
865,1640237346092,-0.053795807,-0.016911058,-0.15393057,2021:12:23:14:29:06.092
866,1640237346110,0.03169159,-0.029427905,-0.14274532,2021:12:23:14:29:06.110
867,1640237346136,-0.016777901,-0.08402266,-0.062317915,2021:12:23:14:29:06.136
868,1640237346153,0.08575372,-0.017177375,-0.040213697,2021:12:23:14:29:06.153
869,1640237346177,-0.017576847,0.07390266,0.006391581,2021:12:23:14:29:06.177
870,1640237346197,-0.053263176,0.024367902,0.0018642112,2021:12:23:14:29:06.197
871,1640237346209,0.08016108,-0.04061317,-0.06258423,2021:12:23:14:29:06.209
872,1640237346227,0.048203174,0.030759484,-0.008788424,2021:12:23:14:29:06.227
873,1640237346249,-0.07510108,-0.15725952,0.021571586,2021:12:23:14:29:06.249
874,1640237346268,0.1190432,0.108257405,-0.0010652635,2021:12:23:14:29:06.268
875,1640237346291,-0.009321056,0.0118510565,-0.10865688,2021:12:23:14:29:06.291
876,1640237346310,-0.024234746,0.04460791,-0.12357057,2021:12:23:14:29:06.310
877,1640237346330,-0.051931597,0.10026793,-0.008255793,2021:12:23:14:29:06.330
878,1640237346359,0.050067388,-0.03155843,-0.08761793,2021:12:23:14:29:06.359
879,1640237346379,-0.00053263176,-0.08002792,-0.059654757,2021:12:23:14:29:06.379
880,1640237346397,-0.041811593,-0.0083889505,-0.1712411,2021:12:23:14:29:06.397
881,1640237346418,-0.18029585,0.12050793,-0.07563371,2021:12:23:14:29:06.418
882,1640237346444,-0.015978953,-0.08269108,-0.018642113,2021:12:23:14:29:06.444
883,1640237346458,0.054861072,-0.08082687,-0.10146635,2021:12:23:14:29:06.458
884,1640237346462,0.0077231606,0.016378427,-0.11851057,2021:12:23:14:29:06.462
885,1640237346484,-0.050067388,-0.026764747,-0.040213697,2021:12:23:14:29:06.484
886,1640237346510,0.08495477,0.09201214,-0.15339795,2021:12:23:14:29:06.510
887,1640237346528,0.15206636,0.030759484,-0.23915166,2021:12:23:14:29:06.528
888,1640237346544,-0.030626327,-0.029960537,-0.3219759,2021:12:23:14:29:06.544
889,1640237346577,-0.036485277,0.027031062,-0.24554324,2021:12:23:14:29:06.577
890,1640237346594,0.13502215,-0.06591318,-0.11877688,2021:12:23:14:29:06.594
891,1640237346611,0.07270423,0.03821633,-0.18322533,2021:12:23:14:29:06.611
892,1640237346629,0.07696529,-0.0595216,-0.22050954,2021:12:23:14:29:06.629
893,1640237346661,0.064448446,-0.09787109,-0.09187898,2021:12:23:14:29:06.661
894,1640237346678,0.02530001,-0.07097318,-0.046072647,2021:12:23:14:29:06.678
895,1640237346697,0.07856318,-0.035286855,-0.02130527,2021:12:23:14:29:06.697
896,1640237346715,0.024767376,0.0017310532,-0.03169159,2021:12:23:14:29:06.715
897,1640237346744,-0.0050600017,-0.038482644,-0.026098955,2021:12:23:14:29:06.744
898,1640237346762,-0.041278962,-0.033156328,0.02530001,2021:12:23:14:29:06.762
899,1640237346779,0.06471476,0.0070573706,0.054062124,2021:12:23:14:29:06.779
900,1640237346807,0.04261054,0.022503693,0.051931597,2021:12:23:14:29:06.807
901,1640237346809,-0.030626327,0.002263685,0.012516847,2021:12:23:14:29:06.809
902,1640237346827,0.012516847,-0.0038615803,-0.007989476,2021:12:23:14:29:06.827
903,1640237346849,0.052730545,0.0017310532,-0.035952643,2021:12:23:14:29:06.849
904,1640237346868,0.0077231606,0.0054594753,-0.100134775,2021:12:23:14:29:06.868
905,1640237346891,0.014381058,-0.0054594753,-0.17310533,2021:12:23:14:29:06.891
906,1640237346926,0.021571586,-0.017710006,-0.177899,2021:12:23:14:29:06.926
907,1640237346944,0.0055926335,-0.00519316,-0.2197106,2021:12:23:14:29:06.944
908,1640237346961,0.024501061,-0.032091063,-0.26312009,2021:12:23:14:29:06.961
909,1640237346978,-0.066312656,-0.028362641,-0.32969907,2021:12:23:14:29:06.978
910,1640237347009,-0.049002122,-0.07044055,-0.3893538,2021:12:23:14:29:07.009
911,1640237347027,-0.041278962,-0.055793177,-0.4175833,2021:12:23:14:29:07.027
912,1640237347046,-0.122238986,-0.08721845,-0.4492749,2021:12:23:14:29:07.046
913,1640237347068,-0.06950845,-0.0997353,-0.41092542,2021:12:23:14:29:07.068
914,1640237347068,0.09667266,-0.09520793,-0.4412854,2021:12:23:14:29:07.068
915,1640237347096,0.05060002,-0.08588687,-0.39681065,2021:12:23:14:29:07.096
916,1640237347114,0.034621064,-0.081093185,-0.2482064,2021:12:23:14:29:07.114
917,1640237347131,-0.021571586,-0.096805826,-0.16751269,2021:12:23:14:29:07.131
918,1640237347149,0.049534753,-0.09920266,-0.14833795,2021:12:23:14:29:07.149
919,1640237347176,0.053529494,-0.102398455,-0.0905474,2021:12:23:14:29:07.176
920,1640237347196,-0.025566325,-0.09041424,-0.04261054,2021:12:23:14:29:07.196
921,1640237347217,0.021837901,-0.08029424,0.02263685,2021:12:23:14:29:07.217
922,1640237347243,-0.0031957906,-0.0813595,0.05938844,2021:12:23:14:29:07.243
923,1640237347261,0.051931597,-0.09334372,0.0569916,2021:12:23:14:29:07.261
924,1640237347285,0.045540016,-0.09361003,0.06338318,2021:12:23:14:29:07.285
925,1640237347306,0.02583264,-0.08855003,0.053795807,2021:12:23:14:29:07.306
926,1640237347331,0.008788424,-0.10745846,0.061785284,2021:12:23:14:29:07.331
927,1640237347349,-0.009321056,-0.08961529,0.06471476,2021:12:23:14:29:07.349
928,1640237347373,-0.034621064,-0.0914795,0.07430213,2021:12:23:14:29:07.373
929,1640237347392,-0.016511586,-0.10932267,0.07084002,2021:12:23:14:29:07.392
930,1640237347410,-0.019174743,-0.1114532,0.07110634,2021:12:23:14:29:07.410
931,1640237347416,-0.029827379,-0.10958899,0.08681898,2021:12:23:14:29:07.416
932,1640237347437,-0.041811593,-0.10879004,0.11984215,2021:12:23:14:29:07.437
933,1640237347463,-0.055393703,-0.11624688,0.15153374,2021:12:23:14:29:07.463
934,1640237347480,0.021571586,-0.106393196,0.1978727,2021:12:23:14:29:07.480
935,1640237347498,0.1006674,-0.10559425,0.24048324,2021:12:23:14:29:07.498
936,1640237347524,0.0055926335,-0.100534245,0.3036001,2021:12:23:14:29:07.524
937,1640237347546,-0.10546109,-0.06431528,0.3989412,2021:12:23:14:29:07.546
938,1640237347562,-0.07350318,-0.043276332,0.4849612,2021:12:23:14:29:07.562
939,1640237347581,-0.032756854,-0.017177375,0.5632581,2021:12:23:14:29:07.581
940,1640237347613,-0.023702113,0.016378427,0.6122602,2021:12:23:14:29:07.613
941,1640237347634,-0.04261054,0.0030626326,0.6492781,2021:12:23:14:29:07.634
942,1640237347652,-0.025566325,0.009720529,0.6554034,2021:12:23:14:29:07.652
943,1640237347679,-0.037017908,0.044075277,0.63756025,2021:12:23:14:29:07.679
944,1640237347679,-0.038615804,0.051532123,0.61465704,2021:12:23:14:29:07.679
945,1640237347699,-0.05113265,0.06884266,0.59468335,2021:12:23:14:29:07.699
946,1640237347718,-0.044741068,0.08562055,0.55926335,2021:12:23:14:29:07.718
947,1640237347740,-0.014647374,0.108257405,0.49934226,2021:12:23:14:29:07.740
948,1640237347759,-0.029561063,0.110387936,0.43542647,2021:12:23:14:29:07.759
949,1640237347791,-0.019973692,0.12104057,0.3893538,2021:12:23:14:29:07.791
950,1640237347810,-0.008522108,0.10772477,0.3688475,2021:12:23:14:29:07.810
951,1640237347826,0.026897904,0.11251846,0.3219759,2021:12:23:14:29:07.826
952,1640237347844,0.035952643,0.13968268,0.2569948,2021:12:23:14:29:07.844
953,1640237347874,0.007190529,0.13568795,0.21012323,2021:12:23:14:29:07.874
954,1640237347893,0.02130527,0.1434111,0.19094849,2021:12:23:14:29:07.893
955,1640237347909,0.040213697,0.15299848,0.15286532,2021:12:23:14:29:07.909
956,1640237347929,0.03169159,0.14527531,0.097205296,2021:12:23:14:29:07.929
957,1640237347957,0.024767376,0.15246584,0.033555802,2021:12:23:14:29:07.957
958,1640237347976,0.020506322,0.15992269,-0.014381058,2021:12:23:14:29:07.976
959,1640237347996,0.013848426,0.15646058,-0.052464228,2021:12:23:14:29:07.996
960,1640237348014,0.019174743,0.17297216,-0.07643266,2021:12:23:14:29:08.014
961,1640237348025,0.0026631588,0.1585911,-0.101998985,2021:12:23:14:29:08.025
962,1640237348043,0.015180005,0.15193321,-0.1190432,2021:12:23:14:29:08.043
963,1640237348064,0.026365273,0.17110795,-0.15126742,2021:12:23:14:29:08.064
964,1640237348081,0.023702113,0.16258584,-0.18535586,2021:12:23:14:29:08.081
965,1640237348106,0.05299686,0.15566163,-0.21172112,2021:12:23:14:29:08.106
966,1640237348133,0.047936857,0.14447637,-0.25566325,2021:12:23:14:29:08.133
967,1640237348159,0.06018739,0.13036162,-0.32091063,2021:12:23:14:29:08.159
968,1640237348176,0.07723161,0.12796478,-0.40719697,2021:12:23:14:29:08.176
969,1640237348193,0.10519477,0.11731215,-0.5062665,2021:12:23:14:29:08.193
970,1640237348215,0.127299,0.09334372,-0.61012965,2021:12:23:14:29:08.215
971,1640237348241,0.09081372,0.060586862,-0.7278413,2021:12:23:14:29:08.241
972,1640237348260,0.101998985,0.038482644,-0.82770973,2021:12:23:14:29:08.260
973,1640237348276,0.11265162,0.008122634,-0.91319716,2021:12:23:14:29:08.276
974,1640237348283,0.09880319,-0.0142479,-0.9723193,2021:12:23:14:29:08.283
975,1640237348308,0.07536739,-0.042743698,-1.0159951,2021:12:23:14:29:08.308
976,1640237348327,0.079894766,-0.0661795,-1.0599372,2021:12:23:14:29:08.327
977,1640237348345,0.105727404,-0.10506161,-1.0966887,2021:12:23:14:29:08.345
978,1640237348364,0.2111885,-0.092811085,-1.1315762,2021:12:23:14:29:08.364
979,1640237348392,0.1712411,-0.14527531,-1.1355709,2021:12:23:14:29:08.392
980,1640237348411,0.023702113,-0.15965638,-1.0104024,2021:12:23:14:29:08.411
981,1640237348430,0.07616634,-0.1817606,-0.9259803,2021:12:23:14:29:08.430
982,1640237348449,0.076698974,-0.21371849,-0.8607329,2021:12:23:14:29:08.449
983,1640237348477,0.115581095,-0.21931113,-0.7531413,2021:12:23:14:29:08.477
984,1640237348499,0.105727404,-0.22037639,-0.59281915,2021:12:23:14:29:08.499
985,1640237348515,0.08575372,-0.23129535,-0.43063277,2021:12:23:14:29:08.515
986,1640237348542,0.07563371,-0.22117534,-0.26738113,2021:12:23:14:29:08.542
987,1640237348565,0.103863195,-0.21078902,-0.12436952,2021:12:23:14:29:08.565
988,1640237348589,0.10918951,-0.1886848,-0.051931597,2021:12:23:14:29:08.589
989,1640237348607,0.066312656,-0.17323849,0.047137912,2021:12:23:14:29:08.607
990,1640237348626,0.02583264,-0.16365111,0.13768531,2021:12:23:14:29:08.626
991,1640237348628,-0.056458965,-0.20013638,0.15446322,2021:12:23:14:29:08.628
992,1640237348647,-0.009321056,-0.17536901,0.18162744,2021:12:23:14:29:08.647
993,1640237348673,-0.010918951,-0.16258584,0.17070848,2021:12:23:14:29:08.673
994,1640237348691,-0.023169482,-0.15805848,0.17337164,2021:12:23:14:29:08.691
995,1640237348710,-0.04287686,-0.1633848,0.21678112,2021:12:23:14:29:08.710
996,1640237348741,-0.097205296,-0.18042901,0.20746008,2021:12:23:14:29:08.741
997,1640237348759,-0.023169482,-0.18469006,0.21198744,2021:12:23:14:29:08.759
998,1640237348779,0.015446321,-0.14154689,0.1861548,2021:12:23:14:29:08.779
999,1640237348801,-0.040213697,-0.16631427,0.17923059,2021:12:23:14:29:08.801
1000,1640237348829,-0.021837901,-0.1668469,0.19840533,2021:12:23:14:29:08.829
1001,1640237348848,-0.08056056,-0.16365111,0.19547586,2021:12:23:14:29:08.848
1002,1640237348866,-0.030493168,-0.14287847,0.2029327,2021:12:23:14:29:08.866
1003,1640237348891,0.04194475,-0.120774254,0.25033692,2021:12:23:14:29:08.891
1004,1640237348892,0.011584741,-0.117844775,0.26312009,2021:12:23:14:29:08.892
1005,1640237348917,-0.04833633,-0.088816345,0.2966759,2021:12:23:14:29:08.917
1006,1640237348942,-0.15140058,-0.07097318,0.34408012,2021:12:23:14:29:08.942
1007,1640237348961,-0.09227845,-0.0595216,0.44075277,2021:12:23:14:29:08.961
1008,1640237348974,0.05113265,-0.025699483,0.4716454,2021:12:23:14:29:08.974
1009,1640237348999,0.0034621065,0.08668582,0.50573385,2021:12:23:14:29:08.999
1010,1640237349017,0.050866332,-0.04700475,0.559796,2021:12:23:14:29:09.017
1011,1640237349046,0.066312656,0.055260547,0.5384907,2021:12:23:14:29:09.046
1012,1640237349063,-0.01038632,0.04913528,0.5856286,2021:12:23:14:29:09.063
1013,1640237349090,0.037816856,0.07230476,0.625576,2021:12:23:14:29:09.090
1014,1640237349109,0.038615804,0.08721845,0.5981455,2021:12:23:14:29:09.109
1015,1640237349125,0.027696852,0.09254477,0.60826546,2021:12:23:14:29:09.125
1016,1640237349142,0.007190529,0.11837741,0.6535392,2021:12:23:14:29:09.142
1017,1640237349170,0.021038955,0.12130688,0.6804371,2021:12:23:14:29:09.170
1018,1640237349196,0.02530001,0.15379742,0.6644581,2021:12:23:14:29:09.196
1019,1640237349210,0.0053263176,0.16551532,0.62850547,2021:12:23:14:29:09.210
1020,1640237349230,0.00905474,0.18921743,0.5755086,2021:12:23:14:29:09.230
1021,1640237349238,0.016245268,0.2206427,0.50600016,2021:12:23:14:29:09.238
1022,1640237349257,0.009321056,0.20572902,0.38828856,2021:12:23:14:29:09.257
1023,1640237349275,0.0015978953,0.22703429,0.22583586,2021:12:23:14:29:09.275
1024,1640237349297,0.0055926335,0.2238385,0.048203174,2021:12:23:14:29:09.297
1025,1640237349314,-0.05113265,0.19454375,-0.11664636,2021:12:23:14:29:09.314
1026,1640237349341,0.030626327,0.19960375,-0.30226853,2021:12:23:14:29:09.341
1027,1640237349363,-0.0026631588,0.1700427,-0.49082017,2021:12:23:14:29:09.363
1028,1640237349381,0.006924213,0.10772477,-0.640756,2021:12:23:14:29:09.381
1029,1640237349406,0.041278962,0.12796478,-0.75047815,2021:12:23:14:29:09.406
1030,1640237349432,0.22556955,0.06644581,-0.81039923,2021:12:23:14:29:09.432
1031,1640237349456,0.13635373,0.05233107,-0.8250466,2021:12:23:14:29:09.456
1032,1640237349477,0.032224223,0.006524739,-0.7715171,2021:12:23:14:29:09.477
1033,1640237349491,-0.011185267,0.023568956,-0.6380929,2021:12:23:14:29:09.491
1034,1640237349496,-0.06018739,0.057923704,-0.48176542,2021:12:23:14:29:09.496
1035,1640237349520,-0.045007385,0.0478037,-0.40346855,2021:12:23:14:29:09.520
1036,1640237349541,-0.049534753,0.037683696,-0.41784963,2021:12:23:14:29:09.541
1037,1640237349557,-0.05885581,0.027031062,-0.46418858,2021:12:23:14:29:09.557
1038,1640237349576,-0.058589496,-0.0075900024,-0.51026124,2021:12:23:14:29:09.576
1039,1640237349610,-0.015180005,-0.051532123,-0.5834981,2021:12:23:14:29:09.610
1040,1640237349626,0.0013315794,-0.07683213,-0.71053076,2021:12:23:14:29:09.626
1041,1640237349644,0.017044216,-0.11704583,-0.7582013,2021:12:23:14:29:09.644
1042,1640237349664,0.010918951,-0.12130688,-0.73689604,2021:12:23:14:29:09.664
1043,1640237349695,-0.010652635,-0.16604795,-0.70653605,2021:12:23:14:29:09.695
1044,1640237349711,-0.0029294747,-0.1868206,-0.69322026,2021:12:23:14:29:09.711
1045,1640237349733,-0.0058589494,-0.18761954,-0.6447508,2021:12:23:14:29:09.733
1046,1640237349761,0.006657897,-0.23875219,-0.569117,2021:12:23:14:29:09.761
1047,1640237349780,0.016245268,-0.2656501,-0.48309702,2021:12:23:14:29:09.780
1048,1640237349795,0.033289485,-0.28189537,-0.3805654,2021:12:23:14:29:09.795
1049,1640237349824,0.040480014,-0.262188,-0.26285377,2021:12:23:14:29:09.824
1050,1640237349842,0.019174743,-0.25286692,-0.086552665,2021:12:23:14:29:09.842
1051,1640237349843,-0.025566325,-0.26165536,0.0687095,2021:12:23:14:29:09.843
1052,1640237349861,-0.054594755,-0.23342587,0.22610219,2021:12:23:14:29:09.861
1053,1640237349882,-0.09161267,-0.17749953,0.3592601,2021:12:23:14:29:09.882
1054,1640237349907,-0.106792666,-0.14154689,0.4894886,2021:12:23:14:29:09.907
1055,1640237349925,-0.00053263176,-0.07603318,0.68150234,2021:12:23:14:29:09.925
1056,1640237349949,-0.041012645,-0.12743215,0.8111982,2021:12:23:14:29:09.949
1057,1640237349972,0.00079894764,-0.0661795,0.90467507,2021:12:23:14:29:09.972
1058,1640237349988,0.06258423,0.037151065,1.0194572,2021:12:23:14:29:09.988
1059,1640237350009,-0.0061252653,0.03368896,1.1278478,2021:12:23:14:29:10.009
1060,1640237350040,0.03488738,0.04647212,1.1126678,2021:12:23:14:29:10.040
1061,1640237350063,0.03488738,0.11065425,1.0508825,2021:12:23:14:29:10.063
1062,1640237350081,-0.0058589494,0.114116356,0.98856455,2021:12:23:14:29:10.081
1063,1640237350098,-0.00452737,0.14154689,0.87511396,2021:12:23:14:29:10.098
1064,1640237350106,0.007989476,0.1567269,0.71346027,2021:12:23:14:29:10.106
1065,1640237350126,-0.023968428,0.170309,0.52144647,2021:12:23:14:29:10.126
1066,1640237350145,0.039947383,0.21771324,0.29933906,2021:12:23:14:29:10.145
1067,1640237350166,0.014647374,0.19374481,0.08921582,2021:12:23:14:29:10.166
1068,1640237350196,0.04314317,0.16817848,-0.13422321,2021:12:23:14:29:10.196
1069,1640237350222,0.059921075,0.15060163,-0.34274855,2021:12:23:14:29:10.222
1070,1640237350238,0.0284958,0.08482161,-0.50759804,2021:12:23:14:29:10.238
1071,1640237350257,0.017576847,0.0712395,-0.62797284,2021:12:23:14:29:10.257
1072,1640237350277,0.030626327,0.07789739,-0.67963815,2021:12:23:14:29:10.277
1073,1640237350297,0.06391581,0.07017423,-0.70360655,2021:12:23:14:29:10.297
1074,1640237350324,0.045806333,0.0595216,-0.691356,2021:12:23:14:29:10.324
1075,1640237350339,0.098004244,0.023302639,-0.68176866,2021:12:23:14:29:10.339
1076,1640237350357,0.13662004,0.019574217,-0.65300655,2021:12:23:14:29:10.357
1077,1640237350379,0.040480014,0.0057257917,-0.5936181,2021:12:23:14:29:10.379
1078,1640237350396,-0.07243792,-0.041145805,-0.53715914,2021:12:23:14:29:10.396
1079,1640237350422,0.025033694,-0.012383688,-0.53449595,2021:12:23:14:29:10.422
1080,1640237350441,0.026098955,-0.022770008,-0.50173914,2021:12:23:14:29:10.441
1081,1640237350460,0.016511586,-0.044075277,-0.42637172,2021:12:23:14:29:10.460
1082,1640237350478,-0.024767376,-0.034754224,-0.43862227,2021:12:23:14:29:10.478
1083,1640237350505,-0.019174743,-0.052064754,-0.4793686,2021:12:23:14:29:10.505
1084,1640237350523,0.003994738,-0.041678436,-0.49428228,2021:12:23:14:29:10.523
1085,1640237350541,0.00053263176,-0.06511423,-0.49055386,2021:12:23:14:29:10.541
1086,1640237350558,-0.015180005,-0.06351634,-0.48709175,2021:12:23:14:29:10.558
1087,1640237350591,-0.015180005,-0.08215845,-0.49348333,2021:12:23:14:29:10.591
1088,1640237350606,0.030892642,-0.09014793,-0.5491434,2021:12:23:14:29:10.606
1089,1640237350623,0.012516847,-0.11118688,-0.6087981,2021:12:23:14:29:10.623
1090,1640237350638,0.013315794,-0.13488899,-0.6210486,2021:12:23:14:29:10.638
1091,1640237350662,0.046871595,-0.14660689,-0.620516,2021:12:23:14:29:10.662
1092,1640237350678,-0.033555802,-0.18096164,-0.5986781,2021:12:23:14:29:10.678
1093,1640237350695,0.07643266,-0.17164059,-0.650876,2021:12:23:14:29:10.695
1094,1640237350722,-0.006924213,-0.19134796,-0.6295707,2021:12:23:14:29:10.722
1095,1640237350744,0.0029294747,-0.21078902,-0.5206475,2021:12:23:14:29:10.744
1096,1640237350757,0.028229482,-0.23475745,-0.4663191,2021:12:23:14:29:10.757
1097,1640237350777,-0.023435798,-0.21691428,-0.43356225,2021:12:23:14:29:10.777
1098,1640237350797,0.021571586,-0.24194798,-0.32969907,2021:12:23:14:29:10.797
1099,1640237350823,0.007989476,-0.25126904,-0.24421166,2021:12:23:14:29:10.823
1100,1640237350837,0.007989476,-0.26059008,-0.18429059,2021:12:23:14:29:10.837
1101,1640237350862,0.002130527,-0.2222406,-0.11371688,2021:12:23:14:29:10.862
1102,1640237350877,-0.0015978953,-0.25686166,0.020240007,2021:12:23:14:29:10.877
1103,1640237350904,0.047670543,-0.22011007,0.12863056,2021:12:23:14:29:10.904
1104,1640237350922,0.03488738,-0.1918806,0.24394535,2021:12:23:14:29:10.922
1105,1640237350940,-0.018908428,-0.21265323,0.36085802,2021:12:23:14:29:10.940
1106,1640237350958,0.03941475,-0.15592794,0.4391549,2021:12:23:14:29:10.958
1107,1640237350979,0.04340949,-0.13409005,0.49188542,2021:12:23:14:29:10.979
1108,1640237351004,0.039681066,-0.13222584,0.50892967,2021:12:23:14:29:11.004
1109,1640237351022,0.022903167,-0.1300953,0.49721175,2021:12:23:14:29:11.022
1110,1640237351039,-0.013315794,-0.14607427,0.44661173,2021:12:23:14:29:11.039
1111,1640237351061,-0.02077264,-0.15592794,0.40772963,2021:12:23:14:29:11.061
1112,1640237351078,0.05938844,-0.14634058,0.35153696,2021:12:23:14:29:11.078
1113,1640237351104,0.048735805,-0.14873742,0.25779378,2021:12:23:14:29:11.104
1114,1640237351126,-0.010652635,-0.14634058,0.19201376,2021:12:23:14:29:11.126
1115,1640237351141,0.014913689,-0.15699321,0.17230637,2021:12:23:14:29:11.141
1116,1640237351157,0.04980107,-0.15140058,0.12942952,2021:12:23:14:29:11.157
1117,1640237351175,0.019707374,-0.17643428,0.11025477,2021:12:23:14:29:11.175
1118,1640237351195,0.012516847,-0.1886848,0.122238986,2021:12:23:14:29:11.195
1119,1640237351222,0.0620516,-0.1700427,0.19973691,2021:12:23:14:29:11.222
1120,1640237351240,0.08761793,-0.15406373,0.2580601,2021:12:23:14:29:11.240
1121,1640237351255,0.046605278,-0.1719069,0.32517168,2021:12:23:14:29:11.255
1122,1640237351277,0.042344224,-0.1332911,0.3637875,2021:12:23:14:29:11.277
1123,1640237351307,0.017843165,-0.11544793,0.42077908,2021:12:23:14:29:11.307
1124,1640237351323,0.041278962,-0.13142689,0.45699805,2021:12:23:14:29:11.323
1125,1640237351339,0.037284225,-0.10266477,0.51079386,2021:12:23:14:29:11.339
1126,1640237351359,-0.0010652635,-0.08775108,0.5848297,2021:12:23:14:29:11.359
1127,1640237351378,0.0034621065,-0.09334372,0.6274402,2021:12:23:14:29:11.378
1128,1640237351405,-0.05060002,-0.08828372,0.7155908,2021:12:23:14:29:11.405
1129,1640237351420,0.007989476,-0.07070687,0.8386287,2021:12:23:14:29:11.420
1130,1640237351438,0.02902843,-0.05179844,0.97045505,2021:12:23:14:29:11.438
1131,1640237351459,0.007190529,-0.010785793,1.0578067,2021:12:23:14:29:11.459
1132,1640237351479,0.039148435,0.03688475,1.114532,2021:12:23:14:29:11.479
1133,1640237351504,0.029561063,0.057657387,1.1544794,2021:12:23:14:29:11.504
1134,1640237351522,0.013848426,0.10159951,1.2096068,2021:12:23:14:29:11.522
1135,1640237351542,0.0074568447,0.052863702,1.1611372,2021:12:23:14:29:11.542
1136,1640237351576,0.05832318,0.17883112,1.1251847,2021:12:23:14:29:11.576
1137,1640237351596,0.00053263176,0.09946898,1.1161299,2021:12:23:14:29:11.596
1138,1640237351604,0.036485277,0.14314479,1.0495509,2021:12:23:14:29:11.604
1139,1640237351622,0.053529494,0.17164059,0.976314,2021:12:23:14:29:11.622
1140,1640237351660,0.01038632,0.16604795,0.90840346,2021:12:23:14:29:11.660
1141,1640237351677,0.04447475,0.17536901,0.83303607,2021:12:23:14:29:11.677
1142,1640237351704,0.032490537,0.19853848,0.75340766,2021:12:23:14:29:11.704
1143,1640237351722,0.08681898,0.22090903,0.65939814,2021:12:23:14:29:11.722
1144,1640237351739,0.05885581,0.17457005,0.5912213,2021:12:23:14:29:11.739
1145,1640237351757,0.051398966,0.20120165,0.5941507,2021:12:23:14:29:11.757
1146,1640237351778,0.08415582,0.27177536,0.65513706,2021:12:23:14:29:11.778
1147,1640237351805,0.04287686,0.2760364,0.6942855,2021:12:23:14:29:11.805
1148,1640237351823,0.016511586,0.29174906,0.68816024,2021:12:23:14:29:11.823
1149,1640237351838,0.075900026,0.29068378,0.68203497,2021:12:23:14:29:11.838
1150,1640237351861,0.0905474,0.3013364,0.65007704,2021:12:23:14:29:11.861
1151,1640237351876,0.03036001,0.35167012,0.5651223,2021:12:23:14:29:11.876
1152,1640237351905,0.06018739,0.35273537,0.43995383,2021:12:23:14:29:11.905
1153,1640237351920,0.080693714,0.3514038,0.31505167,2021:12:23:14:29:11.920
1154,1640237351941,0.09827056,0.3210438,0.14887057,2021:12:23:14:29:11.941
1155,1640237351957,0.08788424,0.28722167,-0.06338318,2021:12:23:14:29:11.957
1156,1640237351986,0.060453705,0.25952482,-0.27270746,2021:12:23:14:29:11.986
1157,1640237352003,0.106792666,0.22969745,-0.45406857,2021:12:23:14:29:12.003
1158,1640237352022,0.07563371,0.19108164,-0.574177,2021:12:23:14:29:12.022
1159,1640237352037,0.090281084,0.17483638,-0.6775076,2021:12:23:14:29:12.037
1160,1640237352060,0.08309056,0.18948375,-0.7273087,2021:12:23:14:29:12.060
1161,1640237352076,0.08229161,0.15939006,-0.74382025,2021:12:23:14:29:12.076
1162,1640237352105,0.08202529,0.08668582,-0.74568444,2021:12:23:14:29:12.105
1163,1640237352121,0.046871595,0.04833633,-0.7496792,2021:12:23:14:29:12.121
1164,1640237352139,0.057790548,0.048070017,-0.6775076,2021:12:23:14:29:12.139
1165,1640237352157,0.064448446,0.00013315794,-0.5491434,2021:12:23:14:29:12.157
1166,1640237352178,0.049534753,-0.020639481,-0.42823595,2021:12:23:14:29:12.178
1167,1640237352203,0.002130527,-0.03954791,-0.26285377,2021:12:23:14:29:12.203
1168,1640237352220,0.030892642,-0.052064754,-0.119309515,2021:12:23:14:29:12.220
1169,1640237352238,0.0687095,-0.03289001,-0.01810948,2021:12:23:14:29:12.238
1170,1640237352259,0.002130527,-0.04194475,0.067111604,2021:12:23:14:29:12.259
1171,1640237352280,0.009321056,-0.07843003,0.13768531,2021:12:23:14:29:12.280
1172,1640237352307,0.038615804,-0.058722652,0.13688636,2021:12:23:14:29:12.307
1173,1640237352324,0.01810948,-0.055260547,0.15073478,2021:12:23:14:29:12.324
1174,1640237352340,-0.01358211,-0.06085318,0.23355903,2021:12:23:14:29:12.340
1175,1640237352359,0.031158958,-0.02783001,0.31558433,2021:12:23:14:29:12.359
1176,1640237352389,0.014381058,-0.0139815835,0.4058654,2021:12:23:14:29:12.389
1177,1640237352404,0.00026631588,0.019307902,0.48070017,2021:12:23:14:29:12.404
1178,1640237352420,0.061518967,0.06538055,0.5147886,2021:12:23:14:29:12.420
1179,1640237352439,0.0061252653,0.09227845,0.5363602,2021:12:23:14:29:12.439
1180,1640237352461,-0.03302317,0.13915005,0.41518646,2021:12:23:14:29:12.461
1181,1640237352487,-0.0015978953,0.06484792,0.37497276,2021:12:23:14:29:12.487
1182,1640237352505,-0.03302317,0.104528986,0.37657064,2021:12:23:14:29:12.505
1183,1640237352523,-0.019707374,0.10000161,0.39015275,2021:12:23:14:29:12.523
1184,1640237352538,-0.032490537,0.12796478,0.33795485,2021:12:23:14:29:12.538
1185,1640237352555,-0.02902843,0.1165132,0.27430534,2021:12:23:14:29:12.555
1186,1640237352579,-0.009321056,0.13808478,0.20026955,2021:12:23:14:29:12.579
1187,1640237352597,-0.013848426,0.11518162,0.16458322,2021:12:23:14:29:12.597
1188,1640237352622,-0.01038632,0.13142689,0.15552847,2021:12:23:14:29:12.622
1189,1640237352640,-0.0029294747,0.10133319,0.18242638,2021:12:23:14:29:12.640
1190,1640237352662,-0.00905474,0.11624688,0.19387797,2021:12:23:14:29:12.662
1191,1640237352678,-0.0029294747,0.09440898,0.2447443,2021:12:23:14:29:12.678
1192,1640237352702,-0.00079894764,0.12343741,0.23515692,2021:12:23:14:29:12.702
1193,1640237352718,0.05832318,0.15752584,0.2295643,2021:12:23:14:29:12.718
1194,1640237352736,0.040480014,0.14634058,0.20266639,2021:12:23:14:29:12.736
1195,1640237352757,-0.0037284223,0.14580795,0.16671374,2021:12:23:14:29:12.757
1196,1640237352787,0.019441059,0.1434111,0.15472953,2021:12:23:14:29:12.787
1197,1640237352803,0.060453705,0.1418132,0.12809794,2021:12:23:14:29:12.803
1198,1640237352820,0.051398966,0.1332911,0.0889495,2021:12:23:14:29:12.820
1199,1640237352837,0.024234746,0.14953637,0.08149266,2021:12:23:14:29:12.837
1200,1640237352859,0.054861072,0.15965638,0.08096003,2021:12:23:14:29:12.859
1201,1640237352879,0.06844318,0.11092056,0.06311686,2021:12:23:14:29:12.879
1202,1640237352904,0.009321056,0.10799109,0.036485277,2021:12:23:14:29:12.904
1203,1640237352920,0.029827379,0.11251846,0.0284958,2021:12:23:14:29:12.920
1204,1640237352937,0.06391581,0.07816371,0.020240007,2021:12:23:14:29:12.937
1205,1640237352956,-0.014381058,0.056592125,0.033555802,2021:12:23:14:29:12.956
1206,1640237352988,-0.023702113,0.090680555,0.06072002,2021:12:23:14:29:12.988
1207,1640237353002,0.0018642112,0.1215732,0.16032216,2021:12:23:14:29:13.002
1208,1640237353019,0.02530001,0.11331741,0.27190852,2021:12:23:14:29:13.019
1209,1640237353038,0.03488738,0.1484711,0.35846117,2021:12:23:14:29:13.038
1210,1640237353059,-0.032756854,0.11092056,0.47990122,2021:12:23:14:29:13.059
1211,1640237353081,-0.012783162,0.15219952,0.5832318,2021:12:23:14:29:13.081
1212,1640237353106,0.008788424,0.18495639,0.6743118,2021:12:23:14:29:13.106
1213,1640237353121,0.047404226,0.21398482,0.72571075,2021:12:23:14:29:13.121
1214,1640237353142,0.03169159,0.17110795,0.651675,2021:12:23:14:29:13.142
1215,1640237353159,-0.006657897,0.1633848,0.5097286,2021:12:23:14:29:13.159
1216,1640237353187,0.07856318,0.21451744,0.49374965,2021:12:23:14:29:13.187
1217,1640237353204,-0.013315794,0.16924374,0.44900858,2021:12:23:14:29:13.204
1218,1640237353218,0.0050600017,0.1434111,0.36085802,2021:12:23:14:29:13.218
1219,1640237353238,0.041012645,0.21025638,0.3571296,2021:12:23:14:29:13.238
1220,1640237353258,-0.046605278,0.14314479,0.3603254,2021:12:23:14:29:13.258
1221,1640237353286,0.015446321,0.19294585,0.35153696,2021:12:23:14:29:13.286
1222,1640237353303,0.068176866,0.18469006,0.3488738,2021:12:23:14:29:13.303
1223,1640237353321,-0.015446321,0.16658059,0.26551694,2021:12:23:14:29:13.321
1224,1640237353341,0.010652635,0.21531639,0.20000322,2021:12:23:14:29:13.341
1225,1640237353377,0.0031957906,0.19880481,0.2029327,2021:12:23:14:29:13.377
1226,1640237353402,0.042344224,0.2004027,0.16245268,2021:12:23:14:29:13.402
1227,1640237353420,-0.006657897,0.20812586,0.047670543,2021:12:23:14:29:13.420
1228,1640237353439,-0.011984214,0.18735322,-0.017576847,2021:12:23:14:29:13.439
1229,1640237353460,-0.033555802,0.18255953,-0.017843165,2021:12:23:14:29:13.460
1230,1640237353477,0.0031957906,0.19001637,-0.04207791,2021:12:23:14:29:13.477
1231,1640237353503,-0.06657897,0.1719069,-0.08495477,2021:12:23:14:29:13.503
1232,1640237353518,-0.015712637,0.17643428,-0.14594111,2021:12:23:14:29:13.518
1233,1640237353540,0.016245268,0.1884185,-0.22530323,2021:12:23:14:29:13.540
1234,1640237353560,-0.054861072,0.15486269,-0.24048324,2021:12:23:14:29:13.560
1235,1640237353586,0.0074568447,0.19401112,-0.30146956,2021:12:23:14:29:13.586
1236,1640237353600,-0.029561063,0.14128058,-0.38748962,2021:12:23:14:29:13.600
1237,1640237353617,-0.08149266,0.13142689,-0.48682544,2021:12:23:14:29:13.617
1238,1640237353636,0.011717899,0.08535424,-0.5566002,2021:12:23:14:29:13.636
1239,1640237353670,0.04207791,0.07896266,-0.6024065,2021:12:23:14:29:13.670
1240,1640237353685,0.013848426,0.061652128,-0.6359623,2021:12:23:14:29:13.685
1241,1640237353702,0.01810948,0.040346857,-0.6093307,2021:12:23:14:29:13.702
1242,1640237353717,0.06897581,0.04194475,-0.5382244,2021:12:23:14:29:13.717
1243,1640237353741,0.07163897,0.038482644,-0.46338964,2021:12:23:14:29:13.741
1244,1640237353756,0.017310532,0.04141212,-0.38882118,2021:12:23:14:29:13.756
1245,1640237353778,0.015446321,0.048602648,-0.3169159,2021:12:23:14:29:13.778
1246,1640237353803,0.06604634,0.079228975,-0.2870885,2021:12:23:14:29:13.803
1247,1640237353819,0.05619265,0.08056056,-0.2865559,2021:12:23:14:29:13.819
1248,1640237353836,0.019973692,0.06591318,-0.26551694,2021:12:23:14:29:13.836
1249,1640237353859,-0.022370534,0.0930774,-0.23568955,2021:12:23:14:29:13.859
1250,1640237353887,0.033555802,0.10293109,-0.21198744,2021:12:23:14:29:13.887
1251,1640237353901,0.0077231606,0.1047953,-0.24794008,2021:12:23:14:29:13.901
1252,1640237353917,0.023169482,0.11438267,-0.27190852,2021:12:23:14:29:13.917
1253,1640237353937,0.018375795,0.08721845,-0.26205483,2021:12:23:14:29:13.937
1254,1640237353958,0.020506322,0.14314479,-0.36458644,2021:12:23:14:29:13.958
1255,1640237353986,-0.04287686,0.11944267,-0.4311654,2021:12:23:14:29:13.986
1256,1640237354003,-0.038349487,0.0762995,-0.4447475,2021:12:23:14:29:14.003
1257,1640237354019,-0.009853687,0.104528986,-0.44314963,2021:12:23:14:29:14.019
1258,1640237354037,0.019174743,0.08029424,-0.4849612,2021:12:23:14:29:14.037
1259,1640237354068,0.02077264,0.06191844,-0.52171284,2021:12:23:14:29:14.068
1260,1640237354085,0.044208437,0.048868965,-0.5166528,2021:12:23:14:29:14.085
1261,1640237354104,0.050067388,0.029427905,-0.50386965,2021:12:23:14:29:14.104
1262,1640237354118,-0.02130527,0.008655266,-0.4657865,2021:12:23:14:29:14.118
1263,1640237354140,0.062317915,0.044874225,-0.45966122,2021:12:23:14:29:14.140
1264,1640237354159,-0.019707374,-0.008655266,-0.47031385,2021:12:23:14:29:14.159
1265,1640237354186,-0.014114741,0.0054594753,-0.46338964,2021:12:23:14:29:14.186
1266,1640237354202,0.04154528,0.034754224,-0.5062665,2021:12:23:14:29:14.202
1267,1640237354217,-0.03542001,-0.023302639,-0.5448823,2021:12:23:14:29:14.217
1268,1640237354236,-0.041811593,-0.03821633,-0.5339633,2021:12:23:14:29:14.236
1269,1640237354257,-0.032224223,-0.062451076,-0.55766547,2021:12:23:14:29:14.257
1270,1640237354276,0.04340949,-0.05233107,-0.58429706,2021:12:23:14:29:14.276
1271,1640237354306,0.064448446,-0.08162582,-0.5805686,2021:12:23:14:29:14.306
1272,1640237354318,0.0940095,-0.083223715,-0.55952966,2021:12:23:14:29:14.318
1273,1640237354336,0.05166528,-0.114116356,-0.4783033,2021:12:23:14:29:14.336
1274,1640237354357,0.014114741,-0.08775108,-0.42317593,2021:12:23:14:29:14.357
1275,1640237354386,0.06072002,-0.11704583,-0.39840856,2021:12:23:14:29:14.386
1276,1640237354402,0.10146635,-0.108257405,-0.43010014,2021:12:23:14:29:14.402
1277,1640237354419,0.07110634,-0.14048162,-0.3957454,2021:12:23:14:29:14.419
1278,1640237354437,0.12010846,-0.1282311,-0.41492015,2021:12:23:14:29:14.437
1279,1640237354469,0.09374319,-0.14927006,-0.4783033,2021:12:23:14:29:14.469
1280,1640237354486,0.11424951,-0.19321217,-0.49508122,2021:12:23:14:29:14.486
1281,1640237354501,0.029294748,-0.21025638,-0.5363602,2021:12:23:14:29:14.501
1282,1640237354520,0.0503337,-0.2624543,-0.50786436,2021:12:23:14:29:14.520
1283,1640237354540,0.16698006,-0.23475745,-0.5067991,2021:12:23:14:29:14.540
1284,1640237354558,0.13768531,-0.36045855,-0.5195823,2021:12:23:14:29:14.558
1285,1640237354579,0.14620742,-0.35353434,-0.40772963,2021:12:23:14:29:14.579
1286,1640237354603,0.14061478,-0.3277017,-0.25060326,2021:12:23:14:29:14.603
1287,1640237354619,0.11957583,-0.37244275,-0.17363796,2021:12:23:14:29:14.619
1288,1640237354638,0.11078741,-0.35007223,-0.1006674,2021:12:23:14:29:14.638
1289,1640237354661,0.086552665,-0.3514038,0.02077264,2021:12:23:14:29:14.661
1290,1640237354685,0.07350318,-0.33089748,0.103863195,2021:12:23:14:29:14.685
1291,1640237354701,0.01038632,-0.34234905,0.19094849,2021:12:23:14:29:14.701
1292,1640237354720,0.11132004,-0.31332064,0.32570434,2021:12:23:14:29:14.720
1293,1640237354736,0.046605278,-0.30879328,0.39201698,2021:12:23:14:29:14.736
1294,1640237354756,0.099868454,-0.2992059,0.54088753,2021:12:23:14:29:14.756
1295,1640237354777,0.10120004,-0.26059008,0.62131494,2021:12:23:14:29:14.777
1296,1640237354797,0.006924213,-0.23955114,0.6471476,2021:12:23:14:29:14.797
1297,1640237354821,0.018908428,-0.24647535,0.6910897,2021:12:23:14:29:14.821
1298,1640237354837,-0.019174743,-0.24301325,0.6852308,2021:12:23:14:29:14.837
1299,1640237354869,0.02716422,-0.18389112,0.6439518,2021:12:23:14:29:14.869
1300,1640237354884,0.0058589494,-0.13355741,0.6159886,2021:12:23:14:29:14.884
1301,1640237354903,0.014114741,-0.14287847,0.5664539,2021:12:23:14:29:14.903
1302,1640237354920,-0.0050600017,-0.074435286,0.5022718,2021:12:23:14:29:14.920
1303,1640237354940,0.018642113,-0.059255283,0.43169805,2021:12:23:14:29:14.940
1304,1640237354959,-0.011451583,-0.06538055,0.3400854,2021:12:23:14:29:14.959
1305,1640237354983,0.027430536,-0.04673844,0.24394535,2021:12:23:14:29:14.983
1306,1640237355001,0.02583264,-0.03555317,0.14034846,2021:12:23:14:29:15.001
1307,1640237355022,-0.006391581,-0.057391074,0.03488738,2021:12:23:14:29:15.022
1308,1640237355038,0.021571586,-0.07683213,-0.017310532,2021:12:23:14:29:15.038
1309,1640237355060,0.04314317,-0.06884266,-0.0569916,2021:12:23:14:29:15.060
1310,1640237355083,0.012783162,-0.02783001,-0.08309056,2021:12:23:14:29:15.083
1311,1640237355100,-0.06351634,-0.035286855,-0.053263176,2021:12:23:14:29:15.100
1312,1640237355134,0.007856319,-0.029427905,-0.051398966,2021:12:23:14:29:15.134
1313,1640237355154,-0.004660528,-0.022503693,-0.07563371,2021:12:23:14:29:15.154
1314,1640237355168,-0.026232114,0.012117373,-0.057257913,2021:12:23:14:29:15.168
1315,1640237355183,-0.061652128,-0.038482644,-0.03169159,2021:12:23:14:29:15.183
1316,1640237355218,-0.016112112,0.028895274,-0.04154528,2021:12:23:14:29:15.218
1317,1640237355237,-0.011318425,0.006524739,-0.022770008,2021:12:23:14:29:15.237
1318,1640237355259,-0.023302639,0.04540686,-0.05552686,2021:12:23:14:29:15.259
1319,1640237355282,-0.04700475,0.020639481,-0.0813595,2021:12:23:14:29:15.282
1320,1640237355301,-0.059787914,0.009187898,-0.10266477,2021:12:23:14:29:15.301
1321,1640237355319,0.013715268,0.02916159,-0.16125427,2021:12:23:14:29:15.319
1322,1640237355337,-0.05366265,0.005992107,-0.16205321,2021:12:23:14:29:15.337
1323,1640237355357,-0.058722652,-0.011318425,-0.11385004,2021:12:23:14:29:15.357
1324,1640237355383,-0.02143843,-0.010519478,-0.12876374,2021:12:23:14:29:15.383
1325,1640237355402,0.010785793,-0.016644742,-0.096539505,2021:12:23:14:29:15.402
1326,1640237355419,-0.058722652,-0.051265806,-0.019041585,2021:12:23:14:29:15.419
1327,1640237355435,-0.024101587,-0.0142479,-0.016378427,2021:12:23:14:29:15.435
1328,1640237355454,0.03368896,-0.011584741,-0.019307902,2021:12:23:14:29:15.454
1329,1640237355475,0.032623697,-0.015313163,-0.002263685,2021:12:23:14:29:15.475
1330,1640237355502,0.034487907,0.009986846,-0.0025300009,2021:12:23:14:29:15.502
1331,1640237355517,0.059255283,0.0139815835,-0.033156328,2021:12:23:14:29:15.517
1332,1640237355540,0.03821633,-0.008655266,-0.06644581,2021:12:23:14:29:15.540
1333,1640237355556,0.050466858,-0.020905796,-0.0712395,2021:12:23:14:29:15.556
1334,1640237355576,-0.004394212,-0.040346857,-0.12583426,2021:12:23:14:29:15.576
1335,1640237355604,0.03235738,-0.037683696,-0.1418132,2021:12:23:14:29:15.604
1336,1640237355623,0.09361003,-0.044341594,-0.17563532,2021:12:23:14:29:15.623
1337,1640237355637,0.007323687,-0.0864195,-0.14554162,2021:12:23:14:29:15.637
1338,1640237355656,-0.03954791,-0.057657387,-0.114116356,2021:12:23:14:29:15.656
1339,1640237355684,-0.0478037,-0.051532123,-0.10373004,2021:12:23:14:29:15.684
1340,1640237355699,0.067777395,-0.0544616,-0.044874225,2021:12:23:14:29:15.699
1341,1640237355718,0.12290478,-0.059787914,-0.038482644,2021:12:23:14:29:15.718
1342,1640237355738,-0.020106848,-0.09041424,0.028096326,2021:12:23:14:29:15.738
1343,1640237355758,-0.014780532,-0.039814223,0.25419852,2021:12:23:14:29:15.758
1344,1640237355784,-0.039814223,0.015579479,0.43742383,2021:12:23:14:29:15.784
1345,1640237355799,-0.05499423,0.014780532,0.49121964,2021:12:23:14:29:15.799
1346,1640237355819,-0.0054594753,0.013448952,0.5053344,2021:12:23:14:29:15.819
1347,1640237355839,0.013182636,0.03821633,0.47151226,2021:12:23:14:29:15.839
1348,1640237355867,-0.07044055,-0.009454214,0.40413436,2021:12:23:14:29:15.867
1349,1640237355883,-0.0062584234,0.029960537,0.37883434,2021:12:23:14:29:15.883
1350,1640237355901,-0.07310371,0.016112112,0.2994722,2021:12:23:14:29:15.901
1351,1640237355919,-0.043010015,-0.03874896,0.24168167,2021:12:23:14:29:15.919
1352,1640237355941,0.079228975,0.00039947382,0.21238692,2021:12:23:14:29:15.941
1353,1640237355958,0.058456335,0.012650005,0.14900373,2021:12:23:14:29:15.958
1354,1640237355983,-0.108257405,-0.039814223,0.13648689,2021:12:23:14:29:15.983
1355,1640237355999,-0.06591318,-0.0038615803,0.20785955,2021:12:23:14:29:15.999
1356,1640237356022,-0.01877527,0.007856319,0.25473115,2021:12:23:14:29:16.022
1357,1640237356038,-0.0139815835,0.013448952,0.2406164,2021:12:23:14:29:16.038
1358,1640237356059,-0.02143843,0.009986846,0.2688459,2021:12:23:14:29:16.059
1359,1640237356079,-0.062451076,0.01877527,0.3277017,2021:12:23:14:29:16.079
1360,1640237356103,-0.02783001,0.06831002,0.34394696,2021:12:23:14:29:16.103
1361,1640237356120,0.01291632,0.058722652,0.33569115,2021:12:23:14:29:16.120
1362,1640237356149,-0.03874896,0.059787914,0.30027115,2021:12:23:14:29:16.149
1363,1640237356158,-0.016911058,0.06138581,0.30320063,2021:12:23:14:29:16.158
1364,1640237356179,-0.006791055,0.068576336,0.29201537,2021:12:23:14:29:16.179
1365,1640237356206,0.033156328,0.069641605,0.30959222,2021:12:23:14:29:16.206
1366,1640237356224,-0.036085803,0.08615319,0.2880206,2021:12:23:14:29:16.224
1367,1640237356238,0.0062584234,0.15619427,0.27869958,2021:12:23:14:29:16.238
1368,1640237356265,-0.033156328,0.15965638,0.25473115,2021:12:23:14:29:16.265
1369,1640237356283,0.015313163,0.18096164,0.22783324,2021:12:23:14:29:16.283
1370,1640237356301,0.001997369,0.16631427,0.17776585,2021:12:23:14:29:16.301
1371,1640237356318,-0.023036323,0.15219952,0.08828372,2021:12:23:14:29:16.318
1372,1640237356340,-0.0049268436,0.1969406,0.031292114,2021:12:23:14:29:16.340
1373,1640237356357,-0.020373166,0.18335849,-0.00013315794,2021:12:23:14:29:16.357
1374,1640237356381,0.017177375,0.1969406,-0.06298371,2021:12:23:14:29:16.381
1375,1640237356400,0.00013315794,0.16152059,-0.08535424,2021:12:23:14:29:16.400
1376,1640237356421,0.04833633,0.20466375,-0.14527531,2021:12:23:14:29:16.421
1377,1640237356439,-0.042477384,0.1684448,-0.14900373,2021:12:23:14:29:16.439
1378,1640237356467,-0.024101587,0.16924374,-0.11944267,2021:12:23:14:29:16.467
1379,1640237356480,-0.092811085,0.14820479,-0.03901528,2021:12:23:14:29:16.480
1380,1640237356499,-0.07017423,0.24780692,-0.04673844,2021:12:23:14:29:16.499
1381,1640237356518,-0.19907112,0.25473115,-0.040879488,2021:12:23:14:29:16.518
1382,1640237356537,-0.09627319,0.1918806,-0.020373166,2021:12:23:14:29:16.537
1383,1640237356556,0.1098553,0.1769669,-0.114116356,2021:12:23:14:29:16.556
1384,1640237356581,0.06511423,0.31678274,-0.23688798,2021:12:23:14:29:16.581
1385,1640237356598,0.001997369,0.20546271,-0.31039116,2021:12:23:14:29:16.598
1386,1640237356621,-0.0070573706,0.15539531,-0.48615965,2021:12:23:14:29:16.621
1387,1640237356638,0.006791055,0.19481006,-0.71439236,2021:12:23:14:29:16.638
1388,1640237356666,-0.022503693,0.10080056,-0.7146587,2021:12:23:14:29:16.666
1389,1640237356683,-0.034754224,0.098670036,-0.7644597,2021:12:23:14:29:16.683
1390,1640237356700,0.050999492,0.07416897,-0.8659261,2021:12:23:14:29:16.700
1391,1640237356719,0.048602648,0.024101587,-0.87391555,2021:12:23:14:29:16.719
1392,1640237356740,0.050466858,-0.0310258,-0.86326295,2021:12:23:14:29:16.740
1393,1640237356766,0.13968268,-0.031292114,-0.8659261,2021:12:23:14:29:16.766
1394,1640237356784,0.19374481,-0.067511074,-0.7902924,2021:12:23:14:29:16.784
1395,1640237356800,0.0014647373,-0.08562055,-0.72504497,2021:12:23:14:29:16.800
1396,1640237356818,0.0645816,-0.09334372,-0.567386,2021:12:23:14:29:16.818
1397,1640237356837,0.07816371,-0.09254477,-0.49947545,2021:12:23:14:29:16.837
1398,1640237356866,0.1351553,-0.1266332,-0.358328,2021:12:23:14:29:16.866
1399,1640237356900,0.048070017,-0.12050793,-0.2693785,2021:12:23:14:29:16.900
1400,1640237356914,-0.0035952644,-0.16418374,-0.1181111,2021:12:23:14:29:16.914
1401,1640237356920,0.07763108,-0.19081533,-0.013448952,2021:12:23:14:29:16.920
1402,1640237356948,0.160189,-0.13222584,0.06591318,2021:12:23:14:29:16.948
1403,1640237356982,0.019840533,-0.20572902,0.18815216,2021:12:23:14:29:16.982
1404,1640237357000,-0.001997369,-0.15539531,0.31172273,2021:12:23:14:29:17.000
1405,1640237357020,0.043808963,-0.085087925,0.41611856,2021:12:23:14:29:17.020
1406,1640237357037,0.07416897,-0.07683213,0.5056007,2021:12:23:14:29:17.037
1407,1640237357062,0.05366265,-0.07843003,0.55140704,2021:12:23:14:29:17.062
1408,1640237357082,-0.04008054,-0.07869634,0.5500755,2021:12:23:14:29:17.082
1409,1640237357101,-0.015313163,-0.021704745,0.5037365,2021:12:23:14:29:17.101
1410,1640237357117,-0.007989476,0.043808963,0.4137217,2021:12:23:14:29:17.117
1411,1640237357140,0.009587372,-0.010253161,0.27204168,2021:12:23:14:29:17.140
1412,1640237357165,0.03036001,-0.006524739,0.16897742,2021:12:23:14:29:17.165
1413,1640237357182,0.036485277,-0.0038615803,0.12423636,2021:12:23:14:29:17.182
1414,1640237357196,0.0034621065,0.043010015,0.022503693,2021:12:23:14:29:17.196
1415,1640237357219,-0.03621896,0.04833633,-0.012650005,2021:12:23:14:29:17.219
1416,1640237357236,-0.029294748,-0.021704745,-0.052064754,2021:12:23:14:29:17.236
1417,1640237357265,0.11265162,0.037417382,-0.12237215,2021:12:23:14:29:17.265
1418,1640237357280,-0.0010652635,-0.045140542,-0.18948375,2021:12:23:14:29:17.280
1419,1640237357301,-0.03036001,0.011052109,-0.15033531,2021:12:23:14:29:17.301
1420,1640237357317,0.041811593,0.058988966,-0.14527531,2021:12:23:14:29:17.317
1421,1640237357335,0.029827379,-0.017710006,-0.16098794,2021:12:23:14:29:17.335
1422,1640237357356,-0.10626004,-0.013182636,-0.14740583,2021:12:23:14:29:17.356
1423,1640237357383,-0.10439582,-0.0038615803,-0.16737953,2021:12:23:14:29:17.383
1424,1640237357398,0.086552665,-0.011584741,-0.17989638,2021:12:23:14:29:17.398
1425,1640237357418,-0.055926334,-0.08934898,-0.17643428,2021:12:23:14:29:17.418
1426,1640237357439,0.070041075,-0.052597385,-0.1953427,2021:12:23:14:29:17.439
1427,1640237357458,0.031957906,-0.08082687,-0.18229322,2021:12:23:14:29:17.458
1428,1640237357484,0.11638004,-0.10159951,-0.13622057,2021:12:23:14:29:17.484
1429,1640237357503,0.027963167,-0.08775108,-0.088816345,2021:12:23:14:29:17.503
1430,1640237357518,0.011185267,-0.01744369,-0.048070017,2021:12:23:14:29:17.518
1431,1640237357538,-0.04846949,-0.034487907,-0.041145805,2021:12:23:14:29:17.538
1432,1640237357563,-0.04340949,-0.03688475,-0.0544616,2021:12:23:14:29:17.563
1433,1640237357581,0.062317915,-0.050999492,-0.08428898,2021:12:23:14:29:17.581
1434,1640237357598,0.12383688,-0.082957394,-0.12290478,2021:12:23:14:29:17.598
1435,1640237357618,0.006391581,-0.094675295,-0.14474268,2021:12:23:14:29:17.618
1436,1640237357637,0.0015978953,-0.07869634,-0.13488899,2021:12:23:14:29:17.637
1437,1640237357659,0.06657897,-0.0930774,-0.12237215,2021:12:23:14:29:17.659
1438,1640237357685,-0.04980107,-0.112252146,-0.13302478,2021:12:23:14:29:17.685
1439,1640237357702,0.0058589494,-0.10745846,-0.05179844,2021:12:23:14:29:17.702
1440,1640237357718,-0.03755054,-0.06511423,-0.006791055,2021:12:23:14:29:17.718
1441,1640237357749,-0.0058589494,-0.06697845,0.030226853,2021:12:23:14:29:17.749
1442,1640237357762,-0.041811593,-0.0142479,0.07070687,2021:12:23:14:29:17.762
1443,1640237357781,-0.012516847,-0.023302639,0.096805826,2021:12:23:14:29:17.781
1444,1640237357799,-0.006657897,-0.010785793,0.054727912,2021:12:23:14:29:17.799
1445,1640237357817,-0.11185267,-0.03289001,0.07044055,2021:12:23:14:29:17.817
1446,1640237357836,-0.09187898,0.009986846,0.023568956,2021:12:23:14:29:17.836
1447,1640237357855,-0.009587372,0.0310258,-0.04194475,2021:12:23:14:29:17.855
1448,1640237357879,0.028762115,0.008921582,-0.12130688,2021:12:23:14:29:17.879
1449,1640237357896,-0.030626327,-0.03155843,-0.20785955,2021:12:23:14:29:17.896
1450,1640237357916,0.10626004,-0.04141212,-0.28029746,2021:12:23:14:29:17.916
1451,1640237357939,0.07749792,-0.042743698,-0.35087118,2021:12:23:14:29:17.939
1452,1640237357965,-0.05805686,-0.10852372,-0.32423958,2021:12:23:14:29:17.965
1453,1640237357982,-0.0503337,-0.05419528,-0.33542484,2021:12:23:14:29:17.982
1454,1640237357999,0.06285055,-0.098403715,-0.29654273,2021:12:23:14:29:17.999
1455,1640237358021,0.11957583,-0.07203845,-0.3013364,2021:12:23:14:29:18.021
1456,1640237358038,0.055926334,-0.14021531,-0.25659534,2021:12:23:14:29:18.038
1457,1640237358066,-0.0889495,-0.09334372,-0.21078902,2021:12:23:14:29:18.066
1458,1640237358082,-0.015180005,-0.17909743,-0.20146796,2021:12:23:14:29:18.082
1459,1640237358100,0.2330264,-0.1266332,-0.25686166,2021:12:23:14:29:18.100
1460,1640237358120,0.14727268,-0.19614165,-0.19267954,2021:12:23:14:29:18.120
1461,1640237358141,-0.04394212,-0.18469006,-0.090946876,2021:12:23:14:29:18.141
1462,1640237358166,-0.11265162,-0.15113427,-0.037417382,2021:12:23:14:29:18.166
1463,1640237358184,0.107591614,-0.10905635,-0.059787914,2021:12:23:14:29:18.184
1464,1640237358197,0.090281084,-0.17723322,-0.016112112,2021:12:23:14:29:18.197
1465,1640237358217,0.072970554,-0.18335849,0.07044055,2021:12:23:14:29:18.217
1466,1640237358236,-0.0013315794,-0.120774254,0.1617869,2021:12:23:14:29:18.236
1467,1640237358266,-0.14168005,-0.19747323,0.15912373,2021:12:23:14:29:18.266
1468,1640237358280,0.0074568447,-0.11171951,0.12237215,2021:12:23:14:29:18.280
1469,1640237358305,0.16192006,-0.121839516,0.15033531,2021:12:23:14:29:18.305
1470,1640237358317,-0.15606111,-0.17084163,0.20652796,2021:12:23:14:29:18.317
1471,1640237358336,-0.36618432,-0.19933744,0.2688459,2021:12:23:14:29:18.336
1472,1640237358356,0.1643169,-0.17803216,0.33542484,2021:12:23:14:29:18.356
1473,1640237358383,0.3134538,-0.09520793,0.4185154,2021:12:23:14:29:18.383
1474,1640237358400,-0.18988322,-0.042743698,0.48962176,2021:12:23:14:29:18.400
1475,1640237358422,-0.20932429,0.08215845,0.61212707,2021:12:23:14:29:18.422
1476,1640237358438,-0.16911058,0.027297378,0.7013429,2021:12:23:14:29:18.438
1477,1640237358462,0.061785284,0.036352117,0.60919756,2021:12:23:14:29:18.462
1478,1640237358481,0.07909582,0.051532123,0.5815007,2021:12:23:14:29:18.481
1479,1640237358499,-0.028762115,0.006791055,0.47311017,2021:12:23:14:29:18.499
1480,1640237358519,0.12277162,0.06191844,0.35246906,2021:12:23:14:29:18.519
1481,1640237358548,0.0284958,0.06697845,0.27976483,2021:12:23:14:29:18.548
1482,1640237358564,0.15499584,0.08189213,0.17829849,2021:12:23:14:29:18.564
1483,1640237358581,0.080693714,0.09707214,0.17403743,2021:12:23:14:29:18.581
1484,1640237358599,0.17470321,0.1098553,0.15592794,2021:12:23:14:29:18.599
1485,1640237358620,0.027963167,0.13941637,0.15486269,2021:12:23:14:29:18.620
1486,1640237358655,-0.22770008,0.24541008,0.1282311,2021:12:23:14:29:18.655
1487,1640237358680,-0.038882118,0.11251846,0.0049268436,2021:12:23:14:29:18.680
1488,1640237358695,0.14780532,0.12982899,0.077098444,2021:12:23:14:29:18.695
1489,1640237358715,0.042344224,0.22809955,0.07203845,2021:12:23:14:29:18.715
1490,1640237358719,-0.045806333,0.1535311,0.055260547,2021:12:23:14:29:18.719
1491,1640237358749,0.119309515,0.13701952,-0.06218476,2021:12:23:14:29:18.749
1492,1640237358782,-0.06737792,0.10133319,-0.12343741,2021:12:23:14:29:18.782
1493,1640237358797,-0.060453705,0.07017423,-0.11944267,2021:12:23:14:29:18.797
1494,1640237358820,-0.053263176,0.094675295,-0.16258584,2021:12:23:14:29:18.820
1495,1640237358837,-0.0031957906,0.13195951,-0.20226692,2021:12:23:14:29:18.837
1496,1640237358863,0.020506322,0.02649843,-0.1282311,2021:12:23:14:29:18.863
1497,1640237358879,0.03488738,0.123703726,-0.19214691,2021:12:23:14:29:18.879
1498,1640237358899,-0.016245268,0.077364765,-0.31704906,2021:12:23:14:29:18.899
1499,1640237358919,0.029561063,0.02649843,-0.34501222,2021:12:23:14:29:18.919
1500,1640237358941,-0.023435798,0.03821633,-0.2994722,2021:12:23:14:29:18.941
1501,1640237358968,0.065247394,0.00013315794,-0.27284062,2021:12:23:14:29:18.968
1502,1640237358983,-0.061252654,-0.043808963,-0.2238385,2021:12:23:14:29:18.983
1503,1640237358997,-0.0053263176,0.0017310532,-0.145009,2021:12:23:14:29:18.997
1504,1640237359030,-0.013848426,-0.034754224,-0.021704745,2021:12:23:14:29:19.030
1505,1640237359036,-0.023968428,-0.028362641,-0.0038615803,2021:12:23:14:29:19.036
1506,1640237359062,0.088416874,0.0014647373,0.023835272,2021:12:23:14:29:19.062
1507,1640237359079,0.014647374,-0.04460791,0.07656582,2021:12:23:14:29:19.079
1508,1640237359101,0.026098955,0.008921582,0.05313002,2021:12:23:14:29:19.101
1509,1640237359117,-0.048203174,-0.06218476,0.033955276,2021:12:23:14:29:19.117
1510,1640237359136,-0.008255793,0.016378427,0.067511074,2021:12:23:14:29:19.136
1511,1640237359162,0.026365273,0.0075900024,0.119975306,2021:12:23:14:29:19.162
1512,1640237359181,-0.038882118,0.00519316,0.04061317,2021:12:23:14:29:19.181
1513,1640237359198,-0.011984214,0.028096326,-0.0142479,2021:12:23:14:29:19.198
1514,1640237359219,-0.11824425,-0.04833633,-0.036352117,2021:12:23:14:29:19.219
1515,1640237359237,0.0014647373,0.036352117,-0.053396333,2021:12:23:14:29:19.237
1516,1640237359261,-0.04593949,-0.016911058,-0.075500555,2021:12:23:14:29:19.261
1517,1640237359279,0.06325002,0.00013315794,-0.09254477,2021:12:23:14:29:19.279
1518,1640237359298,-0.02783001,-0.025433166,-0.049934227,2021:12:23:14:29:19.298
1519,1640237359318,0.03555317,0.008122634,0.007856319,2021:12:23:14:29:19.318
1520,1640237359346,0.06431528,0.024101587,0.055260547,2021:12:23:14:29:19.346
1521,1640237359363,-0.054727912,0.029427905,0.06218476,2021:12:23:14:29:19.363
1522,1640237359379,-0.049667913,0.05685844,0.09600688,2021:12:23:14:29:19.379
1523,1640237359399,-0.042211067,0.052064754,0.110121615,2021:12:23:14:29:19.399
1524,1640237359418,-0.006791055,0.024101587,0.14367741,2021:12:23:14:29:19.418
1525,1640237359437,-0.04913528,0.03688475,0.13861741,2021:12:23:14:29:19.437
1526,1640237359463,-0.015845794,0.08961529,0.17803216,2021:12:23:14:29:19.463
1527,1640237359480,0.104262665,0.1231711,0.058988966,2021:12:23:14:29:19.480
1528,1640237359503,0.037417382,0.09787109,0.039814223,2021:12:23:14:29:19.503
1529,1640237359520,0.0027963168,0.09893635,0.12210583,2021:12:23:14:29:19.520
1530,1640237359545,-0.04061317,0.1284974,0.07203845,2021:12:23:14:29:19.545
1531,1640237359564,0.043010015,0.07789739,0.02516685,2021:12:23:14:29:19.564
1532,1640237359578,-0.019307902,0.051532123,-0.007856319,2021:12:23:14:29:19.578
1533,1640237359594,-0.0033289485,0.09201214,-0.024900535,2021:12:23:14:29:19.594
1534,1640237359621,-0.15646058,0.08162582,-0.03874896,2021:12:23:14:29:19.621
1535,1640237359639,0.081093185,0.11171951,-0.069375284,2021:12:23:14:29:19.639
1536,1640237359665,0.061652128,0.12423636,-0.0981374,2021:12:23:14:29:19.665
1537,1640237359684,-0.12743215,0.097604774,-0.15619427,2021:12:23:14:29:19.684
1538,1640237359696,-0.0880174,0.1098553,-0.18335849,2021:12:23:14:29:19.696
1539,1640237359718,-0.0997353,0.09707214,-0.20493007,2021:12:23:14:29:19.718
1540,1640237359748,-0.012383688,-0.051532123,-0.22011007,2021:12:23:14:29:19.748
1541,1640237359764,0.039814223,0.017976321,-0.27710167,2021:12:23:14:29:19.764
1542,1640237359777,0.03555317,0.06724476,-0.32503852,2021:12:23:14:29:19.777
1543,1640237359798,0.0006657897,0.028628957,-0.34527853,2021:12:23:14:29:19.798
1544,1640237359818,0.10293109,0.07097318,-0.39188382,2021:12:23:14:29:19.818
1545,1640237359847,-0.014514215,0.033955276,-0.37084487,2021:12:23:14:29:19.847
1546,1640237359862,0.019574217,-0.017177375,-0.24301325,2021:12:23:14:29:19.862
1547,1640237359878,0.15566163,0.03928159,-0.21505007,2021:12:23:14:29:19.878
1548,1640237359897,-0.007323687,-0.039814223,-0.20732692,2021:12:23:14:29:19.897
1549,1640237359919,0.042477384,-0.08162582,-0.19001637,2021:12:23:14:29:19.919
1550,1640237359945,0.067511074,-0.036085803,-0.19374481,2021:12:23:14:29:19.945
1551,1640237359962,0.022503693,-0.075234234,-0.20679428,2021:12:23:14:29:19.962
1552,1640237359982,-0.061652128,-0.08242477,-0.24221429,2021:12:23:14:29:19.982
1553,1640237359996,0.14900373,-0.08721845,-0.21691428,2021:12:23:14:29:19.996
1554,1640237360017,0.18389112,-0.12104057,-0.17723322,2021:12:23:14:29:20.017
1555,1640237360036,-0.025433166,-0.1367532,-0.13861741,2021:12:23:14:29:20.036
1556,1640237360063,-0.0054594753,-0.09254477,-0.14660689,2021:12:23:14:29:20.063
1557,1640237360078,0.015046847,-0.11278477,-0.13648689,2021:12:23:14:29:20.078
1558,1640237360096,-0.026764747,-0.145009,-0.10692582,2021:12:23:14:29:20.096
1559,1640237360116,0.03874896,-0.10159951,-0.15459637,2021:12:23:14:29:20.116
1560,1640237360138,0.06191844,-0.1098553,-0.19933744,2021:12:23:14:29:20.138
1561,1640237360163,0.09600688,-0.13435636,-0.26032376,2021:12:23:14:29:20.163
1562,1640237360179,0.06724476,-0.19108164,-0.29547748,2021:12:23:14:29:20.179
1563,1640237360197,-0.028895274,-0.1484711,-0.28615642,2021:12:23:14:29:20.197
1564,1640237360220,-0.026897904,-0.19880481,-0.22943114,2021:12:23:14:29:20.220
1565,1640237360237,-0.036485277,-0.14154689,-0.18708691,2021:12:23:14:29:20.237
1566,1640237360260,-0.037816856,-0.20279954,-0.09361003,2021:12:23:14:29:20.260
1567,1640237360279,0.002396843,-0.10852372,-0.0864195,2021:12:23:14:29:20.279
1568,1640237360300,-0.07350318,-0.18815216,-0.03342264,2021:12:23:14:29:20.300
1569,1640237360318,0.02530001,-0.16098794,-0.035819486,2021:12:23:14:29:20.318
1570,1640237360345,0.09587371,-0.17989638,-0.04833633,2021:12:23:14:29:20.345
1571,1640237360363,0.08016108,-0.27363956,-0.07976161,2021:12:23:14:29:20.363
1572,1640237360381,0.048203174,-0.24301325,-0.08189213,2021:12:23:14:29:20.381
1573,1640237360399,0.0053263176,-0.27337325,0.0057257917,2021:12:23:14:29:20.399
1574,1640237360421,-0.0636495,-0.26671535,0.054727912,2021:12:23:14:29:20.421
1575,1640237360445,0.11052109,-0.2307627,0.14713952,2021:12:23:14:29:20.445
1576,1640237360464,0.058589496,-0.24381219,0.17803216,2021:12:23:14:29:20.464
1577,1640237360496,0.047670543,-0.25286692,0.25419852,2021:12:23:14:29:20.496
1578,1640237360516,-0.009321056,-0.2358227,0.3111901,2021:12:23:14:29:20.516
1579,1640237360539,0.07723161,-0.20599534,0.33063117,2021:12:23:14:29:20.539
1580,1640237360566,-0.06657897,-0.20493007,0.3868238,2021:12:23:14:29:20.566
1581,1640237360582,0.021571586,-0.20546271,0.4669849,2021:12:23:14:29:20.582
1582,1640237360597,-0.02263685,-0.12982899,0.51785123,2021:12:23:14:29:20.597
1583,1640237360619,-0.057790548,-0.09201214,0.56871754,2021:12:23:14:29:20.619
1584,1640237360646,0.02902843,-0.059255283,0.6411555,2021:12:23:14:29:20.646
1585,1640237360663,-0.0018642112,-0.01291632,0.6259755,2021:12:23:14:29:20.663
1586,1640237360679,0.023702113,0.03422159,0.6307692,2021:12:23:14:29:20.679
1587,1640237360700,-0.059122127,0.045673173,0.5950828,2021:12:23:14:29:20.700
1588,1640237360718,-0.026631588,0.077364765,0.5372923,2021:12:23:14:29:20.718
1589,1640237360743,-0.017310532,0.06831002,0.48269755,2021:12:23:14:29:20.743
1590,1640237360744,-0.019174743,0.06591318,0.36205643,2021:12:23:14:29:20.744
1591,1640237360781,-0.084422134,0.07283739,0.29308063,2021:12:23:14:29:20.781
1592,1640237360796,-0.01038632,0.05552686,0.2856238,2021:12:23:14:29:20.796
1593,1640237360819,0.07803056,0.092811085,0.23529008,2021:12:23:14:29:20.819
1594,1640237360843,-0.01358211,0.07390266,0.20546271,2021:12:23:14:29:20.843
1595,1640237360862,0.028229482,0.071505815,0.28296062,2021:12:23:14:29:20.862
1596,1640237360877,0.015446321,0.13701952,0.36338803,2021:12:23:14:29:20.877
1597,1640237360896,-0.06791055,0.114915304,0.36312172,2021:12:23:14:29:20.896
1598,1640237360916,-0.06551371,0.14234585,0.41931435,2021:12:23:14:29:20.916
1599,1640237360937,0.013315794,0.15912373,0.47577333,2021:12:23:14:29:20.937
1600,1640237360963,0.00452737,0.18575533,0.43209752,2021:12:23:14:29:20.963
1601,1640237360983,-0.013848426,0.20279954,0.39747646,2021:12:23:14:29:20.983
1602,1640237360995,-0.023968428,0.19720691,0.3159838,2021:12:23:14:29:20.995
1603,1640237361020,0.013315794,0.18921743,0.23209429,2021:12:23:14:29:21.020
1604,1640237361046,-0.006391581,0.21425113,0.15246584,2021:12:23:14:29:21.046
1605,1640237361063,-0.04447475,0.19267954,0.06005423,2021:12:23:14:29:21.063
1606,1640237361078,0.018642113,0.20439744,-0.0027963168,2021:12:23:14:29:21.078
1607,1640237361099,0.024501061,0.17430374,-0.07097318,2021:12:23:14:29:21.099
1608,1640237361118,0.0034621065,0.16977638,-0.110387936,2021:12:23:14:29:21.118
1609,1640237361143,0.017044216,0.20519638,-0.170309,2021:12:23:14:29:21.143
1610,1640237361161,0.09294424,0.18335849,-0.25952482,2021:12:23:14:29:21.161
1611,1640237361179,0.00079894764,0.15779217,-0.3479417,2021:12:23:14:29:21.179
1612,1640237361197,-0.013848426,0.1516669,-0.42437434,2021:12:23:14:29:21.197
1613,1640237361229,0.017044216,0.10106688,-0.46538702,2021:12:23:14:29:21.229
1614,1640237361244,0.08562055,0.110121615,-0.45766383,2021:12:23:14:29:21.244
1615,1640237361263,0.035020538,0.09920266,-0.36072487,2021:12:23:14:29:21.263
1616,1640237361279,-0.008122634,0.07470161,-0.3047985,2021:12:23:14:29:21.279
1617,1640237361296,0.058456335,0.1165132,-0.25419852,2021:12:23:14:29:21.296
1618,1640237361314,-0.009454214,0.07763108,-0.18655427,2021:12:23:14:29:21.314
1619,1640237361337,-0.0017310532,0.10266477,-0.12290478,2021:12:23:14:29:21.337
1620,1640237361361,0.036618434,0.09494161,-0.10665951,2021:12:23:14:29:21.361
1621,1640237361379,-0.03368896,0.07416897,-0.094675295,2021:12:23:14:29:21.379
1622,1640237361396,-0.057124756,0.0712395,0.001997369,2021:12:23:14:29:21.396
1623,1640237361416,0.0006657897,0.09387635,0.009720529,2021:12:23:14:29:21.416
1624,1640237361444,0.009187898,0.12689951,-0.03235738,2021:12:23:14:29:21.444
1625,1640237361462,-0.012650005,0.10665951,-0.09520793,2021:12:23:14:29:21.462
1626,1640237361477,0.012650005,0.0914795,-0.16045532,2021:12:23:14:29:21.477
1627,1640237361500,-0.03155843,0.0930774,-0.23635535,2021:12:23:14:29:21.500
1628,1640237361517,0.04593949,0.02783001,-0.38868803,2021:12:23:14:29:21.517
1629,1640237361545,-0.08855003,0.03235738,-0.44621226,2021:12:23:14:29:21.545
1630,1640237361562,-0.019307902,-0.0049268436,-0.4600607,2021:12:23:14:29:21.562
1631,1640237361578,0.023835272,-0.018508954,-0.4470112,2021:12:23:14:29:21.578
1632,1640237361599,-0.034754224,-0.057923704,-0.4137217,2021:12:23:14:29:21.599
1633,1640237361628,-0.017177375,-0.09440898,-0.36258906,2021:12:23:14:29:21.628
1634,1640237361646,0.020373166,-0.09387635,-0.3327617,2021:12:23:14:29:21.646
1635,1640237361662,0.12343741,-0.094675295,-0.25632903,2021:12:23:14:29:21.662
1636,1640237361678,0.09387635,-0.10772477,-0.1668469,2021:12:23:14:29:21.678
1637,1640237361700,-0.02516685,-0.12636688,-0.09174582,2021:12:23:14:29:21.700
1638,1640237361720,-0.03821633,-0.1031974,-0.038482644,2021:12:23:14:29:21.720
1639,1640237361741,0.037417382,-0.12956268,0.027031062,2021:12:23:14:29:21.741
1640,1640237361763,0.02143843,-0.14953637,0.09121319,2021:12:23:14:29:21.763
1641,1640237361776,-0.02516685,-0.11864372,0.19987006,2021:12:23:14:29:21.776
1642,1640237361795,-0.013182636,-0.16791217,0.3061301,2021:12:23:14:29:21.795
1643,1640237361818,-0.068576336,-0.15912373,0.3732417,2021:12:23:14:29:21.818
1644,1640237361842,0.040346857,-0.015845794,0.32210904,2021:12:23:14:29:21.842
1645,1640237361859,0.08855003,-0.020905796,0.35752907,2021:12:23:14:29:21.859
1646,1640237361876,-0.028096326,-0.049934227,0.3916175,2021:12:23:14:29:21.876
1647,1640237361897,-0.06325002,0.008921582,0.21291955,2021:12:23:14:29:21.897
1648,1640237361915,-0.012650005,-0.00039947382,0.13089426,2021:12:23:14:29:21.915
1649,1640237361937,-0.09174582,-0.0478037,0.16205321,2021:12:23:14:29:21.937
1650,1640237361965,0.04593949,0.018242639,0.14421006,2021:12:23:14:29:21.965
1651,1640237361983,0.07257108,0.0009321056,0.0762995,2021:12:23:14:29:21.983
1652,1640237361999,-0.06724476,-0.07683213,0.027031062,2021:12:23:14:29:21.999
1653,1640237362016,0.06511423,0.024900535,0.13915005,2021:12:23:14:29:22.016
1654,1640237362043,-0.04647212,0.05179844,0.23262691,2021:12:23:14:29:22.043
1655,1640237362060,0.03901528,0.06804371,0.26698166,2021:12:23:14:29:22.060
1656,1640237362078,0.02916159,0.056059495,0.26724797,2021:12:23:14:29:22.078
1657,1640237362100,-0.059787914,0.025699483,0.18469006,2021:12:23:14:29:22.100
1658,1640237362117,0.07230476,0.06644581,0.19773954,2021:12:23:14:29:22.117
1659,1640237362144,0.06218476,0.065646864,0.20652796,2021:12:23:14:29:22.144
1660,1640237362160,0.06697845,0.0864195,0.17057532,2021:12:23:14:29:22.160
1661,1640237362180,0.09414266,0.10159951,0.18548901,2021:12:23:14:29:22.180
1662,1640237362217,0.025965799,0.069375284,0.15912373,2021:12:23:14:29:22.217
1663,1640237362244,0.008655266,0.082957394,0.12636688,2021:12:23:14:29:22.244
1664,1640237362245,0.066712126,0.10159951,0.08455529,2021:12:23:14:29:22.245
1665,1640237362261,0.07363634,0.11092056,0.050200544,2021:12:23:14:29:22.261
1666,1640237362296,0.00013315794,0.11544793,0.050200544,2021:12:23:14:29:22.296
1667,1640237362317,0.050999492,0.13062795,0.0011984215,2021:12:23:14:29:22.317
1668,1640237362345,0.028096326,0.09920266,-0.020905796,2021:12:23:14:29:22.345
1669,1640237362359,0.31864694,0.15219952,-0.07683213,2021:12:23:14:29:22.359
1670,1640237362378,-0.10346372,0.08455529,-0.1785648,2021:12:23:14:29:22.378
1671,1640237362399,0.011318425,0.08988161,-0.2390185,2021:12:23:14:29:22.399
1672,1640237362426,-0.00039947382,0.10692582,-0.25393218,2021:12:23:14:29:22.426
1673,1640237362444,-0.00013315794,0.09787109,-0.29414588,2021:12:23:14:29:22.444
1674,1640237362460,-0.07283739,0.07869634,-0.3348922,2021:12:23:14:29:22.460
1675,1640237362476,-0.041145805,0.09600688,-0.3868238,2021:12:23:14:29:22.476
1676,1640237362497,-0.11731215,-0.036618434,-0.44541332,2021:12:23:14:29:22.497
1677,1640237362519,0.03155843,0.069641605,-0.5173186,2021:12:23:14:29:22.519
1678,1640237362543,-0.03422159,0.009986846,-0.5388902,2021:12:23:14:29:22.543
1679,1640237362562,-0.07097318,0.008921582,-0.58522916,2021:12:23:14:29:22.562
1680,1640237362579,-0.074435286,-0.0142479,-0.57564175,2021:12:23:14:29:22.579
1681,1640237362597,-0.25686166,-0.096805826,-0.5255744,2021:12:23:14:29:22.597
1682,1640237362626,-0.008921582,-0.06724476,-0.42251015,2021:12:23:14:29:22.626
1683,1640237362642,-0.036352117,-0.08189213,-0.40759647,2021:12:23:14:29:22.642
1684,1640237362659,0.039814223,-0.09414266,-0.33835432,2021:12:23:14:29:22.659
1685,1640237362678,0.013715268,-0.10692582,-0.262188,2021:12:23:14:29:22.678
1686,1640237362697,0.02969422,-0.14660689,-0.24860588,2021:12:23:14:29:22.697
1687,1640237362715,0.18921743,-0.14234585,-0.2288985,2021:12:23:14:29:22.715
1688,1640237362744,-0.02783001,-0.15699321,-0.1516669,2021:12:23:14:29:22.744
1689,1640237362762,-0.0035952644,-0.14820479,-0.120774254,2021:12:23:14:29:22.762
1690,1640237362776,0.06804371,-0.14527531,-0.0762995,2021:12:23:14:29:22.776
1691,1640237362796,0.09414266,-0.14154689,-0.014514215,2021:12:23:14:29:22.796
1692,1640237362825,-0.0033289485,-0.16578163,0.013715268,2021:12:23:14:29:22.825
1693,1640237362843,-0.02197106,-0.14713952,0.04833633,2021:12:23:14:29:22.843
1694,1640237362859,0.05179844,-0.13728584,0.13275847,2021:12:23:14:29:22.859
1695,1640237362878,0.006524739,-0.12929636,0.16578163,2021:12:23:14:29:22.878
1696,1640237362898,0.016378427,-0.13888372,0.18389112,2021:12:23:14:29:22.898
1697,1640237362927,-0.025965799,-0.150069,0.18255953,2021:12:23:14:29:22.927
1698,1640237362943,-0.0310258,-0.14234585,0.20386481,2021:12:23:14:29:22.943
1699,1640237362959,0.013715268,-0.08748477,0.23875219,2021:12:23:14:29:22.959
1700,1640237362978,0.07017423,-0.06910897,0.19960375,2021:12:23:14:29:22.978
1701,1640237362999,0.044075277,-0.08189213,0.17776585,2021:12:23:14:29:22.999
1702,1640237363026,-0.020905796,-0.07470161,0.114915304,2021:12:23:14:29:23.026
1703,1640237363042,-0.001997369,-0.023302639,0.10905635,2021:12:23:14:29:23.042
1704,1640237363063,0.0033289485,-0.03235738,0.1884185,2021:12:23:14:29:23.063
1705,1640237363077,-0.020905796,0.0030626326,0.09920266,2021:12:23:14:29:23.077
1706,1640237363095,0.040346857,-0.03368896,0.075500555,2021:12:23:14:29:23.095
1707,1640237363116,0.02143843,-0.08349003,0.09946898,2021:12:23:14:29:23.116
1708,1640237363142,-0.026764747,-0.09227845,0.07949529,2021:12:23:14:29:23.142
1709,1640237363159,-0.01291632,-0.044341594,0.14261216,2021:12:23:14:29:23.159
1710,1640237363183,-0.03555317,-0.04061317,0.19933744,2021:12:23:14:29:23.183
1711,1640237363197,-0.004394212,-0.051265806,0.21664797,2021:12:23:14:29:23.197
1712,1640237363227,-0.0025300009,-0.04700475,0.27443853,2021:12:23:14:29:23.227
1713,1640237363243,-0.08855003,-0.06884266,0.31891328,2021:12:23:14:29:23.243
1714,1640237363259,-0.025433166,-0.077098444,0.35033855,2021:12:23:14:29:23.259
1715,1640237363276,-0.019840533,-0.04593949,0.37883434,2021:12:23:14:29:23.276
1716,1640237363297,-0.042477384,-0.023036323,0.3868238,2021:12:23:14:29:23.297
1717,1640237363317,0.0011984215,0.007323687,0.37723646,2021:12:23:14:29:23.317
1718,1640237363342,-0.073370025,0.0083889505,0.34234905,2021:12:23:14:29:23.342
1719,1640237363360,-0.063782655,0.03182475,0.29201537,2021:12:23:14:29:23.360
1720,1640237363378,0.011318425,0.06191844,0.25872588,2021:12:23:14:29:23.378
1721,1640237363398,0.05552686,0.05685844,0.18708691,2021:12:23:14:29:23.398
1722,1640237363427,-0.015313163,0.050999492,0.11704583,2021:12:23:14:29:23.427
1723,1640237363441,0.009454214,0.08242477,0.08189213,2021:12:23:14:29:23.441
1724,1640237363461,0.011052109,0.057923704,0.037683696,2021:12:23:14:29:23.461
1725,1640237363478,0.020639481,0.04833633,-0.030759484,2021:12:23:14:29:23.478
1726,1640237363498,0.034754224,0.07177213,-0.11571425,2021:12:23:14:29:23.498
1727,1640237363526,0.052597385,0.050200544,-0.19427744,2021:12:23:14:29:23.526
1728,1640237363544,-0.0027963168,-0.02143843,-0.26325324,2021:12:23:14:29:23.544
1729,1640237363558,0.024101587,-0.022237375,-0.30373326,2021:12:23:14:29:23.558
1730,1640237363576,0.061652128,-0.06990792,-0.3010701,2021:12:23:14:29:23.576
1731,1640237363596,-0.06218476,-0.097604774,-0.2555301,2021:12:23:14:29:23.596
1732,1640237363625,0.06271739,-0.059255283,-0.16391742,2021:12:23:14:29:23.625
1733,1640237363642,0.34048486,-0.08455529,-0.12130688,2021:12:23:14:29:23.642
1734,1640237363659,-0.013182636,-0.02516685,-0.067777395,2021:12:23:14:29:23.659
1735,1640237363677,-0.043542646,-0.028895274,0.0544616,2021:12:23:14:29:23.677
1736,1640237363698,-0.0033289485,-0.03901528,0.26511747,2021:12:23:14:29:23.698
1737,1640237363725,-0.09600688,0.0142479,0.17616795,2021:12:23:14:29:23.725
1738,1640237363742,0.0142479,-0.0017310532,0.23821956,2021:12:23:14:29:23.742
1739,1640237363757,0.011318425,-0.021172112,0.25872588,2021:12:23:14:29:23.757
1740,1640237363779,-0.05419528,0.011584741,0.2440785,2021:12:23:14:29:23.779
1741,1640237363797,-0.04913528,0.019307902,0.25020376,2021:12:23:14:29:23.797
1742,1640237363824,0.030226853,0.04700475,0.22676797,2021:12:23:14:29:23.824
1743,1640237363840,0.118910044,0.057391074,0.16285217,2021:12:23:14:29:23.840
1744,1640237363862,-0.2709764,0.05499423,0.14287847,2021:12:23:14:29:23.862
1745,1640237363879,-0.16258584,0.0544616,0.16231953,2021:12:23:14:29:23.879
1746,1640237363910,-0.030226853,0.10506161,0.10080056,2021:12:23:14:29:23.910
1747,1640237363927,0.0813595,0.06644581,0.07576687,2021:12:23:14:29:23.927
1748,1640237363942,0.009720529,0.12876374,0.03901528,2021:12:23:14:29:23.942
1749,1640237363960,0.012117373,0.114915304,0.015046847,2021:12:23:14:29:23.960
1750,1640237363984,-0.05233107,0.07976161,-0.037683696,2021:12:23:14:29:23.984
1751,1640237364025,-0.0014647373,0.06644581,-0.044341594,2021:12:23:14:29:24.025
1752,1640237364040,-0.022237375,0.0544616,0.0054594753,2021:12:23:14:29:24.040
1753,1640237364059,-0.085087925,0.06431528,0.06325002,2021:12:23:14:29:24.059
1754,1640237364077,-0.016378427,0.08455529,0.13116057,2021:12:23:14:29:24.077
1755,1640237364098,0.050733175,0.09414266,0.17297216,2021:12:23:14:29:24.098
1756,1640237364115,0.03368896,0.110387936,0.19587533,2021:12:23:14:29:24.115
1757,1640237364137,0.049401596,0.16658059,0.23209429,2021:12:23:14:29:24.137
1758,1640237364162,0.032091063,0.18495639,0.31358695,2021:12:23:14:29:24.162
1759,1640237364177,-0.011584741,0.18628795,0.29734167,2021:12:23:14:29:24.177
1760,1640237364197,0.07470161,0.22623535,0.26857957,2021:12:23:14:29:24.197
1761,1640237364222,-0.040879488,0.21185428,0.1817606,2021:12:23:14:29:24.222
1762,1640237364239,0.02197106,0.24514377,0.04540686,2021:12:23:14:29:24.239
1763,1640237364260,-0.006791055,0.20759323,-0.042477384,2021:12:23:14:29:24.260
1764,1640237364277,0.082957394,0.17457005,-0.1284974,2021:12:23:14:29:24.277
1765,1640237364306,-0.016378427,0.13622057,-0.22756693,2021:12:23:14:29:24.306
1766,1640237364307,-0.04460791,0.10958899,-0.27470484,2021:12:23:14:29:24.307
1767,1640237364341,0.041145805,0.139949,-0.27497116,2021:12:23:14:29:24.341
1768,1640237364358,-0.045140542,0.0930774,-0.29015115,2021:12:23:14:29:24.358
1769,1640237364382,0.053928968,0.08002792,-0.3111901,2021:12:23:14:29:24.382
1770,1640237364398,0.012650005,0.043010015,-0.2856238,2021:12:23:14:29:24.398
1771,1640237364426,0.008921582,0.04913528,-0.28855327,2021:12:23:14:29:24.426
1772,1640237364440,0.05313002,0.061652128,-0.25100273,2021:12:23:14:29:24.440
1773,1640237364458,0.065646864,0.044874225,-0.24168167,2021:12:23:14:29:24.458
1774,1640237364475,0.043808963,0.048602648,-0.2526006,2021:12:23:14:29:24.475
1775,1640237364509,-0.037151065,0.0017310532,-0.26831326,2021:12:23:14:29:24.509
1776,1640237364523,-0.041145805,-0.0011984215,-0.2725743,2021:12:23:14:29:24.523
1777,1640237364540,0.04194475,0.0030626326,-0.3045322,2021:12:23:14:29:24.540
1778,1640237364557,-0.21105534,-0.0544616,-0.28216168,2021:12:23:14:29:24.557
1779,1640237364580,0.13302478,0.10346372,-0.31731537,2021:12:23:14:29:24.580
1780,1640237364596,-0.04913528,-0.08428898,-0.31065747,2021:12:23:14:29:24.596
1781,1640237364625,0.09494161,-0.1700427,-0.31758168,2021:12:23:14:29:24.625
1782,1640237364641,-0.03155843,-0.090946876,-0.32743537,2021:12:23:14:29:24.641
1783,1640237364659,0.035286855,-0.17457005,-0.31891328,2021:12:23:14:29:24.659
1784,1640237364680,0.010519478,-0.15779217,-0.31651643,2021:12:23:14:29:24.680
1785,1640237364708,0.06085318,-0.1868206,-0.25126904,2021:12:23:14:29:24.708
1786,1640237364724,0.09121319,-0.17670059,-0.20013638,2021:12:23:14:29:24.724
1787,1640237364740,-0.00519316,-0.20706059,-0.14873742,2021:12:23:14:29:24.740
1788,1640237364759,0.08029424,-0.16924374,-0.050999492,2021:12:23:14:29:24.759
1789,1640237364779,0.094675295,-0.22676797,0.024367902,2021:12:23:14:29:24.779
1790,1640237364798,0.1934785,-0.14074795,0.062451076,2021:12:23:14:29:24.798
1791,1640237364819,0.17057532,-0.14873742,0.20120165,2021:12:23:14:29:24.819
1792,1640237364843,0.3814975,-0.21877849,0.19880481,2021:12:23:14:29:24.843
1793,1640237364861,-0.04540686,-0.1617869,0.15406373,2021:12:23:14:29:24.861
1794,1640237364877,-0.085087925,-0.19054902,0.3530017,2021:12:23:14:29:24.877
1795,1640237364896,0.043010015,-0.12556794,0.27816695,2021:12:23:14:29:24.896
1796,1640237364915,-0.027297378,-0.15805848,0.26618272,2021:12:23:14:29:24.915
1797,1640237364939,0.02783001,-0.11837741,0.37776908,2021:12:23:14:29:24.939
1798,1640237364960,-0.10665951,-0.08721845,0.35326803,2021:12:23:14:29:24.960
1799,1640237364976,0.016378427,-0.04008054,0.4137217,2021:12:23:14:29:24.976
1800,1640237364996,-0.019041585,0.009986846,0.46911544,2021:12:23:14:29:24.996
1801,1640237365023,0.08482161,0.055793177,0.49441543,2021:12:23:14:29:25.023
1802,1640237365038,-0.26351956,0.10213214,0.4890891,2021:12:23:14:29:25.038
1803,1640237365059,-0.3114564,0.111985825,0.455267,2021:12:23:14:29:25.059
1804,1640237365077,0.011584741,0.114915304,0.41105857,2021:12:23:14:29:25.077
1805,1640237365099,-0.016644742,0.13781847,0.31065747,2021:12:23:14:29:25.099
1806,1640237365123,-0.105327934,0.17776585,0.1884185,2021:12:23:14:29:25.123
1807,1640237365140,-0.110387936,0.19401112,0.10932267,2021:12:23:14:29:25.140
1808,1640237365158,0.02197106,0.18895112,0.0054594753,2021:12:23:14:29:25.158
1809,1640237365179,0.059255283,0.1852227,-0.12530163,2021:12:23:14:29:25.179
1810,1640237365197,-0.08402266,0.18628795,-0.22330587,2021:12:23:14:29:25.197
1811,1640237365222,-0.025965799,0.20013638,-0.25606272,2021:12:23:14:29:25.222
1812,1640237365241,-0.16285217,0.1868206,-0.35033855,2021:12:23:14:29:25.241
1813,1640237365261,-0.09121319,0.13036162,-0.42623857,2021:12:23:14:29:25.261
1814,1640237365279,-0.18628795,0.05632581,-0.50693226,2021:12:23:14:29:25.279
1815,1640237365302,-0.14634058,0.067511074,-0.48615965,2021:12:23:14:29:25.302
1816,1640237365326,-0.09707214,0.00039947382,-0.41904804,2021:12:23:14:29:25.326
1817,1640237365344,0.07230476,0.0595216,-0.39268276,2021:12:23:14:29:25.344
1818,1640237365359,0.08828372,-0.03555317,-0.26991114,2021:12:23:14:29:25.359
1819,1640237365380,0.08748477,-0.03182475,-0.13968268,2021:12:23:14:29:25.380
1820,1640237365398,0.081093185,-0.039814223,-0.061652128,2021:12:23:14:29:25.398
1821,1640237365426,0.025699483,-0.104528986,-0.020373166,2021:12:23:14:29:25.426
1822,1640237365444,0.061652128,-0.037417382,-0.00519316,2021:12:23:14:29:25.444
1823,1640237365458,-0.13808478,-0.0997353,0.06404897,2021:12:23:14:29:25.458
1824,1640237365477,0.18575533,0.096805826,0.08375634,2021:12:23:14:29:25.477
1825,1640237365505,0.21824586,-0.06990792,0.1852227,2021:12:23:14:29:25.505
1826,1640237365523,0.18548901,-0.05233107,0.20972376,2021:12:23:14:29:25.523
1827,1640237365541,0.07470161,0.09387635,0.15912373,2021:12:23:14:29:25.541
1828,1640237365559,-0.02649843,-0.010253161,0.14421006,2021:12:23:14:29:25.559
1829,1640237365577,0.058456335,0.023568956,0.118910044,2021:12:23:14:29:25.577
1830,1640237365598,-0.058722652,-0.0014647373,0.09547424,2021:12:23:14:29:25.598
1831,1640237365618,-0.023302639,0.048602648,0.067777395,2021:12:23:14:29:25.618
1832,1640237365642,0.0017310532,0.06271739,0.020639481,2021:12:23:14:29:25.642
1833,1640237365660,0.035020538,0.06298371,-0.05552686,2021:12:23:14:29:25.660
1834,1640237365679,0.25073642,0.041678436,-0.18096164,2021:12:23:14:29:25.679
1835,1640237365706,-0.23848587,-0.008655266,-0.18921743,2021:12:23:14:29:25.706
1836,1640237365722,0.09361003,-0.02649843,-0.3780354,2021:12:23:14:29:25.722
1837,1640237365741,-0.03928159,-0.07976161,-0.59348494,2021:12:23:14:29:25.741
1838,1640237365777,0.12530163,-0.113051094,-0.5079976,2021:12:23:14:29:25.777
1839,1640237365795,0.06032055,-0.12476899,-0.4336954,2021:12:23:14:29:25.795
1840,1640237365822,0.042211067,-0.1165132,-0.49761122,2021:12:23:14:29:25.822
1841,1640237365840,0.1215732,-0.16791217,-0.6209155,2021:12:23:14:29:25.840
1842,1640237365856,0.07470161,-0.18921743,-0.56871754,2021:12:23:14:29:25.856
1843,1640237365875,0.10692582,-0.16817848,-0.32344064,2021:12:23:14:29:25.875
1844,1640237365907,0.0310258,-0.27630273,-0.13222584,2021:12:23:14:29:25.907
1845,1640237365924,-0.0057257917,-0.23502377,-0.18122795,2021:12:23:14:29:25.924
1846,1640237365936,0.04593949,-0.2989396,-0.155129,2021:12:23:14:29:25.936
1847,1640237365958,0.050733175,-0.28881958,0.004394212,2021:12:23:14:29:25.958
1848,1640237365988,-0.033955276,-0.26618272,0.18202691,2021:12:23:14:29:25.988
1849,1640237366007,-0.04673844,-0.25792694,0.25393218,2021:12:23:14:29:26.007
1850,1640237366023,-0.012383688,-0.2472743,0.22144166,2021:12:23:14:29:26.023
1851,1640237366036,-0.08402266,-0.20066902,0.21398482,2021:12:23:14:29:26.036
1852,1640237366060,-0.046205804,-0.11385004,0.36312172,2021:12:23:14:29:26.060
1853,1640237366078,-0.110121615,-0.100534245,0.5005407,2021:12:23:14:29:26.078
1854,1640237366100,-0.114116356,-0.096539505,0.47737122,2021:12:23:14:29:26.100
1855,1640237366122,-0.22037639,-0.08482161,0.44328278,2021:12:23:14:29:26.122
1856,1640237366141,-0.33835432,-0.0645816,0.47417542,2021:12:23:14:29:26.141
1857,1640237366159,-0.25100273,-0.015845794,0.47337648,2021:12:23:14:29:26.159
1858,1640237366179,0.0997353,0.03155843,0.46964806,2021:12:23:14:29:26.179
1859,1640237366197,0.21185428,-0.004660528,0.475507,2021:12:23:14:29:26.197
1860,1640237366221,0.082957394,0.08535424,0.5657881,2021:12:23:14:29:26.221
1861,1640237366241,-0.002130527,0.19161427,0.6399571,2021:12:23:14:29:26.241
1862,1640237366258,-0.009853687,0.22197428,0.5163865,2021:12:23:14:29:26.258
1863,1640237366275,0.0013315794,0.18309216,0.4783033,2021:12:23:14:29:26.275
1864,1640237366297,0.016245268,0.21105534,0.4277033,2021:12:23:14:29:26.297
1865,1640237366322,-0.039148435,0.21904482,0.32091063,2021:12:23:14:29:26.322
1866,1640237366342,0.009321056,0.15805848,0.22556955,2021:12:23:14:29:26.342
1867,1640237366358,0.26312009,0.33569115,0.072970554,2021:12:23:14:29:26.358
1868,1640237366380,0.34594432,0.25499746,-0.015446321,2021:12:23:14:29:26.380
1869,1640237366406,-0.19361165,0.16098794,0.038882118,2021:12:23:14:29:26.406
1870,1640237366423,0.0010652635,0.22543639,-0.17683375,2021:12:23:14:29:26.423
1871,1640237366439,-0.10439582,0.1567269,-0.38482645,2021:12:23:14:29:26.439
1872,1640237366457,-0.0058589494,0.13915005,-0.40826225,2021:12:23:14:29:26.457
1873,1640237366480,-0.017310532,0.16365111,-0.29561064,2021:12:23:14:29:26.480
1874,1640237366506,0.061518967,0.17403743,-0.29241484,2021:12:23:14:29:26.506
1875,1640237366522,0.05832318,0.077098444,-0.41145805,2021:12:23:14:29:26.522
1876,1640237366540,0.33635697,0.07416897,-0.43808964,2021:12:23:14:29:26.540
1877,1640237366558,-0.074035816,-0.057923704,-0.27110958,2021:12:23:14:29:26.558
1878,1640237366580,-0.039148435,-0.079228975,-0.19441059,2021:12:23:14:29:26.580
1879,1640237366607,-0.11611372,-0.21797955,-0.24714114,2021:12:23:14:29:26.607
1880,1640237366623,0.017843165,-0.1902827,-0.2801643,2021:12:23:14:29:26.623
1881,1640237366639,0.04980107,-0.13435636,-0.10599372,2021:12:23:14:29:26.639
1882,1640237366662,0.015180005,-0.0914795,0.16644743,2021:12:23:14:29:26.662
1883,1640237366678,-0.007190529,-0.050733175,0.29401273,2021:12:23:14:29:26.678
1884,1640237366696,-0.02263685,-0.00013315794,0.24234745,2021:12:23:14:29:26.696
1885,1640237366720,-0.034088433,-0.0011984215,0.24101587,2021:12:23:14:29:26.720
1886,1640237366741,0.01038632,-0.07789739,0.23329271,2021:12:23:14:29:26.741
1887,1640237366758,-0.009853687,-0.04460791,0.23675482,2021:12:23:14:29:26.758
1888,1640237366776,-0.047670543,-0.048602648,0.2516685,2021:12:23:14:29:26.776
1889,1640237366797,0.06950845,-0.0009321056,0.20985691,2021:12:23:14:29:26.797
1890,1640237366823,0.016245268,0.025433166,0.3033338,2021:12:23:14:29:26.823
1891,1640237366840,-0.08575372,0.15992269,0.34487906,2021:12:23:14:29:26.840
1892,1640237366860,-0.046605278,0.1351553,0.22903165,2021:12:23:14:29:26.860
1893,1640237366880,0.034621064,0.11624688,0.035952643,2021:12:23:14:29:26.880
1894,1640237366905,-0.021571586,0.09946898,0.03755054,2021:12:23:14:29:26.905
1895,1640237366922,0.107591614,0.15486269,-0.04926844,2021:12:23:14:29:26.922
1896,1640237366940,-0.1089232,0.022770008,-0.2213085,2021:12:23:14:29:26.940
1897,1640237366958,-0.018375795,0.14074795,-0.30067062,2021:12:23:14:29:26.958
1898,1640237366979,-0.12516846,0.07976161,-0.2732401,2021:12:23:14:29:26.979
1899,1640237367003,-0.0838895,0.10612688,-0.2982738,2021:12:23:14:29:27.003
1900,1640237367022,-0.0029294747,0.10772477,-0.32463905,2021:12:23:14:29:27.022
1901,1640237367040,0.0031957906,0.048602648,-0.35446644,2021:12:23:14:29:27.040
1902,1640237367063,0.036485277,-0.053928968,-0.3672496,2021:12:23:14:29:27.063
1903,1640237367077,-0.049534753,-0.07576687,-0.29854012,2021:12:23:14:29:27.077
1904,1640237367106,-0.066312656,-0.02143843,-0.22690113,2021:12:23:14:29:27.106
1905,1640237367121,0.052464228,0.008122634,-0.117445305,2021:12:23:14:29:27.121
1906,1640237367144,0.02583264,0.05233107,-0.084422134,2021:12:23:14:29:27.144
1907,1640237367158,0.11371688,0.0075900024,-0.12623373,2021:12:23:14:29:27.158
1908,1640237367179,0.15472953,-0.027031062,-0.21891165,2021:12:23:14:29:27.179
1909,1640237367198,0.084422134,-0.10612688,-0.12144004,2021:12:23:14:29:27.198
1910,1640237367220,-0.012783162,-0.0762995,-0.057257913,2021:12:23:14:29:27.220
1911,1640237367237,0.031957906,-0.12130688,-0.013848426,2021:12:23:14:29:27.237
1912,1640237367258,0.088416874,-0.03954791,0.13129373,2021:12:23:14:29:27.258
1913,1640237367277,0.0037284223,0.030759484,0.2937464,2021:12:23:14:29:27.277
1914,1640237367302,-0.010918951,0.049667913,0.3424822,2021:12:23:14:29:27.302
1915,1640237367321,0.023169482,0.0054594753,0.30972537,2021:12:23:14:29:27.321
1916,1640237367341,-0.057257913,0.016378427,0.27590325,2021:12:23:14:29:27.341
1917,1640237367357,-0.04926844,0.043010015,0.23995061,2021:12:23:14:29:27.357
1918,1640237367379,-0.052464228,0.026232114,0.21278639,2021:12:23:14:29:27.379
1919,1640237367405,-0.040213697,0.08375634,0.24181482,2021:12:23:14:29:27.405
1920,1640237367421,-0.079894766,0.07496792,0.2814959,2021:12:23:14:29:27.421
1921,1640237367438,-0.12676635,0.08455529,0.25939167,2021:12:23:14:29:27.438
1922,1640237367462,-0.070041075,0.10692582,0.24767376,2021:12:23:14:29:27.462
1923,1640237367487,-0.052730545,0.15486269,0.22397165,2021:12:23:14:29:27.487
1924,1640237367505,-0.088416874,0.12130688,0.19973691,2021:12:23:14:29:27.505
1925,1640237367540,-0.0101200035,0.14048162,0.1241032,2021:12:23:14:29:27.540
1926,1640237367556,0.034088433,0.11438267,0.03302317,2021:12:23:14:29:27.556
1927,1640237367558,0.09187898,0.13648689,-0.06311686,2021:12:23:14:29:27.558
1928,1640237367589,-0.094275825,0.1567269,-0.12703268,2021:12:23:14:29:27.589
1929,1640237367619,-0.1440769,0.15086795,-0.16511585,2021:12:23:14:29:27.619
1930,1640237367637,0.08229161,0.11864372,-0.3454117,2021:12:23:14:29:27.637
1931,1640237367657,0.09081372,0.048070017,-0.43888858,2021:12:23:14:29:27.657
1932,1640237367676,0.01038632,0.0118510565,-0.4327633,2021:12:23:14:29:27.676
1933,1640237367704,0.064448446,0.06032055,-0.4724444,2021:12:23:14:29:27.704
1934,1640237367721,0.00026631588,0.05313002,-0.41838226,2021:12:23:14:29:27.721
1935,1640237367739,-0.027430536,0.04540686,-0.35792854,2021:12:23:14:29:27.739
1936,1640237367756,-0.054062124,0.012383688,-0.3336938,2021:12:23:14:29:27.756
1937,1640237367787,0.10839056,-0.009986846,-0.38349485,2021:12:23:14:29:27.787
1938,1640237367804,-0.0122505305,-0.08375634,-0.31585065,2021:12:23:14:29:27.804
1939,1640237367822,0.11824425,-0.037683696,-0.33609065,2021:12:23:14:29:27.822
1940,1640237367838,0.0284958,-0.09440898,-0.2713759,2021:12:23:14:29:27.838
1941,1640237367861,0.03675159,-0.004660528,-0.21438429,2021:12:23:14:29:27.861
1942,1640237367878,-0.033822116,-0.075500555,-0.17656744,2021:12:23:14:29:27.878
1943,1640237367904,0.02530001,-0.06032055,-0.15925689,2021:12:23:14:29:27.904
1944,1640237367920,0.13448952,-0.0997353,-0.13182636,2021:12:23:14:29:27.920
1945,1640237367941,0.09161267,-0.10266477,-0.12383688,2021:12:23:14:29:27.941
1946,1640237367959,0.06737792,-0.08375634,-0.16564848,2021:12:23:14:29:27.959
1947,1640237367988,-0.004261054,-0.10586056,-0.15579478,2021:12:23:14:29:27.988
1948,1640237368002,0.021837901,-0.066712126,-0.1794969,2021:12:23:14:29:28.002
1949,1640237368021,0.104928456,-0.46485436,-0.1291632,2021:12:23:14:29:28.021
1950,1640237368038,-0.049002122,0.057124756,-0.31611696,2021:12:23:14:29:28.038
1951,1640237368056,-0.021837901,-0.17323849,0.080693714,2021:12:23:14:29:28.056
1952,1640237368077,-0.0010652635,-0.03874896,-0.21544954,2021:12:23:14:29:28.077
1953,1640237368105,-0.0061252653,-0.15299848,-0.23329271,2021:12:23:14:29:28.105
1954,1640237368121,-0.026631588,-0.23795325,-0.14327794,2021:12:23:14:29:28.121
1955,1640237368137,0.12889689,-0.15060163,-0.16058847,2021:12:23:14:29:28.137
1956,1640237368156,-0.0018642112,-0.1484711,-0.14780532,2021:12:23:14:29:28.156
1957,1640237368187,-0.021038955,-0.17803216,-0.07430213,2021:12:23:14:29:28.187
1958,1640237368204,0.03755054,-0.16924374,-0.02902843,2021:12:23:14:29:28.204
1959,1640237368222,-0.076698974,-0.1585911,0.070041075,2021:12:23:14:29:28.222
1960,1640237368239,0.0058589494,-0.12290478,0.17710006,2021:12:23:14:29:28.239
1961,1640237368260,-0.0503337,-0.1266332,0.19068217,2021:12:23:14:29:28.260
1962,1640237368279,-0.06737792,-0.145009,0.21252008,2021:12:23:14:29:28.279
1963,1640237368303,-0.02530001,-0.119975306,0.16618112,2021:12:23:14:29:28.303
1964,1640237368322,0.037017908,-0.11704583,0.16591479,2021:12:23:14:29:28.322
1965,1640237368342,-0.14301163,-0.1484711,0.14381057,2021:12:23:14:29:28.342
1966,1640237368357,0.021571586,-0.09893635,0.15313163,2021:12:23:14:29:28.357
1967,1640237368390,-0.008255793,-0.10612688,0.14008215,2021:12:23:14:29:28.390
1968,1640237368403,-0.04154528,-0.08855003,0.101998985,2021:12:23:14:29:28.403
1969,1640237368422,0.006391581,-0.10266477,0.09454214,2021:12:23:14:29:28.422
1970,1640237368438,-0.032224223,-0.12743215,0.0687095,2021:12:23:14:29:28.438
1971,1640237368458,0.009321056,-0.086952135,0.08096003,2021:12:23:14:29:28.458
1972,1640237368475,0.20319901,-0.050466858,0.07723161,2021:12:23:14:29:28.475
1973,1640237368497,-0.07163897,-0.19481006,0.07803056,2021:12:23:14:29:28.497
1974,1640237368523,0.032224223,-0.104262665,0.16644743,2021:12:23:14:29:28.523
1975,1640237368539,-0.022370534,-0.1516669,0.3520696,2021:12:23:14:29:28.539
1976,1640237368556,-0.062317915,-0.13062795,0.46179172,2021:12:23:14:29:28.556
1977,1640237368576,0.2111885,-0.0006657897,0.4290349,2021:12:23:14:29:28.576
1978,1640237368603,0.09693898,-0.08934898,0.49002123,2021:12:23:14:29:28.603
1979,1640237368621,-0.048203174,-0.020905796,0.49747807,2021:12:23:14:29:28.621
1980,1640237368639,0.031957906,0.028362641,0.46552017,2021:12:23:14:29:28.639
1981,1640237368659,-0.030892642,0.0054594753,0.4713791,2021:12:23:14:29:28.659
1982,1640237368678,-0.025033694,0.028628957,0.44208437,2021:12:23:14:29:28.678
1983,1640237368701,-0.07030739,-0.009720529,0.44341594,2021:12:23:14:29:28.701
1984,1640237368720,0.0055926335,0.11624688,0.41998014,2021:12:23:14:29:28.720
1985,1640237368740,-0.04261054,0.09547424,0.39015275,2021:12:23:14:29:28.740
1986,1640237368757,0.0077231606,0.13302478,0.31478536,2021:12:23:14:29:28.757
1987,1640237368789,-0.05166528,0.15912373,0.25752747,2021:12:23:14:29:28.789
1988,1640237368804,-0.10626004,0.114116356,0.20825902,2021:12:23:14:29:28.804
1989,1640237368824,-0.05832318,0.12982899,0.11478215,2021:12:23:14:29:28.824
1990,1640237368837,0.06258423,0.1282311,0.0956074,2021:12:23:14:29:28.837
1991,1640237368857,0.013049478,0.088816345,0.08602003,2021:12:23:14:29:28.857
1992,1640237368874,0.06924213,0.11278477,-0.013315794,2021:12:23:14:29:28.874
1993,1640237368904,-0.011451583,0.09174582,-0.014381058,2021:12:23:14:29:28.904
1994,1640237368918,0.016245268,0.11385004,-0.059654757,2021:12:23:14:29:28.918
1995,1640237368941,0.13662004,0.12343741,-0.027963167,2021:12:23:14:29:28.941
1996,1640237368956,0.03568633,0.14793848,-0.029561063,2021:12:23:14:29:28.956
1997,1640237368977,0.07350318,0.16737953,-0.0788295,2021:12:23:14:29:28.977
1998,1640237368997,0.00053263176,0.14287847,-0.15899058,2021:12:23:14:29:28.997
1999,1640237369021,-0.0031957906,0.1668469,-0.16591479,2021:12:23:14:29:29.021
2000,1640237369040,-0.05885581,0.1700427,-0.17177375,2021:12:23:14:29:29.040
2001,1640237369060,-0.0905474,0.12343741,-0.24234745,2021:12:23:14:29:29.060
2002,1640237369076,-0.14807163,0.074435286,-0.24501061,2021:12:23:14:29:29.076
2003,1640237369103,-0.011984214,0.05233107,-0.20026955,2021:12:23:14:29:29.103
2004,1640237369122,0.15100111,0.11278477,-0.1643169,2021:12:23:14:29:29.122
2005,1640237369141,-0.089482136,0.14927006,-0.034621064,2021:12:23:14:29:29.141
2006,1640237369158,-0.111586355,0.12583426,0.012783162,2021:12:23:14:29:29.158
2007,1640237369179,-0.188019,0.086952135,-0.06285055,2021:12:23:14:29:29.179
2008,1640237369203,0.12756531,0.13728584,-0.1643169,2021:12:23:14:29:29.203
2009,1640237369222,0.12596741,0.11092056,-0.047404226,2021:12:23:14:29:29.222
2010,1640237369238,0.09374319,0.14128058,-0.0029294747,2021:12:23:14:29:29.238
2011,1640237369260,0.11691267,0.13382374,-0.14514215,2021:12:23:14:29:29.260
2012,1640237369296,0.12809794,0.1250353,-0.35127065,2021:12:23:14:29:29.296
2013,1640237369314,-0.014381058,0.077098444,-0.43542647,2021:12:23:14:29:29.314
2014,1640237369339,-0.06791055,0.06511423,-0.43169805,2021:12:23:14:29:29.339
2015,1640237369354,0.06737792,0.081093185,-0.52410966,2021:12:23:14:29:29.354
2016,1640237369358,0.16538216,0.0014647373,-0.6034718,2021:12:23:14:29:29.358
2017,1640237369387,0.07323687,-0.0595216,-0.59281915,2021:12:23:14:29:29.387
2018,1640237369419,0.026365273,-0.1165132,-0.5448823,2021:12:23:14:29:29.419
2019,1640237369437,-0.072970554,-0.10159951,-0.45353594,2021:12:23:14:29:29.437
2020,1640237369460,-0.18668744,-0.13435636,-0.22929798,2021:12:23:14:29:29.460
2021,1640237369477,0.016511586,-0.03874896,-0.048735805,2021:12:23:14:29:29.477
2022,1640237369502,0.14647374,-0.049667913,-0.016511586,2021:12:23:14:29:29.502
2023,1640237369518,0.058589496,-0.08455529,0.029561063,2021:12:23:14:29:29.518
2024,1640237369540,-0.13342425,-0.13275847,0.115314774,2021:12:23:14:29:29.540
2025,1640237369559,-0.15499584,-0.079228975,0.10439582,2021:12:23:14:29:29.559
2026,1640237369584,0.00452737,-0.0914795,0.07430213,2021:12:23:14:29:29.584
2027,1640237369598,0.20186743,-0.092811085,0.03675159,2021:12:23:14:29:29.598
2028,1640237369621,0.014381058,-0.1418132,0.026365273,2021:12:23:14:29:29.621
2029,1640237369636,0.0889495,-0.10612688,0.06018739,2021:12:23:14:29:29.636
2030,1640237369660,0.16085479,-0.11118688,0.074834764,2021:12:23:14:29:29.660
2031,1640237369676,-0.16351795,-0.17563532,0.059921075,2021:12:23:14:29:29.676
2032,1640237369702,0.033555802,0.015579479,0.09534109,2021:12:23:14:29:29.702
2033,1640237369716,-0.029827379,-0.0997353,0.13502215,2021:12:23:14:29:29.716
2034,1640237369737,0.15925689,-0.03342264,0.09534109,2021:12:23:14:29:29.737
2035,1640237369754,0.04980107,-0.07230476,0.07909582,2021:12:23:14:29:29.754
2036,1640237369785,-0.113450564,-0.110121615,0.055393703,2021:12:23:14:29:29.785
2037,1640237369802,-0.1978727,-0.07976161,0.16218637,2021:12:23:14:29:29.802
2038,1640237369817,-0.14807163,-0.07230476,0.20666112,2021:12:23:14:29:29.817
2039,1640237369836,-0.041278962,-0.068576336,0.15366426,2021:12:23:14:29:29.836
2040,1640237369857,0.157659,-0.114116356,0.14674005,2021:12:23:14:29:29.857
2041,1640237369876,0.06072002,-0.12423636,0.21385165,2021:12:23:14:29:29.876
2042,1640237369903,-0.032490537,-0.0762995,0.34328118,2021:12:23:14:29:29.903
2043,1640237369919,-0.030093694,-0.049667913,0.42557278,2021:12:23:14:29:29.919
2044,1640237369940,-0.046338964,-0.079228975,0.47217807,2021:12:23:14:29:29.940
2045,1640237369958,-0.038349487,-0.008122634,0.467917,2021:12:23:14:29:29.958
2046,1640237369977,-0.08495477,0.029960537,0.51505494,2021:12:23:14:29:29.977
2047,1640237370000,-0.188019,0.0075900024,0.55713284,2021:12:23:14:29:30.000
2048,1640237370020,0.2679138,0.2472743,0.57044864,2021:12:23:14:29:30.020
2049,1640237370038,-0.03568633,0.06191844,0.49188542,2021:12:23:14:29:30.038
2050,1640237370058,0.02077264,0.08082687,0.28628957,2021:12:23:14:29:30.058
2051,1640237370085,0.017310532,0.10799109,0.20506322,2021:12:23:14:29:30.085
2052,1640237370102,-0.029294748,0.07177213,0.14540847,2021:12:23:14:29:30.102
2053,1640237370120,-0.0503337,0.28375956,0.066312656,2021:12:23:14:29:30.120
2054,1640237370141,-0.039148435,0.23821956,-0.031957906,2021:12:23:14:29:30.141
2055,1640237370158,0.08495477,0.24487746,-0.21278639,2021:12:23:14:29:30.158
2056,1640237370186,0.22743376,0.20120165,-0.32463905,2021:12:23:14:29:30.186
2057,1640237370203,0.14008215,0.15060163,-0.386957,2021:12:23:14:29:30.203
2058,1640237370218,0.004793686,0.0981374,-0.48016754,2021:12:23:14:29:30.218
2059,1640237370236,-0.05166528,0.044075277,-0.5131907,2021:12:23:14:29:30.236
2060,1640237370259,-0.006391581,0.06298371,-0.44208437,2021:12:23:14:29:30.259
2061,1640237370274,-0.16831164,0.07470161,-0.320378,2021:12:23:14:29:30.274
2062,1640237370301,-0.17816533,0.096539505,-0.28069693,2021:12:23:14:29:30.301
2063,1640237370317,-0.06924213,0.107192144,-0.29640958,2021:12:23:14:29:30.317
2064,1640237370338,-0.17656744,0.0041278964,-0.15792532,2021:12:23:14:29:30.338
2065,1640237370356,0.07084002,0.08215845,-0.16990954,2021:12:23:14:29:30.356
2066,1640237370386,-0.2130527,-0.0014647373,-0.14008215,2021:12:23:14:29:30.386
2067,1640237370401,0.12250531,0.02143843,-0.13102742,2021:12:23:14:29:30.401
2068,1640237370420,-0.06072002,0.024101587,-0.15739268,2021:12:23:14:29:30.420
2069,1640237370438,-0.08522108,-0.043542646,-0.08309056,2021:12:23:14:29:30.438
2070,1640237370459,-0.11691267,0.009454214,-0.105727404,2021:12:23:14:29:30.459
2071,1640237370487,-0.030892642,0.011052109,-0.09507477,2021:12:23:14:29:30.487
2072,1640237370499,0.40799594,0.04647212,-0.15126742,2021:12:23:14:29:30.499
2073,1640237370517,0.0101200035,0.037151065,-0.06897581,2021:12:23:14:29:30.517
2074,1640237370538,-0.12863056,-0.12397004,-0.004793686,2021:12:23:14:29:30.538
2075,1640237370556,0.3387538,0.08402266,-0.39281592,2021:12:23:14:29:30.556
2076,1640237370586,0.2982738,-0.08189213,-0.36751592,2021:12:23:14:29:30.586
2077,1640237370605,-0.09374319,-0.07763108,-0.15739268,2021:12:23:14:29:30.605
2078,1640237370620,0.11638004,-0.0027963168,-0.19707376,2021:12:23:14:29:30.620
2079,1640237370637,0.23542324,-0.11677951,-0.38669065,2021:12:23:14:29:30.637
2080,1640237370656,0.5752423,-0.1181111,-0.34194958,2021:12:23:14:29:30.656
2081,1640237370674,0.44208437,-0.14873742,-0.18988322,2021:12:23:14:29:30.674
2082,1640237370702,0.016245268,-0.13941637,-0.13129373,2021:12:23:14:29:30.702
2083,1640237370719,0.4644549,-0.10373004,-0.15472953,2021:12:23:14:29:30.719
2084,1640237370739,-0.20692743,-0.2020006,-0.08335687,2021:12:23:14:29:30.739
2085,1640237370755,-0.07430213,-0.09227845,0.15952322,2021:12:23:14:29:30.755
2086,1640237370782,-0.12436952,-0.044874225,0.17816533,2021:12:23:14:29:30.782
2087,1640237370802,-0.026897904,-0.10266477,0.064448446,2021:12:23:14:29:30.802
2088,1640237370819,-0.12809794,-0.11358372,0.16511585,2021:12:23:14:29:30.819
2089,1640237370837,-0.24074955,-0.049667913,0.16964322,2021:12:23:14:29:30.837
2090,1640237370855,-0.34967276,-0.071505815,0.14061478,2021:12:23:14:29:30.855
2091,1640237370885,-0.16325164,-0.1047953,0.11797793,2021:12:23:14:29:30.885
2092,1640237370900,-0.18535586,-0.11331741,0.075900026,2021:12:23:14:29:30.900
2093,1640237370918,-0.11078741,-0.075500555,0.16192006,2021:12:23:14:29:30.918
2094,1640237370940,-0.025566325,-0.054727912,0.2580601,2021:12:23:14:29:30.940
2095,1640237370959,0.021837901,-0.011584741,0.25379902,2021:12:23:14:29:30.959
2096,1640237370985,0.028762115,0.023036323,0.3036001,2021:12:23:14:29:30.985
2097,1640237370999,0.0015978953,0.044075277,0.34967276,2021:12:23:14:29:30.999
2098,1640237371021,0.064182125,0.06404897,0.30253485,2021:12:23:14:29:31.021
2099,1640237371039,-0.052730545,0.030759484,0.24927166,2021:12:23:14:29:31.039
2100,1640237371069,0.017576847,-0.017976321,0.2181127,2021:12:23:14:29:31.069
2101,1640237371100,-0.04154528,0.017177375,0.14620742,2021:12:23:14:29:31.100
2102,1640237371117,-0.013848426,0.009187898,0.039947383,2021:12:23:14:29:31.117
2103,1640237371119,-0.009587372,0.009720529,-0.04846949,2021:12:23:14:29:31.119
2104,1640237371141,-0.066312656,-0.03688475,-0.11185267,2021:12:23:14:29:31.141
2105,1640237371176,0.03568633,0.009454214,-0.2029327,2021:12:23:14:29:31.176
2106,1640237371199,0.028762115,-0.008921582,-0.21411797,2021:12:23:14:29:31.199
2107,1640237371218,-0.07270423,-0.036618434,-0.18668744,2021:12:23:14:29:31.218
2108,1640237371237,0.030626327,-0.022503693,-0.17310533,2021:12:23:14:29:31.237
2109,1640237371259,0.011185267,-0.053396333,-0.12889689,2021:12:23:14:29:31.259
2110,1640237371285,0.1073253,-0.013182636,-0.07430213,2021:12:23:14:29:31.285
2111,1640237371299,0.1241032,-0.016378427,0.026365273,2021:12:23:14:29:31.299
2112,1640237371318,-0.05805686,-0.10373004,0.07084002,2021:12:23:14:29:31.318
2113,1640237371337,0.43702435,0.0997353,0.037284225,2021:12:23:14:29:31.337
2114,1640237371355,0.31185588,-0.077364765,0.00452737,2021:12:23:14:29:31.355
2115,1640237371385,-0.14354426,-0.11944267,0.050067388,2021:12:23:14:29:31.385
2116,1640237371400,-0.11611372,0.050466858,0.07084002,2021:12:23:14:29:31.400
2117,1640237371421,0.00053263176,-0.008655266,0.038615804,2021:12:23:14:29:31.421
2118,1640237371437,0.048203174,-0.013715268,0.017044216,2021:12:23:14:29:31.437
2119,1640237371469,-0.14860426,-0.03422159,-0.03488738,2021:12:23:14:29:31.469
2120,1640237371482,-0.13875057,-0.09946898,-0.14460953,2021:12:23:14:29:31.482
2121,1640237371500,0.023435798,-0.14554162,-0.17550217,2021:12:23:14:29:31.500
2122,1640237371517,0.1006674,-0.110121615,-0.16538216,2021:12:23:14:29:31.517
2123,1640237371538,-0.2780338,-0.1700427,-0.011185267,2021:12:23:14:29:31.538
2124,1640237371554,-0.06977476,-0.0981374,0.037816856,2021:12:23:14:29:31.554
2125,1640237371583,0.16644743,-0.160189,0.047670543,2021:12:23:14:29:31.583
2126,1640237371597,0.21411797,-0.13355741,0.20879164,2021:12:23:14:29:31.597
2127,1640237371618,0.046072647,-0.08242477,0.3390201,2021:12:23:14:29:31.618
2128,1640237371636,-0.045007385,-0.0880174,0.34115064,2021:12:23:14:29:31.636
2129,1640237371658,-0.08016108,-0.0310258,0.31292117,2021:12:23:14:29:31.658
2130,1640237371685,-0.28442535,-0.07203845,0.37816855,2021:12:23:14:29:31.685
2131,1640237371701,-0.15872426,-0.002263685,0.38882118,2021:12:23:14:29:31.701
2132,1640237371718,-0.36858118,-0.022503693,0.35846117,2021:12:23:14:29:31.718
2133,1640237371739,-0.30493167,0.05552686,0.31904644,2021:12:23:14:29:31.739
2134,1640237371757,-0.22583586,0.07869634,0.37124434,2021:12:23:14:29:31.757
2135,1640237371782,-0.35033855,0.089082666,0.28868642,2021:12:23:14:29:31.782
2136,1640237371799,-0.3090596,0.092811085,0.2263685,2021:12:23:14:29:31.799
2137,1640237371821,-0.27736798,0.06431528,0.17150743,2021:12:23:14:29:31.821
2138,1640237371841,-0.058456335,0.1231711,0.07643266,2021:12:23:14:29:31.841
2139,1640237371868,-0.035020538,0.12237215,0.026631588,2021:12:23:14:29:31.868
2140,1640237371882,0.13648689,0.117844775,-0.05166528,2021:12:23:14:29:31.882
2141,1640237371901,0.2374206,0.09707214,-0.17097479,2021:12:23:14:29:31.901
2142,1640237371918,0.3426154,0.0645816,-0.28309378,2021:12:23:14:29:31.918
2143,1640237371936,0.64062285,0.07496792,-0.36458644,2021:12:23:14:29:31.936
2144,1640237371954,0.5793702,0.0142479,-0.29055062,2021:12:23:14:29:31.954
2145,1640237371982,0.38096488,0.06325002,-0.2045306,2021:12:23:14:29:31.982
2146,1640237372002,0.14953637,-0.004660528,-0.17523585,2021:12:23:14:29:32.002
2147,1640237372025,0.21238692,-0.019840533,-0.23861903,2021:12:23:14:29:32.025
2148,1640237372038,0.22783324,-0.043542646,-0.12436952,2021:12:23:14:29:32.038
2149,1640237372055,0.08215845,-0.021172112,0.041811593,2021:12:23:14:29:32.055
2150,1640237372083,-0.040346857,0.02463422,0.14487584,2021:12:23:14:29:32.083
2151,1640237372101,0.04460791,0.065646864,0.21145481,2021:12:23:14:29:32.101
2152,1640237372117,-0.22703429,0.023568956,0.19041586,2021:12:23:14:29:32.117
2153,1640237372138,-0.40626487,-0.0038615803,0.21891165,2021:12:23:14:29:32.138
2154,1640237372157,-0.13728584,0.018508954,0.2649843,2021:12:23:14:29:32.157
2155,1640237372184,-0.07496792,0.024101587,0.22317271,2021:12:23:14:29:32.184
2156,1640237372200,-0.08402266,0.08402266,0.3267696,2021:12:23:14:29:32.200
2157,1640237372220,-0.20240007,0.17403743,0.34594432,2021:12:23:14:29:32.220
2158,1640237372237,-0.2583264,0.25446483,0.2396843,2021:12:23:14:29:32.237
2159,1640237372266,-0.37523907,0.22330587,0.15153374,2021:12:23:14:29:32.266
2160,1640237372284,-0.22077587,0.25766063,0.15153374,2021:12:23:14:29:32.284
2161,1640237372299,-0.35739592,0.20146796,0.006924213,2021:12:23:14:29:32.299
2162,1640237372319,-0.2095906,0.19214691,-0.13715267,2021:12:23:14:29:32.319
2163,1640237372349,-0.10918951,0.19933744,-0.16405058,2021:12:23:14:29:32.349
2164,1640237372357,-0.03488738,0.1332911,-0.115581095,2021:12:23:14:29:32.357
2165,1640237372383,0.30493167,0.23821956,-0.11424951,2021:12:23:14:29:32.383
2166,1640237372399,0.5443497,0.19640796,-0.13528846,2021:12:23:14:29:32.399
2167,1640237372421,0.472977,0.08615319,-0.2937464,2021:12:23:14:29:32.421
2168,1640237372437,0.51904964,0.08375634,-0.3470096,2021:12:23:14:29:32.437
2169,1640237372456,0.42530647,0.09414266,-0.3403517,2021:12:23:14:29:32.456
2170,1640237372482,0.24421166,0.06404897,-0.33662328,2021:12:23:14:29:32.482
2171,1640237372504,0.31851378,0.011584741,-0.33316118,2021:12:23:14:29:32.504
2172,1640237372517,0.21704744,-0.14261216,-0.34194958,2021:12:23:14:29:32.517
2173,1640237372541,0.065247394,-0.1383511,-0.29401273,2021:12:23:14:29:32.541
2174,1640237372557,-0.3739075,-0.2659164,-0.18562217,2021:12:23:14:29:32.557
2175,1640237372583,-0.56831807,-0.048070017,-0.074834764,2021:12:23:14:29:32.583
2176,1640237372600,-0.48735806,0.07203845,0.054062124,2021:12:23:14:29:32.600
2177,1640237372620,-0.32330748,0.13382374,0.18029585,2021:12:23:14:29:32.620
2178,1640237372638,-0.18588848,0.15992269,0.22823271,2021:12:23:14:29:32.638
2179,1640237372664,-0.1190432,0.119975306,0.0026631588,2021:12:23:14:29:32.664
2180,1640237372683,0.027963167,-0.04727107,-0.31585065,2021:12:23:14:29:32.683
2181,1640237372698,0.085487396,-0.06138581,-0.40160435,2021:12:23:14:29:32.698
2182,1640237372718,0.018908428,-0.1031974,-0.4061317,2021:12:23:14:29:32.718
2183,1640237372739,0.0452737,-0.20839217,-0.4793686,2021:12:23:14:29:32.739
2184,1640237372783,0.22716744,-0.33888695,-0.46898228,2021:12:23:14:29:32.783
2185,1640237372798,0.2865559,-0.32317433,-0.2679138,2021:12:23:14:29:32.798
2186,1640237372799,0.022104219,-0.297608,0.11185267,2021:12:23:14:29:32.799
2187,1640237372822,0.048203174,-0.1418132,0.27377272,2021:12:23:14:29:32.822
2188,1640237372857,0.0018642112,-0.16871111,0.2865559,2021:12:23:14:29:32.857
2189,1640237372882,-0.045007385,-0.1668469,0.32969907,2021:12:23:14:29:32.882
2190,1640237372899,-0.19893797,-0.086952135,0.4359591,2021:12:23:14:29:32.899
2191,1640237372914,-0.29055062,-0.07416897,0.4945486,2021:12:23:14:29:32.914
2192,1640237372939,-0.31824747,-0.03182475,0.46685174,2021:12:23:14:29:32.939
2193,1640237372956,-0.21172112,0.05313002,0.5097286,2021:12:23:14:29:32.956
2194,1640237372975,-0.18908428,0.010253161,0.5331644,2021:12:23:14:29:32.975
2195,1640237373002,-0.132359,0.12290478,0.42637172,2021:12:23:14:29:33.002
2196,1640237373018,0.018642113,0.15433006,0.30839378,2021:12:23:14:29:33.018
2197,1640237373039,0.08788424,0.21238692,0.14061478,2021:12:23:14:29:33.039
2198,1640237373065,0.06285055,0.19108164,0.021837901,2021:12:23:14:29:33.065
2199,1640237373082,0.071905285,0.19507638,-0.16325164,2021:12:23:14:29:33.082
2200,1640237373100,0.21358533,0.13275847,-0.36112434,2021:12:23:14:29:33.100
2201,1640237373118,0.27776745,0.10799109,-0.4980107,2021:12:23:14:29:33.118
2202,1640237373138,0.28788745,0.041145805,-0.49508122,2021:12:23:14:29:33.138
2203,1640237373163,0.12516846,0.028895274,-0.49321702,2021:12:23:14:29:33.163
2204,1640237373183,0.45007384,0.114116356,-0.4878907,2021:12:23:14:29:33.183
2205,1640237373197,0.49667913,0.042743698,-0.43755698,2021:12:23:14:29:33.197
2206,1640237373220,0.27750114,0.052064754,-0.34621066,2021:12:23:14:29:33.220
2207,1640237373238,0.023435798,-0.06990792,-0.28069693,2021:12:23:14:29:33.238
2208,1640237373266,-0.016245268,-0.06831002,-0.27963167,2021:12:23:14:29:33.266
2209,1640237373284,-0.19840533,-0.08721845,-0.07536739,2021:12:23:14:29:33.284
2210,1640237373301,-0.09667266,0.026232114,0.13369057,2021:12:23:14:29:33.301
2211,1640237373316,-0.029294748,0.05179844,0.25939167,2021:12:23:14:29:33.316
2212,1640237373337,-0.023702113,0.08721845,0.33635697,2021:12:23:14:29:33.337
2213,1640237373357,-0.20825902,0.08455529,0.3704454,2021:12:23:14:29:33.357
2214,1640237373381,-0.36485276,0.10852372,0.4825644,2021:12:23:14:29:33.381
2215,1640237373398,-0.17976321,0.1351553,0.47670543,2021:12:23:14:29:33.398
2216,1640237373417,-0.05619265,0.124502674,0.3656517,2021:12:23:14:29:33.417
2217,1640237373437,0.109455824,0.13089426,0.32091063,2021:12:23:14:29:33.437
2218,1640237373466,0.11851057,0.13195951,0.28389272,2021:12:23:14:29:33.466
2219,1640237373484,0.25433168,0.22250693,0.1845569,2021:12:23:14:29:33.484
2220,1640237373498,0.0122505305,0.1884185,0.1089232,2021:12:23:14:29:33.498
2221,1640237373519,-0.045007385,0.18548901,0.051931597,2021:12:23:14:29:33.519
2222,1640237373537,-0.08468845,0.15992269,0.029561063,2021:12:23:14:29:33.537
2223,1640237373565,0.19973691,0.18389112,-0.056725282,2021:12:23:14:29:33.565
2224,1640237373583,0.067111604,0.12024162,-0.1946769,2021:12:23:14:29:33.583
2225,1640237373600,-0.1257011,0.14101426,-0.3904191,2021:12:23:14:29:33.600
2226,1640237373619,-0.19361165,0.11518162,-0.5821665,2021:12:23:14:29:33.619
2227,1640237373639,-0.17177375,0.09440898,-0.80880135,2021:12:23:14:29:33.639
2228,1640237373664,-0.14567478,0.07763108,-0.84635186,2021:12:23:14:29:33.664
2229,1640237373682,-0.22503692,-0.056592125,-0.6897581,2021:12:23:14:29:33.682
2230,1640237373701,0.03542001,-0.021172112,-0.6961497,2021:12:23:14:29:33.701
2231,1640237373717,0.115314774,-0.050733175,-0.56112754,2021:12:23:14:29:33.717
2232,1640237373734,-0.16085479,-0.1284974,-0.27590325,2021:12:23:14:29:33.734
2233,1640237373757,-0.19574217,-0.090946876,-0.10306425,2021:12:23:14:29:33.757
2234,1640237373781,-0.17070848,-0.19773954,-0.042344224,2021:12:23:14:29:33.781
2235,1640237373798,0.070041075,-0.1953427,-0.055926334,2021:12:23:14:29:33.798
2236,1640237373831,0.17044216,-0.16951005,-0.009587372,2021:12:23:14:29:33.831
2237,1640237373838,0.3334275,-0.18895112,0.016511586,2021:12:23:14:29:33.838
2238,1640237373863,0.33289486,-0.19134796,0.013049478,2021:12:23:14:29:33.863
2239,1640237373882,0.09108003,-0.14101426,0.071905285,2021:12:23:14:29:33.882
2240,1640237373898,-0.008255793,-0.08482161,0.12836425,2021:12:23:14:29:33.898
2241,1640237373916,0.12809794,-0.07230476,0.058589496,2021:12:23:14:29:33.916
2242,1640237373938,0.098004244,-0.10159951,-0.032756854,2021:12:23:14:29:33.938
2243,1640237373964,0.07643266,-0.1535311,-0.12516846,2021:12:23:14:29:33.964
2244,1640237373982,0.14168005,-0.11864372,-0.1358211,2021:12:23:14:29:33.982
2245,1640237374000,-0.06258423,-0.1969406,-0.100134775,2021:12:23:14:29:34.000
2246,1640237374018,-0.12942952,-0.1535311,-0.1912148,2021:12:23:14:29:34.018
2247,1640237374039,-0.16005585,-0.16551532,-0.20053586,2021:12:23:14:29:34.039
2248,1640237374069,-0.022104219,-0.13249215,-0.16458322,2021:12:23:14:29:34.069
2249,1640237374086,0.019174743,-0.13488899,-0.06391581,2021:12:23:14:29:34.086
2250,1640237374100,0.0010652635,-0.15566163,-0.06844318,2021:12:23:14:29:34.100
2251,1640237374119,0.003994738,-0.1852227,-0.12942952,2021:12:23:14:29:34.119
2252,1640237374147,0.036485277,-0.1719069,-0.13156004,2021:12:23:14:29:34.147
2253,1640237374165,0.097205296,-0.16977638,-0.08974845,2021:12:23:14:29:34.165
2254,1640237374183,0.015978953,-0.19294585,-0.03435475,2021:12:23:14:29:34.183
2255,1640237374198,0.075900026,-0.16791217,-0.006391581,2021:12:23:14:29:34.198
2256,1640237374217,0.041012645,-0.17776585,0.021038955,2021:12:23:14:29:34.217
2257,1640237374236,0.011451583,-0.20599534,0.06391581,2021:12:23:14:29:34.236
2258,1640237374265,0.044741068,-0.12104057,0.059122127,2021:12:23:14:29:34.265
2259,1640237374283,-0.033822116,-0.13062795,0.11105372,2021:12:23:14:29:34.283
2260,1640237374297,0.006924213,-0.17457005,0.137419,2021:12:23:14:29:34.297
2261,1640237374317,-0.015446321,-0.14713952,0.13715267,2021:12:23:14:29:34.317
2262,1640237374346,-0.03036001,-0.17403743,0.23595586,2021:12:23:14:29:34.346
2263,1640237374365,-0.05219791,-0.1114532,0.29987168,2021:12:23:14:29:34.365
2264,1640237374380,-0.059921075,-0.05685844,0.3624559,2021:12:23:14:29:34.380
2265,1640237374399,-0.047936857,-0.07683213,0.36831486,2021:12:23:14:29:34.399
2266,1640237374416,-0.047137912,-0.0083889505,0.33582434,2021:12:23:14:29:34.416
2267,1640237374438,-0.09081372,0.034487907,0.30812746,2021:12:23:14:29:34.438
2268,1640237374463,-0.15180005,0.060586862,0.21172112,2021:12:23:14:29:34.463
2269,1640237374480,-0.20532954,0.018242639,0.13555479,2021:12:23:14:29:34.480
2270,1640237374499,-0.1794969,0.020905796,0.08708529,2021:12:23:14:29:34.499
2271,1640237374517,-0.18189375,0.075234234,0.056725282,2021:12:23:14:29:34.517
2272,1640237374546,-0.30759484,0.041678436,0.05938844,2021:12:23:14:29:34.546
2273,1640237374563,-0.052464228,0.11837741,0.009853687,2021:12:23:14:29:34.563
2274,1640237374583,0.09507477,0.07017423,-0.0101200035,2021:12:23:14:29:34.583
2275,1640237374599,0.029294748,0.022770008,-0.042344224,2021:12:23:14:29:34.599
2276,1640237374630,-0.00026631588,0.03555317,-0.0284958,2021:12:23:14:29:34.630
2277,1640237374654,0.010918951,0.0017310532,-0.046605278,2021:12:23:14:29:34.654
2278,1640237374679,0.18562217,0.052064754,-0.058589496,2021:12:23:14:29:34.679
2279,1640237374681,0.06551371,-0.027563693,-0.0074568447,2021:12:23:14:29:34.681
2280,1640237374702,0.31105694,0.015845794,0.014114741,2021:12:23:14:29:34.702
2281,1640237374736,0.22876534,-0.0041278964,-0.006391581,2021:12:23:14:29:34.736
2282,1640237374763,0.2229064,-0.037151065,-0.052730545,2021:12:23:14:29:34.763
2283,1640237374778,-0.083623186,-0.053396333,0.05566002,2021:12:23:14:29:34.778
2284,1640237374798,-0.18695375,-0.061119493,0.082557924,2021:12:23:14:29:34.798
2285,1640237374816,-0.3201117,-0.12423636,0.08974845,2021:12:23:14:29:34.816
2286,1640237374836,-0.13635373,-0.00519316,0.19840533,2021:12:23:14:29:34.836
2287,1640237374863,0.113450564,-0.020639481,0.3201117,2021:12:23:14:29:34.863
2288,1640237374881,0.072171606,-0.067511074,0.3989412,2021:12:23:14:29:34.881
2289,1640237374900,-0.059122127,-0.0033289485,0.41145805,2021:12:23:14:29:34.900
2290,1640237374917,-0.07084002,0.02969422,0.3805654,2021:12:23:14:29:34.917
2291,1640237374938,0.03488738,0.028628957,0.36804855,2021:12:23:14:29:34.938
2292,1640237374961,0.13182636,-0.001997369,0.29987168,2021:12:23:14:29:34.961
2293,1640237374980,0.11371688,0.013715268,0.2295643,2021:12:23:14:29:34.980
2294,1640237374997,0.083623186,0.04061317,0.20692743,2021:12:23:14:29:34.997
2295,1640237375018,0.26258746,0.15060163,0.17150743,2021:12:23:14:29:35.018
2296,1640237375037,-0.11717899,0.03342264,0.19228007,2021:12:23:14:29:35.037
2297,1640237375066,-0.13555479,-0.02969422,0.086552665,2021:12:23:14:29:35.066
2298,1640237375078,-0.17363796,0.08082687,0.006924213,2021:12:23:14:29:35.078
2299,1640237375103,0.006924213,0.035020538,0.055393703,2021:12:23:14:29:35.103
2300,1640237375116,-0.19654112,0.12423636,0.11797793,2021:12:23:14:29:35.116
2301,1640237375138,-0.27909905,0.1535311,0.07510108,2021:12:23:14:29:35.138
2302,1640237375161,-0.12277162,0.12716584,0.011185267,2021:12:23:14:29:35.161
2303,1640237375177,0.0055926335,0.11944267,0.017044216,2021:12:23:14:29:35.177
2304,1640237375198,0.17896427,0.170309,-0.013315794,2021:12:23:14:29:35.198
2305,1640237375215,-0.1190432,0.13355741,-0.05805686,2021:12:23:14:29:35.215
2306,1640237375238,0.097205296,0.06724476,-0.09827056,2021:12:23:14:29:35.238
2307,1640237375264,-0.007989476,0.07310371,-0.15046847,2021:12:23:14:29:35.264
2308,1640237375279,0.0284958,0.06484792,-0.061785284,2021:12:23:14:29:35.279
2309,1640237375298,0.2833601,0.12530163,-0.07510108,2021:12:23:14:29:35.298
2310,1640237375320,0.3723096,0.07976161,-0.13049479,2021:12:23:14:29:35.320
2311,1640237375339,0.20186743,0.016644742,-0.12543479,2021:12:23:14:29:35.339
2312,1640237375362,0.2836264,0.10612688,-0.22610219,2021:12:23:14:29:35.362
2313,1640237375379,0.15606111,0.10266477,-0.2146506,2021:12:23:14:29:35.379
2314,1640237375396,0.026365273,0.07869634,-0.1089232,2021:12:23:14:29:35.396
2315,1640237375422,0.048203174,0.073370025,-0.12596741,2021:12:23:14:29:35.422
2316,1640237375445,0.14860426,0.06697845,-0.17550217,2021:12:23:14:29:35.445
2317,1640237375464,0.18002954,-0.004660528,-0.20586218,2021:12:23:14:29:35.464
2318,1640237375480,-0.11371688,0.022237375,-0.20905797,2021:12:23:14:29:35.480
2319,1640237375499,-0.0940095,-0.017177375,-0.22264008,2021:12:23:14:29:35.499
2320,1640237375519,-0.094275825,-0.009986846,-0.32969907,2021:12:23:14:29:35.519
2321,1640237375547,-0.24900535,-0.06032055,-0.20559587,2021:12:23:14:29:35.547
2322,1640237375564,-0.06764423,0.0017310532,-0.09507477,2021:12:23:14:29:35.564
2323,1640237375577,0.07137266,-0.037683696,-0.13102742,2021:12:23:14:29:35.577
2324,1640237375596,0.08415582,-0.041678436,-0.11265162,2021:12:23:14:29:35.596
2325,1640237375618,0.03542001,-0.033955276,-0.024767376,2021:12:23:14:29:35.618
2326,1640237375636,0.07350318,0.02143843,-0.032224223,2021:12:23:14:29:35.636
2327,1640237375665,-0.14567478,-0.102398455,0.004261054,2021:12:23:14:29:35.665
2328,1640237375680,0.14594111,0.034487907,0.019174743,2021:12:23:14:29:35.680
2329,1640237375696,-0.10146635,-0.04008054,0.07243792,2021:12:23:14:29:35.696
2330,1640237375716,0.18402427,-0.024900535,0.008788424,2021:12:23:14:29:35.716
2331,1640237375747,0.22077587,-0.041145805,-0.015712637,2021:12:23:14:29:35.747
2332,1640237375762,0.06791055,-0.048070017,-0.03488738,2021:12:23:14:29:35.762
2333,1640237375781,-0.0452737,-0.018508954,-0.046605278,2021:12:23:14:29:35.781
2334,1640237375799,-0.10253161,-0.03155843,-0.055393703,2021:12:23:14:29:35.799
2335,1640237375816,-0.11638004,-0.051532123,0.014647374,2021:12:23:14:29:35.816
2336,1640237375845,0.07936213,-0.051265806,0.062317915,2021:12:23:14:29:35.845
2337,1640237375861,0.00026631588,-0.10932267,-0.009587372,2021:12:23:14:29:35.861
2338,1640237375877,0.17656744,-0.04673844,0.02530001,2021:12:23:14:29:35.877
2339,1640237375900,-0.31771484,-0.111985825,0.1358211,2021:12:23:14:29:35.900
2340,1640237375918,-0.13049479,0.049667913,0.33076432,2021:12:23:14:29:35.918
2341,1640237375938,-0.29108325,-0.032091063,0.4916191,2021:12:23:14:29:35.938
2342,1640237375962,-0.12383688,0.014514215,0.36511907,2021:12:23:14:29:35.962
2343,1640237375983,-0.16990954,-0.0011984215,0.3390201,2021:12:23:14:29:35.983
2344,1640237375996,-0.14620742,-0.027031062,0.36751592,2021:12:23:14:29:35.996
2345,1640237376018,0.09773793,0.15885742,0.41092542,2021:12:23:14:29:36.018
2346,1640237376037,-0.15180005,0.08428898,0.40639803,2021:12:23:14:29:36.037
2347,1640237376063,-0.06604634,0.13435636,0.34141695,2021:12:23:14:29:36.063
2348,1640237376078,0.04154528,0.094675295,0.3371559,2021:12:23:14:29:36.078
2349,1640237376095,0.046605278,0.1332911,0.30306748,2021:12:23:14:29:36.095
2350,1640237376116,0.08708529,0.21664797,0.2636527,2021:12:23:14:29:36.116
2351,1640237376146,0.038349487,0.18442374,0.2130527,2021:12:23:14:29:36.146
2352,1640237376162,0.30972537,0.28961852,0.07696529,2021:12:23:14:29:36.162
2353,1640237376184,0.37097803,0.21425113,0.02263685,2021:12:23:14:29:36.184
2354,1640237376196,0.08468845,0.20546271,-0.09374319,2021:12:23:14:29:36.196
2355,1640237376218,-0.18375796,0.26804695,-0.17310533,2021:12:23:14:29:36.218
2356,1640237376246,-0.137419,0.19827217,-0.24394535,2021:12:23:14:29:36.246
2357,1640237376260,0.21544954,0.33515853,-0.28309378,2021:12:23:14:29:36.260
2358,1640237376277,0.015180005,0.22836587,-0.32916644,2021:12:23:14:29:36.277
2359,1640237376301,-0.19840533,0.2374206,-0.43356225,2021:12:23:14:29:36.301
2360,1640237376317,-0.11132004,0.22490376,-0.5914876,2021:12:23:14:29:36.317
2361,1640237376345,-0.22050954,0.15619427,-0.6402234,2021:12:23:14:29:36.345
2362,1640237376362,-0.2580601,0.10373004,-0.544616,2021:12:23:14:29:36.362
2363,1640237376380,-0.19174743,0.096805826,-0.66126233,2021:12:23:14:29:36.380
2364,1640237376417,0.062317915,0.06404897,-0.7097318,2021:12:23:14:29:36.417
2365,1640237376435,-0.031425275,0.033156328,-0.6340981,2021:12:23:14:29:36.435
2366,1640237376458,-0.0010652635,-0.02516685,-0.5424855,2021:12:23:14:29:36.458
2367,1640237376481,-0.19361165,-0.09946898,-0.5291697,2021:12:23:14:29:36.481
2368,1640237376498,0.09507477,-0.058988966,-0.6447508,2021:12:23:14:29:36.498
2369,1640237376516,0.15233268,-0.139949,-0.5227781,2021:12:23:14:29:36.516
2370,1640237376546,0.17976321,-0.16764584,-0.3134538,2021:12:23:14:29:36.546
2371,1640237376561,0.18535586,-0.15752584,-0.2769685,2021:12:23:14:29:36.561
2372,1640237376579,0.060986336,-0.20732692,-0.22503692,2021:12:23:14:29:36.579
2373,1640237376596,0.12836425,-0.22809955,-0.13422321,2021:12:23:14:29:36.596
2374,1640237376618,0.109722145,-0.21425113,-0.035952643,2021:12:23:14:29:36.618
2375,1640237376646,0.064448446,-0.18096164,0.109455824,2021:12:23:14:29:36.646
2376,1640237376663,0.113450564,-0.160189,0.094275825,2021:12:23:14:29:36.663
2377,1640237376679,0.100933716,-0.16551532,0.077764235,2021:12:23:14:29:36.679
2378,1640237376699,-0.0053263176,-0.2171806,0.0905474,2021:12:23:14:29:36.699
2379,1640237376718,0.05938844,-0.16072163,0.11078741,2021:12:23:14:29:36.718
2380,1640237376744,0.010918951,-0.1114532,0.12250531,2021:12:23:14:29:36.744
2381,1640237376759,-0.019973692,-0.13648689,0.11478215,2021:12:23:14:29:36.759
2382,1640237376777,-0.13448952,-0.18389112,0.10253161,2021:12:23:14:29:36.777
2383,1640237376796,0.17044216,-0.1031974,0.1006674,2021:12:23:14:29:36.796
2384,1640237376817,0.05885581,-0.1918806,0.08415582,2021:12:23:14:29:36.817
2385,1640237376835,0.14194636,-0.013715268,0.035952643,2021:12:23:14:29:36.835
2386,1640237376861,0.008788424,-0.09254477,0.08788424,2021:12:23:14:29:36.861
2387,1640237376878,-0.014647374,-0.074435286,0.019441059,2021:12:23:14:29:36.878
2388,1640237376900,0.18002954,-0.058988966,0.01038632,2021:12:23:14:29:36.900
2389,1640237376917,-0.10626004,-0.14447637,0.023169482,2021:12:23:14:29:36.917
2390,1640237376943,0.10546109,-0.012650005,0.004793686,2021:12:23:14:29:36.943
2391,1640237376960,0.15739268,-0.056059495,0.06551371,2021:12:23:14:29:36.960
2392,1640237376979,-0.14993584,-0.12796478,0.12144004,2021:12:23:14:29:36.979
2393,1640237376999,0.025566325,-0.0070573706,0.13262531,2021:12:23:14:29:36.999
2394,1640237377019,-0.104928456,0.0070573706,0.1139832,2021:12:23:14:29:37.019
2395,1640237377045,0.05219791,-0.008655266,0.14833795,2021:12:23:14:29:37.045
2396,1640237377063,-0.087351605,0.036352117,0.1861548,2021:12:23:14:29:37.063
2397,1640237377078,-0.23702113,0.0049268436,0.10865688,2021:12:23:14:29:37.078
2398,1640237377098,0.02530001,0.043808963,0.08122634,2021:12:23:14:29:37.098
2399,1640237377119,-0.08495477,-0.012383688,0.097205296,2021:12:23:14:29:37.119
2400,1640237377145,-0.081758976,0.023568956,0.027963167,2021:12:23:14:29:37.145
2401,1640237377162,-0.12250531,-0.033156328,0.037284225,2021:12:23:14:29:37.162
2402,1640237377181,-0.14008215,-0.015313163,0.100933716,2021:12:23:14:29:37.181
2403,1640237377196,-0.054861072,0.048868965,0.1257011,2021:12:23:14:29:37.196
2404,1640237377228,0.006657897,-0.00013315794,0.1206411,2021:12:23:14:29:37.228
2405,1640237377246,0.010652635,-0.0025300009,0.0905474,2021:12:23:14:29:37.246
2406,1640237377263,0.076698974,0.02516685,0.08522108,2021:12:23:14:29:37.263
2407,1640237377279,0.009321056,0.03289001,0.11185267,2021:12:23:14:29:37.279
2408,1640237377302,-0.052464228,0.07097318,0.11052109,2021:12:23:14:29:37.302
2409,1640237377318,0.09374319,0.12343741,0.09534109,2021:12:23:14:29:37.318
2410,1640237377344,0.27403903,0.10266477,0.12010846,2021:12:23:14:29:37.344
2411,1640237377361,0.046871595,0.037683696,0.08681898,2021:12:23:14:29:37.361
2412,1640237377380,-0.045540016,0.10133319,-0.05219791,2021:12:23:14:29:37.380
2413,1640237377396,-0.008255793,0.08269108,-0.092145294,2021:12:23:14:29:37.396
2414,1640237377419,0.07243792,0.050200544,-0.08042739,2021:12:23:14:29:37.419
2415,1640237377444,0.055393703,0.106393196,-0.14700636,2021:12:23:14:29:37.444
2416,1640237377461,0.051398966,0.10665951,-0.22264008,2021:12:23:14:29:37.461
2417,1640237377477,0.08708529,0.10772477,-0.24501061,2021:12:23:14:29:37.477
2418,1640237377498,-0.13555479,0.08056056,-0.22903165,2021:12:23:14:29:37.498
2419,1640237377520,-0.15632743,0.06804371,-0.2314285,2021:12:23:14:29:37.520
2420,1640237377545,0.06285055,0.10000161,-0.24687482,2021:12:23:14:29:37.545
2421,1640237377560,0.11185267,0.08748477,-0.24261376,2021:12:23:14:29:37.560
2422,1640237377582,0.046871595,0.07203845,-0.20053586,2021:12:23:14:29:37.582
2423,1640237377598,0.026631588,0.08828372,-0.21944429,2021:12:23:14:29:37.598
2424,1640237377621,-0.0053263176,-0.008122634,-0.21331902,2021:12:23:14:29:37.621
2425,1640237377647,-0.04846949,0.037950013,-0.21438429,2021:12:23:14:29:37.647
2426,1640237377662,0.1022653,0.019307902,-0.19148111,2021:12:23:14:29:37.662
2427,1640237377679,0.09534109,0.063782655,-0.15845795,2021:12:23:14:29:37.679
2428,1640237377702,-0.08921582,0.04194475,-0.13448952,2021:12:23:14:29:37.702
2429,1640237377718,0.074834764,0.069375284,-0.24421166,2021:12:23:14:29:37.718
2430,1640237377742,0.007190529,0.00013315794,-0.3400854,2021:12:23:14:29:37.742
2431,1640237377763,0.11424951,0.0661795,-0.32996538,2021:12:23:14:29:37.763
2432,1640237377780,-0.14567478,-0.0070573706,-0.27590325,2021:12:23:14:29:37.780
2433,1640237377796,-0.06657897,-0.001997369,-0.32463905,2021:12:23:14:29:37.796
2434,1640237377818,0.006657897,0.029960537,-0.3789675,2021:12:23:14:29:37.818
2435,1640237377837,-0.14034846,-0.057923704,-0.39654434,2021:12:23:14:29:37.837
2436,1640237377863,0.06604634,-0.038482644,-0.4391549,2021:12:23:14:29:37.863
2437,1640237377882,0.12490215,-0.11677951,-0.5081307,2021:12:23:14:29:37.882
2438,1640237377897,0.11371688,-0.16098794,-0.5803023,2021:12:23:14:29:37.897
2439,1640237377917,0.040480014,-0.20999007,-0.49880964,2021:12:23:14:29:37.917
2440,1640237377946,0.04926844,-0.17110795,-0.3957454,2021:12:23:14:29:37.946
2441,1640237377960,0.24021693,-0.1902827,-0.34780854,2021:12:23:14:29:37.960
2442,1640237377980,0.037284225,-0.2760364,-0.25193483,2021:12:23:14:29:37.980
2443,1640237378000,0.094275825,-0.26138905,-0.1339569,2021:12:23:14:29:38.000
2444,1640237378018,0.25539693,-0.23848587,-0.12090741,2021:12:23:14:29:38.018
2445,1640237378040,-0.020240007,-0.3460775,-0.02130527,2021:12:23:14:29:38.040
2446,1640237378061,-0.08602003,-0.28722167,0.19494322,2021:12:23:14:29:38.061
2447,1640237378078,0.3488738,-0.082957394,0.25379902,2021:12:23:14:29:38.078
2448,1640237378101,0.15286532,-0.35593116,0.28282747,2021:12:23:14:29:38.101
2449,1640237378118,-0.18642111,-0.2675143,0.2969422,2021:12:23:14:29:38.118
2450,1640237378140,-0.10599372,-0.079228975,0.49880964,2021:12:23:14:29:38.140
2451,1640237378160,-0.011451583,-0.07470161,0.49108648,2021:12:23:14:29:38.160
2452,1640237378184,-0.11824425,-0.08588687,0.34141695,2021:12:23:14:29:38.184
2453,1640237378217,-0.43089908,-0.20732692,0.3539338,2021:12:23:14:29:38.217
2454,1640237378243,-0.023968428,0.020639481,0.48362964,2021:12:23:14:29:38.243
2455,1640237378261,0.007190529,0.02969422,0.40160435,2021:12:23:14:29:38.261
2456,1640237378276,-0.335558,-0.042477384,0.19654112,2021:12:23:14:29:38.276
2457,1640237378279,-0.03621896,-0.004394212,0.2681801,2021:12:23:14:29:38.279
2458,1640237378311,-0.22157481,-0.047537386,0.23089586,2021:12:23:14:29:38.311
2459,1640237378344,-0.022903167,0.009720529,0.123037934,2021:12:23:14:29:38.344
2460,1640237378361,-0.0503337,-0.025699483,0.09960214,2021:12:23:14:29:38.361
2461,1640237378379,-0.009587372,-0.027297378,0.0122505305,2021:12:23:14:29:38.379
2462,1640237378399,0.15153374,-0.06005423,-0.07243792,2021:12:23:14:29:38.399
2463,1640237378419,0.19414428,-0.042211067,-0.15046847,2021:12:23:14:29:38.419
2464,1640237378442,0.105727404,-0.115980566,-0.123304255,2021:12:23:14:29:38.442
2465,1640237378461,-0.008522108,-0.11757846,-0.061785284,2021:12:23:14:29:38.461
2466,1640237378478,0.107591614,-0.027297378,-0.09480845,2021:12:23:14:29:38.478
2467,1640237378499,0.17843165,-0.09520793,-0.007989476,2021:12:23:14:29:38.499
2468,1640237378516,0.08149266,-0.0544616,0.02902843,2021:12:23:14:29:38.516
2469,1640237378545,-0.04846949,0.010519478,0.03302317,2021:12:23:14:29:38.545
2470,1640237378561,-0.060986336,0.045673173,0.072970554,2021:12:23:14:29:38.561
2471,1640237378578,0.021571586,0.05419528,0.07350318,2021:12:23:14:29:38.578
2472,1640237378597,-0.0018642112,0.01877527,0.05299686,2021:12:23:14:29:38.597
2473,1640237378627,0.16298532,-0.0009321056,0.009587372,2021:12:23:14:29:38.627
2474,1640237378640,0.16724637,-0.016378427,-0.026897904,2021:12:23:14:29:38.640
2475,1640237378659,0.074834764,-0.00519316,-0.024501061,2021:12:23:14:29:38.659
2476,1640237378677,-0.10652635,-0.0118510565,-0.033555802,2021:12:23:14:29:38.677
2477,1640237378700,0.0029294747,-0.018508954,-0.089482136,2021:12:23:14:29:38.700
2478,1640237378715,0.20772639,0.00039947382,-0.107591614,2021:12:23:14:29:38.715
2479,1640237378741,0.2364885,-0.014780532,-0.08974845,2021:12:23:14:29:38.741
2480,1640237378761,0.1006674,0.03422159,-0.109722145,2021:12:23:14:29:38.761
2481,1640237378779,-0.18216006,-0.0025300009,-0.123037934,2021:12:23:14:29:38.779
2482,1640237378797,-0.2213085,-0.04540686,-0.24580956,2021:12:23:14:29:38.797
2483,1640237378826,-0.2751043,-0.10612688,-0.2934801,2021:12:23:14:29:38.826
2484,1640237378843,-0.09241161,-0.11438267,-0.23382534,2021:12:23:14:29:38.843
2485,1640237378862,-0.109455824,-0.10958899,-0.17816533,2021:12:23:14:29:38.862
2486,1640237378878,0.048203174,-0.036618434,-0.068176866,2021:12:23:14:29:38.878
2487,1640237378899,-0.22343902,-0.08002792,-0.040480014,2021:12:23:14:29:38.899
2488,1640237378926,-0.109722145,-0.067511074,-0.03755054,2021:12:23:14:29:38.926
2489,1640237378943,0.014381058,-0.10026793,-0.017576847,2021:12:23:14:29:38.943
2490,1640237378960,0.09108003,-0.081093185,-0.03169159,2021:12:23:14:29:38.960
2491,1640237378982,0.21678112,-0.07097318,0.048735805,2021:12:23:14:29:38.982
2492,1640237378997,0.101732664,-0.050466858,0.056725282,2021:12:23:14:29:38.997
2493,1640237379014,0.06604634,-0.026232114,0.02130527,2021:12:23:14:29:39.014
2494,1640237379043,-0.13209268,-0.052863702,0.009587372,2021:12:23:14:29:39.043
2495,1640237379060,-0.0737695,-0.094675295,0.038882118,2021:12:23:14:29:39.060
2496,1640237379079,0.15126742,-0.04833633,0.026365273,2021:12:23:14:29:39.079
2497,1640237379109,0.0636495,-0.07816371,0.019973692,2021:12:23:14:29:39.109
2498,1640237379126,-0.13475583,-0.09201214,0.04926844,2021:12:23:14:29:39.126
2499,1640237379144,-0.08335687,-0.09627319,0.07057371,2021:12:23:14:29:39.144
2500,1640237379160,-0.031957906,-0.08855003,0.087351605,2021:12:23:14:29:39.160
2501,1640237379177,-0.09267793,-0.11092056,0.20026955,2021:12:23:14:29:39.177
2502,1640237379197,-0.065247394,-0.042211067,0.33795485,2021:12:23:14:29:39.197
2503,1640237379227,0.12996215,0.036618434,0.3906854,2021:12:23:14:29:39.227
2504,1640237379243,-0.0788295,0.040879488,0.37870118,2021:12:23:14:29:39.243
2505,1640237379259,-0.17496954,0.07070687,0.355798,2021:12:23:14:29:39.259
2506,1640237379279,-0.065247394,0.12104057,0.3166496,2021:12:23:14:29:39.279
2507,1640237379296,-0.017310532,0.12956268,0.20346533,2021:12:23:14:29:39.296
2508,1640237379327,-0.055393703,0.14447637,0.07243792,2021:12:23:14:29:39.327
2509,1640237379344,-0.06285055,0.088816345,0.045540016,2021:12:23:14:29:39.344
2510,1640237379361,0.07536739,0.1316932,0.021571586,2021:12:23:14:29:39.361
2511,1640237379381,0.21252008,0.1383511,-0.053529494,2021:12:23:14:29:39.381
2512,1640237379399,-0.050866332,0.025433166,-0.096140034,2021:12:23:14:29:39.399
2513,1640237379426,0.03169159,0.09014793,0.015712637,2021:12:23:14:29:39.426
2514,1640237379442,-0.009321056,0.08375634,0.107857935,2021:12:23:14:29:39.442
2515,1640237379460,0.088416874,0.06724476,0.08016108,2021:12:23:14:29:39.460
2516,1640237379477,0.11797793,0.061652128,0.053529494,2021:12:23:14:29:39.477
2517,1640237379499,0.07536739,0.069375284,0.050866332,2021:12:23:14:29:39.499
2518,1640237379516,0.104928456,0.098670036,0.047670543,2021:12:23:14:29:39.516
2519,1640237379542,-0.07723161,0.11544793,0.05060002,2021:12:23:14:29:39.542
2520,1640237379558,-0.06657897,0.09174582,-0.010652635,2021:12:23:14:29:39.558
2521,1640237379578,-0.0101200035,0.06644581,-0.06072002,2021:12:23:14:29:39.578
2522,1640237379595,0.018908428,0.07416897,-0.06498107,2021:12:23:14:29:39.595
2523,1640237379616,0.10812425,0.121839516,-0.06578002,2021:12:23:14:29:39.616
2524,1640237379642,-0.12836425,0.048070017,-0.06684528,2021:12:23:14:29:39.642
2525,1640237379657,0.2314285,0.115980566,-0.111586355,2021:12:23:14:29:39.657
2526,1640237379676,0.092145294,0.08162582,-0.10253161,2021:12:23:14:29:39.676
2527,1640237379710,0.05805686,0.032623697,-0.18375796,2021:12:23:14:29:39.710
2528,1640237379727,0.13369057,0.028096326,-0.21038954,2021:12:23:14:29:39.727
2529,1640237379741,0.009321056,0.008655266,-0.17496954,2021:12:23:14:29:39.741
2530,1640237379758,0.070041075,0.015046847,-0.20825902,2021:12:23:14:29:39.758
2531,1640237379777,0.100134775,-0.04008054,-0.20373166,2021:12:23:14:29:39.777
2532,1640237379799,-0.08229161,-0.058722652,-0.20213376,2021:12:23:14:29:39.799
2533,1640237379827,-0.0503337,-0.030226853,-0.16325164,2021:12:23:14:29:39.827
2534,1640237379841,-0.29933906,-0.020373166,-0.12996215,2021:12:23:14:29:39.841
2535,1640237379859,-0.18162744,-0.052064754,-0.19094849,2021:12:23:14:29:39.859
2536,1640237379879,-0.18162744,-0.04673844,-0.11424951,2021:12:23:14:29:39.879
2537,1640237379909,-0.137419,-0.051532123,-0.059921075,2021:12:23:14:29:39.909
2538,1640237379925,-0.024234746,-0.05499423,-0.03675159,2021:12:23:14:29:39.925
2539,1640237379940,-0.0037284223,-0.07869634,-0.0050600017,2021:12:23:14:29:39.940
2540,1640237379978,-0.06684528,-0.08056056,0.024767376,2021:12:23:14:29:39.978
2541,1640237379995,-0.06604634,-0.0595216,0.038882118,2021:12:23:14:29:39.995
2542,1640237380024,0.06844318,-0.07416897,-0.027963167,2021:12:23:14:29:40.024
2543,1640237380041,0.03488738,-0.024367902,-0.03621896,2021:12:23:14:29:40.041
2544,1640237380058,-0.06258423,-0.023036323,0.05060002,2021:12:23:14:29:40.058
2545,1640237380076,0.0029294747,0.04460791,0.018908428,2021:12:23:14:29:40.076
2546,1640237380095,-0.06924213,-0.02143843,-0.006391581,2021:12:23:14:29:40.095
2547,1640237380125,0.032490537,0.022503693,-0.047670543,2021:12:23:14:29:40.125
2548,1640237380143,-0.12436952,0.06644581,-0.030892642,2021:12:23:14:29:40.143
2549,1640237380159,0.07350318,0.0027963168,-0.052464228,2021:12:23:14:29:40.159
2550,1640237380178,0.12756531,-0.013448952,-0.0889495,2021:12:23:14:29:40.178
2551,1640237380196,-0.07163897,0.024900535,-0.0503337,2021:12:23:14:29:40.196
2552,1640237380225,0.021837901,0.015046847,0.06924213,2021:12:23:14:29:40.225
2553,1640237380242,0.17470321,0.0310258,0.004793686,2021:12:23:14:29:40.242
2554,1640237380259,0.18881796,0.044075277,-0.017044216,2021:12:23:14:29:40.259
2555,1640237380277,-0.20240007,-0.016911058,0.08628634,2021:12:23:14:29:40.277
2556,1640237380298,0.25033692,-0.036085803,0.117445305,2021:12:23:14:29:40.298
2557,1640237380324,0.28788745,0.045140542,-0.07856318,2021:12:23:14:29:40.324
2558,1640237380341,-0.10359688,0.20599534,-0.22050954,2021:12:23:14:29:40.341
2559,1640237380357,-0.0037284223,0.011052109,0.12144004,2021:12:23:14:29:40.357
2560,1640237380384,-0.019973692,0.119708985,-0.2013348,2021:12:23:14:29:40.384
2561,1640237380396,0.081758976,-0.019307902,-0.2178464,2021:12:23:14:29:40.396
2562,1640237380425,-0.028229482,0.015579479,-0.04287686,2021:12:23:14:29:40.425
2563,1640237380442,0.060453705,0.0030626326,-0.023169482,2021:12:23:14:29:40.442
2564,1640237380457,0.25752747,0.050733175,0.0055926335,2021:12:23:14:29:40.457
2565,1640237380475,-0.2263685,0.020373166,0.053795807,2021:12:23:14:29:40.475
2566,1640237380505,0.026897904,0.09254477,0.074035816,2021:12:23:14:29:40.505
2567,1640237380522,0.020506322,0.10159951,0.050067388,2021:12:23:14:29:40.522
2568,1640237380540,0.0687095,0.104262665,-0.06072002,2021:12:23:14:29:40.540
2569,1640237380557,0.017310532,0.10586056,-0.04154528,2021:12:23:14:29:40.557
2570,1640237380578,-0.0037284223,0.098403715,-0.10839056,2021:12:23:14:29:40.578
2571,1640237380599,-0.008255793,0.07683213,-0.17683375,2021:12:23:14:29:40.599
2572,1640237380624,-0.010918951,0.0544616,-0.20346533,2021:12:23:14:29:40.624
2573,1640237380642,-0.016245268,0.03901528,-0.17150743,2021:12:23:14:29:40.642
2574,1640237380661,-0.012516847,0.03954791,-0.14807163,2021:12:23:14:29:40.661
2575,1640237380678,-0.0031957906,0.041678436,-0.10839056,2021:12:23:14:29:40.678
2576,1640237380699,0.0058589494,0.032091063,-0.10839056,2021:12:23:14:29:40.699
2577,1640237380723,-0.014381058,0.028895274,-0.08708529,2021:12:23:14:29:40.723
2578,1640237380742,0.052730545,0.011052109,-0.08681898,2021:12:23:14:29:40.742
2579,1640237380759,-0.021038955,-0.0049268436,-0.12170636,2021:12:23:14:29:40.759
2580,1640237380783,0.0013315794,-0.03182475,-0.115314774,2021:12:23:14:29:40.783
2581,1640237380797,-0.031957906,-0.024367902,-0.11265162,2021:12:23:14:29:40.797
2582,1640237380820,0.018642113,0.033156328,-0.15579478,2021:12:23:14:29:40.820
2583,1640237380844,-0.011451583,-0.14128058,-0.15579478,2021:12:23:14:29:40.844
2584,1640237380860,-0.03941475,-0.16098794,-0.19920428,2021:12:23:14:29:40.860
2585,1640237380878,-0.06977476,-0.1181111,-0.16831164,2021:12:23:14:29:40.878
2586,1640237380907,-0.017843165,-0.13062795,-0.15180005,2021:12:23:14:29:40.907
2587,1640237380916,-0.038615804,-0.1583248,-0.09747161,2021:12:23:14:29:40.916
2588,1640237380942,-0.0636495,-0.1181111,0.0037284223,2021:12:23:14:29:40.942
2589,1640237380957,-0.034621064,-0.08189213,0.017843165,2021:12:23:14:29:40.957
2590,1640237380978,-0.033555802,-0.08402266,-0.012783162,2021:12:23:14:29:40.978
2591,1640237380996,0.038615804,-0.089082666,-0.099868454,2021:12:23:14:29:40.996
2592,1640237381023,0.06391581,-0.14021531,-0.2061285,2021:12:23:14:29:41.023
2593,1640237381040,0.011451583,-0.19108164,-0.28762114,2021:12:23:14:29:41.040
2594,1640237381059,0.051931597,-0.21877849,-0.3017359,2021:12:23:14:29:41.059
2595,1640237381078,0.077764235,-0.24674167,-0.28549063,2021:12:23:14:29:41.078
2596,1640237381099,0.07137266,-0.24434482,-0.20399797,2021:12:23:14:29:41.099
2597,1640237381125,0.052730545,-0.20972376,-0.099868454,2021:12:23:14:29:41.125
2598,1640237381142,0.017843165,-0.21105534,-0.017576847,2021:12:23:14:29:41.142
2599,1640237381157,0.023702113,-0.2273006,0.046605278,2021:12:23:14:29:41.157
2600,1640237381180,-0.013315794,-0.24141535,0.111586355,2021:12:23:14:29:41.180
2601,1640237381198,-0.011984214,-0.19294585,0.19494322,2021:12:23:14:29:41.198
2602,1640237381222,-0.05938844,-0.18042901,0.24208114,2021:12:23:14:29:41.222
2603,1640237381239,-0.061518967,-0.16551532,0.27057692,2021:12:23:14:29:41.239
2604,1640237381260,-0.06311686,-0.13781847,0.30599695,2021:12:23:14:29:41.260
2605,1640237381277,-0.033555802,-0.09254477,0.31984538,2021:12:23:14:29:41.277
2606,1640237381296,-0.07749792,-0.08828372,0.2969422,2021:12:23:14:29:41.296
2607,1640237381323,-0.05166528,-0.007856319,0.26098958,2021:12:23:14:29:41.323
2608,1640237381341,-0.123037934,0.007856319,0.20586218,2021:12:23:14:29:41.341
2609,1640237381357,-0.03488738,-0.0083889505,0.07829687,2021:12:23:14:29:41.357
2610,1640237381375,-0.070041075,-0.0057257917,-0.0018642112,2021:12:23:14:29:41.375
2611,1640237381398,-0.038615804,0.030493168,-0.0031957906,2021:12:23:14:29:41.398
2612,1640237381417,-0.07563371,0.01291632,-0.017044216,2021:12:23:14:29:41.417
2613,1640237381442,-0.05113265,-0.026232114,-0.026098955,2021:12:23:14:29:41.442
2614,1640237381459,0.0015978953,0.037950013,-0.022370534,2021:12:23:14:29:41.459
2615,1640237381476,-0.045007385,0.0035952644,0.023169482,2021:12:23:14:29:41.476
2616,1640237381500,0.020240007,0.052064754,0.0061252653,2021:12:23:14:29:41.500
2617,1640237381527,-0.0452737,0.013448952,0.009853687,2021:12:23:14:29:41.527
2618,1640237381542,-0.014381058,-0.0030626326,-0.009587372,2021:12:23:14:29:41.542
2619,1640237381559,0.0053263176,-0.01291632,0.01358211,2021:12:23:14:29:41.559
2620,1640237381580,0.025566325,-0.0030626326,0.05832318,2021:12:23:14:29:41.580
2621,1640237381607,0.07456845,0.0057257917,0.10812425,2021:12:23:14:29:41.607
2622,1640237381624,0.019174743,0.01877527,0.15366426,2021:12:23:14:29:41.624
2623,1640237381641,0.0055926335,0.015845794,0.16378427,2021:12:23:14:29:41.641
2624,1640237381662,0.05432844,0.028362641,0.14221267,2021:12:23:14:29:41.662
2625,1640237381681,0.08468845,0.02516685,0.17470321,2021:12:23:14:29:41.681
2626,1640237381707,0.07723161,0.06697845,0.18588848,2021:12:23:14:29:41.707
2627,1640237381724,-0.03036001,0.0712395,0.14221267,2021:12:23:14:29:41.724
2628,1640237381741,0.038349487,0.08002792,0.07643266,2021:12:23:14:29:41.741
2629,1640237381779,0.0015978953,0.043808963,0.025566325,2021:12:23:14:29:41.779
2630,1640237381794,-0.017310532,0.06325002,-0.0284958,2021:12:23:14:29:41.794
2631,1640237381822,0.009587372,0.088816345,-0.06498107,2021:12:23:14:29:41.822
2632,1640237381839,0.04207791,0.052064754,-0.09960214,2021:12:23:14:29:41.839
2633,1640237381856,0.04447475,0.017710006,-0.15606111,2021:12:23:14:29:41.856
2634,1640237381878,-0.07030739,-0.044341594,-0.17976321,2021:12:23:14:29:41.878
2635,1640237381903,-0.01358211,-0.013715268,-0.083623186,2021:12:23:14:29:41.903
2636,1640237381920,-0.022104219,-0.020639481,-0.010652635,2021:12:23:14:29:41.920
2637,1640237381940,-0.011717899,-0.017976321,0.0055926335,2021:12:23:14:29:41.940
2638,1640237381959,0.026098955,-0.03368896,0.011185267,2021:12:23:14:29:41.959
2639,1640237381979,0.08974845,-0.013182636,0.046072647,2021:12:23:14:29:41.979
2640,1640237381997,-0.061518967,-0.036085803,0.10439582,2021:12:23:14:29:41.997
2641,1640237382020,-0.07110634,-0.028096326,0.16671374,2021:12:23:14:29:42.020
2642,1640237382037,0.016777901,0.041678436,0.22104219,2021:12:23:14:29:42.037
2643,1640237382062,0.037284225,-0.019840533,0.25965798,2021:12:23:14:29:42.062
2644,1640237382078,0.00079894764,-0.0009321056,0.28735483,2021:12:23:14:29:42.078
2645,1640237382106,0.0031957906,0.071505815,0.28788745,2021:12:23:14:29:42.106
2646,1640237382123,-0.11771162,0.028362641,0.2769685,2021:12:23:14:29:42.123
2647,1640237382141,0.036485277,0.0712395,0.19547586,2021:12:23:14:29:42.141
2648,1640237382156,0.023702113,0.0478037,0.15606111,2021:12:23:14:29:42.156
2649,1640237382187,-0.09827056,0.04647212,0.1139832,2021:12:23:14:29:42.187
2650,1640237382195,-0.028229482,0.08269108,0.025033694,2021:12:23:14:29:42.195
2651,1640237382219,0.1877527,0.16125427,0.021571586,2021:12:23:14:29:42.219
2652,1640237382244,0.20479691,0.040879488,0.05832318,2021:12:23:14:29:42.244
2653,1640237382260,0.098004244,0.039814223,-0.037284225,2021:12:23:14:29:42.260
2654,1640237382275,0.11824425,0.15433006,-0.10146635,2021:12:23:14:29:42.275
2655,1640237382305,-0.054861072,0.045673173,-0.053529494,2021:12:23:14:29:42.305
2656,1640237382320,-0.0284958,0.077364765,-0.08815055,2021:12:23:14:29:42.320
2657,1640237382339,0.0010652635,0.06351634,-0.10439582,2021:12:23:14:29:42.339
2658,1640237382357,0.13475583,0.03422159,-0.15526216,2021:12:23:14:29:42.357
2659,1640237382379,0.0940095,0.0057257917,-0.18322533,2021:12:23:14:29:42.379
2660,1640237382405,-0.20932429,-0.025699483,-0.19334532,2021:12:23:14:29:42.405
2661,1640237382421,-0.052464228,-0.045673173,-0.27616957,2021:12:23:14:29:42.421
2662,1640237382440,0.017044216,-0.047537386,-0.31185588,2021:12:23:14:29:42.440
2663,1640237382460,0.017843165,-0.08961529,-0.13821794,2021:12:23:14:29:42.460
2664,1640237382487,0.2045306,-0.049401596,-0.08761793,2021:12:23:14:29:42.487
2665,1640237382505,0.05885581,-0.04141212,-0.04846949,2021:12:23:14:29:42.505
2666,1640237382521,0.17656744,-0.048868965,-0.068176866,2021:12:23:14:29:42.521
2667,1640237382541,-0.117445305,-0.119975306,-0.08096003,2021:12:23:14:29:42.541
2668,1640237382559,0.1073253,-0.071505815,-0.10120004,2021:12:23:14:29:42.559
2669,1640237382590,0.11638004,-0.10373004,-0.084422134,2021:12:23:14:29:42.590
2670,1640237382605,-0.047936857,-0.14873742,-0.011717899,2021:12:23:14:29:42.605
2671,1640237382622,0.002130527,-0.07576687,0.031957906,2021:12:23:14:29:42.622
2672,1640237382639,0.058589496,-0.085087925,0.07084002,2021:12:23:14:29:42.639
2673,1640237382655,-0.100933716,-0.04593949,0.10253161,2021:12:23:14:29:42.655
2674,1640237382676,0.13821794,-0.016112112,0.11504846,2021:12:23:14:29:42.676
2675,1640237382706,-0.047137912,0.0014647373,0.07350318,2021:12:23:14:29:42.706
2676,1640237382722,0.046072647,-0.0030626326,0.14301163,2021:12:23:14:29:42.722
2677,1640237382737,-0.014647374,0.02969422,0.12383688,2021:12:23:14:29:42.737
2678,1640237382759,-0.039681066,0.040879488,0.18908428,2021:12:23:14:29:42.759
2679,1640237382778,0.08042739,0.06990792,0.17763269,2021:12:23:14:29:42.778
2680,1640237382797,-0.1206411,0.12397004,0.1440769,2021:12:23:14:29:42.797
2681,1640237382822,-0.06338318,0.05366265,0.16964322,2021:12:23:14:29:42.822
2682,1640237382841,-0.01810948,0.15086795,0.04314317,2021:12:23:14:29:42.841
2683,1640237382858,-0.18508954,0.11278477,0.05752423,2021:12:23:14:29:42.858
2684,1640237382878,-0.16405058,0.14074795,0.014647374,2021:12:23:14:29:42.878
2685,1640237382900,-0.157659,0.15086795,-0.035952643,2021:12:23:14:29:42.900
2686,1640237382926,-0.23249376,0.18229322,-0.061252654,2021:12:23:14:29:42.926
2687,1640237382942,-0.26445168,0.1383511,-0.042344224,2021:12:23:14:29:42.942
2688,1640237382958,0.16005585,0.20066902,-0.18402427,2021:12:23:14:29:42.958
2689,1640237382978,-0.008522108,0.12530163,-0.15819164,2021:12:23:14:29:42.978
2690,1640237383003,-0.07456845,0.07363634,-0.1390169,2021:12:23:14:29:43.003
2691,1640237383022,0.11797793,0.19081533,-0.18935059,2021:12:23:14:29:43.022
2692,1640237383040,0.053263176,0.08535424,-0.22237375,2021:12:23:14:29:43.040
2693,1640237383063,0.18788585,0.12530163,-0.3004043,2021:12:23:14:29:43.063
2694,1640237383078,0.20972376,0.11171951,-0.32304117,2021:12:23:14:29:43.078
2695,1640237383103,0.33995223,0.07470161,-0.3707117,2021:12:23:14:29:43.103
2696,1640237383121,0.22357218,0.053396333,-0.43089908,2021:12:23:14:29:43.121
2697,1640237383139,-0.088816345,-0.035020538,-0.32410643,2021:12:23:14:29:43.139
2698,1640237383156,0.20785955,-0.025965799,-0.2982738,2021:12:23:14:29:43.156
2699,1640237383176,0.04540686,-0.06218476,-0.25513062,2021:12:23:14:29:43.176
2700,1640237383196,-0.063782655,-0.12982899,-0.18642111,2021:12:23:14:29:43.196
2701,1640237383220,0.03542001,-0.11917636,-0.096140034,2021:12:23:14:29:43.220
2702,1640237383237,-0.08122634,-0.1535311,0.064448446,2021:12:23:14:29:43.237
2703,1640237383258,-0.06338318,-0.12290478,0.072970554,2021:12:23:14:29:43.258
2704,1640237383279,-0.06498107,-0.16205321,0.1339569,2021:12:23:14:29:43.279
2705,1640237383304,0.027696852,-0.13382374,0.18029585,2021:12:23:14:29:43.304
2706,1640237383319,-0.15286532,-0.1902827,0.20506322,2021:12:23:14:29:43.319
2707,1640237383342,0.053263176,-0.14873742,0.24367903,2021:12:23:14:29:43.342
2708,1640237383357,-0.025566325,-0.13488899,0.254598,2021:12:23:14:29:43.357
2709,1640237383389,0.027963167,-0.14660689,0.31957906,2021:12:23:14:29:43.389
2710,1640237383405,-0.037816856,-0.13968268,0.3302317,2021:12:23:14:29:43.405
2711,1640237383420,-0.05113265,-0.1031974,0.34993908,2021:12:23:14:29:43.420
2712,1640237383439,-0.07936213,-0.075234234,0.3704454,2021:12:23:14:29:43.439
2713,1640237383461,-0.008255793,-0.03874896,0.33582434,2021:12:23:14:29:43.461
2714,1640237383477,-0.044741068,-0.035020538,0.284958,2021:12:23:14:29:43.477
2715,1640237383504,-0.11424951,-0.020106848,0.23861903,2021:12:23:14:29:43.504
2716,1640237383537,-0.15899058,0.033955276,0.172839,2021:12:23:14:29:43.537
2717,1640237383555,-0.09454214,0.04460791,0.122238986,2021:12:23:14:29:43.555
2718,1640237383579,0.014647374,0.0035952644,0.06471476,2021:12:23:14:29:43.579
2719,1640237383595,0.06764423,0.03874896,-0.00079894764,2021:12:23:14:29:43.595
2720,1640237383622,-0.09001477,0.0017310532,-0.06791055,2021:12:23:14:29:43.622
2721,1640237383637,0.023702113,0.022503693,-0.13821794,2021:12:23:14:29:43.637
2722,1640237383656,0.013049478,0.027031062,-0.11078741,2021:12:23:14:29:43.656
2723,1640237383676,-0.03169159,0.0017310532,-0.12197267,2021:12:23:14:29:43.676
2724,1640237383706,0.10839056,0.03182475,-0.19547586,2021:12:23:14:29:43.706
2725,1640237383722,0.19600849,-0.0006657897,-0.21678112,2021:12:23:14:29:43.722
2726,1640237383740,0.106792666,-0.0011984215,-0.20905797,2021:12:23:14:29:43.740
2727,1640237383757,-0.046871595,-0.04673844,-0.15419689,2021:12:23:14:29:43.757
2728,1640237383779,0.040480014,-0.04061317,-0.26258746,2021:12:23:14:29:43.779
2729,1640237383802,0.018908428,-0.090680555,-0.29081693,2021:12:23:14:29:43.802
2730,1640237383822,-0.02130527,-0.077098444,-0.1006674,2021:12:23:14:29:43.822
2731,1640237383837,0.0037284223,-0.07097318,-0.019174743,2021:12:23:14:29:43.837
2732,1640237383860,-0.007989476,-0.08029424,-0.04154528,2021:12:23:14:29:43.860
2733,1640237383878,0.0061252653,-0.10745846,-0.004261054,2021:12:23:14:29:43.878
2734,1640237383903,-0.066312656,-0.098670036,0.05219791,2021:12:23:14:29:43.903
2735,1640237383918,0.021038955,-0.04141212,-0.059921075,2021:12:23:14:29:43.918
2736,1640237383940,0.021038955,-0.08775108,-0.10652635,2021:12:23:14:29:43.940
2737,1640237383957,-0.093210556,-0.1316932,-0.05060002,2021:12:23:14:29:43.957
2738,1640237383988,0.026365273,-0.030226853,-0.12889689,2021:12:23:14:29:43.988
2739,1640237384003,-0.009321056,-0.12610057,-0.029827379,2021:12:23:14:29:44.003
2740,1640237384020,-0.14833795,-0.0762995,0.04447475,2021:12:23:14:29:44.020
2741,1640237384037,0.020506322,0.0083889505,0.039681066,2021:12:23:14:29:44.037
2742,1640237384068,-0.13608742,-0.032623697,0.091346346,2021:12:23:14:29:44.068
2743,1640237384078,0.019441059,-0.055260547,0.08335687,2021:12:23:14:29:44.078
2744,1640237384104,-0.0058589494,-0.048602648,0.03568633,2021:12:23:14:29:44.104
2745,1640237384120,-0.03169159,-0.0478037,0.11185267,2021:12:23:14:29:44.120
2746,1640237384140,-0.053263176,-0.06005423,0.105727404,2021:12:23:14:29:44.140
2747,1640237384159,-0.040480014,-0.061652128,0.0905474,2021:12:23:14:29:44.159
2748,1640237384179,0.008522108,-0.050999492,0.12383688,2021:12:23:14:29:44.179
2749,1640237384203,-0.017310532,-0.07976161,0.16058847,2021:12:23:14:29:44.203
2750,1640237384220,0.03621896,-0.017710006,0.21411797,2021:12:23:14:29:44.220
2751,1640237384238,-0.017576847,-0.0062584234,0.24847272,2021:12:23:14:29:44.238
2752,1640237384260,-0.00053263176,-0.014780532,0.254598,2021:12:23:14:29:44.260
2753,1640237384287,0.040213697,0.010253161,0.2817622,2021:12:23:14:29:44.287
2754,1640237384305,0.024234746,0.034487907,0.3004043,2021:12:23:14:29:44.305
2755,1640237384321,0.059921075,0.027297378,0.29933906,2021:12:23:14:29:44.321
2756,1640237384342,0.047404226,0.0478037,0.32756853,2021:12:23:14:29:44.342
2757,1640237384359,-0.067111604,0.056592125,0.3435475,2021:12:23:14:29:44.359
2758,1640237384387,-0.046605278,0.12290478,0.31798115,2021:12:23:14:29:44.387
2759,1640237384402,0.07456845,0.15646058,0.32597065,2021:12:23:14:29:44.402
2760,1640237384420,0.07270423,0.14900373,0.31292117,2021:12:23:14:29:44.420
2761,1640237384436,0.008255793,0.23715429,0.26871273,2021:12:23:14:29:44.436
2762,1640237384455,0.0284958,0.24274692,0.23515692,2021:12:23:14:29:44.455
2763,1640237384477,0.04287686,0.21797955,0.15819164,2021:12:23:14:29:44.477
2764,1640237384503,-0.10865688,0.20120165,0.12756531,2021:12:23:14:29:44.503
2765,1640237384521,0.070041075,0.27523747,0.11717899,2021:12:23:14:29:44.521
2766,1640237384540,-0.0503337,0.24620903,0.018908428,2021:12:23:14:29:44.540
2767,1640237384557,0.11717899,0.3191796,-0.038882118,2021:12:23:14:29:44.557
2768,1640237384577,-0.0636495,0.2406164,-0.06471476,2021:12:23:14:29:44.577
2769,1640237384604,0.004261054,0.2592585,-0.13528846,2021:12:23:14:29:44.604
2770,1640237384619,-0.07270423,0.26351956,-0.17523585,2021:12:23:14:29:44.619
2771,1640237384638,-0.0074568447,0.25206798,-0.20426428,2021:12:23:14:29:44.638
2772,1640237384660,0.30280116,0.36232275,-0.2412822,2021:12:23:14:29:44.660
2773,1640237384687,-0.07243792,0.0997353,-0.27084324,2021:12:23:14:29:44.687
2774,1640237384705,-0.00079894764,0.052863702,-0.2263685,2021:12:23:14:29:44.705
2775,1640237384719,0.020506322,0.19108164,-0.22184113,2021:12:23:14:29:44.719
2776,1640237384743,0.0055926335,0.05819002,-0.11078741,2021:12:23:14:29:44.743
2777,1640237384756,-0.004793686,0.145009,-0.09347688,2021:12:23:14:29:44.756
2778,1640237384774,-0.019174743,0.071505815,-0.111586355,2021:12:23:14:29:44.774
2779,1640237384794,0.10466214,0.15086795,-0.10652635,2021:12:23:14:29:44.794
2780,1640237384821,0.03755054,0.056592125,-0.07030739,2021:12:23:14:29:44.821
2781,1640237384840,-0.32730222,0.042743698,-0.09374319,2021:12:23:14:29:44.840
2782,1640237384869,0.10412951,0.17243953,-0.19441059,2021:12:23:14:29:44.869
2783,1640237384878,0.0284958,0.018508954,-0.13209268,2021:12:23:14:29:44.878
2784,1640237384903,0.025033694,0.12290478,-0.22849903,2021:12:23:14:29:44.903
2785,1640237384919,-0.0687095,0.033156328,-0.21731377,2021:12:23:14:29:44.919
2786,1640237384940,0.00026631588,-0.009187898,-0.25060326,2021:12:23:14:29:44.940
2787,1640237384957,-0.16804533,0.010785793,-0.2511359,2021:12:23:14:29:44.957
2788,1640237384986,-0.15952322,-0.026764747,-0.21598218,2021:12:23:14:29:44.986
2789,1640237385002,0.16990954,0.007856319,-0.24687482,2021:12:23:14:29:45.002
2790,1640237385019,0.11052109,-0.011052109,-0.20559587,2021:12:23:14:29:45.019
2791,1640237385038,0.045806333,0.008122634,-0.24421166,2021:12:23:14:29:45.038
2792,1640237385059,-0.019441059,-0.04647212,-0.2916159,2021:12:23:14:29:45.059
2793,1640237385086,-0.030626327,-0.07203845,-0.26391903,2021:12:23:14:29:45.086
2794,1640237385102,-0.081758976,-0.083223715,-0.16591479,2021:12:23:14:29:45.102
2795,1640237385121,0.0687095,-0.057391074,-0.21145481,2021:12:23:14:29:45.121
2796,1640237385138,0.12383688,-0.08002792,-0.21198744,2021:12:23:14:29:45.138
2797,1640237385158,-0.06684528,-0.08056056,-0.1307611,2021:12:23:14:29:45.158
2798,1640237385184,-0.028229482,-0.07470161,-0.20426428,2021:12:23:14:29:45.184
2799,1640237385218,0.021837901,-0.07177213,-0.3438138,2021:12:23:14:29:45.218
2800,1640237385235,0.011984214,-0.13435636,-0.36991277,2021:12:23:14:29:45.235
2801,1640237385260,0.018908428,-0.11544793,-0.33449274,2021:12:23:14:29:45.260
2802,1640237385275,0.05566002,-0.0981374,-0.29454535,2021:12:23:14:29:45.275
2803,1640237385301,0.022370534,-0.0930774,-0.3403517,2021:12:23:14:29:45.301
2804,1640237385319,0.025033694,-0.15299848,-0.35846117,2021:12:23:14:29:45.319
2805,1640237385320,0.15286532,-0.13755216,-0.36405382,2021:12:23:14:29:45.320
2806,1640237385341,-0.06737792,-0.23475745,-0.33502537,2021:12:23:14:29:45.341
2807,1640237385375,0.03568633,-0.20279954,-0.31744853,2021:12:23:14:29:45.375
2808,1640237385402,0.06018739,-0.23342587,-0.27750114,2021:12:23:14:29:45.402
2809,1640237385419,0.051931597,-0.28695536,-0.20825902,2021:12:23:14:29:45.419
2810,1640237385437,0.055393703,-0.2842922,-0.09960214,2021:12:23:14:29:45.437
2811,1640237385456,0.045540016,-0.2810964,0.077764235,2021:12:23:14:29:45.456
2812,1640237385485,-0.06018739,-0.24514377,0.167779,2021:12:23:14:29:45.485
2813,1640237385500,0.05566002,-0.19267954,0.21518323,2021:12:23:14:29:45.500
2814,1640237385519,-0.0050600017,-0.2171806,0.23888534,2021:12:23:14:29:45.519
2815,1640237385540,0.033289485,-0.22303955,0.23675482,2021:12:23:14:29:45.540
2816,1640237385558,-0.037284225,-0.20066902,0.27270746,2021:12:23:14:29:45.558
2817,1640237385588,-0.014381058,-0.18815216,0.3336938,2021:12:23:14:29:45.588
2818,1640237385602,-0.0015978953,-0.17323849,0.36511907,2021:12:23:14:29:45.602
2819,1640237385621,-0.12969583,-0.16791217,0.40373486,2021:12:23:14:29:45.621
2820,1640237385637,0.028229482,-0.10852372,0.46871597,2021:12:23:14:29:45.637
2821,1640237385658,-0.024501061,-0.08748477,0.51265806,2021:12:23:14:29:45.658
2822,1640237385685,-0.041278962,-0.0864195,0.5454149,2021:12:23:14:29:45.685
2823,1640237385703,-0.015180005,0.006524739,0.5752423,2021:12:23:14:29:45.703
2824,1640237385719,0.006924213,0.020639481,0.52810436,2021:12:23:14:29:45.719
2825,1640237385744,-0.009587372,0.056059495,0.46019384,2021:12:23:14:29:45.744
2826,1640237385757,0.054062124,0.08748477,0.38828856,2021:12:23:14:29:45.757
2827,1640237385777,0.0284958,0.09414266,0.29720852,2021:12:23:14:29:45.777
2828,1640237385803,0.1339569,0.13089426,0.22610219,2021:12:23:14:29:45.803
2829,1640237385819,0.011451583,0.107192144,0.1896169,2021:12:23:14:29:45.819
2830,1640237385837,-0.07749792,0.14234585,0.1190432,2021:12:23:14:29:45.837
2831,1640237385856,0.029827379,0.21425113,0.1358211,2021:12:23:14:29:45.856
2832,1640237385884,0.030093694,0.21877849,0.07696529,2021:12:23:14:29:45.884
2833,1640237385904,-0.03169159,0.18735322,-0.051931597,2021:12:23:14:29:45.904
2834,1640237385919,0.046871595,0.19773954,-0.07616634,2021:12:23:14:29:45.919
2835,1640237385939,0.03036001,0.13755216,-0.050866332,2021:12:23:14:29:45.939
2836,1640237385957,-0.003994738,0.15219952,-0.03302317,2021:12:23:14:29:45.957
2837,1640237385984,-0.0620516,0.15379742,0.02530001,2021:12:23:14:29:45.984
2838,1640237386001,0.034088433,0.11837741,0.02583264,2021:12:23:14:29:46.001
2839,1640237386019,0.006924213,0.115980566,-0.03675159,2021:12:23:14:29:46.019
2840,1640237386038,-0.012783162,0.08855003,-0.04074633,2021:12:23:14:29:46.038
2841,1640237386060,-0.018908428,0.04700475,-0.08575372,2021:12:23:14:29:46.060
2842,1640237386084,-0.00026631588,0.081093185,-0.13875057,2021:12:23:14:29:46.084
2843,1640237386100,-0.056458965,0.066712126,-0.14833795,2021:12:23:14:29:46.100
2844,1640237386118,0.0061252653,0.058988966,-0.1877527,2021:12:23:14:29:46.118
2845,1640237386142,-0.019973692,0.0712395,-0.26604956,2021:12:23:14:29:46.142
2846,1640237386158,-0.021837901,0.044341594,-0.31771484,2021:12:23:14:29:46.158
2847,1640237386185,0.018375795,0.038482644,-0.35180327,2021:12:23:14:29:46.185
2848,1640237386202,0.040213697,0.0035952644,-0.35127065,2021:12:23:14:29:46.202
2849,1640237386217,-0.027430536,-0.075500555,-0.36139065,2021:12:23:14:29:46.217
2850,1640237386233,0.03435475,-0.07017423,-0.36432013,2021:12:23:14:29:46.233
2851,1640237386268,0.059122127,-0.09227845,-0.27776745,2021:12:23:14:29:46.268
2852,1640237386285,0.0010652635,-0.108257405,-0.15925689,2021:12:23:14:29:46.285
2853,1640237386299,-0.00026631588,-0.124502674,-0.12756531,2021:12:23:14:29:46.299
2854,1640237386317,0.080693714,-0.10399635,-0.056458965,2021:12:23:14:29:46.317
2855,1640237386337,0.0101200035,-0.15140058,0.0101200035,2021:12:23:14:29:46.337
2856,1640237386358,-0.033555802,-0.20253323,0.0452737,2021:12:23:14:29:46.358
2857,1640237386385,-0.020506322,-0.19720691,0.076698974,2021:12:23:14:29:46.385
2858,1640237386401,0.052464228,-0.1953427,0.18935059,2021:12:23:14:29:46.401
2859,1640237386419,-0.0122505305,-0.16551532,0.27084324,2021:12:23:14:29:46.419
2860,1640237386438,0.030626327,-0.114116356,0.3235738,2021:12:23:14:29:46.438
2861,1640237386467,-0.015978953,-0.10692582,0.37497276,2021:12:23:14:29:46.467
2862,1640237386486,-0.040480014,-0.05313002,0.39148435,2021:12:23:14:29:46.486
2863,1640237386502,0.10998846,-0.005992107,0.3286338,2021:12:23:14:29:46.502
2864,1640237386520,0.09374319,-0.023835272,0.29854012,2021:12:23:14:29:46.520
2865,1640237386539,0.027430536,0.032623697,0.24687482,2021:12:23:14:29:46.539
2866,1640237386558,0.07030739,0.07576687,0.17896427,2021:12:23:14:29:46.558
2867,1640237386581,0.00053263176,0.051532123,0.15712637,2021:12:23:14:29:46.581
2868,1640237386602,0.05619265,0.12556794,0.13448952,2021:12:23:14:29:46.602
2869,1640237386633,0.032224223,0.13622057,0.10599372,2021:12:23:14:29:46.633
2870,1640237386636,-0.044741068,0.19054902,0.053263176,2021:12:23:14:29:46.636
2871,1640237386659,0.059122127,0.20892482,-0.04980107,2021:12:23:14:29:46.659
2872,1640237386674,0.026897904,0.17377111,-0.10865688,2021:12:23:14:29:46.674
2873,1640237386700,-0.014647374,0.18149427,-0.13608742,2021:12:23:14:29:46.700
2874,1640237386718,-0.020506322,0.19481006,-0.19813901,2021:12:23:14:29:46.718
2875,1640237386736,-0.10359688,0.13116057,-0.27084324,2021:12:23:14:29:46.736
2876,1640237386757,-0.07243792,0.12050793,-0.35952643,2021:12:23:14:29:46.757
2877,1640237386784,-0.023968428,0.13062795,-0.3821633,2021:12:23:14:29:46.784
2878,1640237386800,-0.08335687,0.073370025,-0.3635212,2021:12:23:14:29:46.800
2879,1640237386818,0.027430536,0.071505815,-0.41518646,2021:12:23:14:29:46.818
2880,1640237386839,0.031158958,0.061652128,-0.37630433,2021:12:23:14:29:46.839
2881,1640237386857,0.04154528,0.044075277,-0.29747483,2021:12:23:14:29:46.857
2882,1640237386884,-0.009321056,0.034487907,-0.30919275,2021:12:23:14:29:46.884
2883,1640237386900,-0.026098955,-0.010785793,-0.30253485,2021:12:23:14:29:46.900
2884,1640237386919,0.08815055,-0.05632581,-0.2431464,2021:12:23:14:29:46.919
2885,1640237386942,0.07163897,-0.07470161,-0.18855165,2021:12:23:14:29:46.942
2886,1640237386975,0.030892642,-0.07656582,-0.09933583,2021:12:23:14:29:46.975
2887,1640237386999,0.10253161,-0.04460791,-0.011185267,2021:12:23:14:29:46.999
2888,1640237387001,0.01038632,-0.05499423,0.041012645,2021:12:23:14:29:47.001
2889,1640237387020,-0.040213697,-0.06484792,0.109722145,2021:12:23:14:29:47.020
2890,1640237387039,-0.03036001,-0.023568956,0.172839,2021:12:23:14:29:47.039
2891,1640237387061,0.024501061,-0.02516685,0.17843165,2021:12:23:14:29:47.061
2892,1640237387087,-0.018908428,-0.06431528,0.16351795,2021:12:23:14:29:47.087
2893,1640237387102,0.05432844,-0.02916159,0.15606111,2021:12:23:14:29:47.102
2894,1640237387137,-0.05432844,-0.07763108,0.15978953,2021:12:23:14:29:47.137
2895,1640237387157,0.002130527,-0.03182475,0.13662004,2021:12:23:14:29:47.157
2896,1640237387176,-0.029561063,-0.060586862,0.13182636,2021:12:23:14:29:47.176
2897,1640237387202,-0.019973692,-0.07203845,0.13182636,2021:12:23:14:29:47.202
2898,1640237387219,-0.017576847,-0.050466858,0.081758976,2021:12:23:14:29:47.219
2899,1640237387237,-0.017044216,-0.057923704,0.07976161,2021:12:23:14:29:47.237
2900,1640237387257,0.037017908,-0.035286855,0.038482644,2021:12:23:14:29:47.257
2901,1640237387279,-0.004261054,-0.06404897,0.023835272,2021:12:23:14:29:47.279
2902,1640237387304,-0.012783162,-0.10346372,0.09520793,2021:12:23:14:29:47.304
2903,1640237387321,0.014913689,-0.017177375,0.15699321,2021:12:23:14:29:47.321
2904,1640237387340,-0.07137266,-0.027297378,0.26138905,2021:12:23:14:29:47.340
2905,1640237387363,-0.06072002,0.017177375,0.31997854,2021:12:23:14:29:47.363
2906,1640237387382,-0.012516847,0.114915304,0.34101748,2021:12:23:14:29:47.382
2907,1640237387399,-0.02130527,0.08562055,0.3378217,2021:12:23:14:29:47.399
2908,1640237387418,0.046338964,0.096539505,0.24035008,2021:12:23:14:29:47.418
2909,1640237387438,0.017310532,0.13249215,0.15965638,2021:12:23:14:29:47.438
2910,1640237387466,-0.021837901,0.10373004,0.062451076,2021:12:23:14:29:47.466
2911,1640237387481,0.002130527,0.09174582,-0.08349003,2021:12:23:14:29:47.481
2912,1640237387501,-0.07084002,0.071505815,-0.114915304,2021:12:23:14:29:47.501
2913,1640237387518,0.016777901,0.09014793,-0.1250353,2021:12:23:14:29:47.518
2914,1640237387547,0.03542001,0.107192144,-0.09893635,2021:12:23:14:29:47.547
2915,1640237387556,-0.03755054,0.04008054,-0.11438267,2021:12:23:14:29:47.556
2916,1640237387584,0.00079894764,0.08775108,-0.18948375,2021:12:23:14:29:47.584
2917,1640237387599,0.0053263176,0.051532123,-0.15140058,2021:12:23:14:29:47.599
2918,1640237387618,0.033822116,0.0139815835,-0.21238692,2021:12:23:14:29:47.618
2919,1640237387637,0.044741068,-0.02969422,-0.327968,2021:12:23:14:29:47.637
2920,1640237387667,0.009321056,-0.110121615,-0.31518483,2021:12:23:14:29:47.667
2921,1640237387683,0.049002122,-0.14474268,-0.24008377,2021:12:23:14:29:47.683
2922,1640237387698,-0.04207791,-0.19587533,-0.17217322,2021:12:23:14:29:47.698
2923,1640237387718,0.06258423,-0.16125427,-0.13781847,2021:12:23:14:29:47.718
2924,1640237387748,0.0034621065,-0.16045532,-0.033156328,2021:12:23:14:29:47.748
2925,1640237387756,-0.036485277,-0.15219952,0.121839516,2021:12:23:14:29:47.756
2926,1640237387784,0.037017908,-0.10346372,0.15725952,2021:12:23:14:29:47.784
2927,1640237387800,-0.0034621065,-0.09440898,0.21505007,2021:12:23:14:29:47.800
2928,1640237387820,-0.019973692,-0.073370025,0.2688459,2021:12:23:14:29:47.820
2929,1640237387837,-0.014114741,0.001997369,0.21957745,2021:12:23:14:29:47.837
2930,1640237387868,0.007989476,-0.014514215,0.12210583,2021:12:23:14:29:47.868
2931,1640237387886,-0.019174743,-0.00039947382,-0.007856319,2021:12:23:14:29:47.886
2932,1640237387900,0.019441059,0.0054594753,-0.10612688,2021:12:23:14:29:47.900
2933,1640237387917,-0.04287686,-0.037417382,-0.19560902,2021:12:23:14:29:47.917
2934,1640237387953,0.017044216,-0.00519316,-0.2810964,2021:12:23:14:29:47.953
2935,1640237387966,-0.013848426,0.002263685,-0.31385326,2021:12:23:14:29:47.966
2936,1640237387982,0.048203174,0.038482644,-0.29414588,2021:12:23:14:29:47.982
2937,1640237387998,0.053529494,-0.02516685,-0.3045322,2021:12:23:14:29:47.998
2938,1640237388016,-0.026897904,-0.067777395,-0.3290333,2021:12:23:14:29:48.016
2939,1640237388035,-0.031425275,-0.12610057,-0.26458484,2021:12:23:14:29:48.035
2940,1640237388057,-0.038882118,-0.12343741,-0.18229322,2021:12:23:14:29:48.057
2941,1640237388083,-0.03435475,-0.124502674,-0.069641605,2021:12:23:14:29:48.083
2942,1640237388100,0.009587372,-0.11837741,0.05366265,2021:12:23:14:29:48.100
2943,1640237388115,-0.014381058,-0.063782655,0.17803216,2021:12:23:14:29:48.115
2944,1640237388138,-0.031158958,-0.096539505,0.28189537,2021:12:23:14:29:48.138
2945,1640237388157,0.00452737,-0.07017423,0.34554484,2021:12:23:14:29:48.157
2946,1640237388182,-0.018642113,-0.007323687,0.42730382,2021:12:23:14:29:48.182
2947,1640237388200,-0.034621064,0.016911058,0.47177857,2021:12:23:14:29:48.200
2948,1640237388216,-0.03675159,0.09041424,0.47417542,2021:12:23:14:29:48.216
2949,1640237388238,-0.023702113,0.16045532,0.50959545,2021:12:23:14:29:48.238
2950,1640237388266,0.0055926335,0.21851218,0.5327649,2021:12:23:14:29:48.266
2951,1640237388282,-0.024234746,0.2789659,0.485627,2021:12:23:14:29:48.282
2952,1640237388298,-0.011185267,0.32157642,0.3814975,2021:12:23:14:29:48.298
2953,1640237388316,0.00452737,0.36924696,0.27976483,2021:12:23:14:29:48.316
2954,1640237388340,0.064448446,0.42304277,0.18255953,2021:12:23:14:29:48.340
2955,1640237388366,0.054594755,0.41585225,0.022770008,2021:12:23:14:29:48.366
2956,1640237388383,0.046072647,0.40440068,-0.1484711,2021:12:23:14:29:48.383
2957,1640237388398,0.021837901,0.36525223,-0.24381219,2021:12:23:14:29:48.398
2958,1640237388415,0.04447475,0.37776908,-0.38389435,2021:12:23:14:29:48.415
2959,1640237388436,-0.0010652635,0.33968592,-0.54261863,2021:12:23:14:29:48.436
2960,1640237388456,-0.022903167,0.25632903,-0.68909234,2021:12:23:14:29:48.456
2961,1640237388481,-0.004261054,0.19241323,-0.759666,2021:12:23:14:29:48.481
2962,1640237388498,0.006391581,0.12210583,-0.7940208,2021:12:23:14:29:48.498
2963,1640237388517,0.048203174,0.07763108,-0.74741554,2021:12:23:14:29:48.517
2964,1640237388539,0.064448446,0.037950013,-0.6970818,2021:12:23:14:29:48.539
2965,1640237388557,-0.013049478,-0.040879488,-0.6153228,2021:12:23:14:29:48.557
2966,1640237388580,0.06018739,-0.04593949,-0.47657228,2021:12:23:14:29:48.580
2967,1640237388599,0.007190529,-0.10905635,-0.3157175,2021:12:23:14:29:48.599
2968,1640237388618,0.060453705,-0.15805848,-0.19560902,2021:12:23:14:29:48.618
2969,1640237388639,0.086552665,-0.12104057,-0.17723322,2021:12:23:14:29:48.639
2970,1640237388664,0.02077264,-0.16045532,-0.14527531,2021:12:23:14:29:48.664
2971,1640237388682,0.006657897,-0.17643428,-0.12024162,2021:12:23:14:29:48.682
2972,1640237388701,0.01810948,-0.18042901,-0.07496792,2021:12:23:14:29:48.701
2973,1640237388716,0.06285055,-0.15699321,-0.09254477,2021:12:23:14:29:48.716
2974,1640237388747,0.06285055,-0.15060163,-0.10852372,2021:12:23:14:29:48.747
2975,1640237388780,-0.031158958,-0.19960375,-0.061652128,2021:12:23:14:29:48.780
2976,1640237388798,0.028762115,-0.15219952,-0.028628957,2021:12:23:14:29:48.798
2977,1640237388799,0.045540016,-0.11731215,0.016644742,2021:12:23:14:29:48.799
2978,1640237388820,0.03169159,-0.13595426,0.06271739,2021:12:23:14:29:48.820
2979,1640237388853,0.09587371,-0.08668582,0.0661795,2021:12:23:14:29:48.853
2980,1640237388880,0.1073253,-0.09520793,0.08934898,2021:12:23:14:29:48.880
2981,1640237388881,0.0122505305,-0.08375634,0.086952135,2021:12:23:14:29:48.881
2982,1640237388901,-0.06391581,-0.06884266,0.019307902,2021:12:23:14:29:48.901
2983,1640237388936,0.024767376,-0.052863702,-0.02783001,2021:12:23:14:29:48.936
2984,1640237388956,-0.014647374,-0.11278477,-0.0062584234,2021:12:23:14:29:48.956
2985,1640237388982,-0.031158958,-0.05552686,0.0033289485,2021:12:23:14:29:48.982
2986,1640237388997,0.003994738,-0.012117373,0.053396333,2021:12:23:14:29:48.997
2987,1640237389017,-0.106792666,-0.040879488,0.07816371,2021:12:23:14:29:49.017
2988,1640237389038,-0.074035816,0.0057257917,0.082957394,2021:12:23:14:29:49.038
2989,1640237389063,-0.06338318,-0.0011984215,0.1047953,2021:12:23:14:29:49.063
2990,1640237389081,0.12996215,0.042211067,0.083223715,2021:12:23:14:29:49.081
2991,1640237389100,0.09640635,0.08002792,0.07683213,2021:12:23:14:29:49.100
2992,1640237389119,-0.023968428,0.09121319,0.02916159,2021:12:23:14:29:49.119
2993,1640237389146,0.027963167,0.009986846,-0.2624543,2021:12:23:14:29:49.146
2994,1640237389162,0.05299686,-0.020373166,-0.54261863,2021:12:23:14:29:49.162
2995,1640237389179,0.027430536,-0.08668582,-0.6131923,2021:12:23:14:29:49.179
2996,1640237389196,0.019973692,-0.12982899,-0.63849235,2021:12:23:14:29:49.196
2997,1640237389219,0.08708529,-0.046205804,-0.602806,2021:12:23:14:29:49.219
2998,1640237389235,-0.027430536,-0.058722652,-0.49627966,2021:12:23:14:29:49.235
2999,1640237389265,-0.061785284,-0.077364765,-0.39055225,2021:12:23:14:29:49.265
3000,1640237389279,0.0015978953,-0.03555317,-0.3324954,2021:12:23:14:29:49.279
3001,1640237389297,-0.004793686,-0.09227845,-0.27124274,2021:12:23:14:29:49.297
3002,1640237389315,-0.032756854,-0.1735048,-0.23156166,2021:12:23:14:29:49.315
3003,1640237389351,-0.04261054,-0.20546271,-0.2858901,2021:12:23:14:29:49.351
3004,1640237389364,0.049534753,-0.21185428,-0.28748798,2021:12:23:14:29:49.364
3005,1640237389382,-0.00026631588,-0.262188,-0.18442374,2021:12:23:14:29:49.382
3006,1640237389399,0.038882118,-0.24194798,-0.042743698,2021:12:23:14:29:49.399
3007,1640237389418,0.02263685,-0.23262691,0.04194475,2021:12:23:14:29:49.418
3008,1640237389435,0.019707374,-0.20413113,0.08242477,2021:12:23:14:29:49.435
3009,1640237389459,-0.0029294747,-0.20892482,0.13089426,2021:12:23:14:29:49.459
3010,1640237389486,0.013848426,-0.16311848,0.13222584,2021:12:23:14:29:49.486
3011,1640237389505,0.022370534,-0.19081533,0.17110795,2021:12:23:14:29:49.505
3012,1640237389519,0.022903167,-0.1700427,0.15752584,2021:12:23:14:29:49.519
3013,1640237389546,-0.030892642,-0.20333217,0.19161427,2021:12:23:14:29:49.546
3014,1640237389564,-0.006924213,-0.15725952,0.16098794,2021:12:23:14:29:49.564
3015,1640237389582,-0.04287686,-0.17457005,0.19773954,2021:12:23:14:29:49.582
3016,1640237389597,0.03435475,-0.16391742,0.24461114,2021:12:23:14:29:49.597
3017,1640237389618,0.07510108,-0.1031974,0.28642273,2021:12:23:14:29:49.618
3018,1640237389638,-0.016245268,-0.111985825,0.28162906,2021:12:23:14:29:49.638
3019,1640237389660,-0.060453705,-0.13089426,0.28003114,2021:12:23:14:29:49.660
3020,1640237389679,0.02716422,-0.052863702,0.31758168,2021:12:23:14:29:49.679
3021,1640237389702,-0.019973692,-0.10932267,0.27550378,2021:12:23:14:29:49.702
3022,1640237389719,0.014913689,-0.10026793,0.26112273,2021:12:23:14:29:49.719
3023,1640237389746,-0.05060002,-0.08349003,0.2994722,2021:12:23:14:29:49.746
3024,1640237389764,-0.041012645,-0.0544616,0.31491852,2021:12:23:14:29:49.764
3025,1640237389780,0.01038632,-0.027297378,0.33755538,2021:12:23:14:29:49.780
3026,1640237389797,0.041012645,-0.0118510565,0.28828695,2021:12:23:14:29:49.797
3027,1640237389817,0.013848426,-0.03821633,0.22330587,2021:12:23:14:29:49.817
3028,1640237389837,-0.0013315794,0.008921582,0.23449114,2021:12:23:14:29:49.837
3029,1640237389862,0.002396843,0.054727912,0.33728907,2021:12:23:14:29:49.862
3030,1640237389879,-0.09773793,0.066712126,0.30027115,2021:12:23:14:29:49.879
3031,1640237389900,0.00053263176,0.08428898,0.29201537,2021:12:23:14:29:49.900
3032,1640237389918,-0.029561063,0.13622057,0.25845957,2021:12:23:14:29:49.918
3033,1640237389939,0.01810948,0.12210583,0.15805848,2021:12:23:14:29:49.939
3034,1640237389963,-0.047137912,0.12982899,0.061652128,2021:12:23:14:29:49.963
3035,1640237389977,0.017576847,0.118910044,-0.035286855,2021:12:23:14:29:49.977
3036,1640237389999,-0.044741068,0.11464899,-0.12290478,2021:12:23:14:29:49.999
3037,1640237390019,-0.045007385,0.102398455,-0.21851218,2021:12:23:14:29:50.019
3038,1640237390038,-0.003994738,0.10905635,-0.23502377,2021:12:23:14:29:50.038
3039,1640237390063,0.03941475,0.069641605,-0.25952482,2021:12:23:14:29:50.063
3040,1640237390082,0.011185267,0.088816345,-0.2893522,2021:12:23:14:29:50.082
3041,1640237390099,0.0031957906,0.03821633,-0.28402588,2021:12:23:14:29:50.099
3042,1640237390116,-0.05752423,-0.010519478,-0.29361326,2021:12:23:14:29:50.116
3043,1640237390145,0.07057371,0.0009321056,-0.2922817,2021:12:23:14:29:50.145
3044,1640237390165,0.086552665,-0.005992107,-0.23182797,2021:12:23:14:29:50.165
3045,1640237390178,0.08016108,-0.020905796,-0.22783324,2021:12:23:14:29:50.178
3046,1640237390196,0.002396843,-0.0645816,-0.22197428,2021:12:23:14:29:50.196
3047,1640237390218,0.0,-0.11118688,-0.17243953,2021:12:23:14:29:50.218
3048,1640237390234,-0.032490537,-0.14421006,-0.13595426,2021:12:23:14:29:50.234
3049,1640237390265,0.036485277,-0.15273216,-0.10932267,2021:12:23:14:29:50.265
3050,1640237390280,0.06391581,-0.14873742,0.0041278964,2021:12:23:14:29:50.280
3051,1640237390299,0.046338964,-0.16258584,0.042743698,2021:12:23:14:29:50.299
3052,1640237390316,0.0788295,-0.15646058,0.11464899,2021:12:23:14:29:50.316
3053,1640237390337,-0.016245268,-0.13648689,0.15885742,2021:12:23:14:29:50.337
3054,1640237390362,-0.01038632,-0.096805826,0.16471638,2021:12:23:14:29:50.362
3055,1640237390381,0.014114741,-0.10665951,0.13568795,2021:12:23:14:29:50.381
3056,1640237390398,0.04287686,-0.15273216,0.119975306,2021:12:23:14:29:50.398
3057,1640237390418,0.034088433,-0.053928968,0.16711321,2021:12:23:14:29:50.418
3058,1640237390437,-0.082557924,-0.09946898,0.20839217,2021:12:23:14:29:50.437
3059,1640237390460,-0.011717899,0.0009321056,0.16391742,2021:12:23:14:29:50.460
3060,1640237390479,-0.004793686,-0.036618434,0.17829849,2021:12:23:14:29:50.479
3061,1640237390501,-0.03435475,0.0014647373,0.13728584,2021:12:23:14:29:50.501
3062,1640237390519,0.026365273,0.03155843,0.12397004,2021:12:23:14:29:50.519
3063,1640237390546,0.053263176,0.044075277,0.050733175,2021:12:23:14:29:50.546
3064,1640237390563,-0.029827379,0.024101587,0.053396333,2021:12:23:14:29:50.563
3065,1640237390581,-0.051931597,0.08002792,0.024367902,2021:12:23:14:29:50.581
3066,1640237390599,-0.027963167,0.09041424,0.05552686,2021:12:23:14:29:50.599
3067,1640237390622,-0.047670543,0.08668582,0.00013315794,2021:12:23:14:29:50.622
3068,1640237390663,0.00026631588,0.069641605,-0.034754224,2021:12:23:14:29:50.663
3069,1640237390679,0.0034621065,0.07949529,-0.017976321,2021:12:23:14:29:50.679
3070,1640237390681,0.032224223,0.08428898,-0.011052109,2021:12:23:14:29:50.681
3071,1640237390700,-0.042344224,0.036352117,0.019574217,2021:12:23:14:29:50.700
3072,1640237390738,-0.115581095,0.044341594,-0.001997369,2021:12:23:14:29:50.738
3073,1640237390763,0.022903167,0.06218476,0.01877527,2021:12:23:14:29:50.763
3074,1640237390780,0.056725282,0.024900535,0.03901528,2021:12:23:14:29:50.780
3075,1640237390798,0.012783162,0.030493168,0.069375284,2021:12:23:14:29:50.798
3076,1640237390819,-0.03488738,0.02969422,0.14634058,2021:12:23:14:29:50.819
3077,1640237390837,-0.01810948,0.090946876,0.14820479,2021:12:23:14:29:50.837
3078,1640237390862,0.035153694,0.09946898,0.15379742,2021:12:23:14:29:50.862
3079,1640237390880,-0.015978953,0.06804371,0.15699321,2021:12:23:14:29:50.880
3080,1640237390902,0.082557924,0.11464899,0.11944267,2021:12:23:14:29:50.902
3081,1640237390915,0.0053263176,0.09440898,0.07763108,2021:12:23:14:29:50.915
3082,1640237390944,0.034621064,0.12104057,0.037151065,2021:12:23:14:29:50.944
3083,1640237390960,-0.100933716,0.077364765,-0.040879488,2021:12:23:14:29:50.960
3084,1640237390980,0.032756854,0.09201214,-0.0914795,2021:12:23:14:29:50.980
3085,1640237390997,0.04846949,0.110387936,-0.09041424,2021:12:23:14:29:50.997
3086,1640237391020,-0.014913689,0.04673844,-0.1300953,2021:12:23:14:29:51.020
3087,1640237391043,0.052730545,0.08828372,-0.04141212,2021:12:23:14:29:51.043
3088,1640237391062,0.030093694,0.139949,0.066712126,2021:12:23:14:29:51.062
3089,1640237391078,0.061518967,0.11518162,0.114915304,2021:12:23:14:29:51.078
3090,1640237391101,-0.07829687,0.08828372,0.12050793,2021:12:23:14:29:51.101
3091,1640237391117,-0.019973692,0.14580795,0.1231711,2021:12:23:14:29:51.117
3092,1640237391137,0.0077231606,0.15805848,0.14980268,2021:12:23:14:29:51.137
3093,1640237391160,-0.054062124,0.1266332,0.07603318,2021:12:23:14:29:51.160
3094,1640237391179,-0.010918951,0.12476899,-0.03155843,2021:12:23:14:29:51.179
3095,1640237391197,0.0503337,0.11464899,-0.13568795,2021:12:23:14:29:51.197
3096,1640237391219,0.029561063,0.08988161,-0.2456764,2021:12:23:14:29:51.219
3097,1640237391237,-0.055127386,0.043276332,-0.35087118,2021:12:23:14:29:51.237
3098,1640237391261,-0.0077231606,0.008655266,-0.3900196,2021:12:23:14:29:51.261
3099,1640237391279,-0.032490537,-0.026764747,-0.34980592,2021:12:23:14:29:51.279
3100,1640237391301,0.015446321,0.0142479,-0.36365435,2021:12:23:14:29:51.301
3101,1640237391319,0.07803056,-0.049401596,-0.3258375,2021:12:23:14:29:51.319
3102,1640237391342,-0.039947383,-0.09201214,-0.28029746,2021:12:23:14:29:51.342
3103,1640237391364,-0.007190529,-0.088816345,-0.2989396,2021:12:23:14:29:51.364
3104,1640237391381,0.014647374,-0.08934898,-0.26138905,2021:12:23:14:29:51.381
3105,1640237391400,0.061785284,-0.12290478,-0.22490376,2021:12:23:14:29:51.400
3106,1640237391420,0.025033694,-0.16045532,-0.24274692,2021:12:23:14:29:51.420
3107,1640237391439,-0.016245268,-0.20386481,-0.24674167,2021:12:23:14:29:51.439
3108,1640237391466,-0.008522108,-0.21984376,-0.24327956,2021:12:23:14:29:51.466
3109,1640237391484,0.06498107,-0.29015115,-0.20759323,2021:12:23:14:29:51.484
3110,1640237391501,-0.016245268,-0.3181143,-0.16764584,2021:12:23:14:29:51.501
3111,1640237391517,-0.039681066,-0.37617117,0.023302639,2021:12:23:14:29:51.517
3112,1640237391537,0.42717066,-0.2592585,0.04460791,2021:12:23:14:29:51.537
3113,1640237391566,-0.13129373,-0.40599856,0.30559748,2021:12:23:14:29:51.566
3114,1640237391584,0.0122505305,-0.26964483,0.38362804,2021:12:23:14:29:51.584
3115,1640237391596,0.1241032,-0.31651643,0.43902174,2021:12:23:14:29:51.596
3116,1640237391616,-0.08628634,-0.2912164,0.42064592,2021:12:23:14:29:51.616
3117,1640237391637,0.014114741,-0.19800586,0.5460807,2021:12:23:14:29:51.637
3118,1640237391660,-0.081758976,-0.18895112,0.5607281,2021:12:23:14:29:51.660
3119,1640237391679,-0.13262531,-0.1266332,0.5234439,2021:12:23:14:29:51.679
3120,1640237391696,-0.19254638,0.12290478,0.58070177,2021:12:23:14:29:51.696
3121,1640237391720,0.08042739,-0.18628795,0.6233123,2021:12:23:14:29:51.720
3122,1640237391745,-0.11824425,0.1934785,0.3934817,2021:12:23:14:29:51.745
3123,1640237391763,0.050067388,-0.05179844,0.5391565,2021:12:23:14:29:51.763
3124,1640237391780,-0.03941475,0.14048162,0.3146522,2021:12:23:14:29:51.780
3125,1640237391797,0.053795807,0.11278477,0.17536901,2021:12:23:14:29:51.797
3126,1640237391818,-0.105727404,0.1098553,0.039814223,2021:12:23:14:29:51.818
3127,1640237391843,0.00905474,0.18469006,0.024900535,2021:12:23:14:29:51.843
3128,1640237391860,0.14940321,0.18921743,-0.05819002,2021:12:23:14:29:51.860
3129,1640237391879,0.0101200035,0.13755216,-0.06724476,2021:12:23:14:29:51.879
3130,1640237391903,0.015978953,0.20359848,-0.10106688,2021:12:23:14:29:51.903
3131,1640237391919,-0.05113265,0.13222584,-0.16737953,2021:12:23:14:29:51.919
3132,1640237391944,0.015446321,0.13355741,-0.21398482,2021:12:23:14:29:51.944
3133,1640237391961,-0.017843165,0.06884266,-0.17403743,2021:12:23:14:29:51.961
3134,1640237391979,0.021571586,0.06325002,-0.20466375,2021:12:23:14:29:51.979
3135,1640237391999,0.02077264,0.033156328,-0.18042901,2021:12:23:14:29:51.999
3136,1640237392016,0.007989476,0.040346857,-0.17590164,2021:12:23:14:29:52.016
3137,1640237392036,0.0452737,0.015046847,-0.13808478,2021:12:23:14:29:52.036
3138,1640237392059,-0.038349487,-0.029960537,-0.0041278964,2021:12:23:14:29:52.059
3139,1640237392077,0.16671374,0.06138581,0.030493168,2021:12:23:14:29:52.077
3140,1640237392100,-0.07749792,0.010253161,0.15299848,2021:12:23:14:29:52.100
3141,1640237392118,-0.021038955,0.037950013,0.19640796,2021:12:23:14:29:52.118
3142,1640237392140,0.07856318,0.04647212,0.17057532,2021:12:23:14:29:52.140
3143,1640237392163,0.07643266,-0.0011984215,0.08961529,2021:12:23:14:29:52.163
3144,1640237392180,0.029827379,0.017177375,0.09041424,2021:12:23:14:29:52.180
3145,1640237392199,-0.16964322,-0.07390266,0.15299848,2021:12:23:14:29:52.199
3146,1640237392222,0.065247394,0.012117373,0.14554162,2021:12:23:14:29:52.222
3147,1640237392248,-0.023435798,-0.035020538,0.21478376,2021:12:23:14:29:52.248
3148,1640237392264,0.09001477,-0.0006657897,0.19720691,2021:12:23:14:29:52.264
3149,1640237392277,0.02263685,0.02197106,0.2472743,2021:12:23:14:29:52.277
3150,1640237392312,-0.020240007,0.02783001,0.26378587,2021:12:23:14:29:52.312
3151,1640237392318,-0.09480845,0.028096326,0.26298693,2021:12:23:14:29:52.318
3152,1640237392344,-0.050067388,0.001997369,0.21691428,2021:12:23:14:29:52.344
3153,1640237392362,0.05752423,0.03182475,0.14873742,2021:12:23:14:29:52.362
3154,1640237392380,0.008255793,0.08588687,0.1468732,2021:12:23:14:29:52.380
3155,1640237392414,0.006657897,0.08162582,0.10612688,2021:12:23:14:29:52.414
3156,1640237392433,-0.023968428,0.07949529,0.06538055,2021:12:23:14:29:52.433
3157,1640237392460,-0.006391581,0.08029424,-0.020373166,2021:12:23:14:29:52.460
3158,1640237392480,-0.023435798,0.049934227,-0.06884266,2021:12:23:14:29:52.480
3159,1640237392499,0.0061252653,0.08189213,-0.08721845,2021:12:23:14:29:52.499
3160,1640237392518,-0.03488738,0.047537386,-0.09014793,2021:12:23:14:29:52.518
3161,1640237392544,0.031425275,0.07496792,-0.1266332,2021:12:23:14:29:52.544
3162,1640237392560,-0.030626327,0.07283739,-0.11571425,2021:12:23:14:29:52.560
3163,1640237392577,0.0037284223,0.05685844,-0.15566163,2021:12:23:14:29:52.577
3164,1640237392598,0.019174743,0.016112112,-0.18708691,2021:12:23:14:29:52.598
3165,1640237392628,0.07563371,0.025433166,-0.23315956,2021:12:23:14:29:52.628
3166,1640237392643,0.05432844,-0.02463422,-0.25526378,2021:12:23:14:29:52.643
3167,1640237392660,-0.0015978953,-0.05419528,-0.31518483,2021:12:23:14:29:52.660
3168,1640237392679,0.022104219,-0.08349003,-0.3324954,2021:12:23:14:29:52.679
3169,1640237392703,-0.035952643,-0.15113427,-0.27683535,2021:12:23:14:29:52.703
3170,1640237392717,0.064182125,-0.12130688,-0.2675143,2021:12:23:14:29:52.717
3171,1640237392744,0.022104219,-0.18895112,-0.19720691,2021:12:23:14:29:52.744
3172,1640237392759,-0.0018642112,-0.19800586,-0.07869634,2021:12:23:14:29:52.759
3173,1640237392777,-0.07270423,-0.20706059,0.04647212,2021:12:23:14:29:52.777
3174,1640237392794,0.003994738,-0.18442374,0.15646058,2021:12:23:14:29:52.794
3175,1640237392827,-0.024234746,-0.18815216,0.21957745,2021:12:23:14:29:52.827
3176,1640237392840,0.014913689,-0.22517008,0.26192167,2021:12:23:14:29:52.840
3177,1640237392864,-0.013315794,-0.18548901,0.2890859,2021:12:23:14:29:52.864
3178,1640237392877,-0.04074633,-0.21371849,0.35939327,2021:12:23:14:29:52.877
3179,1640237392897,-0.035952643,-0.21052271,0.38868803,2021:12:23:14:29:52.897
3180,1640237392917,-0.016777901,-0.16445005,0.39268276,2021:12:23:14:29:52.917
3181,1640237392939,-0.032224223,-0.14713952,0.4270375,2021:12:23:14:29:52.939
3182,1640237392964,0.03675159,-0.11731215,0.40227014,2021:12:23:14:29:52.964
3183,1640237392979,0.017843165,-0.08215845,0.36045855,2021:12:23:14:29:52.979
3184,1640237392996,-0.064182125,-0.07843003,0.3681817,2021:12:23:14:29:52.996
3185,1640237393020,-0.026897904,-0.028096326,0.3783017,2021:12:23:14:29:53.020
3186,1640237393038,-0.0077231606,-0.0011984215,0.4134554,2021:12:23:14:29:53.038
3187,1640237393063,-0.047670543,0.035819486,0.41878173,2021:12:23:14:29:53.063
3188,1640237393081,0.020240007,0.022237375,0.37084487,2021:12:23:14:29:53.081
3189,1640237393101,0.041811593,0.054727912,0.31891328,2021:12:23:14:29:53.101
3190,1640237393125,0.037816856,0.06138581,0.35087118,2021:12:23:14:29:53.125
3191,1640237393145,0.037284225,0.10266477,0.31518483,2021:12:23:14:29:53.145
3192,1640237393161,0.025566325,0.09787109,0.26511747,2021:12:23:14:29:53.161
3193,1640237393180,0.0569916,0.107192144,0.24035008,2021:12:23:14:29:53.180
3194,1640237393197,0.09454214,0.124502674,0.20146796,2021:12:23:14:29:53.197
3195,1640237393229,-0.016777901,0.10133319,0.19374481,2021:12:23:14:29:53.229
3196,1640237393243,0.027696852,0.12769847,0.14287847,2021:12:23:14:29:53.243
3197,1640237393260,0.08681898,0.12903005,0.10080056,2021:12:23:14:29:53.260
3198,1640237393278,0.115581095,0.1300953,0.14447637,2021:12:23:14:29:53.278
3199,1640237393296,0.044208437,0.2288985,0.20839217,2021:12:23:14:29:53.296
3200,1640237393316,0.09187898,0.15406373,0.12743215,2021:12:23:14:29:53.316
3201,1640237393344,-0.030892642,0.18149427,0.011052109,2021:12:23:14:29:53.344
3202,1640237393360,0.019973692,0.16471638,0.088816345,2021:12:23:14:29:53.360
3203,1640237393378,0.040480014,0.19054902,0.07843003,2021:12:23:14:29:53.378
3204,1640237393397,0.0452737,0.1633848,-0.011584741,2021:12:23:14:29:53.397
3205,1640237393425,0.006391581,0.10506161,-0.008122634,2021:12:23:14:29:53.425
3206,1640237393442,-0.013315794,0.117844775,0.021704745,2021:12:23:14:29:53.442
3207,1640237393460,0.035952643,0.1516669,0.0813595,2021:12:23:14:29:53.460
3208,1640237393477,-0.010652635,0.12476899,0.08615319,2021:12:23:14:29:53.477
3209,1640237393497,0.035153694,0.0997353,0.0930774,2021:12:23:14:29:53.497
3210,1640237393526,0.0018642112,0.1266332,0.10293109,2021:12:23:14:29:53.526
3211,1640237393543,-0.02263685,0.117844775,0.10665951,2021:12:23:14:29:53.543
3212,1640237393559,-0.019174743,0.113051094,0.1351553,2021:12:23:14:29:53.559
3213,1640237393577,0.00905474,0.1031974,0.13861741,2021:12:23:14:29:53.577
3214,1640237393597,0.019441059,0.12476899,0.15299848,2021:12:23:14:29:53.597
3215,1640237393622,-0.021038955,0.13222584,0.15805848,2021:12:23:14:29:53.622
3216,1640237393645,-0.04261054,0.14580795,0.13462268,2021:12:23:14:29:53.645
3217,1640237393661,0.04394212,0.14793848,0.10958899,2021:12:23:14:29:53.661
3218,1640237393676,0.00079894764,0.15486269,0.10586056,2021:12:23:14:29:53.676
3219,1640237393700,0.077764235,0.20359848,0.088816345,2021:12:23:14:29:53.700
3220,1640237393717,-0.015978953,0.14793848,0.09361003,2021:12:23:14:29:53.717
3221,1640237393742,0.031158958,0.17616795,0.07070687,2021:12:23:14:29:53.742
3222,1640237393762,0.05938844,0.20013638,0.041678436,2021:12:23:14:29:53.762
3223,1640237393780,-0.002130527,0.15060163,0.04727107,2021:12:23:14:29:53.780
3224,1640237393794,0.06977476,0.20732692,0.04727107,2021:12:23:14:29:53.794
3225,1640237393817,-0.006391581,0.20466375,0.028628957,2021:12:23:14:29:53.817
3226,1640237393842,-0.006657897,0.19907112,-0.018242639,2021:12:23:14:29:53.842
3227,1640237393860,-0.006391581,0.1969406,-0.10106688,2021:12:23:14:29:53.860
3228,1640237393877,-0.008788424,0.1735048,-0.14793848,2021:12:23:14:29:53.877
3229,1640237393900,-0.02263685,0.15619427,-0.139949,2021:12:23:14:29:53.900
3230,1640237393918,-0.06844318,0.14554162,-0.13968268,2021:12:23:14:29:53.918
3231,1640237393939,0.012516847,0.12903005,-0.1567269,2021:12:23:14:29:53.939
3232,1640237393963,0.011984214,0.117844775,-0.1468732,2021:12:23:14:29:53.963
3233,1640237393980,-0.39334854,0.071505815,-0.08269108,2021:12:23:14:29:53.980
3234,1640237393999,0.2679138,0.23848587,-0.16897742,2021:12:23:14:29:53.999
3235,1640237394025,0.046605278,0.0035952644,-0.24327956,2021:12:23:14:29:54.025
3236,1640237394042,-0.047936857,0.1468732,-0.12796478,2021:12:23:14:29:54.042
3237,1640237394059,0.04846949,0.10346372,-0.04913528,2021:12:23:14:29:54.059
3238,1640237394079,0.0889495,0.1383511,-0.25606272,2021:12:23:14:29:54.079
3239,1640237394108,0.09534109,0.11571425,-0.23608904,2021:12:23:14:29:54.108
3240,1640237394126,-0.039148435,0.019041585,-0.18708691,2021:12:23:14:29:54.126
3241,1640237394143,0.3488738,0.12530163,-0.24088271,2021:12:23:14:29:54.143
3242,1640237394159,-0.03435475,0.07097318,-0.24594271,2021:12:23:14:29:54.159
3243,1640237394181,-0.115314774,0.014514215,-0.12237215,2021:12:23:14:29:54.181
3244,1640237394216,0.053795807,0.18602164,-0.21185428,2021:12:23:14:29:54.216
3245,1640237394241,-0.047404226,-0.005992107,-0.20333217,2021:12:23:14:29:54.241
3246,1640237394259,-0.07137266,0.07603318,-0.19374481,2021:12:23:14:29:54.259
3247,1640237394277,0.07510108,0.051265806,-0.19880481,2021:12:23:14:29:54.277
3248,1640237394300,0.02130527,-0.058456335,-0.32716906,2021:12:23:14:29:54.300
3249,1640237394319,0.08522108,-0.046205804,-0.22037639,2021:12:23:14:29:54.319
3250,1640237394342,-0.13289163,-0.06484792,-0.08215845,2021:12:23:14:29:54.342
3251,1640237394364,0.035952643,0.0011984215,-0.04194475,2021:12:23:14:29:54.364
3252,1640237394377,-0.082557924,-0.04647212,0.07203845,2021:12:23:14:29:54.377
3253,1640237394398,0.052730545,0.023568956,0.11278477,2021:12:23:14:29:54.398
3254,1640237394426,-0.014647374,0.022503693,0.14048162,2021:12:23:14:29:54.426
3255,1640237394443,-0.05832318,0.022503693,0.096805826,2021:12:23:14:29:54.443
3256,1640237394460,-0.07270423,0.037151065,0.097604774,2021:12:23:14:29:54.460
3257,1640237394477,0.04394212,0.03555317,0.014780532,2021:12:23:14:29:54.477
3258,1640237394506,0.032224223,-0.0057257917,-0.014514215,2021:12:23:14:29:54.506
3259,1640237394523,0.012783162,-0.0070573706,-0.024101587,2021:12:23:14:29:54.523
3260,1640237394543,0.015712637,0.06005423,0.032623697,2021:12:23:14:29:54.543
3261,1640237394558,-0.035952643,0.09440898,0.086952135,2021:12:23:14:29:54.558
3262,1640237394577,-0.07137266,0.120774254,0.0310258,2021:12:23:14:29:54.577
3263,1640237394593,-0.040480014,0.13915005,0.052064754,2021:12:23:14:29:54.593
3264,1640237394626,0.010918951,0.12050793,0.015845794,2021:12:23:14:29:54.626
3265,1640237394639,-0.09587371,0.065646864,-0.06484792,2021:12:23:14:29:54.639
3266,1640237394659,0.033822116,0.07656582,-0.06724476,2021:12:23:14:29:54.659
3267,1640237394676,-0.00905474,0.10373004,-0.06644581,2021:12:23:14:29:54.676
3268,1640237394698,-0.12650004,0.07177213,-0.112252146,2021:12:23:14:29:54.698
3269,1640237394725,-0.03755054,0.09600688,-0.058722652,2021:12:23:14:29:54.725
3270,1640237394742,0.018908428,0.13728584,-0.03928159,2021:12:23:14:29:54.742
3271,1640237394759,-0.07856318,0.03155843,-0.042211067,2021:12:23:14:29:54.759
3272,1640237394778,0.064448446,0.1434111,-0.063782655,2021:12:23:14:29:54.778
3273,1640237394797,0.029294748,0.09174582,-0.060586862,2021:12:23:14:29:54.797
3274,1640237394824,-0.090281084,0.11358372,-0.07656582,2021:12:23:14:29:54.824
3275,1640237394841,-0.06604634,0.13568795,-0.0981374,2021:12:23:14:29:54.841
3276,1640237394858,-0.10918951,0.12956268,-0.12903005,2021:12:23:14:29:54.858
3277,1640237394879,0.050866332,0.18548901,-0.16445005,2021:12:23:14:29:54.879
3278,1640237394908,0.05805686,0.13249215,-0.24008377,2021:12:23:14:29:54.908
3279,1640237394924,0.07456845,0.012117373,-0.32876694,2021:12:23:14:29:54.924
3280,1640237394942,-0.14381057,0.05313002,-0.39534593,2021:12:23:14:29:54.942
3281,1640237394959,0.011185267,-0.014514215,-0.49494806,2021:12:23:14:29:54.959
3282,1640237394980,0.04846949,-0.0049268436,-0.5085302,2021:12:23:14:29:54.980
3283,1640237394997,0.18935059,-0.016644742,-0.5285039,2021:12:23:14:29:54.997
3284,1640237395022,0.2681801,-0.013182636,-0.59588176,2021:12:23:14:29:55.022
3285,1640237395044,0.14141373,-0.06138581,-0.60520285,2021:12:23:14:29:55.044
3286,1640237395063,0.031425275,-0.139949,-0.48189858,2021:12:23:14:29:55.063
3287,1640237395078,0.05938844,-0.16498269,-0.51838386,2021:12:23:14:29:55.078
3288,1640237395110,0.08921582,-0.21984376,-0.44781014,2021:12:23:14:29:55.110
3289,1640237395126,0.077764235,-0.23209429,-0.3226417,2021:12:23:14:29:55.126
3290,1640237395139,0.19334532,-0.19800586,-0.19401112,2021:12:23:14:29:55.139
3291,1640237395159,-0.040213697,-0.2472743,-0.058456335,2021:12:23:14:29:55.159
3292,1640237395177,0.11132004,-0.18708691,0.03289001,2021:12:23:14:29:55.177
3293,1640237395196,-0.0018642112,-0.2757701,0.09227845,2021:12:23:14:29:55.196
3294,1640237395223,-0.061252654,-0.25419852,0.14820479,2021:12:23:14:29:55.223
3295,1640237395241,0.074035816,-0.19667427,0.15406373,2021:12:23:14:29:55.241
3296,1640237395259,-0.046871595,-0.20333217,0.13222584,2021:12:23:14:29:55.259
3297,1640237395279,0.11638004,-0.20306586,0.10266477,2021:12:23:14:29:55.279
3298,1640237395307,0.028762115,-0.1735048,0.0478037,2021:12:23:14:29:55.307
3299,1640237395324,0.09587371,-0.16285217,0.058988966,2021:12:23:14:29:55.324
3300,1640237395341,-0.04394212,-0.15219952,0.02516685,2021:12:23:14:29:55.341
3301,1640237395359,0.038882118,-0.1098553,-0.013448952,2021:12:23:14:29:55.359
3302,1640237395381,0.03302317,-0.10213214,-0.07283739,2021:12:23:14:29:55.381
3303,1640237395399,0.02583264,-0.13755216,-0.044075277,2021:12:23:14:29:55.399
3304,1640237395425,-0.066312656,-0.11704583,-0.0661795,2021:12:23:14:29:55.425
3305,1640237395441,-0.02530001,-0.08375634,-0.03821633,2021:12:23:14:29:55.441
3306,1640237395461,-0.03755054,-0.14207952,-0.0645816,2021:12:23:14:29:55.461
3307,1640237395479,0.0026631588,-0.1165132,-0.06831002,2021:12:23:14:29:55.479
3308,1640237395509,-0.0013315794,-0.1332911,0.050466858,2021:12:23:14:29:55.509
3309,1640237395524,-0.023435798,-0.07816371,0.023036323,2021:12:23:14:29:55.524
3310,1640237395540,0.013848426,-0.07416897,0.07177213,2021:12:23:14:29:55.540
3311,1640237395556,-0.0838895,-0.09414266,0.14900373,2021:12:23:14:29:55.556
3312,1640237395582,-0.057790548,-0.04727107,0.16152059,2021:12:23:14:29:55.582
3313,1640237395598,-0.059122127,-0.029960537,0.17883112,2021:12:23:14:29:55.598
3314,1640237395623,-0.061785284,-0.013715268,0.17057532,2021:12:23:14:29:55.623
3315,1640237395640,-0.0636495,-0.011318425,0.15752584,2021:12:23:14:29:55.640
3316,1640237395661,-0.0620516,-0.0062584234,0.09920266,2021:12:23:14:29:55.661
3317,1640237395677,-0.070041075,-0.009454214,0.062451076,2021:12:23:14:29:55.677
3318,1640237395698,-0.013315794,0.030226853,0.019840533,2021:12:23:14:29:55.698
3319,1640237395726,-0.099868454,-0.02143843,-0.018242639,2021:12:23:14:29:55.726
3320,1640237395742,0.0940095,0.085087925,-0.042743698,2021:12:23:14:29:55.742
3321,1640237395758,-0.21891165,-0.015313163,-0.14314479,2021:12:23:14:29:55.758
3322,1640237395778,0.04980107,0.009986846,-0.16418374,2021:12:23:14:29:55.778
3323,1640237395797,-0.029827379,-0.0054594753,-0.1918806,2021:12:23:14:29:55.797
3324,1640237395823,-0.0034621065,-0.09414266,-0.2323606,2021:12:23:14:29:55.823
3325,1640237395841,0.20053586,0.0027963168,-0.12876374,2021:12:23:14:29:55.841
3326,1640237395858,-0.018375795,-0.110121615,-0.11385004,2021:12:23:14:29:55.858
3327,1640237395877,0.18908428,-0.03368896,-0.019840533,2021:12:23:14:29:55.877
3328,1640237395909,-0.02716422,-0.069641605,0.04593949,2021:12:23:14:29:55.909
3329,1640237395922,0.1139832,-0.09334372,0.045673173,2021:12:23:14:29:55.922
3330,1640237395943,0.0284958,-0.041678436,0.16604795,2021:12:23:14:29:55.943
3331,1640237395977,0.06924213,-0.07496792,0.21691428,2021:12:23:14:29:55.977
3332,1640237395994,0.019174743,-0.05632581,0.25020376,2021:12:23:14:29:55.994
3333,1640237396022,-0.0010652635,-0.032091063,0.29627642,2021:12:23:14:29:56.022
3334,1640237396042,-0.0034621065,-0.012117373,0.24541008,2021:12:23:14:29:56.042
3335,1640237396058,-0.08708529,0.011318425,0.22011007,2021:12:23:14:29:56.058
3336,1640237396076,-0.067111604,0.040879488,0.21584903,2021:12:23:14:29:56.076
3337,1640237396099,0.011185267,0.056059495,0.12929636,2021:12:23:14:29:56.099
3338,1640237396122,-0.030093694,0.08562055,0.0661795,2021:12:23:14:29:56.122
3339,1640237396139,0.016777901,0.07017423,-0.02143843,2021:12:23:14:29:56.139
3340,1640237396157,0.03755054,0.08056056,-0.06484792,2021:12:23:14:29:56.157
3341,1640237396177,-0.09187898,0.09227845,-0.06032055,2021:12:23:14:29:56.177
3342,1640237396197,0.019174743,0.09893635,-0.065646864,2021:12:23:14:29:56.197
3343,1640237396221,0.035153694,0.12104057,-0.12610057,2021:12:23:14:29:56.221
3344,1640237396239,0.06072002,0.11731215,-0.20679428,2021:12:23:14:29:56.239
3345,1640237396258,-0.032224223,0.13036162,-0.28642273,2021:12:23:14:29:56.258
3346,1640237396277,-0.08602003,0.063782655,-0.33222905,2021:12:23:14:29:56.277
3347,1640237396306,0.024501061,0.024900535,-0.38948697,2021:12:23:14:29:56.306
3348,1640237396322,0.030093694,0.0035952644,-0.38416067,2021:12:23:14:29:56.322
3349,1640237396341,0.05752423,0.015046847,-0.35380065,2021:12:23:14:29:56.341
3350,1640237396357,0.050067388,0.014780532,-0.3157175,2021:12:23:14:29:56.357
3351,1640237396381,0.021837901,-0.002263685,-0.28189537,2021:12:23:14:29:56.381
3352,1640237396397,-0.08415582,-0.05233107,-0.29627642,2021:12:23:14:29:56.397
3353,1640237396422,0.034621064,-0.042743698,-0.27017745,2021:12:23:14:29:56.422
3354,1640237396440,-0.099069506,-0.096805826,-0.26378587,2021:12:23:14:29:56.440
3355,1640237396459,0.012783162,-0.054727912,-0.21345218,2021:12:23:14:29:56.459
3356,1640237396477,-0.042344224,-0.11171951,-0.16737953,2021:12:23:14:29:56.477
3357,1640237396498,-0.04394212,-0.08082687,-0.17403743,2021:12:23:14:29:56.498
3358,1640237396523,-0.04846949,-0.12636688,-0.09547424,2021:12:23:14:29:56.523
3359,1640237396539,0.008255793,-0.08562055,-0.10586056,2021:12:23:14:29:56.539
3360,1640237396558,0.0061252653,-0.1047953,-0.050200544,2021:12:23:14:29:56.558
3361,1640237396579,-0.041012645,-0.096805826,-0.01744369,2021:12:23:14:29:56.579
3362,1640237396606,-0.027430536,-0.1047953,0.029427905,2021:12:23:14:29:56.606
3363,1640237396623,0.019174743,-0.11251846,0.016112112,2021:12:23:14:29:56.623
3364,1640237396642,0.18349165,-0.06990792,0.08615319,2021:12:23:14:29:56.642
3365,1640237396657,-0.04447475,-0.11704583,0.12237215,2021:12:23:14:29:56.657
3366,1640237396678,0.14780532,-0.04647212,0.098403715,2021:12:23:14:29:56.678
3367,1640237396706,0.0077231606,-0.088816345,0.104262665,2021:12:23:14:29:56.706
3368,1640237396721,0.044208437,-0.069641605,0.08535424,2021:12:23:14:29:56.721
3369,1640237396740,0.10439582,-0.07763108,0.15060163,2021:12:23:14:29:56.740
3370,1640237396758,-0.07110634,-0.07390266,0.1215732,2021:12:23:14:29:56.758
3371,1640237396776,0.12277162,0.0070573706,0.114116356,2021:12:23:14:29:56.776
3372,1640237396793,-0.08282424,-0.0070573706,0.13568795,2021:12:23:14:29:56.793
3373,1640237396822,0.024234746,0.052597385,0.11917636,2021:12:23:14:29:56.822
3374,1640237396840,0.006657897,0.059787914,0.1633848,2021:12:23:14:29:56.840
3375,1640237396864,0.008788424,0.115980566,0.11385004,2021:12:23:14:29:56.864
3376,1640237396878,0.027696852,0.102398455,0.08721845,2021:12:23:14:29:56.878
3377,1640237396898,-0.009321056,0.13568795,0.059787914,2021:12:23:14:29:56.898
3378,1640237396920,0.017044216,0.18415743,-0.09893635,2021:12:23:14:29:56.920
3379,1640237396938,0.028762115,0.123703726,-0.13648689,2021:12:23:14:29:56.938
3380,1640237396957,0.0029294747,0.12130688,-0.27949852,2021:12:23:14:29:56.957
3381,1640237396981,0.059654757,0.1047953,-0.34581116,2021:12:23:14:29:56.981
3382,1640237396996,-0.04447475,0.02197106,-0.34075117,2021:12:23:14:29:56.996
3383,1640237397022,-0.05432844,-0.011318425,-0.2589922,2021:12:23:14:29:57.022
3384,1640237397039,0.05619265,0.057657387,-0.12476899,2021:12:23:14:29:57.039
3385,1640237397059,-0.05113265,-0.057124756,-0.11438267,2021:12:23:14:29:57.059
3386,1640237397078,-0.059654757,-0.028895274,-0.07603318,2021:12:23:14:29:57.078
3387,1640237397104,-0.061518967,-0.016644742,0.016112112,2021:12:23:14:29:57.104
3388,1640237397121,0.137419,0.004660528,0.015313163,2021:12:23:14:29:57.121
3389,1640237397139,-0.099868454,-0.08402266,-0.058722652,2021:12:23:14:29:57.139
3390,1640237397157,0.012783162,-0.035819486,-0.04913528,2021:12:23:14:29:57.157
3391,1640237397188,0.0122505305,-0.027297378,-0.013715268,2021:12:23:14:29:57.188
3392,1640237397203,0.052730545,-0.0544616,-0.085087925,2021:12:23:14:29:57.203
3393,1640237397222,0.10306425,-0.108257405,-0.1031974,2021:12:23:14:29:57.222
3394,1640237397240,-0.007190529,-0.089082666,-0.09440898,2021:12:23:14:29:57.240
3395,1640237397257,0.02077264,-0.06538055,-0.04593949,2021:12:23:14:29:57.257
3396,1640237397277,0.018375795,-0.058722652,-0.02143843,2021:12:23:14:29:57.277
3397,1640237397307,0.12809794,-0.07390266,-0.011584741,2021:12:23:14:29:57.307
3398,1640237397323,0.08202529,-0.08242477,0.030226853,2021:12:23:14:29:57.323
3399,1640237397337,0.04287686,-0.056059495,0.058456335,2021:12:23:14:29:57.337
3400,1640237397356,0.013848426,-0.048602648,0.051265806,2021:12:23:14:29:57.356
3401,1640237397376,-0.03169159,-0.10346372,0.029960537,2021:12:23:14:29:57.376
3402,1640237397397,0.050866332,-0.049401596,0.008122634,2021:12:23:14:29:57.397
3403,1640237397424,-0.02077264,-0.06005423,-0.0062584234,2021:12:23:14:29:57.424
3404,1640237397440,0.011451583,-0.028362641,-0.043808963,2021:12:23:14:29:57.440
3405,1640237397460,-0.0452737,-0.016378427,-0.069641605,2021:12:23:14:29:57.460
3406,1640237397477,-0.026365273,-0.0118510565,-0.10799109,2021:12:23:14:29:57.477
3407,1640237397505,0.021837901,-0.029427905,-0.16817848,2021:12:23:14:29:57.505
3408,1640237397522,0.0037284223,0.0030626326,-0.23129535,2021:12:23:14:29:57.522
3409,1640237397539,-0.021571586,-0.010519478,-0.21638165,2021:12:23:14:29:57.539
3410,1640237397559,-0.16378427,-0.021172112,-0.25872588,2021:12:23:14:29:57.559
3411,1640237397587,-0.07643266,-0.013182636,-0.2491385,2021:12:23:14:29:57.587
3412,1640237397604,-0.047936857,-0.017177375,-0.24221429,2021:12:23:14:29:57.604
3413,1640237397620,0.028762115,-0.05179844,-0.24620903,2021:12:23:14:29:57.620
3414,1640237397637,-0.02583264,-0.05313002,-0.23422481,2021:12:23:14:29:57.637
3415,1640237397660,-0.03621896,-0.05499423,-0.19081533,2021:12:23:14:29:57.660
3416,1640237397678,-0.03621896,-0.07656582,-0.21291955,2021:12:23:14:29:57.678
3417,1640237397704,0.034088433,-0.139949,-0.15752584,2021:12:23:14:29:57.704
3418,1640237397721,0.021571586,-0.08535424,-0.0006657897,2021:12:23:14:29:57.721
3419,1640237397742,-0.0122505305,-0.08215845,0.12423636,2021:12:23:14:29:57.742
3420,1640237397778,0.06977476,-0.050466858,0.13861741,2021:12:23:14:29:57.778
3421,1640237397805,0.013848426,-0.08215845,0.1719069,2021:12:23:14:29:57.805
3422,1640237397822,0.070041075,-0.043276332,0.17377111,2021:12:23:14:29:57.822
3423,1640237397837,0.012783162,-0.05366265,0.12982899,2021:12:23:14:29:57.837
3424,1640237397861,0.05752423,-0.043010015,0.06431528,2021:12:23:14:29:57.861
3425,1640237397877,-0.02902843,-0.048868965,0.043010015,2021:12:23:14:29:57.877
3426,1640237397907,-0.067111604,-0.040879488,0.02916159,2021:12:23:14:29:57.907
3427,1640237397907,-0.08495477,-0.059255283,0.048868965,2021:12:23:14:29:57.907
3428,1640237397942,-0.0034621065,-0.0118510565,0.03555317,2021:12:23:14:29:57.942
3429,1640237397960,0.045540016,0.0014647373,0.039814223,2021:12:23:14:29:57.960
3430,1640237397979,-0.05938844,-0.0057257917,0.08242477,2021:12:23:14:29:57.979
3431,1640237397998,0.08628634,0.07683213,0.13648689,2021:12:23:14:29:57.998
3432,1640237398023,-0.054861072,0.10745846,0.12956268,2021:12:23:14:29:58.023
3433,1640237398042,-0.07084002,0.08402266,0.15939006,2021:12:23:14:29:58.042
3434,1640237398061,0.08122634,0.20226692,0.19853848,2021:12:23:14:29:58.061
3435,1640237398076,-0.05938844,0.18122795,0.12929636,2021:12:23:14:29:58.076
3436,1640237398105,-0.05113265,0.21904482,0.06644581,2021:12:23:14:29:58.105
3437,1640237398121,-0.040480014,0.24194798,-0.012383688,2021:12:23:14:29:58.121
3438,1640237398143,-0.03941475,0.20386481,-0.18202691,2021:12:23:14:29:58.143
3439,1640237398156,-0.123037934,0.16258584,-0.2808301,2021:12:23:14:29:58.156
3440,1640237398176,0.097205296,0.14074795,-0.3849596,2021:12:23:14:29:58.176
3441,1640237398194,-0.004261054,0.051265806,-0.4619249,2021:12:23:14:29:58.194
3442,1640237398220,0.090281084,0.06351634,-0.39880803,2021:12:23:14:29:58.220
3443,1640237398242,0.035153694,0.057124756,-0.2858901,2021:12:23:14:29:58.242
3444,1640237398260,0.014381058,0.030226853,-0.25526378,2021:12:23:14:29:58.260
3445,1640237398275,0.09693898,0.01877527,-0.21238692,2021:12:23:14:29:58.275
3446,1640237398303,0.046871595,-0.042211067,-0.21078902,2021:12:23:14:29:58.303
3447,1640237398321,0.12516846,-0.06085318,-0.20146796,2021:12:23:14:29:58.321
3448,1640237398336,0.06657897,-0.05419528,-0.17803216,2021:12:23:14:29:58.336
3449,1640237398356,0.051931597,-0.09361003,-0.21824586,2021:12:23:14:29:58.356
3450,1640237398377,-0.08042739,-0.10186583,-0.14474268,2021:12:23:14:29:58.377
3451,1640237398405,-0.077764235,-0.07789739,-0.15379742,2021:12:23:14:29:58.405
3452,1640237398422,-0.0015978953,-0.11864372,-0.18149427,2021:12:23:14:29:58.422
3453,1640237398437,0.09374319,-0.07177213,-0.139949,2021:12:23:14:29:58.437
3454,1640237398458,-0.045806333,-0.13888372,-0.09787109,2021:12:23:14:29:58.458
3455,1640237398479,-0.047404226,-0.14713952,-0.036085803,2021:12:23:14:29:58.479
3456,1640237398505,-0.15472953,-0.14447637,-0.043808963,2021:12:23:14:29:58.505
3457,1640237398523,-0.03621896,-0.1617869,0.002263685,2021:12:23:14:29:58.523
3458,1640237398540,0.11584741,-0.07656582,0.036618434,2021:12:23:14:29:58.540
3459,1640237398559,0.064182125,-0.123703726,0.1165132,2021:12:23:14:29:58.559
3460,1640237398588,-0.045007385,-0.15885742,0.14740583,2021:12:23:14:29:58.588
3461,1640237398604,-0.085487396,-0.16125427,0.049401596,2021:12:23:14:29:58.604
3462,1640237398621,0.109722145,-0.10745846,-0.11358372,2021:12:23:14:29:58.621
3463,1640237398637,-0.029827379,-0.15619427,-0.04061317,2021:12:23:14:29:58.637
3464,1640237398663,0.10626004,-0.075500555,-0.024900535,2021:12:23:14:29:58.663
3465,1640237398687,0.022370534,-0.14793848,-0.022237375,2021:12:23:14:29:58.687
3466,1640237398704,0.052464228,-0.09707214,-0.03155843,2021:12:23:14:29:58.704
3467,1640237398720,-0.10918951,-0.06831002,0.0930774,2021:12:23:14:29:58.720
3468,1640237398738,-0.04207791,0.062451076,0.28322694,2021:12:23:14:29:58.738
3469,1640237398756,-0.080693714,0.039814223,0.17377111,2021:12:23:14:29:58.756
3470,1640237398788,-0.08042739,0.14367741,-0.1468732,2021:12:23:14:29:58.788
3471,1640237398804,0.17070848,-0.033955276,-0.32157642,2021:12:23:14:29:58.804
3472,1640237398820,-0.2745717,-0.19587533,-0.35380065,2021:12:23:14:29:58.820
3473,1640237398839,-0.09294424,0.096805826,-0.15459637,2021:12:23:14:29:58.839
3474,1640237398860,-0.26738113,-0.14154689,-0.10879004,2021:12:23:14:29:58.860
3475,1640237398878,0.17310533,0.00039947382,-0.50320387,2021:12:23:14:29:58.878
3476,1640237398904,0.2636527,-0.17803216,-0.40866172,2021:12:23:14:29:58.904
3477,1640237398920,0.167779,-0.23981746,-0.24114902,2021:12:23:14:29:58.920
3478,1640237398939,0.2079927,-0.1700427,-0.3447459,2021:12:23:14:29:58.939
3479,1640237398956,-0.13608742,-0.33196273,-0.31545117,2021:12:23:14:29:58.956
3480,1640237398987,0.1123853,-0.30506483,-0.20759323,2021:12:23:14:29:58.987
3481,1640237399003,0.050866332,-0.30160272,-0.018242639,2021:12:23:14:29:59.003
3482,1640237399022,-0.0122505305,-0.2374206,0.09627319,2021:12:23:14:29:59.022
3483,1640237399038,-0.0074568447,-0.24461114,0.17430374,2021:12:23:14:29:59.038
3484,1640237399061,-0.1408811,-0.27150905,0.20066902,2021:12:23:14:29:59.061
3485,1640237399079,-0.0026631588,-0.28509116,0.29148275,2021:12:23:14:29:59.079
3486,1640237399103,0.03941475,-0.25393218,0.33995223,2021:12:23:14:29:59.103
3487,1640237399120,0.13448952,-0.20919113,0.45233753,2021:12:23:14:29:59.120
3488,1640237399145,0.007190529,-0.21638165,0.53383017,2021:12:23:14:29:59.145
3489,1640237399158,0.06791055,-0.13195951,0.53809124,2021:12:23:14:29:59.158
3490,1640237399178,-0.08681898,-0.10958899,0.5612607,2021:12:23:14:29:59.178
3491,1640237399204,0.053795807,-0.03422159,0.602806,2021:12:23:14:29:59.204
3492,1640237399219,0.055393703,0.027563693,0.6581997,2021:12:23:14:29:59.219
3493,1640237399237,0.04926844,0.096539505,0.6113281,2021:12:23:14:29:59.237
3494,1640237399256,0.021571586,0.09387635,0.581767,2021:12:23:14:29:59.256
3495,1640237399281,-0.066312656,0.10879004,0.44807646,2021:12:23:14:29:59.281
3496,1640237399305,-0.019441059,0.16924374,0.36205643,2021:12:23:14:29:59.305
3497,1640237399325,0.03435475,0.17590164,0.30506483,2021:12:23:14:29:59.325
3498,1640237399340,-0.08229161,0.21291955,0.16551532,2021:12:23:14:29:59.340
3499,1640237399358,0.031957906,0.23875219,0.040879488,2021:12:23:14:29:59.358
3500,1640237399386,-0.07057371,0.23981746,-0.051532123,2021:12:23:14:29:59.386
3501,1640237399404,-0.03435475,0.2323606,-0.11704583,2021:12:23:14:29:59.404
3502,1640237399421,0.053263176,0.24168167,-0.16205321,2021:12:23:14:29:59.421
3503,1640237399438,0.07137266,0.20626165,-0.19267954,2021:12:23:14:29:59.438
3504,1640237399460,0.06471476,0.2257027,-0.17723322,2021:12:23:14:29:59.460
3505,1640237399485,-0.030626327,0.23608904,-0.16098794,2021:12:23:14:29:59.485
3506,1640237399505,0.0101200035,0.21398482,-0.22756693,2021:12:23:14:29:59.505
3507,1640237399537,0.07084002,0.19640796,-0.22676797,2021:12:23:14:29:59.537
3508,1640237399553,0.039947383,0.150069,-0.23715429,2021:12:23:14:29:59.553
3509,1640237399560,-0.002396843,0.13622057,-0.29654273,2021:12:23:14:29:59.560
3510,1640237399587,0.02263685,0.090680555,-0.33542484,2021:12:23:14:29:59.587
3511,1640237399620,-0.03755054,0.11331741,-0.34767538,2021:12:23:14:29:59.620
3512,1640237399637,0.014381058,0.098403715,-0.33329433,2021:12:23:14:29:59.637
3513,1640237399659,0.101998985,0.08002792,-0.32317433,2021:12:23:14:29:59.659
3514,1640237399677,-0.021837901,0.025433166,-0.31411958,2021:12:23:14:29:59.677
3515,1640237399702,-0.09001477,-0.023835272,-0.30373326,2021:12:23:14:29:59.702
3516,1640237399718,-0.049534753,-0.0062584234,-0.30506483,2021:12:23:14:29:59.718
3517,1640237399736,-0.00053263176,-0.059255283,-0.30373326,2021:12:23:14:29:59.736
3518,1640237399758,-0.015712637,-0.1114532,-0.27044377,2021:12:23:14:29:59.758
3519,1640237399788,0.05113265,-0.12104057,-0.2691122,2021:12:23:14:29:59.788
3520,1640237399801,0.014913689,-0.14580795,-0.22011007,2021:12:23:14:29:59.801
3521,1640237399819,-0.15393057,-0.12689951,-0.17590164,2021:12:23:14:29:59.819
3522,1640237399837,0.0026631588,-0.15992269,-0.1700427,2021:12:23:14:29:59.837
3523,1640237399866,0.04447475,-0.14261216,-0.18948375,2021:12:23:14:29:59.866
3524,1640237399876,0.044208437,-0.14953637,-0.12769847,2021:12:23:14:29:59.876
3525,1640237399900,-0.026897904,-0.20306586,-0.10745846,2021:12:23:14:29:59.900
3526,1640237399917,0.04846949,-0.15592794,-0.09201214,2021:12:23:14:29:59.917
3527,1640237399935,-0.032224223,-0.21025638,-0.060586862,2021:12:23:14:29:59.935
3528,1640237399954,0.09081372,-0.17989638,-0.044341594,2021:12:23:14:29:59.954
3529,1640237399976,0.03036001,-0.18255953,0.069641605,2021:12:23:14:29:59.976
3530,1640237400002,0.018642113,-0.21238692,0.12956268,2021:12:23:14:30:00.002
3531,1640237400021,0.13129373,-0.17137428,0.14660689,2021:12:23:14:30:00.021
3532,1640237400036,-0.02263685,-0.17776585,0.2222406,2021:12:23:14:30:00.036
3533,1640237400059,0.1190432,-0.11731215,0.30027115,2021:12:23:14:30:00.059
3534,1640237400077,0.01810948,-0.08748477,0.31838062,2021:12:23:14:30:00.077
3535,1640237400102,-0.0122505305,-0.0864195,0.30533117,2021:12:23:14:30:00.102
3536,1640237400119,0.019973692,-0.066712126,0.28216168,2021:12:23:14:30:00.119
3537,1640237400139,-0.0074568447,-0.058988966,0.20812586,2021:12:23:14:30:00.139
3538,1640237400157,-0.014647374,-0.033156328,0.21105534,2021:12:23:14:30:00.157
3539,1640237400177,0.036485277,-0.02969422,0.20093533,2021:12:23:14:30:00.177
3540,1640237400205,0.031158958,-0.006524739,0.14607427,2021:12:23:14:30:00.205
3541,1640237400224,0.014647374,-0.001997369,0.15539531,2021:12:23:14:30:00.224
3542,1640237400239,0.02130527,0.04647212,0.11438267,2021:12:23:14:30:00.239
3543,1640237400256,-0.019707374,0.048868965,0.085087925,2021:12:23:14:30:00.256
3544,1640237400287,-0.0284958,0.06191844,0.074435286,2021:12:23:14:30:00.287
3545,1640237400303,-0.009587372,0.0914795,0.05366265,2021:12:23:14:30:00.303
3546,1640237400319,-0.1190432,0.051532123,-0.019041585,2021:12:23:14:30:00.319
3547,1640237400336,-0.012516847,0.08349003,-0.05313002,2021:12:23:14:30:00.336
3548,1640237400354,-0.09294424,0.0142479,-0.058722652,2021:12:23:14:30:00.354
3549,1640237400375,-0.004793686,0.055793177,-0.09920266,2021:12:23:14:30:00.375
3550,1640237400400,0.061252654,0.0661795,-0.03289001,2021:12:23:14:30:00.400
3551,1640237400418,-0.004261054,-0.010785793,-0.0025300009,2021:12:23:14:30:00.418
3552,1640237400436,0.05832318,0.022770008,0.040346857,2021:12:23:14:30:00.436
3553,1640237400458,-0.12703268,-0.049401596,0.13195951,2021:12:23:14:30:00.458
3554,1640237400477,0.097205296,0.05366265,0.15459637,2021:12:23:14:30:00.477
3555,1640237400502,0.07803056,-0.011318425,0.18975006,2021:12:23:14:30:00.502
3556,1640237400518,0.033822116,-0.017976321,0.14421006,2021:12:23:14:30:00.518
3557,1640237400537,0.09108003,0.004394212,0.15379742,2021:12:23:14:30:00.537
3558,1640237400555,-0.01358211,-0.007323687,0.12104057,2021:12:23:14:30:00.555
3559,1640237400584,-0.05166528,0.0027963168,0.08615319,2021:12:23:14:30:00.584
3560,1640237400602,0.12863056,0.04913528,0.10266477,2021:12:23:14:30:00.602
3561,1640237400617,0.00452737,0.04700475,0.07017423,2021:12:23:14:30:00.617
3562,1640237400638,0.049534753,0.057124756,0.03289001,2021:12:23:14:30:00.638
3563,1640237400669,0.006391581,0.06298371,0.02143843,2021:12:23:14:30:00.669
3564,1640237400685,-0.046871595,0.042743698,0.0142479,2021:12:23:14:30:00.685
3565,1640237400702,0.026365273,0.06005423,0.020639481,2021:12:23:14:30:00.702
3566,1640237400718,-0.034088433,0.052064754,0.058722652,2021:12:23:14:30:00.718
3567,1640237400738,-0.029827379,0.09201214,0.08269108,2021:12:23:14:30:00.738
3568,1640237400757,-0.086552665,0.10799109,0.07603318,2021:12:23:14:30:00.757
3569,1640237400784,-0.06924213,0.0864195,0.027031062,2021:12:23:14:30:00.784
3570,1640237400800,-0.021571586,0.07949529,0.026232114,2021:12:23:14:30:00.800
3571,1640237400820,0.04074633,0.10772477,0.014780532,2021:12:23:14:30:00.820
3572,1640237400839,0.017310532,0.10293109,-0.0006657897,2021:12:23:14:30:00.839
3573,1640237400861,-0.027696852,0.11944267,-0.023568956,2021:12:23:14:30:00.861
3574,1640237400891,0.009587372,0.13142689,-0.09574056,2021:12:23:14:30:00.891
3575,1640237400905,-0.012783162,0.085087925,-0.15566163,2021:12:23:14:30:00.905
3576,1640237400920,0.048203174,0.13409005,-0.17909743,2021:12:23:14:30:00.920
3577,1640237400936,-0.07163897,0.089082666,-0.21345218,2021:12:23:14:30:00.936
3578,1640237400956,-0.02077264,0.13116057,-0.24620903,2021:12:23:14:30:00.956
3579,1640237400978,-0.00026631588,0.122638464,-0.29521117,2021:12:23:14:30:00.978
3580,1640237401005,-0.056725282,0.096539505,-0.3223754,2021:12:23:14:30:01.005
3581,1640237401020,0.162719,0.11677951,-0.3447459,2021:12:23:14:30:01.020
3582,1640237401037,0.16112112,0.014514215,-0.3745733,2021:12:23:14:30:01.037
3583,1640237401066,-0.017843165,-0.016911058,-0.36738276,2021:12:23:14:30:01.066
3584,1640237401084,-0.019174743,-0.019041585,-0.38043225,2021:12:23:14:30:01.084
3585,1640237401102,0.056725282,-0.0712395,-0.40067226,2021:12:23:14:30:01.102
3586,1640237401119,0.06604634,-0.09254477,-0.3814975,2021:12:23:14:30:01.119
3587,1640237401139,0.09267793,-0.12024162,-0.27363956,2021:12:23:14:30:01.139
3588,1640237401159,-0.11371688,-0.18042901,-0.18149427,2021:12:23:14:30:01.159
3589,1640237401183,-0.09880319,-0.15113427,-0.16817848,2021:12:23:14:30:01.183
3590,1640237401200,0.13954952,-0.107192144,-0.12743215,2021:12:23:14:30:01.200
3591,1640237401220,-0.04447475,-0.21744692,-0.011584741,2021:12:23:14:30:01.220
3592,1640237401240,0.030626327,-0.14607427,0.05313002,2021:12:23:14:30:01.240
3593,1640237401259,-0.019707374,-0.20120165,0.058988966,2021:12:23:14:30:01.259
3594,1640237401283,-0.02263685,-0.23182797,0.07789739,2021:12:23:14:30:01.283
3595,1640237401302,0.06018739,-0.20493007,0.21345218,2021:12:23:14:30:01.302
3596,1640237401337,0.07563371,-0.16391742,0.26511747,2021:12:23:14:30:01.337
3597,1640237401357,-0.013049478,-0.11944267,0.35646382,2021:12:23:14:30:01.357
3598,1640237401385,0.011185267,-0.07896266,0.4067975,2021:12:23:14:30:01.385
3599,1640237401401,-0.04154528,-0.04700475,0.37377435,2021:12:23:14:30:01.401
3600,1640237401417,-0.07430213,-0.043542646,0.37191013,2021:12:23:14:30:01.417
3601,1640237401436,0.02530001,0.002263685,0.38602486,2021:12:23:14:30:01.436
3602,1640237401466,-0.031158958,0.008921582,0.36232275,2021:12:23:14:30:01.466
3603,1640237401484,-0.03302317,0.06138581,0.29174906,2021:12:23:14:30:01.484
3604,1640237401501,-0.08042739,0.029427905,0.20572902,2021:12:23:14:30:01.501
3605,1640237401517,-0.11265162,0.008122634,0.10106688,2021:12:23:14:30:01.517
3606,1640237401537,-0.035153694,0.016112112,0.060586862,2021:12:23:14:30:01.537
3607,1640237401558,-0.032490537,-0.028895274,0.035286855,2021:12:23:14:30:01.558
3608,1640237401589,-0.0029294747,-0.020905796,0.030226853,2021:12:23:14:30:01.589
3609,1640237401608,-0.03036001,-0.009454214,0.082957394,2021:12:23:14:30:01.608
3610,1640237401620,-0.047137912,-0.002263685,0.10692582,2021:12:23:14:30:01.620
3611,1640237401636,0.04447475,0.025699483,0.11837741,2021:12:23:14:30:01.636
3612,1640237401657,0.015446321,0.0083889505,0.16045532,2021:12:23:14:30:01.657
3613,1640237401681,-0.0010652635,0.03928159,0.18815216,2021:12:23:14:30:01.681
3614,1640237401702,-0.008522108,0.048602648,0.21185428,2021:12:23:14:30:01.702
3615,1640237401718,0.018642113,0.06325002,0.22197428,2021:12:23:14:30:01.718
3616,1640237401742,-0.02716422,0.08855003,0.19987006,2021:12:23:14:30:01.742
3617,1640237401757,0.031957906,0.1266332,0.16951005,2021:12:23:14:30:01.757
3618,1640237401777,0.033555802,0.15965638,0.086952135,2021:12:23:14:30:01.777
3619,1640237401804,-0.04926844,0.121839516,0.01291632,2021:12:23:14:30:01.804
3620,1640237401821,0.14381057,0.13036162,-0.063782655,2021:12:23:14:30:01.821
3621,1640237401836,-0.015446321,0.114915304,-0.13116057,2021:12:23:14:30:01.836
3622,1640237401858,0.05832318,0.13648689,-0.20652796,2021:12:23:14:30:01.858
3623,1640237401883,0.0061252653,0.14767216,-0.2424806,2021:12:23:14:30:01.883
3624,1640237401900,-0.06018739,0.07603318,-0.3311638,2021:12:23:14:30:01.900
3625,1640237401918,0.05432844,0.043010015,-0.4150533,2021:12:23:14:30:01.918
3626,1640237401940,0.00079894764,-0.011584741,-0.45819646,2021:12:23:14:30:01.940
3627,1640237401966,-0.027696852,-0.04194475,-0.46618596,2021:12:23:14:30:01.966
3628,1640237401982,0.04314317,-0.07763108,-0.43555963,2021:12:23:14:30:01.982
3629,1640237401999,-0.0061252653,-0.13568795,-0.38549224,2021:12:23:14:30:01.999
3630,1640237402021,0.03488738,-0.11278477,-0.26644903,2021:12:23:14:30:02.021
3631,1640237402037,-0.040480014,-0.15699321,-0.14900373,2021:12:23:14:30:02.037
3632,1640237402067,0.04340949,-0.14793848,-0.11464899,2021:12:23:14:30:02.067
3633,1640237402083,0.03568633,-0.16498269,-0.025965799,2021:12:23:14:30:02.083
3634,1640237402100,0.05299686,-0.14474268,0.05233107,2021:12:23:14:30:02.100
3635,1640237402119,0.036485277,-0.16764584,0.11704583,2021:12:23:14:30:02.119
3636,1640237402140,0.09853688,-0.13755216,0.16977638,2021:12:23:14:30:02.140
3637,1640237402160,-0.03568633,-0.1583248,0.21451744,2021:12:23:14:30:02.160
3638,1640237402184,-0.05885581,-0.094675295,0.24620903,2021:12:23:14:30:02.184
3639,1640237402203,-0.010918951,-0.036618434,0.27816695,2021:12:23:14:30:02.203
3640,1640237402218,-0.089482136,-0.041145805,0.25632903,2021:12:23:14:30:02.218
3641,1640237402237,0.05566002,0.017177375,0.22676797,2021:12:23:14:30:02.237
3642,1640237402267,-0.0940095,-0.022770008,0.17164059,2021:12:23:14:30:02.267
3643,1640237402283,-0.06950845,0.023036323,0.100534245,2021:12:23:14:30:02.283
3644,1640237402299,-0.061252654,-0.010519478,0.11704583,2021:12:23:14:30:02.299
3645,1640237402318,0.047670543,0.04540686,0.077364765,2021:12:23:14:30:02.318
3646,1640237402337,-0.03302317,0.008122634,0.060586862,2021:12:23:14:30:02.337
3647,1640237402359,-0.03435475,0.020639481,0.047537386,2021:12:23:14:30:02.359
3648,1640237402387,0.03941475,0.04833633,0.028628957,2021:12:23:14:30:02.387
3649,1640237402404,0.004261054,0.02783001,0.043808963,2021:12:23:14:30:02.404
3650,1640237402419,0.031957906,0.06085318,0.057124756,2021:12:23:14:30:02.419
3651,1640237402436,-0.061785284,0.06191844,0.06831002,2021:12:23:14:30:02.436
3652,1640237402465,0.02716422,0.0762995,0.055260547,2021:12:23:14:30:02.465
3653,1640237402482,-0.008255793,0.041145805,0.07816371,2021:12:23:14:30:02.482
3654,1640237402502,0.018908428,0.06910897,0.0762995,2021:12:23:14:30:02.502
3655,1640237402518,0.030626327,0.07976161,0.066712126,2021:12:23:14:30:02.518
3656,1640237402541,-0.09241161,0.04727107,0.08934898,2021:12:23:14:30:02.541
3657,1640237402566,-0.018375795,0.1215732,0.0997353,2021:12:23:14:30:02.566
3658,1640237402581,0.046871595,0.13781847,0.10133319,2021:12:23:14:30:02.581
3659,1640237402599,0.011984214,0.119708985,0.106393196,2021:12:23:14:30:02.599
3660,1640237402616,0.050067388,0.13409005,0.14314479,2021:12:23:14:30:02.616
3661,1640237402635,-0.05566002,0.1114532,0.13302478,2021:12:23:14:30:02.635
3662,1640237402667,-0.0015978953,0.15246584,0.10852372,2021:12:23:14:30:02.667
3663,1640237402683,-0.008255793,0.1633848,0.07816371,2021:12:23:14:30:02.683
3664,1640237402695,0.071905285,0.1516669,0.027563693,2021:12:23:14:30:02.695
3665,1640237402716,0.047670543,0.15592794,-0.037950013,2021:12:23:14:30:02.716
3666,1640237402737,-0.0029294747,0.12876374,-0.07363634,2021:12:23:14:30:02.737
3667,1640237402757,-0.035952643,0.13941637,-0.098670036,2021:12:23:14:30:02.757
3668,1640237402781,0.019973692,0.12556794,-0.12343741,2021:12:23:14:30:02.781
3669,1640237402800,0.21891165,0.21611534,-0.10665951,2021:12:23:14:30:02.800
3670,1640237402816,0.053795807,0.10213214,-0.09227845,2021:12:23:14:30:02.816
3671,1640237402839,-0.053529494,0.06431528,-0.110387936,2021:12:23:14:30:02.839
3672,1640237402867,-0.31238854,0.14074795,-0.111985825,2021:12:23:14:30:02.867
3673,1640237402883,-0.14807163,0.09600688,-0.15193321,2021:12:23:14:30:02.883
3674,1640237402897,0.05832318,0.150069,-0.19720691,2021:12:23:14:30:02.897
3675,1640237402918,0.10652635,0.09707214,-0.24487746,2021:12:23:14:30:02.918
3676,1640237402941,0.12357057,0.03821633,-0.2624543,2021:12:23:14:30:02.941
3677,1640237402969,-0.305198,0.03874896,-0.2307627,2021:12:23:14:30:02.969
3678,1640237402986,-0.16378427,0.059787914,-0.21877849,2021:12:23:14:30:02.986
3679,1640237403000,0.055393703,0.089082666,-0.20439744,2021:12:23:14:30:03.000
3680,1640237403020,0.24607587,0.075234234,-0.24141535,2021:12:23:14:30:03.020
3681,1640237403037,0.3621896,-0.01291632,-0.2627206,2021:12:23:14:30:03.037
3682,1640237403065,-0.016511586,-0.10346372,-0.30959222,2021:12:23:14:30:03.065
3683,1640237403100,-0.006391581,-0.12716584,-0.40440068,2021:12:23:14:30:03.100
3684,1640237403116,0.21758008,-0.10346372,-0.37883434,2021:12:23:14:30:03.116
3685,1640237403119,0.16911058,-0.14634058,-0.23102903,2021:12:23:14:30:03.119
3686,1640237403149,0.053795807,-0.14074795,-0.108257405,2021:12:23:14:30:03.149
3687,1640237403183,0.18216006,-0.098403715,-0.14314479,2021:12:23:14:30:03.183
3688,1640237403198,-0.0029294747,-0.20972376,-0.16871111,2021:12:23:14:30:03.198
3689,1640237403218,-0.19867165,-0.18975006,-0.1583248,2021:12:23:14:30:03.218
3690,1640237403249,0.023702113,-0.09174582,-0.17563532,2021:12:23:14:30:03.249
3691,1640237403257,-0.08761793,-0.18602164,-0.118910044,2021:12:23:14:30:03.257
3692,1640237403280,-0.100933716,-0.14873742,-0.08029424,2021:12:23:14:30:03.280
3693,1640237403299,0.06924213,-0.14048162,-0.023568956,2021:12:23:14:30:03.299
3694,1640237403316,-0.15313163,-0.21691428,0.04141212,2021:12:23:14:30:03.316
3695,1640237403339,-0.051398966,-0.102398455,0.082957394,2021:12:23:14:30:03.339
3696,1640237403364,-0.0074568447,-0.07257108,0.08455529,2021:12:23:14:30:03.364
3697,1640237403380,0.06391581,-0.111985825,0.057657387,2021:12:23:14:30:03.380
3698,1640237403397,0.011185267,-0.14101426,0.104528986,2021:12:23:14:30:03.397
3699,1640237403419,-0.0034621065,-0.1316932,0.09787109,2021:12:23:14:30:03.419
3700,1640237403436,0.047936857,-0.0864195,0.09547424,2021:12:23:14:30:03.436
3701,1640237403465,0.009853687,-0.11065425,0.13915005,2021:12:23:14:30:03.465
3702,1640237403480,-0.029294748,-0.10213214,0.1817606,2021:12:23:14:30:03.480
3703,1640237403496,-0.023968428,-0.09520793,0.17430374,2021:12:23:14:30:03.496
3704,1640237403515,0.1089232,-0.045673173,0.14740583,2021:12:23:14:30:03.515
3705,1640237403535,0.033555802,-0.074435286,0.15592794,2021:12:23:14:30:03.535
3706,1640237403556,0.015446321,-0.04141212,0.16871111,2021:12:23:14:30:03.556
3707,1640237403586,-0.052464228,-0.0544616,0.18921743,2021:12:23:14:30:03.586
3708,1640237403587,0.015978953,0.037151065,0.18122795,2021:12:23:14:30:03.587
3709,1640237403620,-0.057257913,0.02516685,0.19587533,2021:12:23:14:30:03.620
3710,1640237403637,-0.03755054,0.07017423,0.14820479,2021:12:23:14:30:03.637
3711,1640237403665,-0.06498107,0.057923704,0.10932267,2021:12:23:14:30:03.665
3712,1640237403679,-0.072970554,0.063782655,0.051532123,2021:12:23:14:30:03.679
3713,1640237403698,-0.0029294747,0.06884266,0.018508954,2021:12:23:14:30:03.698
3714,1640237403718,-0.03808317,0.038482644,0.0041278964,2021:12:23:14:30:03.718
3715,1640237403738,0.1006674,0.026764747,-0.049401596,2021:12:23:14:30:03.738
3716,1640237403765,-0.05166528,-0.017710006,-0.104528986,2021:12:23:14:30:03.765
3717,1640237403781,0.041012645,-0.024900535,-0.10266477,2021:12:23:14:30:03.781
3718,1640237403800,-0.03755054,-0.04727107,-0.02649843,2021:12:23:14:30:03.800
3719,1640237403818,0.05752423,-0.02143843,-0.0017310532,2021:12:23:14:30:03.818
3720,1640237403839,0.038882118,-0.028096326,0.07816371,2021:12:23:14:30:03.839
3721,1640237403860,-0.026631588,-0.03954791,0.13648689,2021:12:23:14:30:03.860
3722,1640237403886,0.03808317,-0.022503693,0.1801627,2021:12:23:14:30:03.886
3723,1640237403902,-0.051398966,-0.01744369,0.24008377,2021:12:23:14:30:03.902
3724,1640237403917,-0.08415582,0.008655266,0.2627206,2021:12:23:14:30:03.917
3725,1640237403935,-0.06311686,0.034754224,0.25393218,2021:12:23:14:30:03.935
3726,1640237403953,0.0077231606,0.05313002,0.2406164,2021:12:23:14:30:03.953
3727,1640237403980,-0.09667266,0.043542646,0.18282585,2021:12:23:14:30:03.980
3728,1640237403998,-0.08681898,0.037417382,0.1316932,2021:12:23:14:30:03.998
3729,1640237404032,-0.064182125,0.07763108,0.09414266,2021:12:23:14:30:04.032
3730,1640237404037,-0.08522108,0.043542646,0.0083889505,2021:12:23:14:30:04.037
3731,1640237404063,0.08149266,0.04194475,-0.0712395,2021:12:23:14:30:04.063
3732,1640237404080,-0.031425275,0.03954791,-0.13195951,2021:12:23:14:30:04.080
3733,1640237404100,0.081758976,0.03182475,-0.18602164,2021:12:23:14:30:04.100
3734,1640237404117,-0.05432844,-0.00039947382,-0.16152059,2021:12:23:14:30:04.117
3735,1640237404148,0.03302317,-0.0017310532,-0.20066902,2021:12:23:14:30:04.148
3736,1640237404164,0.13981584,0.030759484,-0.17670059,2021:12:23:14:30:04.164
3737,1640237404180,-0.061518967,-0.01291632,-0.17430374,2021:12:23:14:30:04.180
3738,1640237404199,0.079894766,-0.009986846,-0.15805848,2021:12:23:14:30:04.199
3739,1640237404218,0.011717899,-0.05632581,-0.16977638,2021:12:23:14:30:04.218
3740,1640237404239,0.019973692,-0.10905635,-0.155129,2021:12:23:14:30:04.239
3741,1640237404263,-0.017576847,-0.10186583,-0.06351634,2021:12:23:14:30:04.263
3742,1640237404280,0.007989476,-0.08375634,-0.016911058,2021:12:23:14:30:04.280
3743,1640237404301,-0.04926844,-0.075234234,0.042211067,2021:12:23:14:30:04.301
3744,1640237404317,0.05938844,-0.060586862,0.13568795,2021:12:23:14:30:04.317
3745,1640237404342,0.041012645,-0.035819486,0.13888372,2021:12:23:14:30:04.342
3746,1640237404366,0.0620516,-0.015845794,0.13462268,2021:12:23:14:30:04.366
3747,1640237404384,0.107857935,-0.03342264,0.13089426,2021:12:23:14:30:04.384
3748,1640237404398,0.030093694,0.026232114,0.07257108,2021:12:23:14:30:04.398
3749,1640237404420,0.0940095,-0.0014647373,0.07310371,2021:12:23:14:30:04.420
3750,1640237404446,0.035952643,0.026232114,0.030493168,2021:12:23:14:30:04.446
3751,1640237404464,0.011984214,0.030226853,-0.027563693,2021:12:23:14:30:04.464
3752,1640237404479,0.056458965,0.08428898,-0.07576687,2021:12:23:14:30:04.479
3753,1640237404501,-0.0737695,0.0014647373,-0.1215732,2021:12:23:14:30:04.501
3754,1640237404516,-0.06551371,0.012117373,-0.1886848,2021:12:23:14:30:04.516
3755,1640237404537,0.008522108,-0.018508954,-0.21744692,2021:12:23:14:30:04.537
3756,1640237404563,-0.046072647,0.005992107,-0.23529008,2021:12:23:14:30:04.563
3757,1640237404580,0.00452737,0.0057257917,-0.18309216,2021:12:23:14:30:04.580
3758,1640237404598,-0.10865688,-0.059255283,-0.17536901,2021:12:23:14:30:04.598
3759,1640237404616,-0.03169159,-0.05552686,-0.1516669,2021:12:23:14:30:04.616
3760,1640237404637,0.06604634,-0.0645816,-0.083223715,2021:12:23:14:30:04.637
3761,1640237404666,0.04154528,-0.074435286,-0.017976321,2021:12:23:14:30:04.666
3762,1640237404680,-0.011717899,-0.043276332,0.06085318,2021:12:23:14:30:04.680
3763,1640237404699,-0.026365273,-0.06404897,0.08988161,2021:12:23:14:30:04.699
3764,1640237404718,0.062317915,-0.035286855,0.061652128,2021:12:23:14:30:04.718
3765,1640237404748,-0.006924213,-0.05819002,0.08615319,2021:12:23:14:30:04.748
3766,1640237404763,0.0010652635,-0.05233107,0.097604774,2021:12:23:14:30:04.763
3767,1640237404780,0.07110634,0.0033289485,0.083223715,2021:12:23:14:30:04.780
3768,1640237404798,-0.012783162,-0.026764747,0.075234234,2021:12:23:14:30:04.798
3769,1640237404821,-0.11851057,-0.05313002,0.08535424,2021:12:23:14:30:04.821
3770,1640237404848,-0.028229482,0.024101587,0.18975006,2021:12:23:14:30:04.848
3771,1640237404864,0.053263176,0.042743698,0.26431853,2021:12:23:14:30:04.864
3772,1640237404897,-0.023169482,0.0017310532,0.2288985,2021:12:23:14:30:04.897
3773,1640237404915,-0.07510108,-0.017177375,0.22596903,2021:12:23:14:30:04.915
3774,1640237404936,-0.076698974,0.035020538,0.31172273,2021:12:23:14:30:04.936
3775,1640237404962,-0.11717899,0.043010015,0.32317433,2021:12:23:14:30:04.962
3776,1640237404979,0.018908428,0.051532123,0.2858901,2021:12:23:14:30:04.979
3777,1640237404995,0.0053263176,0.05685844,0.2472743,2021:12:23:14:30:04.995
3778,1640237405021,0.006391581,0.08615319,0.24807325,2021:12:23:14:30:05.021
3779,1640237405037,-0.08522108,0.11518162,0.25393218,2021:12:23:14:30:05.037
3780,1640237405063,0.00053263176,0.17643428,0.19987006,2021:12:23:14:30:05.063
3781,1640237405081,0.053529494,0.17137428,0.11837741,2021:12:23:14:30:05.081
3782,1640237405097,-0.00026631588,0.15939006,0.021172112,2021:12:23:14:30:05.097
3783,1640237405118,0.03435475,0.17803216,-0.06511423,2021:12:23:14:30:05.118
3784,1640237405139,-0.016777901,0.16098794,-0.12876374,2021:12:23:14:30:05.139
3785,1640237405165,-0.029561063,0.19987006,-0.21638165,2021:12:23:14:30:05.165
3786,1640237405183,0.013848426,0.14767216,-0.30027115,2021:12:23:14:30:05.183
3787,1640237405195,-0.013049478,0.1165132,-0.36605117,2021:12:23:14:30:05.195
3788,1640237405216,-0.012516847,0.08375634,-0.38256276,2021:12:23:14:30:05.216
3789,1640237405234,-0.009587372,0.053396333,-0.37670383,2021:12:23:14:30:05.234
3790,1640237405262,-0.037284225,0.023036323,-0.36099118,2021:12:23:14:30:05.262
3791,1640237405279,0.018642113,0.043542646,-0.3511375,2021:12:23:14:30:05.279
3792,1640237405296,0.037816856,0.01291632,-0.31651643,2021:12:23:14:30:05.296
3793,1640237405315,0.06684528,-0.009986846,-0.30506483,2021:12:23:14:30:05.315
3794,1640237405338,0.044208437,-0.05819002,-0.31358695,2021:12:23:14:30:05.338
3795,1640237405362,0.025033694,-0.090946876,-0.31198907,2021:12:23:14:30:05.362
3796,1640237405380,0.062317915,-0.10133319,-0.26778063,2021:12:23:14:30:05.380
3797,1640237405397,0.09827056,-0.11944267,-0.22144166,2021:12:23:14:30:05.397
3798,1640237405421,0.022370534,-0.165249,-0.15379742,2021:12:23:14:30:05.421
3799,1640237405436,0.0452737,-0.17323849,-0.07044055,2021:12:23:14:30:05.436
3800,1640237405463,0.0018642112,-0.19587533,0.028895274,2021:12:23:14:30:05.463
3801,1640237405480,-0.007989476,-0.14128058,0.08615319,2021:12:23:14:30:05.480
3802,1640237405499,0.02263685,-0.15273216,0.13808478,2021:12:23:14:30:05.499
3803,1640237405520,0.02077264,-0.10586056,0.14101426,2021:12:23:14:30:05.520
3804,1640237405545,-0.0061252653,-0.13781847,0.19880481,2021:12:23:14:30:05.545
3805,1640237405563,-0.011451583,-0.124502674,0.17323849,2021:12:23:14:30:05.563
3806,1640237405580,0.015978953,-0.096805826,0.114915304,2021:12:23:14:30:05.580
3807,1640237405598,0.046072647,-0.0981374,0.12769847,2021:12:23:14:30:05.598
3808,1640237405620,-0.011984214,-0.09520793,0.12343741,2021:12:23:14:30:05.620
3809,1640237405646,0.03036001,-0.07283739,0.053928968,2021:12:23:14:30:05.646
3810,1640237405665,0.039681066,-0.04833633,-0.015046847,2021:12:23:14:30:05.665
3811,1640237405679,0.049534753,-0.08242477,-0.011052109,2021:12:23:14:30:05.679
3812,1640237405702,-0.00079894764,-0.06032055,0.030493168,2021:12:23:14:30:05.702
3813,1640237405718,-0.00079894764,-0.047537386,0.059787914,2021:12:23:14:30:05.718
3814,1640237405746,-0.05566002,-0.023568956,0.061119493,2021:12:23:14:30:05.746
3815,1640237405762,-0.013315794,-0.017177375,0.10745846,2021:12:23:14:30:05.762
3816,1640237405779,-0.050866332,-0.025699483,0.123703726,2021:12:23:14:30:05.779
3817,1640237405796,-0.00053263176,0.011584741,0.11358372,2021:12:23:14:30:05.796
3818,1640237405830,0.0013315794,0.0062584234,0.111985825,2021:12:23:14:30:05.830
3819,1640237405846,-0.05299686,-0.011318425,0.10213214,2021:12:23:14:30:05.846
3820,1640237405860,0.04074633,0.004394212,0.098403715,2021:12:23:14:30:05.860
3821,1640237405879,0.03755054,0.02197106,0.0864195,2021:12:23:14:30:05.879
3822,1640237405904,0.008788424,0.010253161,0.069375284,2021:12:23:14:30:05.904
3823,1640237405918,-0.039148435,0.025965799,0.07097318,2021:12:23:14:30:05.918
3824,1640237405940,0.027963167,0.02463422,0.022503693,2021:12:23:14:30:05.940
3825,1640237405967,0.046338964,0.021704745,0.02649843,2021:12:23:14:30:05.967
3826,1640237405981,-0.002130527,0.0142479,0.05366265,2021:12:23:14:30:05.981
3827,1640237405998,-0.014381058,0.056592125,0.043542646,2021:12:23:14:30:05.998
3828,1640237406019,-0.014114741,0.01877527,0.07070687,2021:12:23:14:30:06.019
3829,1640237406046,-0.007989476,0.034754224,0.09946898,2021:12:23:14:30:06.046
3830,1640237406064,0.015978953,0.048070017,0.12476899,2021:12:23:14:30:06.064
3831,1640237406079,-0.06551371,-0.023835272,0.14421006,2021:12:23:14:30:06.079
3832,1640237406102,0.013049478,0.04460791,0.15619427,2021:12:23:14:30:06.102
3833,1640237406118,-0.048203174,0.03688475,0.22463745,2021:12:23:14:30:06.118
3834,1640237406144,-0.026365273,0.08269108,0.22543639,2021:12:23:14:30:06.144
3835,1640237406162,0.0074568447,0.119975306,0.21105534,2021:12:23:14:30:06.162
3836,1640237406182,0.034621064,0.12130688,0.19933744,2021:12:23:14:30:06.182
3837,1640237406196,0.034621064,0.12290478,0.15326479,2021:12:23:14:30:06.196
3838,1640237406217,-0.087351605,0.07017423,0.07976161,2021:12:23:14:30:06.217
3839,1640237406235,0.00452737,0.10612688,0.051532123,2021:12:23:14:30:06.235
3840,1640237406261,-0.021038955,0.09574056,0.025433166,2021:12:23:14:30:06.261
3841,1640237406280,0.08708529,0.10799109,-0.023835272,2021:12:23:14:30:06.280
3842,1640237406299,-0.048735805,0.0762995,-0.069375284,2021:12:23:14:30:06.299
3843,1640237406319,-0.00053263176,0.0712395,-0.11704583,2021:12:23:14:30:06.319
3844,1640237406344,-0.060986336,0.08349003,-0.16551532,2021:12:23:14:30:06.344
3845,1640237406360,-0.03302317,0.044874225,-0.19294585,2021:12:23:14:30:06.360
3846,1640237406379,-0.0034621065,0.053928968,-0.22596903,2021:12:23:14:30:06.379
3847,1640237406399,-0.036485277,0.017177375,-0.23981746,2021:12:23:14:30:06.399
3848,1640237406431,0.038349487,-0.0025300009,-0.21265323,2021:12:23:14:30:06.431
3849,1640237406445,-0.081758976,-0.013715268,-0.17243953,2021:12:23:14:30:06.445
3850,1640237406463,0.059122127,0.0025300009,-0.15699321,2021:12:23:14:30:06.463
3851,1640237406479,0.027430536,-0.020106848,-0.15086795,2021:12:23:14:30:06.479
3852,1640237406500,0.08282424,-0.06005423,-0.13968268,2021:12:23:14:30:06.500
3853,1640237406519,0.07323687,-0.1215732,-0.10852372,2021:12:23:14:30:06.519
3854,1640237406542,0.09960214,-0.07257108,-0.07390266,2021:12:23:14:30:06.542
3855,1640237406564,-0.019973692,-0.067511074,-0.0030626326,2021:12:23:14:30:06.564
3856,1640237406580,0.046072647,-0.053928968,0.0310258,2021:12:23:14:30:06.580
3857,1640237406599,-0.0034621065,-0.08588687,0.029960537,2021:12:23:14:30:06.599
3858,1640237406621,0.0018642112,-0.06484792,0.07257108,2021:12:23:14:30:06.621
3859,1640237406649,0.016511586,-0.02969422,0.12050793,2021:12:23:14:30:06.649
3860,1640237406664,-0.09640635,-0.051265806,0.11837741,2021:12:23:14:30:06.664
3861,1640237406697,0.0,-0.0057257917,0.104262665,2021:12:23:14:30:06.697
3862,1640237406715,-0.058589496,-0.022770008,0.10506161,2021:12:23:14:30:06.715
3863,1640237406743,-0.022104219,0.048602648,0.07257108,2021:12:23:14:30:06.743
3864,1640237406762,-0.082557924,-0.029427905,0.055793177,2021:12:23:14:30:06.762
3865,1640237406779,-0.019441059,0.035286855,0.002263685,2021:12:23:14:30:06.779
3866,1640237406797,0.0029294747,0.077098444,0.0006657897,2021:12:23:14:30:06.797
3867,1640237406817,-0.0050600017,0.07230476,-0.04727107,2021:12:23:14:30:06.817
3868,1640237406845,-0.010918951,0.08029424,-0.10026793,2021:12:23:14:30:06.845
3869,1640237406861,-0.011451583,0.058988966,-0.1250353,2021:12:23:14:30:06.861
3870,1640237406877,0.019174743,0.074435286,-0.11358372,2021:12:23:14:30:06.877
3871,1640237406898,0.003994738,0.06511423,-0.10159951,2021:12:23:14:30:06.898
3872,1640237406917,-0.024767376,0.050733175,-0.07203845,2021:12:23:14:30:06.917
3873,1640237406942,0.07909582,0.10186583,-0.098670036,2021:12:23:14:30:06.942
3874,1640237406960,-0.03169159,0.044874225,-0.061652128,2021:12:23:14:30:06.960
3875,1640237406980,-0.02583264,0.04460791,-0.075500555,2021:12:23:14:30:06.980
3876,1640237406997,0.050866332,0.03555317,-0.04593949,2021:12:23:14:30:06.997
3877,1640237407028,-0.058589496,-0.0062584234,-0.010253161,2021:12:23:14:30:07.028
3878,1640237407042,0.024501061,0.041678436,-0.013715268,2021:12:23:14:30:07.042
3879,1640237407061,0.025566325,0.037683696,-0.035286855,2021:12:23:14:30:07.061
3880,1640237407078,0.0050600017,0.00519316,-0.04540686,2021:12:23:14:30:07.078
3881,1640237407111,-0.09241161,-0.012383688,0.02463422,2021:12:23:14:30:07.111
3882,1640237407117,-0.05805686,0.03422159,0.0014647373,2021:12:23:14:30:07.117
3883,1640237407143,-0.002396843,0.023568956,-0.06032055,2021:12:23:14:30:07.143
3884,1640237407159,-0.00053263176,0.019307902,-0.06484792,2021:12:23:14:30:07.159
3885,1640237407177,-0.0055926335,0.022503693,0.0017310532,2021:12:23:14:30:07.177
3886,1640237407196,0.0013315794,0.021704745,0.015046847,2021:12:23:14:30:07.196
3887,1640237407223,0.04154528,0.025433166,0.011584741,2021:12:23:14:30:07.223
3888,1640237407247,0.03169159,-0.018508954,0.040346857,2021:12:23:14:30:07.247
3889,1640237407265,-0.06258423,-0.02649843,0.036085803,2021:12:23:14:30:07.265
3890,1640237407278,-0.017576847,0.012383688,0.06697845,2021:12:23:14:30:07.278
3891,1640237407300,0.045007385,0.048868965,0.08988161,2021:12:23:14:30:07.300
3892,1640237407320,0.04447475,-0.015579479,0.08855003,2021:12:23:14:30:07.320
3893,1640237407341,0.039148435,0.018508954,0.058988966,2021:12:23:14:30:07.341
3894,1640237407364,0.08522108,0.04700475,0.071505815,2021:12:23:14:30:07.364
3895,1640237407381,-0.1006674,0.014514215,0.06298371,2021:12:23:14:30:07.381
3896,1640237407398,-0.017310532,0.0544616,-0.006524739,2021:12:23:14:30:07.398
3897,1640237407422,0.051398966,-0.007323687,-0.049667913,2021:12:23:14:30:07.422
3898,1640237407450,0.0889495,0.0118510565,-0.09334372,2021:12:23:14:30:07.450
3899,1640237407467,-0.01038632,-0.01877527,-0.08002792,2021:12:23:14:30:07.467
3900,1640237407479,-0.06844318,-0.045140542,-0.08961529,2021:12:23:14:30:07.479
3901,1640237407502,-0.006391581,-0.0478037,-0.10932267,2021:12:23:14:30:07.502
3902,1640237407517,-0.0889495,-0.06138581,-0.069375284,2021:12:23:14:30:07.517
3903,1640237407536,0.08681898,-0.035286855,-0.05313002,2021:12:23:14:30:07.536
3904,1640237407563,-0.016511586,-0.06884266,-0.013182636,2021:12:23:14:30:07.563
3905,1640237407581,-0.06018739,-0.08428898,0.02143843,2021:12:23:14:30:07.581
3906,1640237407599,-0.03542001,-0.05819002,0.010519478,2021:12:23:14:30:07.599
3907,1640237407616,0.07057371,-0.07896266,0.013182636,2021:12:23:14:30:07.616
3908,1640237407644,-0.006657897,-0.11464899,0.04700475,2021:12:23:14:30:07.644
3909,1640237407662,-0.015712637,-0.09574056,0.069375284,2021:12:23:14:30:07.662
3910,1640237407676,0.009853687,-0.10159951,0.055260547,2021:12:23:14:30:07.676
3911,1640237407698,0.009587372,-0.11092056,0.05819002,2021:12:23:14:30:07.698
3912,1640237407717,-0.010652635,-0.09227845,0.061119493,2021:12:23:14:30:07.717
3913,1640237407742,0.03621896,-0.069375284,0.048602648,2021:12:23:14:30:07.742
3914,1640237407758,0.045806333,-0.079228975,0.092811085,2021:12:23:14:30:07.758
3915,1640237407777,-0.046338964,-0.06218476,0.09254477,2021:12:23:14:30:07.777
3916,1640237407798,-0.026897904,-0.04700475,0.107192144,2021:12:23:14:30:07.798
3917,1640237407827,-0.004793686,-0.034487907,0.075234234,2021:12:23:14:30:07.827
3918,1640237407842,0.020240007,-0.02143843,0.0544616,2021:12:23:14:30:07.842
3919,1640237407860,0.022370534,0.008122634,0.037151065,2021:12:23:14:30:07.860
3920,1640237407879,0.0026631588,0.0011984215,0.012650005,2021:12:23:14:30:07.879
3921,1640237407900,-0.024767376,-0.004660528,-0.016112112,2021:12:23:14:30:07.900
3922,1640237407918,0.04447475,-0.001997369,-0.050733175,2021:12:23:14:30:07.918
3923,1640237407935,-0.0015978953,-0.022503693,-0.10692582,2021:12:23:14:30:07.935
3924,1640237407959,0.11185267,-0.017976321,-0.11464899,2021:12:23:14:30:07.959
3925,1640237407979,-0.04447475,-0.03342264,-0.060586862,2021:12:23:14:30:07.979
3926,1640237407995,-0.068176866,-0.019840533,-0.016378427,2021:12:23:14:30:07.995
3927,1640237408018,0.0010652635,0.006791055,0.029427905,2021:12:23:14:30:08.018
3928,1640237408038,-0.014913689,-0.010785793,0.04194475,2021:12:23:14:30:08.038
3929,1640237408062,-0.027696852,0.052064754,0.089082666,2021:12:23:14:30:08.062
3930,1640237408078,-0.04926844,-0.0017310532,0.11544793,2021:12:23:14:30:08.078
3931,1640237408098,-0.020506322,0.035020538,0.09254477,2021:12:23:14:30:08.098
3932,1640237408117,-0.07137266,0.052863702,0.13622057,2021:12:23:14:30:08.117
3933,1640237408144,0.0050600017,0.07789739,0.108257405,2021:12:23:14:30:08.144
3934,1640237408160,-0.004793686,0.054727912,0.10000161,2021:12:23:14:30:08.160
3935,1640237408181,-0.0010652635,0.08162582,0.09520793,2021:12:23:14:30:08.181
3936,1640237408197,0.02130527,0.0880174,0.12769847,2021:12:23:14:30:08.197
3937,1640237408228,0.010652635,0.09041424,0.089082666,2021:12:23:14:30:08.228
3938,1640237408244,-0.039148435,0.09014793,0.067511074,2021:12:23:14:30:08.244
3939,1640237408260,-0.0074568447,0.11331741,0.03874896,2021:12:23:14:30:08.260
3940,1640237408277,0.013315794,0.11731215,0.04727107,2021:12:23:14:30:08.277
3941,1640237408299,0.0122505305,0.07044055,-0.0049268436,2021:12:23:14:30:08.299
3942,1640237408325,0.11105372,0.13488899,-0.061119493,2021:12:23:14:30:08.325
3943,1640237408343,-0.030892642,0.06404897,-0.020639481,2021:12:23:14:30:08.343
3944,1640237408377,0.043675803,0.11704583,-0.048070017,2021:12:23:14:30:08.377
3945,1640237408396,0.016777901,0.13622057,-0.12530163,2021:12:23:14:30:08.396
3946,1640237408398,0.022903167,0.06085318,-0.19853848,2021:12:23:14:30:08.398
3947,1640237408425,0.07536739,0.07470161,-0.18735322,2021:12:23:14:30:08.425
3948,1640237408463,-0.028762115,0.0310258,-0.17936374,2021:12:23:14:30:08.463
3949,1640237408464,0.075900026,0.05499423,-0.17643428,2021:12:23:14:30:08.464
3950,1640237408496,-0.009853687,0.044075277,-0.11518162,2021:12:23:14:30:08.496
3951,1640237408516,0.0029294747,0.0070573706,-0.090946876,2021:12:23:14:30:08.516
3952,1640237408543,-0.002396843,0.017710006,-0.058988966,2021:12:23:14:30:08.543
3953,1640237408559,-0.07696529,-0.0027963168,-0.025433166,2021:12:23:14:30:08.559
3954,1640237408576,-0.014114741,-0.006791055,-0.0139815835,2021:12:23:14:30:08.576
3955,1640237408599,-0.021038955,-0.002263685,-0.0030626326,2021:12:23:14:30:08.599
3956,1640237408627,-0.04154528,-0.0070573706,-0.02463422,2021:12:23:14:30:08.627
3957,1640237408642,-0.01038632,-0.010519478,-0.011052109,2021:12:23:14:30:08.642
3958,1640237408658,-0.030093694,-0.03368896,0.001997369,2021:12:23:14:30:08.658
3959,1640237408676,-0.002396843,-0.032623697,-0.023036323,2021:12:23:14:30:08.676
3960,1640237408700,0.02583264,-0.022770008,-0.03928159,2021:12:23:14:30:08.700
3961,1640237408723,0.053795807,-0.019574217,-0.054727912,2021:12:23:14:30:08.723
3962,1640237408742,0.041012645,-0.036352117,-0.05419528,2021:12:23:14:30:08.742
3963,1640237408757,0.00452737,-0.07363634,-0.06218476,2021:12:23:14:30:08.757
3964,1640237408779,0.045540016,-0.028096326,-0.07603318,2021:12:23:14:30:08.779
3965,1640237408797,-0.0956074,-0.04833633,-0.045673173,2021:12:23:14:30:08.797
3966,1640237408826,-0.03675159,-0.03342264,-0.052064754,2021:12:23:14:30:08.826
3967,1640237408843,0.04261054,-0.03954791,-0.06431528,2021:12:23:14:30:08.843
3968,1640237408860,-0.002396843,-0.066712126,-0.052064754,2021:12:23:14:30:08.860
3969,1640237408877,-0.029827379,-0.058722652,-0.06138581,2021:12:23:14:30:08.877
3970,1640237408907,-0.030892642,-0.058722652,-0.10612688,2021:12:23:14:30:08.907
3971,1640237408923,-0.017044216,-0.06990792,-0.07763108,2021:12:23:14:30:08.923
3972,1640237408942,-0.024767376,-0.085087925,-0.06271739,2021:12:23:14:30:08.942
3973,1640237408959,0.10253161,-0.104262665,-0.124502674,2021:12:23:14:30:08.959
3974,1640237408979,0.04980107,-0.1282311,-0.13302478,2021:12:23:14:30:08.979
3975,1640237408995,0.00905474,-0.09041424,-0.124502674,2021:12:23:14:30:08.995
3976,1640237409025,0.05566002,-0.1181111,-0.19241323,2021:12:23:14:30:09.025
3977,1640237409043,-0.010652635,-0.1583248,-0.19267954,2021:12:23:14:30:09.043
3978,1640237409060,-0.05219791,-0.1383511,-0.10905635,2021:12:23:14:30:09.060
3979,1640237409079,0.087351605,-0.15193321,-0.09174582,2021:12:23:14:30:09.079
3980,1640237409098,0.05219791,-0.19321217,-0.025699483,2021:12:23:14:30:09.098
3981,1640237409126,-0.117445305,-0.18655427,0.08748477,2021:12:23:14:30:09.126
3982,1640237409141,0.07456845,-0.1282311,0.08615319,2021:12:23:14:30:09.141
3983,1640237409158,0.04074633,-0.19214691,0.08562055,2021:12:23:14:30:09.158
3984,1640237409178,-0.061252654,-0.17057532,0.19054902,2021:12:23:14:30:09.178
3985,1640237409197,-0.0015978953,-0.15033531,0.2406164,2021:12:23:14:30:09.197
3986,1640237409216,-0.05166528,-0.12423636,0.2523343,2021:12:23:14:30:09.216
3987,1640237409242,-0.11877688,-0.114915304,0.33515853,2021:12:23:14:30:09.242
3988,1640237409257,-0.015978953,-0.077364765,0.35433328,2021:12:23:14:30:09.257
3989,1640237409274,-0.032490537,-0.08668582,0.3327617,2021:12:23:14:30:09.274
3990,1640237409293,-0.0013315794,-0.028096326,0.35433328,2021:12:23:14:30:09.293
3991,1640237409314,-0.06604634,-0.039814223,0.36045855,2021:12:23:14:30:09.314
3992,1640237409342,-0.04074633,-0.021172112,0.2994722,2021:12:23:14:30:09.342
3993,1640237409359,0.012516847,-0.023568956,0.30186906,2021:12:23:14:30:09.359
3994,1640237409379,0.0037284223,0.022503693,0.2842922,2021:12:23:14:30:09.379
3995,1640237409395,0.025566325,0.059255283,0.25632903,2021:12:23:14:30:09.395
3996,1640237409425,-0.026631588,0.028628957,0.22623535,2021:12:23:14:30:09.425
3997,1640237409442,0.08415582,0.107192144,0.19987006,2021:12:23:14:30:09.442
3998,1640237409459,-0.0503337,0.112252146,0.24860588,2021:12:23:14:30:09.459
3999,1640237409478,0.027696852,0.15060163,0.16072163,2021:12:23:14:30:09.478
4000,1640237409496,0.07803056,0.19134796,0.08455529,2021:12:23:14:30:09.496
4001,1640237409516,0.040213697,0.13435636,0.08748477,2021:12:23:14:30:09.516
4002,1640237409545,0.054594755,0.19880481,0.12769847,2021:12:23:14:30:09.545
4003,1640237409563,0.071905285,0.17403743,0.048868965,2021:12:23:14:30:09.563
4004,1640237409580,0.00053263176,0.12423636,-0.009720529,2021:12:23:14:30:09.580
4005,1640237409597,0.05885581,0.1700427,0.0030626326,2021:12:23:14:30:09.597
4006,1640237409626,0.046871595,0.14767216,0.035286855,2021:12:23:14:30:09.626
4007,1640237409642,0.035153694,0.1418132,0.043276332,2021:12:23:14:30:09.642
4008,1640237409660,0.010652635,0.19853848,0.07017423,2021:12:23:14:30:09.660
4009,1640237409678,-0.00026631588,0.21851218,0.0544616,2021:12:23:14:30:09.678
4010,1640237409707,0.01810948,0.1868206,0.040879488,2021:12:23:14:30:09.707
4011,1640237409715,0.027430536,0.19827217,-0.015046847,2021:12:23:14:30:09.715
4012,1640237409739,0.011451583,0.17403743,-0.11065425,2021:12:23:14:30:09.739
4013,1640237409756,-0.09081372,0.1583248,-0.1165132,2021:12:23:14:30:09.756
4014,1640237409774,-0.07749792,0.19987006,-0.12290478,2021:12:23:14:30:09.774
4015,1640237409793,0.012783162,0.15033531,-0.13622057,2021:12:23:14:30:09.793
4016,1640237409816,-0.04074633,0.14820479,-0.16764584,2021:12:23:14:30:09.816
4017,1640237409836,-0.05060002,0.12397004,-0.22357218,2021:12:23:14:30:09.836
4018,1640237409855,-0.0058589494,0.1215732,-0.25073642,2021:12:23:14:30:09.855
4019,1640237409875,-0.042344224,0.098670036,-0.23049639,2021:12:23:14:30:09.875
4020,1640237409897,0.0284958,0.07656582,-0.23209429,2021:12:23:14:30:09.897
4021,1640237409923,0.07510108,0.07470161,-0.23156166,2021:12:23:14:30:09.923
4022,1640237409939,-0.018642113,0.037151065,-0.22863218,2021:12:23:14:30:09.939
4023,1640237409956,0.03169159,0.024101587,-0.20359848,2021:12:23:14:30:09.956
4024,1640237409979,0.021571586,-0.040346857,-0.21238692,2021:12:23:14:30:09.979
4025,1640237409996,0.022370534,-0.036352117,-0.20839217,2021:12:23:14:30:09.996
4026,1640237410025,0.068176866,-0.052863702,-0.21451744,2021:12:23:14:30:10.025
4027,1640237410043,0.016777901,-0.03422159,-0.24700798,2021:12:23:14:30:10.043
4028,1640237410060,0.03755054,-0.07177213,-0.2523343,2021:12:23:14:30:10.060
4029,1640237410078,0.013049478,-0.1351553,-0.20972376,2021:12:23:14:30:10.078
4030,1640237410107,0.08016108,-0.111985825,-0.14474268,2021:12:23:14:30:10.107
4031,1640237410124,-0.022104219,-0.13249215,-0.08615319,2021:12:23:14:30:10.124
4032,1640237410141,-0.035153694,-0.12689951,-0.043808963,2021:12:23:14:30:10.141
4033,1640237410159,0.00026631588,-0.07203845,-0.0142479,2021:12:23:14:30:10.159
4034,1640237410179,-0.046072647,-0.08056056,0.015046847,2021:12:23:14:30:10.179
4035,1640237410225,-0.006924213,-0.08029424,0.042211067,2021:12:23:14:30:10.225
4036,1640237410242,-0.05113265,-0.106393196,0.017976321,2021:12:23:14:30:10.242
4037,1640237410258,0.0018642112,-0.07789739,0.015845794,2021:12:23:14:30:10.258
4038,1640237410277,-0.0284958,-0.052597385,0.033156328,2021:12:23:14:30:10.277
4039,1640237410279,-0.038349487,-0.037417382,-0.0014647373,2021:12:23:14:30:10.279
4040,1640237410308,-0.038615804,-0.053396333,-0.02649843,2021:12:23:14:30:10.308
4041,1640237410341,0.030892642,-0.02969422,-0.04647212,2021:12:23:14:30:10.341
4042,1640237410359,-0.046871595,-0.06538055,-0.05419528,2021:12:23:14:30:10.359
4043,1640237410379,-0.016511586,-0.04700475,-0.050200544,2021:12:23:14:30:10.379
4044,1640237410399,-0.0101200035,-0.035020538,-0.048602648,2021:12:23:14:30:10.399
4045,1640237410420,0.017044216,-0.07789739,-0.0478037,2021:12:23:14:30:10.420
4046,1640237410442,0.030892642,-0.118910044,0.066712126,2021:12:23:14:30:10.442
4047,1640237410460,-0.03621896,-0.057923704,0.12423636,2021:12:23:14:30:10.460
4048,1640237410475,0.042344224,-0.015579479,0.1332911,2021:12:23:14:30:10.475
4049,1640237410499,-0.0050600017,-0.02143843,0.13728584,2021:12:23:14:30:10.499
4050,1640237410523,0.027696852,-0.021172112,0.122638464,2021:12:23:14:30:10.523
4051,1640237410542,0.0503337,0.02969422,0.112252146,2021:12:23:14:30:10.542
4052,1640237410557,-0.00026631588,0.03555317,0.10080056,2021:12:23:14:30:10.557
4053,1640237410574,-0.009321056,0.031292114,0.033156328,2021:12:23:14:30:10.574
4054,1640237410595,-0.013049478,0.017177375,-0.024101587,2021:12:23:14:30:10.595
4055,1640237410624,0.0636495,0.024101587,-0.07869634,2021:12:23:14:30:10.624
4056,1640237410642,0.030093694,0.0033289485,-0.08828372,2021:12:23:14:30:10.642
4057,1640237410660,-0.03621896,-0.0142479,-0.119708985,2021:12:23:14:30:10.660
4058,1640237410677,-0.032224223,-0.0027963168,-0.10026793,2021:12:23:14:30:10.677
4059,1640237410697,-0.0010652635,0.023568956,-0.032623697,2021:12:23:14:30:10.697
4060,1640237410724,-0.046338964,0.00519316,0.0041278964,2021:12:23:14:30:10.724
4061,1640237410740,0.0034621065,0.0075900024,0.01744369,2021:12:23:14:30:10.740
4062,1640237410756,0.018642113,-0.038482644,0.060586862,2021:12:23:14:30:10.756
4063,1640237410779,0.037017908,-0.012650005,0.12610057,2021:12:23:14:30:10.779
4064,1640237410797,0.004793686,-0.023835272,0.18602164,2021:12:23:14:30:10.797
4065,1640237410823,0.015712637,-0.025699483,0.17323849,2021:12:23:14:30:10.823
4066,1640237410840,0.07856318,0.0057257917,0.20919113,2021:12:23:14:30:10.840
4067,1640237410859,-0.038882118,-0.02463422,0.2675143,2021:12:23:14:30:10.859
4068,1640237410879,0.061785284,0.034754224,0.28642273,2021:12:23:14:30:10.879
4069,1640237410901,0.006924213,0.048070017,0.29494485,2021:12:23:14:30:10.901
4070,1640237410925,0.042344224,0.043808963,0.24274692,2021:12:23:14:30:10.925
4071,1640237410942,-0.04261054,0.042211067,0.1567269,2021:12:23:14:30:10.942
4072,1640237410959,0.012516847,0.03821633,0.057657387,2021:12:23:14:30:10.959
4073,1640237410979,-0.11717899,-0.013182636,0.020106848,2021:12:23:14:30:10.979
4074,1640237411008,0.11185267,0.1250353,-0.06404897,2021:12:23:14:30:11.008
4075,1640237411024,0.0034621065,0.10399635,-0.09547424,2021:12:23:14:30:11.024
4076,1640237411042,0.010652635,-0.0011984215,-0.122638464,2021:12:23:14:30:11.042
4077,1640237411054,-0.0029294747,0.11864372,-0.16897742,2021:12:23:14:30:11.054
4078,1640237411073,0.09960214,0.07683213,-0.19161427,2021:12:23:14:30:11.073
4079,1640237411109,0.09374319,0.005992107,-0.13435636,2021:12:23:14:30:11.109
4080,1640237411124,-0.17976321,-0.0075900024,-0.14447637,2021:12:23:14:30:11.124
4081,1640237411140,0.1390169,0.08934898,-0.22197428,2021:12:23:14:30:11.140
4082,1640237411156,-0.03755054,-0.011584741,-0.18255953,2021:12:23:14:30:11.156
4083,1640237411177,0.06311686,0.006524739,-0.19081533,2021:12:23:14:30:11.177
4084,1640237411196,0.05299686,-0.017177375,-0.23608904,2021:12:23:14:30:11.196
4085,1640237411222,0.08815055,-0.08562055,-0.25845957,2021:12:23:14:30:11.222
4086,1640237411242,-0.08761793,-0.12050793,-0.15566163,2021:12:23:14:30:11.242
4087,1640237411258,-0.04926844,-0.08269108,-0.12982899,2021:12:23:14:30:11.258
4088,1640237411279,-0.14567478,-0.12982899,-0.11092056,2021:12:23:14:30:11.279
4089,1640237411298,-0.034088433,-0.07017423,-0.052863702,2021:12:23:14:30:11.298
4090,1640237411322,-0.08921582,-0.14580795,0.00039947382,2021:12:23:14:30:11.322
4091,1640237411339,-0.10519477,-0.11438267,0.014780532,2021:12:23:14:30:11.339
4092,1640237411359,-0.025033694,-0.09361003,0.060586862,2021:12:23:14:30:11.359
4093,1640237411378,-0.02716422,-0.11757846,0.14607427,2021:12:23:14:30:11.378
4094,1640237411398,0.015712637,-0.024900535,0.16125427,2021:12:23:14:30:11.398
4095,1640237411424,0.019973692,-0.085087925,0.17829849,2021:12:23:14:30:11.424
4096,1640237411440,0.08335687,-0.03901528,0.18815216,2021:12:23:14:30:11.440
4097,1640237411462,-0.057790548,-0.069641605,0.19241323,2021:12:23:14:30:11.462
4098,1640237411477,0.16298532,0.011584741,0.15379742,2021:12:23:14:30:11.477
4099,1640237411496,0.15020216,0.053928968,0.09520793,2021:12:23:14:30:11.496
4100,1640237411523,-0.07856318,0.0544616,0.08402266,2021:12:23:14:30:11.523
4101,1640237411539,-0.010652635,0.090680555,0.026232114,2021:12:23:14:30:11.539
4102,1640237411555,-0.103863195,0.03368896,-0.020905796,2021:12:23:14:30:11.555
4103,1640237411577,-0.051398966,0.044874225,-0.040346857,2021:12:23:14:30:11.577
4104,1640237411596,0.060453705,0.057657387,-0.06298371,2021:12:23:14:30:11.596
4105,1640237411622,-0.056725282,-0.009986846,-0.110121615,2021:12:23:14:30:11.622
4106,1640237411639,-0.15952322,0.008122634,-0.13355741,2021:12:23:14:30:11.639
4107,1640237411657,-0.1307611,0.0049268436,-0.10213214,2021:12:23:14:30:11.657
4108,1640237411679,0.0636495,0.04673844,-0.096805826,2021:12:23:14:30:11.679
4109,1640237411705,-0.033555802,0.0009321056,-0.02197106,2021:12:23:14:30:11.705
4110,1640237411723,-0.072970554,0.01877527,0.006524739,2021:12:23:14:30:11.723
4111,1640237411737,-0.09640635,0.015845794,0.0009321056,2021:12:23:14:30:11.737
4112,1640237411757,0.16112112,0.050466858,-0.029960537,2021:12:23:14:30:11.757
4113,1640237411776,0.16325164,0.015579479,0.0075900024,2021:12:23:14:30:11.776
4114,1640237411806,0.0015978953,-0.03555317,0.012383688,2021:12:23:14:30:11.806
4115,1640237411822,-0.0569916,0.036352117,-0.021172112,2021:12:23:14:30:11.822
4116,1640237411839,0.09640635,0.08189213,-0.059255283,2021:12:23:14:30:11.839
4117,1640237411862,0.26258746,0.036085803,-0.019041585,2021:12:23:14:30:11.862
4118,1640237411877,0.2982738,0.010253161,0.014780532,2021:12:23:14:30:11.877
4119,1640237411905,0.2213085,-0.039814223,-0.052597385,2021:12:23:14:30:11.905
4120,1640237411922,0.027963167,-0.016911058,-0.10852372,2021:12:23:14:30:11.922
4121,1640237411941,0.061785284,-0.041678436,-0.06138581,2021:12:23:14:30:11.941
4122,1640237411959,0.08602003,-0.071505815,0.0038615803,2021:12:23:14:30:11.959
4123,1640237411980,0.18695375,-0.04460791,0.016112112,2021:12:23:14:30:11.980
4124,1640237412022,0.06737792,-0.050200544,0.13382374,2021:12:23:14:30:12.022
4125,1640237412039,-0.12836425,-0.06085318,0.2358227,2021:12:23:14:30:12.039
4126,1640237412057,-0.18242638,-0.025965799,0.28748798,2021:12:23:14:30:12.057
4127,1640237412077,-0.045806333,0.031292114,0.2944122,2021:12:23:14:30:12.077
4128,1640237412096,-0.0905474,-0.028895274,0.33222905,2021:12:23:14:30:12.096
4129,1640237412123,-0.029827379,0.015845794,0.34581116,2021:12:23:14:30:12.123
4130,1640237412138,-0.029827379,0.10399635,0.28296062,2021:12:23:14:30:12.138
4131,1640237412158,-0.037284225,0.13302478,0.22596903,2021:12:23:14:30:12.158
4132,1640237412176,-0.12889689,0.10799109,0.13409005,2021:12:23:14:30:12.176
4133,1640237412198,0.026365273,0.09121319,-0.019041585,2021:12:23:14:30:12.198
4134,1640237412222,0.05752423,0.071505815,-0.12769847,2021:12:23:14:30:12.222
4135,1640237412235,0.032490537,0.07470161,-0.17590164,2021:12:23:14:30:12.235
4136,1640237412258,-0.0061252653,0.07283739,-0.20546271,2021:12:23:14:30:12.258
4137,1640237412277,0.014381058,0.08828372,-0.24674167,2021:12:23:14:30:12.277
4138,1640237412305,0.048203174,0.1165132,-0.27363956,2021:12:23:14:30:12.305
4139,1640237412322,0.04207791,0.057657387,-0.2656501,2021:12:23:14:30:12.322
4140,1640237412340,0.0058589494,0.043808963,-0.2776343,2021:12:23:14:30:12.340
4141,1640237412358,-0.013315794,0.03235738,-0.27630273,2021:12:23:14:30:12.358
4142,1640237412389,0.011717899,0.015845794,-0.2691122,2021:12:23:14:30:12.389
4143,1640237412405,-0.0122505305,-0.039814223,-0.23262691,2021:12:23:14:30:12.405
4144,1640237412423,-0.017576847,-0.044874225,-0.19933744,2021:12:23:14:30:12.423
4145,1640237412438,-0.00905474,-0.06351634,-0.19960375,2021:12:23:14:30:12.438
4146,1640237412456,-0.008255793,-0.11944267,-0.14394373,2021:12:23:14:30:12.456
4147,1640237412477,-0.032490537,-0.10852372,-0.08934898,2021:12:23:14:30:12.477
4148,1640237412498,0.08628634,-0.08029424,-0.08349003,2021:12:23:14:30:12.498
4149,1640237412517,-0.015712637,-0.11944267,-0.055793177,2021:12:23:14:30:12.517
4150,1640237412540,-0.022104219,-0.09201214,-0.023302639,2021:12:23:14:30:12.540
4151,1640237412558,-0.019174743,-0.06697845,-0.04913528,2021:12:23:14:30:12.558
4152,1640237412577,-0.015978953,-0.09227845,-0.07416897,2021:12:23:14:30:12.577
4153,1640237412604,-0.020506322,-0.09201214,-0.081093185,2021:12:23:14:30:12.604
4154,1640237412622,-0.061252654,-0.13382374,-0.07416897,2021:12:23:14:30:12.622
4155,1640237412638,0.0034621065,-0.092811085,-0.08668582,2021:12:23:14:30:12.638
4156,1640237412656,-0.111586355,-0.13462268,-0.07310371,2021:12:23:14:30:12.656
4157,1640237412677,-0.045007385,-0.10692582,-0.038482644,2021:12:23:14:30:12.677
4158,1640237412705,-0.007989476,-0.07576687,0.015845794,2021:12:23:14:30:12.705
4159,1640237412722,-0.09081372,-0.13142689,0.0880174,2021:12:23:14:30:12.722
4160,1640237412741,-0.094275825,-0.07603318,0.11092056,2021:12:23:14:30:12.741
4161,1640237412757,-0.02583264,-0.048602648,0.11518162,2021:12:23:14:30:12.757
4162,1640237412780,-0.048735805,-0.063782655,0.09733845,2021:12:23:14:30:12.780
4163,1640237412806,-0.07243792,-0.11118688,0.14314479,2021:12:23:14:30:12.806
4164,1640237412822,-0.062317915,-0.042211067,0.1700427,2021:12:23:14:30:12.822
4165,1640237412838,-0.05219791,-0.04673844,0.18096164,2021:12:23:14:30:12.838
4166,1640237412856,-0.056725282,-0.03821633,0.15406373,2021:12:23:14:30:12.856
4167,1640237412874,-0.019441059,-0.048070017,0.13116057,2021:12:23:14:30:12.874
4168,1640237412897,0.024501061,-0.028628957,0.13195951,2021:12:23:14:30:12.897
4169,1640237412920,-0.021837901,-0.04647212,0.16924374,2021:12:23:14:30:12.920
4170,1640237412937,0.024767376,-0.0011984215,0.17776585,2021:12:23:14:30:12.937
4171,1640237412955,0.04314317,-0.004660528,0.18069533,2021:12:23:14:30:12.955
4172,1640237412977,0.030626327,0.011584741,0.1719069,2021:12:23:14:30:12.977
4173,1640237412997,-0.002130527,0.03182475,0.13941637,2021:12:23:14:30:12.997
4174,1640237413022,0.03542001,0.04540686,0.111985825,2021:12:23:14:30:13.022
4175,1640237413038,0.015978953,0.044341594,0.089082666,2021:12:23:14:30:13.038
4176,1640237413058,-0.028762115,0.07203845,0.051532123,2021:12:23:14:30:13.058
4177,1640237413079,-0.02077264,0.089082666,0.06804371,2021:12:23:14:30:13.079
4178,1640237413108,0.00905474,0.05179844,-0.09574056,2021:12:23:14:30:13.108
4179,1640237413124,-0.06258423,0.03289001,-0.17084163,2021:12:23:14:30:13.124
4180,1640237413139,-0.04846949,0.03688475,-0.059787914,2021:12:23:14:30:13.139
4181,1640237413158,0.017843165,0.10852372,-0.098403715,2021:12:23:14:30:13.158
4182,1640237413178,-0.015978953,-0.010519478,-0.16258584,2021:12:23:14:30:13.178
4183,1640237413210,-0.07456845,-0.023835272,-0.124502674,2021:12:23:14:30:13.210
4184,1640237413226,-0.026897904,0.005992107,-0.032623697,2021:12:23:14:30:13.226
4185,1640237413238,0.031158958,-0.0006657897,0.02916159,2021:12:23:14:30:13.238
4186,1640237413258,-0.049002122,-0.022237375,0.08775108,2021:12:23:14:30:13.258
4187,1640237413277,0.015712637,-0.0027963168,0.1098553,2021:12:23:14:30:13.277
4188,1640237413296,0.026631588,-0.009986846,0.114116356,2021:12:23:14:30:13.296
4189,1640237413315,-0.012516847,0.0038615803,0.139949,2021:12:23:14:30:13.315
4190,1640237413339,-0.01358211,0.009986846,0.13462268,2021:12:23:14:30:13.339
4191,1640237413358,0.0077231606,-0.0142479,0.14740583,2021:12:23:14:30:13.358
4192,1640237413377,0.038615804,0.020106848,0.13861741,2021:12:23:14:30:13.377
4193,1640237413396,-0.011984214,0.044075277,0.13089426,2021:12:23:14:30:13.396
4194,1640237413419,-0.024234746,0.011584741,0.1114532,2021:12:23:14:30:13.419
4195,1640237413438,-0.02583264,0.04700475,0.083223715,2021:12:23:14:30:13.438
4196,1640237413457,0.04261054,0.056592125,0.037683696,2021:12:23:14:30:13.457
4197,1640237413477,0.039947383,0.04673844,0.027297378,2021:12:23:14:30:13.477
4198,1640237413505,-0.046871595,0.058722652,0.027563693,2021:12:23:14:30:13.505
4199,1640237413520,-0.33475906,0.00013315794,-0.006524739,2021:12:23:14:30:13.520
4200,1640237413538,0.08309056,0.09014793,-0.05366265,2021:12:23:14:30:13.538
4201,1640237413559,0.07723161,0.041145805,-0.1098553,2021:12:23:14:30:13.559
4202,1640237413578,-0.019707374,-0.037683696,-0.11624688,2021:12:23:14:30:13.578
4203,1640237413602,-0.12836425,0.037683696,-0.10665951,2021:12:23:14:30:13.602
4204,1640237413620,-0.0940095,0.013715268,-0.10692582,2021:12:23:14:30:13.620
4205,1640237413638,-0.07616634,0.0062584234,-0.07203845,2021:12:23:14:30:13.638
4206,1640237413662,-0.012516847,-0.0057257917,-0.043276332,2021:12:23:14:30:13.662
4207,1640237413697,0.03755054,-0.024367902,-0.05366265,2021:12:23:14:30:13.697
4208,1640237413720,0.033289485,-0.026764747,-0.030226853,2021:12:23:14:30:13.720
4209,1640237413737,0.011185267,-0.07603318,0.019840533,2021:12:23:14:30:13.737
4210,1640237413754,0.0905474,-0.008122634,-0.066712126,2021:12:23:14:30:13.754
4211,1640237413779,0.007190529,-0.05632581,-0.05819002,2021:12:23:14:30:13.779
4212,1640237413804,0.06285055,-0.006524739,0.057391074,2021:12:23:14:30:13.804
4213,1640237413820,0.19654112,0.023302639,0.06351634,2021:12:23:14:30:13.820
4214,1640237413837,0.1440769,-0.07257108,-0.027297378,2021:12:23:14:30:13.837
4215,1640237413857,0.18668744,-0.037683696,-0.011052109,2021:12:23:14:30:13.857
4216,1640237413877,0.014647374,-0.07896266,0.054727912,2021:12:23:14:30:13.877
4217,1640237413900,0.075900026,-0.03342264,0.077364765,2021:12:23:14:30:13.900
4218,1640237413922,0.0055926335,-0.016378427,0.10772477,2021:12:23:14:30:13.922
4219,1640237413942,0.06285055,-0.023835272,0.10852372,2021:12:23:14:30:13.942
4220,1640237413959,0.0077231606,-0.027563693,0.16285217,2021:12:23:14:30:13.959
4221,1640237413978,-0.10466214,0.0054594753,0.15699321,2021:12:23:14:30:13.978
4222,1640237413997,-0.02077264,0.020639481,0.12796478,2021:12:23:14:30:13.997
4223,1640237414022,0.08788424,0.02916159,0.09201214,2021:12:23:14:30:14.022
4224,1640237414038,0.046338964,0.012383688,0.07843003,2021:12:23:14:30:14.038
4225,1640237414060,-0.0620516,0.017710006,0.09414266,2021:12:23:14:30:14.060
4226,1640237414075,0.030093694,-0.001997369,0.08242477,2021:12:23:14:30:14.075
4227,1640237414094,0.1307611,0.02143843,0.050200544,2021:12:23:14:30:14.094
4228,1640237414120,-0.05619265,-0.025965799,0.08428898,2021:12:23:14:30:14.120
4229,1640237414143,0.04314317,0.02197106,0.090946876,2021:12:23:14:30:14.143
4230,1640237414159,0.10146635,0.0014647373,0.058988966,2021:12:23:14:30:14.159
4231,1640237414186,0.02077264,-0.008122634,0.06218476,2021:12:23:14:30:14.186
4232,1640237414201,-0.032756854,-0.005992107,0.110387936,2021:12:23:14:30:14.201
4233,1640237414217,-0.011984214,-0.014780532,0.10026793,2021:12:23:14:30:14.217
4234,1640237414237,0.03036001,0.009986846,0.08428898,2021:12:23:14:30:14.237
4235,1640237414255,-0.067111604,-0.008122634,0.16897742,2021:12:23:14:30:14.255
4236,1640237414276,0.115581095,0.037151065,0.1886848,2021:12:23:14:30:14.276
4237,1640237414305,-0.028762115,0.029427905,0.26298693,2021:12:23:14:30:14.305
4238,1640237414319,-0.09640635,0.067777395,0.35513222,2021:12:23:14:30:14.319
4239,1640237414341,-0.01038632,0.15086795,0.38549224,2021:12:23:14:30:14.341
4240,1640237414356,-0.007989476,0.15965638,0.39614487,2021:12:23:14:30:14.356
4241,1640237414386,-0.0074568447,0.20865849,0.33728907,2021:12:23:14:30:14.386
4242,1640237414402,-0.059654757,0.21238692,0.28029746,2021:12:23:14:30:14.402
4243,1640237414419,-0.059122127,0.2339585,0.1583248,2021:12:23:14:30:14.419
4244,1640237414438,-0.11052109,0.25180167,0.044874225,2021:12:23:14:30:14.438
4245,1640237414458,-0.05219791,0.25819325,-0.048868965,2021:12:23:14:30:14.458
4246,1640237414479,-0.07243792,0.24674167,-0.12903005,2021:12:23:14:30:14.479
4247,1640237414505,-0.0569916,0.23502377,-0.24274692,2021:12:23:14:30:14.505
4248,1640237414522,0.0018642112,0.23848587,-0.32024485,2021:12:23:14:30:14.522
4249,1640237414542,-0.0055926335,0.22783324,-0.32344064,2021:12:23:14:30:14.542
4250,1640237414557,-0.07350318,0.22197428,-0.35939327,2021:12:23:14:30:14.557
4251,1640237414582,0.008788424,0.21265323,-0.4004059,2021:12:23:14:30:14.582
4252,1640237414607,0.04340949,0.18761954,-0.43769014,2021:12:23:14:30:14.607
4253,1640237414625,0.013315794,0.13648689,-0.44115224,2021:12:23:14:30:14.625
4254,1640237414636,-0.0101200035,0.11864372,-0.43289647,2021:12:23:14:30:14.636
4255,1640237414656,0.05938844,0.11438267,-0.4435491,2021:12:23:14:30:14.656
4256,1640237414676,0.08096003,0.08082687,-0.41878173,2021:12:23:14:30:14.676
4257,1640237414698,-0.041811593,0.030226853,-0.358328,2021:12:23:14:30:14.698
4258,1640237414722,0.024767376,0.034754224,-0.3378217,2021:12:23:14:30:14.722
4259,1640237414737,0.0503337,-0.0083889505,-0.282428,2021:12:23:14:30:14.737
4260,1640237414755,0.15526216,-0.020639481,-0.22463745,2021:12:23:14:30:14.755
4261,1640237414786,0.16671374,-0.053396333,-0.1516669,2021:12:23:14:30:14.786
4262,1640237414799,0.20160112,-0.07390266,-0.10879004,2021:12:23:14:30:14.799
4263,1640237414820,0.09347688,-0.08961529,-0.05419528,2021:12:23:14:30:14.820
4264,1640237414838,0.103863195,-0.071505815,-0.019574217,2021:12:23:14:30:14.838
4265,1640237414860,0.18429059,-0.06884266,0.017177375,2021:12:23:14:30:14.860
4266,1640237414884,0.09108003,-0.08615319,0.07816371,2021:12:23:14:30:14.884
4267,1640237414902,0.01358211,-0.050466858,0.090680555,2021:12:23:14:30:14.902
4268,1640237414919,-0.033555802,-0.02916159,0.07843003,2021:12:23:14:30:14.919
4269,1640237414937,-0.039148435,-0.020106848,0.071505815,2021:12:23:14:30:14.937
4270,1640237414959,-0.18029585,-0.049401596,0.04913528,2021:12:23:14:30:14.959
4271,1640237414987,-0.09454214,0.013715268,0.022237375,2021:12:23:14:30:14.987
4272,1640237415003,0.127299,0.008921582,-0.035286855,2021:12:23:14:30:15.003
4273,1640237415020,-0.12863056,-0.051265806,-0.07949529,2021:12:23:14:30:15.020
4274,1640237415038,-0.071905285,-0.021172112,-0.11171951,2021:12:23:14:30:15.038
4275,1640237415068,-0.13528846,-0.05499423,-0.20386481,2021:12:23:14:30:15.068
4276,1640237415085,-0.11105372,-0.11837741,-0.18761954,2021:12:23:14:30:15.085
4277,1640237415102,0.14620742,-0.045140542,-0.22969745,2021:12:23:14:30:15.102
4278,1640237415117,0.09108003,-0.11544793,-0.19667427,2021:12:23:14:30:15.117
4279,1640237415136,-0.086552665,-0.12956268,-0.14767216,2021:12:23:14:30:15.136
4280,1640237415156,-0.097205296,-0.08828372,-0.18229322,2021:12:23:14:30:15.156
4281,1640237415185,0.08868319,-0.12716584,-0.18628795,2021:12:23:14:30:15.185
4282,1640237415202,0.062317915,-0.15406373,-0.13089426,2021:12:23:14:30:15.202
4283,1640237415219,0.09747161,-0.15033531,-0.053396333,2021:12:23:14:30:15.219
4284,1640237415236,0.16564848,-0.13488899,-0.024900535,2021:12:23:14:30:15.236
4285,1640237415259,-0.048735805,-0.12583426,0.053396333,2021:12:23:14:30:15.259
4286,1640237415284,-0.12357057,-0.13275847,0.14527531,2021:12:23:14:30:15.284
4287,1640237415302,0.1206411,-0.10213214,0.12876374,2021:12:23:14:30:15.302
4288,1640237415319,-0.027430536,-0.11677951,0.1468732,2021:12:23:14:30:15.319
4289,1640237415340,-0.03755054,-0.114915304,0.19987006,2021:12:23:14:30:15.340
4290,1640237415356,0.0050600017,-0.08269108,0.1684448,2021:12:23:14:30:15.356
4291,1640237415386,0.02263685,-0.098670036,0.1300953,2021:12:23:14:30:15.386
4292,1640237415404,-0.06338318,-0.108257405,0.124502674,2021:12:23:14:30:15.404
4293,1640237415419,-0.04314317,-0.09520793,0.0880174,2021:12:23:14:30:15.419
4294,1640237415437,-0.00079894764,-0.08961529,0.1098553,2021:12:23:14:30:15.437
4295,1640237415468,-0.062317915,-0.09201214,0.11917636,2021:12:23:14:30:15.468
4296,1640237415502,0.026098955,-0.07283739,0.12636688,2021:12:23:14:30:15.502
4297,1640237415519,0.07270423,-0.062451076,0.11571425,2021:12:23:14:30:15.519
4298,1640237415536,0.035952643,-0.03954791,0.1284974,2021:12:23:14:30:15.536
4299,1640237415554,-0.004261054,-0.044874225,0.09440898,2021:12:23:14:30:15.554
4300,1640237415585,0.00452737,-0.042743698,0.09574056,2021:12:23:14:30:15.585
4301,1640237415601,-0.0015978953,-0.01744369,0.12583426,2021:12:23:14:30:15.601
4302,1640237415620,0.004261054,0.0033289485,0.10133319,2021:12:23:14:30:15.620
4303,1640237415637,0.058589496,0.0017310532,0.063782655,2021:12:23:14:30:15.637
4304,1640237415658,0.0018642112,0.0009321056,0.05366265,2021:12:23:14:30:15.658
4305,1640237415677,-0.00026631588,0.0062584234,0.03342264,2021:12:23:14:30:15.677
4306,1640237415702,-0.055127386,0.0070573706,0.019574217,2021:12:23:14:30:15.702
4307,1640237415718,-0.021038955,0.015579479,0.025965799,2021:12:23:14:30:15.718
4308,1640237415740,0.070041075,0.011584741,0.019041585,2021:12:23:14:30:15.740
4309,1640237415757,0.03675159,0.013448952,0.013448952,2021:12:23:14:30:15.757
4310,1640237415785,0.033555802,0.027031062,0.005992107,2021:12:23:14:30:15.785
4311,1640237415799,-0.029561063,-0.0014647373,0.019041585,2021:12:23:14:30:15.799
4312,1640237415819,0.087351605,0.016112112,0.008122634,2021:12:23:14:30:15.819
4313,1640237415836,0.0026631588,0.006524739,0.01877527,2021:12:23:14:30:15.836
4314,1640237415869,-0.04154528,0.007323687,0.047537386,2021:12:23:14:30:15.869
4315,1640237415884,0.045806333,0.040346857,0.057124756,2021:12:23:14:30:15.884
4316,1640237415901,0.1712411,0.026764747,-0.00039947382,2021:12:23:14:30:15.901
4317,1640237415916,-0.06977476,-0.009720529,0.03901528,2021:12:23:14:30:15.916
4318,1640237415938,-0.152599,0.037950013,0.0712395,2021:12:23:14:30:15.938
4319,1640237415955,-0.012783162,0.07416897,0.04700475,2021:12:23:14:30:15.955
4320,1640237415985,-0.20000322,0.09627319,0.07843003,2021:12:23:14:30:15.985
4321,1640237416001,-0.12277162,0.03422159,0.05632581,2021:12:23:14:30:16.001
4322,1640237416016,0.11265162,0.042743698,-0.0054594753,2021:12:23:14:30:16.016
4323,1640237416036,-0.09827056,0.026764747,-0.0075900024,2021:12:23:14:30:16.036
4324,1640237416056,-0.32783484,0.030759484,-0.0139815835,2021:12:23:14:30:16.056
4325,1640237416075,-0.02902843,0.082957394,-0.028362641,2021:12:23:14:30:16.075
4326,1640237416104,0.07803056,0.04673844,-0.08455529,2021:12:23:14:30:16.104
4327,1640237416120,0.05619265,0.033156328,-0.07656582,2021:12:23:14:30:16.120
4328,1640237416136,0.20000322,0.036352117,-0.075500555,2021:12:23:14:30:16.136
4329,1640237416157,0.024234746,0.010253161,-0.08588687,2021:12:23:14:30:16.157
4330,1640237416185,-0.00905474,0.020905796,-0.0661795,2021:12:23:14:30:16.185
4331,1640237416203,0.0018642112,0.0054594753,-0.05499423,2021:12:23:14:30:16.203
4332,1640237416220,0.060986336,0.009454214,-0.06325002,2021:12:23:14:30:16.220
4333,1640237416237,0.09773793,0.022237375,-0.04194475,2021:12:23:14:30:16.237
4334,1640237416258,0.033555802,0.016112112,-0.02649843,2021:12:23:14:30:16.258
4335,1640237416283,-0.024767376,0.028628957,-0.026232114,2021:12:23:14:30:16.283
4336,1640237416302,-0.030626327,-0.0057257917,-0.01744369,2021:12:23:14:30:16.302
4337,1640237416319,-0.041811593,0.016378427,-0.02649843,2021:12:23:14:30:16.319
4338,1640237416341,-0.092145294,0.023302639,-0.0139815835,2021:12:23:14:30:16.341
4339,1640237416358,-0.079628445,0.017710006,-0.024367902,2021:12:23:14:30:16.358
4340,1640237416385,0.032756854,0.023835272,-0.04460791,2021:12:23:14:30:16.385
4341,1640237416400,-0.033555802,-0.0070573706,-0.04540686,2021:12:23:14:30:16.400
4342,1640237416417,-0.081758976,-0.004660528,-0.021704745,2021:12:23:14:30:16.417
4343,1640237416435,-0.044741068,0.005992107,-0.02916159,2021:12:23:14:30:16.435
4344,1640237416456,-0.041278962,0.0041278964,-0.02516685,2021:12:23:14:30:16.456
4345,1640237416475,0.0058589494,0.0017310532,-0.0070573706,2021:12:23:14:30:16.475
4346,1640237416500,0.03169159,0.0030626326,-0.033955276,2021:12:23:14:30:16.500
4347,1640237416517,-0.049534753,-0.03928159,-0.004394212,2021:12:23:14:30:16.517
4348,1640237416538,-0.07856318,-0.008122634,0.0006657897,2021:12:23:14:30:16.538
4349,1640237416556,-0.0058589494,0.006791055,-0.00039947382,2021:12:23:14:30:16.556
4350,1640237416584,-0.002130527,-0.0118510565,0.009187898,2021:12:23:14:30:16.584
4351,1640237416602,-0.08096003,0.007856319,0.03555317,2021:12:23:14:30:16.602
4352,1640237416620,-0.012516847,0.02143843,-0.007323687,2021:12:23:14:30:16.620
4353,1640237416639,-0.0284958,0.008122634,-0.011052109,2021:12:23:14:30:16.639
4354,1640237416667,-0.08788424,-0.015579479,0.005992107,2021:12:23:14:30:16.667
4355,1640237416684,-0.040480014,0.018508954,-0.004660528,2021:12:23:14:30:16.684
4356,1640237416702,0.020506322,0.015313163,-0.029427905,2021:12:23:14:30:16.702
4357,1640237416718,-0.05113265,0.019840533,-0.037950013,2021:12:23:14:30:16.718
4358,1640237416740,0.007190529,0.0310258,-0.036352117,2021:12:23:14:30:16.740
4359,1640237416758,0.04287686,-0.0033289485,-0.05233107,2021:12:23:14:30:16.758
4360,1640237416783,0.027696852,0.0041278964,-0.048602648,2021:12:23:14:30:16.783
4361,1640237416801,0.055127386,0.015845794,-0.028895274,2021:12:23:14:30:16.801
4362,1640237416821,0.16005585,0.025433166,-0.038482644,2021:12:23:14:30:16.821
4363,1640237416836,0.11957583,0.017710006,-0.034754224,2021:12:23:14:30:16.836
4364,1640237416857,-0.0788295,-0.004660528,-0.03555317,2021:12:23:14:30:16.857
4365,1640237416877,0.06471476,0.03874896,-0.016911058,2021:12:23:14:30:16.877
4366,1640237416901,0.26312009,0.016911058,-0.04833633,2021:12:23:14:30:16.901
4367,1640237416921,0.068176866,-0.008122634,-0.012650005,2021:12:23:14:30:16.921
4368,1640237416934,0.05752423,0.03235738,-0.0070573706,2021:12:23:14:30:16.934
4369,1640237416956,0.04340949,0.015845794,-0.029960537,2021:12:23:14:30:16.956
4370,1640237416984,-0.00053263176,0.018508954,-0.055793177,2021:12:23:14:30:16.984
4371,1640237417001,-0.025566325,0.02969422,-0.06005423,2021:12:23:14:30:17.001
4372,1640237417017,0.053795807,-0.013715268,-0.05819002,2021:12:23:14:30:17.017
4373,1640237417040,0.19201376,0.019840533,-0.081093185,2021:12:23:14:30:17.040
4374,1640237417058,-0.13608742,-0.0041278964,-0.06591318,2021:12:23:14:30:17.058
4375,1640237417085,-0.12863056,0.005992107,-0.045673173,2021:12:23:14:30:17.085
4376,1640237417099,-0.08495477,0.020639481,-0.089082666,2021:12:23:14:30:17.099
4377,1640237417117,-0.098004244,-0.00519316,-0.10399635,2021:12:23:14:30:17.117
4378,1640237417140,0.04207791,-0.0011984215,-0.08748477,2021:12:23:14:30:17.140
4379,1640237417159,0.05566002,0.00039947382,-0.07230476,2021:12:23:14:30:17.159
4380,1640237417183,0.04340949,-0.0041278964,-0.07203845,2021:12:23:14:30:17.183
4381,1640237417215,-0.031957906,-0.030493168,-0.077364765,2021:12:23:14:30:17.215
4382,1640237417234,-0.0636495,-0.03422159,-0.08402266,2021:12:23:14:30:17.234
4383,1640237417237,0.027430536,-0.03928159,-0.054727912,2021:12:23:14:30:17.237
4384,1640237417268,0.08309056,-0.023036323,-0.032623697,2021:12:23:14:30:17.268
4385,1640237417284,0.02530001,-0.021172112,-0.020639481,2021:12:23:14:30:17.284
4386,1640237417302,0.038349487,-0.018242639,-0.017177375,2021:12:23:14:30:17.302
4387,1640237417338,-0.004261054,-0.03368896,-0.027563693,2021:12:23:14:30:17.338
4388,1640237417356,-0.055393703,-0.04194475,-0.05313002,2021:12:23:14:30:17.356
4389,1640237417383,-0.0061252653,-0.03342264,-0.068576336,2021:12:23:14:30:17.383
4390,1640237417399,0.014114741,-0.052064754,-0.057391074,2021:12:23:14:30:17.399
4391,1640237417419,0.022903167,-0.02516685,-0.030226853,2021:12:23:14:30:17.419
4392,1640237417438,-0.065247394,-0.059255283,-0.02969422,2021:12:23:14:30:17.438
4393,1640237417459,-0.079628445,-0.07576687,-0.049667913,2021:12:23:14:30:17.459
4394,1640237417482,0.002396843,-0.061652128,-0.06298371,2021:12:23:14:30:17.482
4395,1640237417498,0.030892642,-0.06644581,-0.08056056,2021:12:23:14:30:17.498
4396,1640237417518,0.031425275,-0.077098444,-0.07896266,2021:12:23:14:30:17.518
4397,1640237417538,-0.04154528,-0.0661795,-0.030226853,2021:12:23:14:30:17.538
4398,1640237417556,-0.006924213,-0.07177213,-0.04061317,2021:12:23:14:30:17.556
4399,1640237417582,-0.0013315794,-0.09174582,-0.051265806,2021:12:23:14:30:17.582
4400,1640237417599,-0.08468845,-0.11065425,-0.023835272,2021:12:23:14:30:17.599
4401,1640237417620,0.019174743,-0.09387635,-0.013448952,2021:12:23:14:30:17.620
4402,1640237417637,0.11371688,-0.085087925,0.010785793,2021:12:23:14:30:17.637
4403,1640237417667,-0.0015978953,-0.10506161,0.052863702,2021:12:23:14:30:17.667
4404,1640237417681,-0.10359688,-0.10186583,0.075500555,2021:12:23:14:30:17.681
4405,1640237417701,-0.041278962,-0.09440898,0.08668582,2021:12:23:14:30:17.701
4406,1640237417718,0.04980107,-0.09547424,0.08961529,2021:12:23:14:30:17.718
4407,1640237417738,0.014647374,-0.10293109,0.09787109,2021:12:23:14:30:17.738
4408,1640237417754,0.06604634,-0.085087925,0.123703726,2021:12:23:14:30:17.754
4409,1640237417783,0.11078741,-0.07576687,0.17057532,2021:12:23:14:30:17.783
4410,1640237417798,0.0074568447,-0.061119493,0.15885742,2021:12:23:14:30:17.798
4411,1640237417818,-0.042344224,-0.02916159,0.18948375,2021:12:23:14:30:17.818
4412,1640237417837,-0.011451583,-0.010253161,0.20759323,2021:12:23:14:30:17.837
4413,1640237417857,0.00905474,0.009720529,0.21478376,2021:12:23:14:30:17.857
4414,1640237417882,-0.035952643,0.025433166,0.23449114,2021:12:23:14:30:17.882
4415,1640237417899,-0.02077264,0.021704745,0.24780692,2021:12:23:14:30:17.899
4416,1640237417916,0.023435798,0.04540686,0.19800586,2021:12:23:14:30:17.916
4417,1640237417939,-0.047670543,0.050733175,0.112252146,2021:12:23:14:30:17.939
4418,1640237417958,-0.08761793,0.04540686,0.081093185,2021:12:23:14:30:17.958
4419,1640237417983,-0.062317915,0.02969422,0.027297378,2021:12:23:14:30:17.983
4420,1640237417997,-0.026631588,0.0041278964,-0.0049268436,2021:12:23:14:30:17.997
4421,1640237418020,-0.018375795,0.0083889505,-0.035819486,2021:12:23:14:30:18.020
4422,1640237418040,0.062317915,0.019574217,-0.05313002,2021:12:23:14:30:18.040
4423,1640237418066,0.07057371,0.021704745,-0.047537386,2021:12:23:14:30:18.066
4424,1640237418082,0.035952643,0.022503693,-0.018242639,2021:12:23:14:30:18.082
4425,1640237418100,0.0058589494,0.018242639,-0.019840533,2021:12:23:14:30:18.100
4426,1640237418119,0.07030739,0.026764747,0.0006657897,2021:12:23:14:30:18.119
4427,1640237418149,0.03675159,0.0014647373,0.054727912,2021:12:23:14:30:18.149
4428,1640237418166,0.07456845,0.025433166,0.06032055,2021:12:23:14:30:18.166
4429,1640237418184,0.06338318,0.040346857,0.055260547,2021:12:23:14:30:18.184
4430,1640237418199,0.0074568447,0.036618434,0.037683696,2021:12:23:14:30:18.199
4431,1640237418217,-0.026631588,0.052863702,0.035819486,2021:12:23:14:30:18.217
4432,1640237418235,-0.08042739,0.0595216,0.029427905,2021:12:23:14:30:18.235
4433,1640237418266,-0.0101200035,0.045140542,0.01877527,2021:12:23:14:30:18.266
4434,1640237418281,0.02902843,0.041678436,0.023568956,2021:12:23:14:30:18.281
4435,1640237418296,0.020506322,0.04194475,0.004660528,2021:12:23:14:30:18.296
4436,1640237418316,-0.015446321,0.028628957,-0.025433166,2021:12:23:14:30:18.316
4437,1640237418339,-0.02130527,0.02197106,-0.023568956,2021:12:23:14:30:18.339
4438,1640237418357,-0.098004244,0.0049268436,-0.014514215,2021:12:23:14:30:18.357
4439,1640237418383,0.0122505305,0.0139815835,-0.007856319,2021:12:23:14:30:18.383
4440,1640237418398,0.0687095,0.01744369,0.008122634,2021:12:23:14:30:18.398
4441,1640237418420,0.011185267,0.016911058,0.028096326,2021:12:23:14:30:18.420
4442,1640237418438,-0.00452737,0.03422159,0.028362641,2021:12:23:14:30:18.438
4443,1640237418463,0.0015978953,0.021172112,0.0049268436,2021:12:23:14:30:18.463
4444,1640237418481,-0.019973692,0.025699483,-0.012117373,2021:12:23:14:30:18.481
4445,1640237418497,-0.038882118,0.042477384,0.008921582,2021:12:23:14:30:18.497
4446,1640237418517,-0.05060002,0.040346857,0.04460791,2021:12:23:14:30:18.517
4447,1640237418539,-0.024767376,0.055793177,0.00519316,2021:12:23:14:30:18.539
4448,1640237418567,-0.04261054,0.057124756,-0.006791055,2021:12:23:14:30:18.567
4449,1640237418581,-0.08708529,0.046205804,-0.013182636,2021:12:23:14:30:18.581
4450,1640237418595,-0.07030739,0.04647212,-0.023835272,2021:12:23:14:30:18.595
4451,1640237418621,-0.06018739,0.03821633,-0.030759484,2021:12:23:14:30:18.621
4452,1640237418639,-0.047936857,0.04540686,-0.036352117,2021:12:23:14:30:18.639
4453,1640237418664,-0.003994738,0.033156328,-0.03874896,2021:12:23:14:30:18.664
4454,1640237418680,-0.0053263176,0.019041585,-0.0595216,2021:12:23:14:30:18.680
4455,1640237418697,0.024234746,0.03821633,-0.07816371,2021:12:23:14:30:18.697
4456,1640237418715,-0.0636495,0.02197106,-0.07683213,2021:12:23:14:30:18.715
4457,1640237418740,-0.08202529,0.017976321,-0.059787914,2021:12:23:14:30:18.740
4458,1640237418757,0.004793686,0.020639481,-0.07257108,2021:12:23:14:30:18.757
4459,1640237418780,0.040213697,0.001997369,-0.068576336,2021:12:23:14:30:18.780
4460,1640237418798,-0.03675159,0.0030626326,-0.07283739,2021:12:23:14:30:18.798
4461,1640237418817,-0.08868319,-0.0014647373,-0.067511074,2021:12:23:14:30:18.817
4462,1640237418840,-0.0055926335,0.00039947382,-0.10692582,2021:12:23:14:30:18.840
4463,1640237418869,0.03435475,-0.025699483,-0.1300953,2021:12:23:14:30:18.869
4464,1640237418885,0.0018642112,-0.050733175,-0.08934898,2021:12:23:14:30:18.885
4465,1640237418899,0.07696529,-0.025965799,-0.043542646,2021:12:23:14:30:18.899
4466,1640237418919,0.07243792,-0.0310258,-0.048868965,2021:12:23:14:30:18.919
4467,1640237418941,0.035153694,-0.02783001,-0.036085803,2021:12:23:14:30:18.941
4468,1640237418970,-0.048735805,-0.044075277,-0.0083889505,2021:12:23:14:30:18.970
4469,1640237418986,-0.020240007,-0.043542646,-0.016911058,2021:12:23:14:30:18.986
4470,1640237419000,0.07723161,-0.024367902,-0.0014647373,2021:12:23:14:30:19.000
4471,1640237419019,0.08868319,-0.043542646,0.020639481,2021:12:23:14:30:19.019
4472,1640237419039,-0.002130527,-0.05632581,0.028628957,2021:12:23:14:30:19.039
4473,1640237419067,0.011717899,-0.03901528,0.035020538,2021:12:23:14:30:19.067
4474,1640237419098,0.008522108,-0.052597385,0.043010015,2021:12:23:14:30:19.098
4475,1640237419115,-0.004261054,-0.052863702,0.039814223,2021:12:23:14:30:19.115
4476,1640237419138,0.003994738,-0.041145805,0.07976161,2021:12:23:14:30:19.138
4477,1640237419154,0.053795807,-0.038482644,0.08535424,2021:12:23:14:30:19.154
4478,1640237419176,0.0636495,-0.023835272,0.075234234,2021:12:23:14:30:19.176
4479,1640237419199,-0.033555802,-0.016644742,0.08428898,2021:12:23:14:30:19.199
4480,1640237419218,0.007190529,-0.01291632,0.07869634,2021:12:23:14:30:19.218
4481,1640237419237,0.0029294747,-0.0310258,0.050733175,2021:12:23:14:30:19.237
4482,1640237419266,0.022370534,-0.0035952644,0.044075277,2021:12:23:14:30:19.266
4483,1640237419282,-0.014913689,-0.023302639,0.07070687,2021:12:23:14:30:19.282
4484,1640237419297,0.010918951,0.0142479,0.06644581,2021:12:23:14:30:19.297
4485,1640237419318,-0.088416874,-0.015845794,0.041678436,2021:12:23:14:30:19.318
4486,1640237419338,-0.07616634,-0.015313163,0.031292114,2021:12:23:14:30:19.338
4487,1640237419363,-0.023435798,0.02463422,0.043010015,2021:12:23:14:30:19.363
4488,1640237419378,-0.046605278,-0.015046847,0.024900535,2021:12:23:14:30:19.378
4489,1640237419397,-0.046871595,0.010785793,0.020373166,2021:12:23:14:30:19.397
4490,1640237419419,-0.019174743,0.0011984215,0.03688475,2021:12:23:14:30:19.419
4491,1640237419438,0.011717899,0.0049268436,0.016911058,2021:12:23:14:30:19.438
4492,1640237419465,0.033289485,0.0033289485,0.015579479,2021:12:23:14:30:19.465
4493,1640237419479,0.06391581,-0.007323687,0.019307902,2021:12:23:14:30:19.479
4494,1640237419502,0.04074633,0.0025300009,0.009986846,2021:12:23:14:30:19.502
4495,1640237419517,0.15712637,0.00519316,0.025433166,2021:12:23:14:30:19.517
4496,1640237419539,0.09853688,0.0009321056,0.04008054,2021:12:23:14:30:19.539
4497,1640237419555,0.09454214,0.015046847,0.039814223,2021:12:23:14:30:19.555
4498,1640237419582,0.1206411,0.02783001,0.025699483,2021:12:23:14:30:19.582
4499,1640237419598,0.14514215,0.0118510565,0.02197106,2021:12:23:14:30:19.598
4500,1640237419618,0.12783162,0.012383688,-0.0011984215,2021:12:23:14:30:19.618
4501,1640237419637,0.039148435,0.023568956,0.001997369,2021:12:23:14:30:19.637
4502,1640237419663,-0.021038955,0.0025300009,0.010253161,2021:12:23:14:30:19.663
4503,1640237419680,0.0122505305,0.043276332,-0.00013315794,2021:12:23:14:30:19.680
4504,1640237419699,-0.043675803,0.026232114,-0.014514215,2021:12:23:14:30:19.699
4505,1640237419716,-0.0010652635,-0.0011984215,-0.0310258,2021:12:23:14:30:19.716
4506,1640237419738,-0.013848426,0.017177375,-0.039814223,2021:12:23:14:30:19.738
4507,1640237419765,-0.046871595,0.0062584234,-0.055260547,2021:12:23:14:30:19.765
4508,1640237419780,-0.053795807,0.0014647373,-0.06138581,2021:12:23:14:30:19.780
4509,1640237419798,-0.054861072,-0.015579479,-0.047537386,2021:12:23:14:30:19.798
4510,1640237419821,-0.04261054,-0.019574217,-0.058722652,2021:12:23:14:30:19.821
4511,1640237419838,-0.015978953,-0.02969422,-0.058456335,2021:12:23:14:30:19.838
4512,1640237419864,0.041012645,-0.028895274,-0.04833633,2021:12:23:14:30:19.864
4513,1640237419883,-0.029294748,-0.037417382,-0.06431528,2021:12:23:14:30:19.883
4514,1640237419900,0.0055926335,-0.04460791,-0.049401596,2021:12:23:14:30:19.900
4515,1640237419918,-0.021837901,-0.058722652,-0.03368896,2021:12:23:14:30:19.918
4516,1640237419954,-0.054594755,-0.044341594,-0.018508954,2021:12:23:14:30:19.954
4517,1640237419955,-0.06391581,-0.035286855,0.013448952,2021:12:23:14:30:19.955
4518,1640237419977,-0.07510108,-0.063782655,0.028362641,2021:12:23:14:30:19.977
4519,1640237419996,-0.047936857,-0.06351634,0.0142479,2021:12:23:14:30:19.996
4520,1640237420017,-0.09454214,-0.07816371,0.050466858,2021:12:23:14:30:20.017
4521,1640237420037,-0.091346346,-0.07044055,0.079228975,2021:12:23:14:30:20.037
4522,1640237420062,-0.03302317,-0.059787914,0.10213214,2021:12:23:14:30:20.062
4523,1640237420078,-0.09667266,-0.082957394,0.08721845,2021:12:23:14:30:20.078
4524,1640237420098,-0.07163897,-0.0645816,0.09414266,2021:12:23:14:30:20.098
4525,1640237420117,-0.044741068,-0.06032055,0.11704583,2021:12:23:14:30:20.117
4526,1640237420148,0.04980107,-0.03901528,0.110121615,2021:12:23:14:30:20.148
4527,1640237420165,0.08202529,-0.06644581,0.1114532,2021:12:23:14:30:20.165
4528,1640237420179,0.08495477,-0.06697845,0.12743215,2021:12:23:14:30:20.179
4529,1640237420197,0.0838895,-0.04593949,0.12583426,2021:12:23:14:30:20.197
4530,1640237420219,0.03941475,-0.04593949,0.16285217,2021:12:23:14:30:20.219
4531,1640237420239,0.07084002,-0.037417382,0.16631427,2021:12:23:14:30:20.239
4532,1640237420263,0.10306425,-0.035020538,0.16125427,2021:12:23:14:30:20.263
4533,1640237420280,0.06311686,-0.04727107,0.1668469,2021:12:23:14:30:20.280
4534,1640237420299,0.10705899,-0.021704745,0.160189,2021:12:23:14:30:20.299
4535,1640237420319,0.06924213,0.008122634,0.17536901,2021:12:23:14:30:20.319
4536,1640237420347,-0.052730545,0.0041278964,0.16578163,2021:12:23:14:30:20.347
4537,1640237420363,-0.11638004,-0.009986846,0.1700427,2021:12:23:14:30:20.363
4538,1640237420379,0.03036001,-0.0062584234,0.17323849,2021:12:23:14:30:20.379
4539,1640237420396,0.16564848,0.0049268436,0.16205321,2021:12:23:14:30:20.396
4540,1640237420415,-0.004261054,0.0027963168,0.16791217,2021:12:23:14:30:20.415
4541,1640237420435,-0.02716422,0.018242639,0.1884185,2021:12:23:14:30:20.435
4542,1640237420454,0.0029294747,0.01877527,0.16658059,2021:12:23:14:30:20.454
4543,1640237420477,-0.004793686,0.03821633,0.15433006,2021:12:23:14:30:20.477
4544,1640237420501,-0.046605278,0.0544616,0.16471638,2021:12:23:14:30:20.501
4545,1640237420517,0.053795807,0.066712126,0.15939006,2021:12:23:14:30:20.517
4546,1640237420537,0.040480014,0.0544616,0.14820479,2021:12:23:14:30:20.537
4547,1640237420562,-0.027963167,0.08162582,0.12982899,2021:12:23:14:30:20.562
4548,1640237420579,-0.052464228,0.07576687,0.14314479,2021:12:23:14:30:20.579
4549,1640237420598,-0.08788424,0.062451076,0.124502674,2021:12:23:14:30:20.598
4550,1640237420617,-0.08602003,0.08349003,0.10080056,2021:12:23:14:30:20.617
4551,1640237420637,-0.08815055,0.085087925,0.13062795,2021:12:23:14:30:20.637
4552,1640237420663,-0.11318425,0.10665951,0.09174582,2021:12:23:14:30:20.663
4553,1640237420679,-0.05566002,0.11837741,0.0930774,2021:12:23:14:30:20.679
4554,1640237420700,-0.07137266,0.10905635,0.08375634,2021:12:23:14:30:20.700
4555,1640237420718,-0.026897904,0.12130688,0.05419528,2021:12:23:14:30:20.718
4556,1640237420745,-0.02583264,0.13622057,0.041678436,2021:12:23:14:30:20.745
4557,1640237420779,0.026098955,0.11677951,0.040346857,2021:12:23:14:30:20.779
4558,1640237420795,0.05938844,0.112252146,-0.0025300009,2021:12:23:14:30:20.795
4559,1640237420815,0.115314774,0.114915304,0.001997369,2021:12:23:14:30:20.815
4560,1640237420836,0.06391581,0.10399635,0.005992107,2021:12:23:14:30:20.836
4561,1640237420861,0.0569916,0.13701952,-0.021704745,2021:12:23:14:30:20.861
4562,1640237420874,0.0122505305,0.12689951,-0.06005423,2021:12:23:14:30:20.874
4563,1640237420895,0.064182125,0.12343741,-0.08961529,2021:12:23:14:30:20.895
4564,1640237420913,0.006391581,0.12237215,-0.10373004,2021:12:23:14:30:20.913
4565,1640237420936,0.016245268,0.11171951,-0.16258584,2021:12:23:14:30:20.936
4566,1640237420961,0.034621064,0.09600688,-0.18602164,2021:12:23:14:30:20.961
4567,1640237420977,0.009587372,0.0813595,-0.1886848,2021:12:23:14:30:20.977
4568,1640237420996,-0.079628445,0.08189213,-0.20173427,2021:12:23:14:30:20.996
4569,1640237421018,-0.07323687,0.06831002,-0.22250693,2021:12:23:14:30:21.018
4570,1640237421037,0.028762115,0.036618434,-0.26698166,2021:12:23:14:30:21.037
4571,1640237421066,0.0053263176,-0.008122634,-0.25180167,2021:12:23:14:30:21.066
4572,1640237421079,-0.014647374,-0.004660528,-0.20386481,2021:12:23:14:30:21.079
4573,1640237421097,-0.0031957906,0.0006657897,-0.1801627,2021:12:23:14:30:21.097
4574,1640237421119,0.015712637,-0.015313163,-0.16152059,2021:12:23:14:30:21.119
4575,1640237421147,-0.06072002,-0.028362641,-0.13355741,2021:12:23:14:30:21.147
4576,1640237421162,-0.047936857,-0.036618434,-0.10133319,2021:12:23:14:30:21.162
4577,1640237421180,0.056458965,-0.055260547,-0.07283739,2021:12:23:14:30:21.180
4578,1640237421196,0.039148435,-0.053396333,-0.051265806,2021:12:23:14:30:21.196
4579,1640237421216,0.0029294747,-0.037950013,0.0035952644,2021:12:23:14:30:21.216
4580,1640237421233,-0.044741068,-0.06431528,0.05419528,2021:12:23:14:30:21.233
4581,1640237421262,0.022370534,-0.047537386,0.052597385,2021:12:23:14:30:21.262
4582,1640237421279,-0.059122127,-0.055260547,0.07416897,2021:12:23:14:30:21.279
4583,1640237421296,-0.03302317,-0.051532123,0.09946898,2021:12:23:14:30:21.296
4584,1640237421314,0.03036001,-0.033955276,0.10879004,2021:12:23:14:30:21.314
4585,1640237421337,-0.0018642112,-0.047537386,0.089082666,2021:12:23:14:30:21.337
4586,1640237421363,-0.028762115,-0.04700475,0.09414266,2021:12:23:14:30:21.363
4587,1640237421378,0.028762115,-0.049667913,0.119708985,2021:12:23:14:30:21.378
4588,1640237421395,0.07270423,-0.033156328,0.107192144,2021:12:23:14:30:21.395
4589,1640237421417,0.06258423,-0.026764747,0.11065425,2021:12:23:14:30:21.417
4590,1640237421437,0.045540016,-0.034487907,0.12769847,2021:12:23:14:30:21.437
4591,1640237421462,0.019441059,-0.027297378,0.10799109,2021:12:23:14:30:21.462
4592,1640237421479,0.039148435,-0.019307902,0.11464899,2021:12:23:14:30:21.479
4593,1640237421497,0.062317915,-0.0083889505,0.10799109,2021:12:23:14:30:21.497
4594,1640237421519,0.08016108,0.010519478,0.09946898,2021:12:23:14:30:21.519
4595,1640237421546,0.07430213,0.0070573706,0.08402266,2021:12:23:14:30:21.546
4596,1640237421562,0.041012645,0.002263685,0.06404897,2021:12:23:14:30:21.562
4597,1640237421581,-0.010652635,0.009720529,0.079228975,2021:12:23:14:30:21.581
4598,1640237421597,-0.004793686,0.024900535,0.07203845,2021:12:23:14:30:21.597
4599,1640237421630,-0.027963167,0.023036323,0.06724476,2021:12:23:14:30:21.630
4600,1640237421647,-0.052464228,0.0049268436,0.083223715,2021:12:23:14:30:21.647
4601,1640237421662,0.022104219,0.02143843,0.057923704,2021:12:23:14:30:21.662
4602,1640237421678,0.08815055,0.023036323,0.052597385,2021:12:23:14:30:21.678
4603,1640237421695,-0.025033694,0.011584741,0.0478037,2021:12:23:14:30:21.695
4604,1640237421715,-0.075900026,0.02649843,0.04008054,2021:12:23:14:30:21.715
4605,1640237421746,-0.08096003,0.028895274,0.044874225,2021:12:23:14:30:21.746
4606,1640237421762,0.0058589494,0.041678436,0.048070017,2021:12:23:14:30:21.762
4607,1640237421778,0.04447475,0.030493168,0.07283739,2021:12:23:14:30:21.778
4608,1640237421795,0.022903167,0.014780532,0.06218476,2021:12:23:14:30:21.795
4609,1640237421819,0.04447475,0.026764747,0.049667913,2021:12:23:14:30:21.819
4610,1640237421836,0.0122505305,0.035020538,0.05632581,2021:12:23:14:30:21.836
4611,1640237421861,-0.12383688,0.044874225,0.043276332,2021:12:23:14:30:21.861
4612,1640237421877,-0.20266639,0.036352117,0.06351634,2021:12:23:14:30:21.877
4613,1640237421897,-0.056458965,0.050466858,0.04700475,2021:12:23:14:30:21.897
4614,1640237421916,0.020240007,0.067511074,0.0478037,2021:12:23:14:30:21.916
4615,1640237421937,-0.046072647,0.044874225,0.048070017,2021:12:23:14:30:21.937
4616,1640237421964,-0.07803056,0.052597385,0.02516685,2021:12:23:14:30:21.964
4617,1640237421979,-0.05938844,0.02463422,0.0009321056,2021:12:23:14:30:21.979
4618,1640237421997,-0.044208437,0.02783001,-0.014780532,2021:12:23:14:30:21.997
4619,1640237422028,-0.03621896,0.04673844,0.0027963168,2021:12:23:14:30:22.028
4620,1640237422045,-0.015180005,0.032623697,0.017710006,2021:12:23:14:30:22.045
4621,1640237422060,0.049002122,0.054727912,0.006524739,2021:12:23:14:30:22.060
4622,1640237422079,0.013049478,0.050200544,0.013182636,2021:12:23:14:30:22.079
4623,1640237422096,-0.014913689,0.04460791,0.007856319,2021:12:23:14:30:22.096
4624,1640237422113,0.02530001,0.057391074,-0.010785793,2021:12:23:14:30:22.113
4625,1640237422146,-0.0122505305,0.03954791,-0.020373166,2021:12:23:14:30:22.146
4626,1640237422160,-0.047404226,0.057124756,-0.007856319,2021:12:23:14:30:22.160
4627,1640237422182,-0.0018642112,0.05419528,0.019574217,2021:12:23:14:30:22.182
4628,1640237422196,0.061252654,0.067511074,-0.0118510565,2021:12:23:14:30:22.196
4629,1640237422216,0.06311686,0.05685844,-0.011584741,2021:12:23:14:30:22.216
4630,1640237422243,-0.033822116,0.020905796,-0.013448952,2021:12:23:14:30:22.243
4631,1640237422262,-0.028762115,0.050999492,-0.044075277,2021:12:23:14:30:22.262
4632,1640237422279,-0.00053263176,0.04460791,-0.024367902,2021:12:23:14:30:22.279
4633,1640237422295,0.014114741,0.03954791,-0.032091063,2021:12:23:14:30:22.295
4634,1640237422318,0.019174743,0.03155843,-0.015046847,2021:12:23:14:30:22.318
4635,1640237422344,0.13555479,0.031292114,-0.035020538,2021:12:23:14:30:22.344
4636,1640237422360,0.097205296,0.03422159,-0.049401596,2021:12:23:14:30:22.360
4637,1640237422379,0.054594755,0.02783001,-0.023835272,2021:12:23:14:30:22.379
4638,1640237422398,0.051398966,0.04913528,-0.059255283,2021:12:23:14:30:22.398
4639,1640237422427,-0.03488738,0.027563693,-0.0595216,2021:12:23:14:30:22.427
4640,1640237422445,-0.009587372,0.013715268,-0.04540686,2021:12:23:14:30:22.445
4641,1640237422461,0.03568633,0.043276332,-0.043542646,2021:12:23:14:30:22.461
4642,1640237422479,0.002396843,0.03342264,-0.049401596,2021:12:23:14:30:22.479
4643,1640237422500,-0.0061252653,0.016112112,-0.054727912,2021:12:23:14:30:22.500
4644,1640237422519,-0.07829687,0.026232114,-0.06325002,2021:12:23:14:30:22.519
4645,1640237422549,-0.09667266,0.01877527,-0.07496792,2021:12:23:14:30:22.549
4646,1640237422578,-0.06338318,0.01744369,-0.07044055,2021:12:23:14:30:22.578
4647,1640237422595,-0.040213697,0.011318425,-0.06431528,2021:12:23:14:30:22.595
4648,1640237422598,-0.0015978953,0.012383688,-0.08215845,2021:12:23:14:30:22.598
4649,1640237422622,0.050866332,0.00013315794,-0.08455529,2021:12:23:14:30:22.622
4650,1640237422663,0.013049478,-0.011052109,-0.09254477,2021:12:23:14:30:22.663
4651,1640237422679,0.033289485,-0.016644742,-0.07097318,2021:12:23:14:30:22.679
4652,1640237422696,0.022370534,-0.029427905,-0.059787914,2021:12:23:14:30:22.696
4653,1640237422715,0.0058589494,-0.022503693,-0.050200544,2021:12:23:14:30:22.715
4654,1640237422744,-0.032224223,-0.0310258,-0.035020538,2021:12:23:14:30:22.744
4655,1640237422762,-0.02077264,-0.02649843,-0.044075277,2021:12:23:14:30:22.762
4656,1640237422778,-0.050866332,-0.012117373,-0.057657387,2021:12:23:14:30:22.778
4657,1640237422796,-0.0122505305,-0.044075277,-0.060586862,2021:12:23:14:30:22.796
4658,1640237422819,-0.021571586,-0.035286855,-0.07310371,2021:12:23:14:30:22.819
4659,1640237422844,-0.061252654,-0.03928159,-0.06831002,2021:12:23:14:30:22.844
4660,1640237422859,-0.038615804,-0.047537386,-0.046205804,2021:12:23:14:30:22.859
4661,1640237422876,-0.08016108,-0.05233107,-0.019041585,2021:12:23:14:30:22.876
4662,1640237422898,-0.06258423,-0.06085318,-0.04141212,2021:12:23:14:30:22.898
4663,1640237422919,-0.047404226,-0.08455529,-0.027563693,2021:12:23:14:30:22.919
4664,1640237422943,0.04287686,-0.056059495,-0.023036323,2021:12:23:14:30:22.943
4665,1640237422956,0.009587372,-0.07070687,-0.03901528,2021:12:23:14:30:22.956
4666,1640237422979,-0.11797793,-0.08215845,-0.016911058,2021:12:23:14:30:22.979
4667,1640237422996,-0.07829687,-0.07177213,-0.009187898,2021:12:23:14:30:22.996
4668,1640237423025,0.105727404,-0.06990792,-0.0049268436,2021:12:23:14:30:23.025
4669,1640237423042,0.109722145,-0.08615319,-0.008655266,2021:12:23:14:30:23.042
4670,1640237423060,0.011717899,-0.083223715,0.00013315794,2021:12:23:14:30:23.060
4671,1640237423077,0.023169482,-0.089082666,0.043010015,2021:12:23:14:30:23.077
4672,1640237423096,0.054062124,-0.08934898,0.03422159,2021:12:23:14:30:23.096
4673,1640237423116,0.046072647,-0.104262665,0.044341594,2021:12:23:14:30:23.116
4674,1640237423143,-0.016511586,-0.10133319,0.073370025,2021:12:23:14:30:23.143
4675,1640237423159,0.09480845,-0.08428898,0.07603318,2021:12:23:14:30:23.159
4676,1640237423177,0.12623373,-0.07683213,0.08828372,2021:12:23:14:30:23.177
4677,1640237423197,0.038882118,-0.09254477,0.09520793,2021:12:23:14:30:23.197
4678,1640237423219,-0.024501061,-0.09121319,0.121839516,2021:12:23:14:30:23.219
4679,1640237423245,0.033289485,-0.075234234,0.10612688,2021:12:23:14:30:23.245
4680,1640237423258,-0.02077264,-0.08349003,0.11704583,2021:12:23:14:30:23.258
4681,1640237423280,-0.028229482,-0.08082687,0.1668469,2021:12:23:14:30:23.280
4682,1640237423299,-0.045806333,-0.050466858,0.1836248,2021:12:23:14:30:23.299
4683,1640237423325,-0.05166528,-0.07416897,0.16817848,2021:12:23:14:30:23.325
4684,1640237423344,-0.08202529,-0.06511423,0.15273216,2021:12:23:14:30:23.344
4685,1640237423361,-0.03808317,-0.032623697,0.16471638,2021:12:23:14:30:23.361
4686,1640237423381,-0.046072647,-0.05632581,0.15246584,2021:12:23:14:30:23.381
4687,1640237423398,-0.0034621065,-0.04727107,0.14740583,2021:12:23:14:30:23.398
4688,1640237423424,0.03302317,-0.043808963,0.1886848,2021:12:23:14:30:23.424
4689,1640237423442,0.047670543,-0.04008054,0.16897742,2021:12:23:14:30:23.442
4690,1640237423461,0.09640635,-0.024900535,0.17217322,2021:12:23:14:30:23.461
4691,1640237423477,0.05566002,-0.04593949,0.17829849,2021:12:23:14:30:23.477
4692,1640237423500,0.0687095,-0.01291632,0.17883112,2021:12:23:14:30:23.500
4693,1640237423527,0.041278962,-0.017976321,0.20439744,2021:12:23:14:30:23.527
4694,1640237423541,0.09933583,-0.0030626326,0.21664797,2021:12:23:14:30:23.541
4695,1640237423559,-0.002130527,0.0030626326,0.2288985,2021:12:23:14:30:23.559
4696,1640237423577,-0.00026631588,0.030226853,0.2358227,2021:12:23:14:30:23.577
4697,1640237423596,0.057257913,0.048868965,0.22517008,2021:12:23:14:30:23.596
4698,1640237423617,-0.020506322,0.022770008,0.22011007,2021:12:23:14:30:23.617
4699,1640237423644,-0.02902843,0.04727107,0.21238692,2021:12:23:14:30:23.644
4700,1640237423660,0.0010652635,0.059787914,0.22144166,2021:12:23:14:30:23.660
4701,1640237423676,0.035153694,0.048070017,0.20279954,2021:12:23:14:30:23.676
4702,1640237423699,0.017044216,0.07310371,0.20013638,2021:12:23:14:30:23.699
4703,1640237423718,-0.033822116,0.08269108,0.17217322,2021:12:23:14:30:23.718
4704,1640237423744,-0.029294748,0.08375634,0.14048162,2021:12:23:14:30:23.744
4705,1640237423755,0.033555802,0.10080056,0.12476899,2021:12:23:14:30:23.755
4706,1640237423778,-0.040213697,0.08562055,0.08668582,2021:12:23:14:30:23.778
4707,1640237423799,-0.107857935,0.07763108,0.07044055,2021:12:23:14:30:23.799
4708,1640237423825,0.015712637,0.08934898,0.047537386,2021:12:23:14:30:23.825
4709,1640237423842,0.064182125,0.0930774,0.02197106,2021:12:23:14:30:23.842
4710,1640237423860,-0.033822116,0.08082687,0.022237375,2021:12:23:14:30:23.860
4711,1640237423876,-0.054861072,0.096539505,0.020106848,2021:12:23:14:30:23.876
4712,1640237423895,0.026897904,0.09387635,0.015579479,2021:12:23:14:30:23.895
4713,1640237423914,-0.02583264,0.09121319,-0.013715268,2021:12:23:14:30:23.914
4714,1640237423943,-0.0037284223,0.09334372,0.030226853,2021:12:23:14:30:23.943
4715,1640237423961,0.00905474,0.104262665,0.03235738,2021:12:23:14:30:23.961
4716,1640237423981,0.090281084,0.11171951,0.013182636,2021:12:23:14:30:23.981
4717,1640237423996,0.041811593,0.105327934,0.011052109,2021:12:23:14:30:23.996
4718,1640237424017,-0.039148435,0.09387635,-0.004660528,2021:12:23:14:30:24.017
4719,1640237424045,0.007989476,0.09387635,0.00039947382,2021:12:23:14:30:24.045
4720,1640237424063,0.07643266,0.09387635,-0.05632581,2021:12:23:14:30:24.063
4721,1640237424078,-0.0050600017,0.07310371,-0.0595216,2021:12:23:14:30:24.078
4722,1640237424095,-0.039148435,0.067777395,-0.025699483,2021:12:23:14:30:24.095
4723,1640237424115,0.04154528,0.08775108,-0.037683696,2021:12:23:14:30:24.115
4724,1640237424144,-0.0037284223,0.061119493,-0.057923704,2021:12:23:14:30:24.144
4725,1640237424158,-0.007989476,0.0544616,-0.04460791,2021:12:23:14:30:24.158
4726,1640237424180,0.004261054,0.074435286,-0.028096326,2021:12:23:14:30:24.180
4727,1640237424197,0.046871595,0.07283739,-0.06511423,2021:12:23:14:30:24.197
4728,1640237424227,0.04340949,0.0478037,-0.049401596,2021:12:23:14:30:24.227
4729,1640237424241,0.02077264,0.043808963,-0.039814223,2021:12:23:14:30:24.241
4730,1640237424259,0.07536739,0.05366265,-0.060586862,2021:12:23:14:30:24.259
4731,1640237424279,0.074035816,0.027563693,-0.06990792,2021:12:23:14:30:24.279
4732,1640237424301,-0.049534753,0.021172112,-0.057923704,2021:12:23:14:30:24.301
4733,1640237424325,0.013848426,0.035286855,-0.03182475,2021:12:23:14:30:24.325
4734,1640237424341,0.04846949,0.027031062,-0.043010015,2021:12:23:14:30:24.341
4735,1640237424377,0.023435798,0.0075900024,-0.023835272,2021:12:23:14:30:24.377
4736,1640237424394,0.03169159,0.015313163,0.0118510565,2021:12:23:14:30:24.394
4737,1640237424415,-0.002130527,0.01744369,0.006791055,2021:12:23:14:30:24.415
4738,1640237424440,-0.061785284,0.015845794,0.00013315794,2021:12:23:14:30:24.440
4739,1640237424459,-0.06551371,-0.0009321056,0.015313163,2021:12:23:14:30:24.459
4740,1640237424475,-0.006391581,0.0049268436,0.015046847,2021:12:23:14:30:24.475
4741,1640237424499,0.027963167,-0.008122634,-0.00039947382,2021:12:23:14:30:24.499
4742,1640237424517,-0.01810948,0.004660528,0.006524739,2021:12:23:14:30:24.517
4743,1640237424540,-0.09241161,-0.0014647373,0.03555317,2021:12:23:14:30:24.540
4744,1640237424557,-0.08602003,0.019574217,0.054727912,2021:12:23:14:30:24.557
4745,1640237424580,-0.043675803,0.016378427,0.04673844,2021:12:23:14:30:24.580
4746,1640237424596,-0.025033694,0.002263685,0.05499423,2021:12:23:14:30:24.596
4747,1640237424620,-0.022370534,0.026764747,0.07097318,2021:12:23:14:30:24.620
4748,1640237424643,0.008255793,0.018508954,0.0595216,2021:12:23:14:30:24.643
4749,1640237424660,0.032756854,0.019840533,0.07044055,2021:12:23:14:30:24.660
4750,1640237424679,0.016245268,0.016911058,0.07390266,2021:12:23:14:30:24.679
4751,1640237424701,0.021571586,0.018242639,0.058456335,2021:12:23:14:30:24.701
4752,1640237424716,0.025566325,0.018242639,0.058988966,2021:12:23:14:30:24.716
4753,1640237424740,0.062317915,0.029960537,0.04593949,2021:12:23:14:30:24.740
4754,1640237424762,0.057790548,0.02969422,0.05685844,2021:12:23:14:30:24.762
4755,1640237424779,0.00079894764,0.03368896,0.042477384,2021:12:23:14:30:24.779
4756,1640237424794,0.011185267,0.033955276,0.045673173,2021:12:23:14:30:24.794
4757,1640237424817,0.029294748,0.0310258,0.041678436,2021:12:23:14:30:24.817
4758,1640237424844,0.057257913,0.037151065,0.016911058,2021:12:23:14:30:24.844
4759,1640237424862,-0.007989476,0.049934227,0.0075900024,2021:12:23:14:30:24.862
4760,1640237424876,-0.056725282,0.03182475,-0.019041585,2021:12:23:14:30:24.876
4761,1640237424896,0.035153694,0.015313163,-0.019041585,2021:12:23:14:30:24.896
4762,1640237424914,0.07137266,0.035286855,-0.06325002,2021:12:23:14:30:24.914
4763,1640237424940,0.00452737,0.028628957,-0.0880174,2021:12:23:14:30:24.940
4764,1640237424962,0.0010652635,0.0083889505,-0.05819002,2021:12:23:14:30:24.962
4765,1640237424975,0.023169482,0.015313163,-0.046205804,2021:12:23:14:30:24.975
4766,1640237424995,-0.006657897,0.027031062,-0.06910897,2021:12:23:14:30:24.995
4767,1640237425026,-0.014114741,0.0142479,-0.061119493,2021:12:23:14:30:25.026
4768,1640237425042,-0.07323687,0.008921582,-0.04194475,2021:12:23:14:30:25.042
4769,1640237425059,0.008788424,0.0049268436,-0.052064754,2021:12:23:14:30:25.059
4770,1640237425077,0.061518967,-0.008655266,-0.0595216,2021:12:23:14:30:25.077
4771,1640237425097,0.015446321,0.0011984215,-0.061652128,2021:12:23:14:30:25.097
4772,1640237425126,0.029561063,-0.0006657897,-0.045673173,2021:12:23:14:30:25.126
4773,1640237425142,0.03169159,-0.015046847,-0.042477384,2021:12:23:14:30:25.142
4774,1640237425158,0.03808317,-0.015313163,-0.05552686,2021:12:23:14:30:25.158
4775,1640237425182,0.006924213,-0.023835272,-0.04460791,2021:12:23:14:30:25.182
4776,1640237425197,-0.014913689,-0.033955276,-0.04833633,2021:12:23:14:30:25.197
4777,1640237425214,-0.024767376,-0.020639481,-0.043808963,2021:12:23:14:30:25.214
4778,1640237425241,0.004261054,-0.051265806,-0.0478037,2021:12:23:14:30:25.241
4779,1640237425259,0.04846949,-0.07257108,-0.051532123,2021:12:23:14:30:25.259
4780,1640237425275,-0.021571586,-0.067511074,-0.062451076,2021:12:23:14:30:25.275
4781,1640237425295,-0.0687095,-0.06191844,-0.038482644,2021:12:23:14:30:25.295
4782,1640237425315,-0.03675159,-0.07070687,-0.008921582,2021:12:23:14:30:25.315
4783,1640237425340,-0.02130527,-0.077364765,0.012650005,2021:12:23:14:30:25.340
4784,1640237425356,-0.0452737,-0.07257108,0.03821633,2021:12:23:14:30:25.356
4785,1640237425377,-0.02263685,-0.06032055,0.09121319,2021:12:23:14:30:25.377
4786,1640237425397,0.02902843,-0.07603318,0.16631427,2021:12:23:14:30:25.397
4787,1640237425426,0.064448446,-0.04141212,0.19081533,2021:12:23:14:30:25.426
4788,1640237425442,-0.055127386,-0.04647212,0.18548901,2021:12:23:14:30:25.442
4789,1640237425458,-0.03169159,-0.04008054,0.20386481,2021:12:23:14:30:25.458
4790,1640237425478,0.03568633,-0.04061317,0.2121206,2021:12:23:14:30:25.478
4791,1640237425500,0.06604634,-0.02516685,0.1617869,2021:12:23:14:30:25.500
4792,1640237425529,-0.05060002,-0.06005423,0.14634058,2021:12:23:14:30:25.529
4793,1640237425543,-0.09347688,-0.030493168,0.155129,2021:12:23:14:30:25.543
4794,1640237425559,0.021038955,-0.025433166,0.1633848,2021:12:23:14:30:25.559
4795,1640237425581,0.027696852,-0.028096326,0.14527531,2021:12:23:14:30:25.581
4796,1640237425598,-0.070041075,-0.033156328,0.11917636,2021:12:23:14:30:25.598
4797,1640237425623,-0.11052109,-0.019574217,0.104528986,2021:12:23:14:30:25.623
4798,1640237425638,-0.0636495,-0.010785793,0.11065425,2021:12:23:14:30:25.638
4799,1640237425658,-0.00452737,-0.0017310532,0.10692582,2021:12:23:14:30:25.658
4800,1640237425675,-0.082557924,-0.016911058,0.09920266,2021:12:23:14:30:25.675
4801,1640237425709,-0.11851057,-0.022770008,0.09547424,2021:12:23:14:30:25.709
4802,1640237425724,-0.09587371,-0.011052109,0.108257405,2021:12:23:14:30:25.724
4803,1640237425743,0.02130527,0.009187898,0.13249215,2021:12:23:14:30:25.743
4804,1640237425758,0.038882118,0.0070573706,0.13222584,2021:12:23:14:30:25.758
4805,1640237425777,0.009853687,-0.007856319,0.16498269,2021:12:23:14:30:25.777
4806,1640237425795,0.03435475,0.004660528,0.17590164,2021:12:23:14:30:25.795
4807,1640237425825,0.05060002,0.030493168,0.18788585,2021:12:23:14:30:25.825
4808,1640237425839,0.057257913,0.015313163,0.20359848,2021:12:23:14:30:25.839
4809,1640237425859,0.052464228,0.05179844,0.19853848,2021:12:23:14:30:25.859
4810,1640237425876,0.0015978953,0.03928159,0.19054902,2021:12:23:14:30:25.876
4811,1640237425897,0.03036001,0.043010015,0.18442374,2021:12:23:14:30:25.897
4812,1640237425925,0.064182125,0.058456335,0.165249,2021:12:23:14:30:25.925
4813,1640237425942,0.034621064,0.0595216,0.14740583,2021:12:23:14:30:25.942
4814,1640237425959,0.013049478,0.045140542,0.12210583,2021:12:23:14:30:25.959
4815,1640237425979,0.013848426,0.0544616,0.09893635,2021:12:23:14:30:25.979
4816,1640237425999,0.046072647,0.07230476,0.089082666,2021:12:23:14:30:25.999
4817,1640237426024,-0.006657897,0.05552686,0.075500555,2021:12:23:14:30:26.024
4818,1640237426041,-0.022903167,0.07177213,0.052064754,2021:12:23:14:30:26.041
4819,1640237426059,-0.03941475,0.07896266,0.037683696,2021:12:23:14:30:26.059
4820,1640237426079,-0.04926844,0.07177213,0.027031062,2021:12:23:14:30:26.079
4821,1640237426108,-0.00452737,0.07416897,0.023835272,2021:12:23:14:30:26.108
4822,1640237426140,-0.003994738,0.061119493,0.019307902,2021:12:23:14:30:26.140
4823,1640237426157,0.0026631588,0.06138581,0.015845794,2021:12:23:14:30:26.157
4824,1640237426177,0.0037284223,0.067511074,0.0139815835,2021:12:23:14:30:26.177
4825,1640237426195,0.011451583,0.08189213,0.012650005,2021:12:23:14:30:26.195
4826,1640237426216,-0.042344224,0.06085318,-0.0027963168,2021:12:23:14:30:26.216
4827,1640237426239,-0.06684528,0.068576336,0.0017310532,2021:12:23:14:30:26.239
4828,1640237426257,-0.07243792,0.062451076,-0.010253161,2021:12:23:14:30:26.257
4829,1640237426274,0.018375795,0.077364765,-0.002263685,2021:12:23:14:30:26.274
4830,1640237426296,0.085487396,0.05552686,0.002263685,2021:12:23:14:30:26.296
4831,1640237426323,-0.017843165,0.030759484,0.024367902,2021:12:23:14:30:26.323
4832,1640237426340,-0.052464228,0.07257108,0.016112112,2021:12:23:14:30:26.340
4833,1640237426357,-0.022104219,0.05632581,-0.004394212,2021:12:23:14:30:26.357
4834,1640237426380,0.011717899,0.056059495,0.0038615803,2021:12:23:14:30:26.380
4835,1640237426397,-0.05432844,0.053396333,0.00039947382,2021:12:23:14:30:26.397
4836,1640237426422,-0.079628445,0.04593949,0.016112112,2021:12:23:14:30:26.422
4837,1640237426439,0.05299686,0.050466858,0.020373166,2021:12:23:14:30:26.439
4838,1640237426459,0.09241161,0.03368896,0.02969422,2021:12:23:14:30:26.459
4839,1640237426475,0.09587371,0.042743698,0.045673173,2021:12:23:14:30:26.475
4840,1640237426498,0.021571586,0.03901528,0.04700475,2021:12:23:14:30:26.498
4841,1640237426523,-0.008255793,0.025699483,0.04833633,2021:12:23:14:30:26.523
4842,1640237426543,0.08122634,0.034487907,0.0544616,2021:12:23:14:30:26.543
4843,1640237426557,0.006657897,0.045673173,0.053928968,2021:12:23:14:30:26.557
4844,1640237426580,-0.026897904,0.049667913,0.07656582,2021:12:23:14:30:26.580
4845,1640237426596,-0.025566325,0.06431528,0.08002792,2021:12:23:14:30:26.596
4846,1640237426623,0.041278962,0.0478037,0.07177213,2021:12:23:14:30:26.623
4847,1640237426640,0.025033694,0.0595216,0.040346857,2021:12:23:14:30:26.640
4848,1640237426656,-0.075900026,0.0478037,0.043276332,2021:12:23:14:30:26.656
4849,1640237426675,0.02716422,0.061119493,0.040346857,2021:12:23:14:30:26.675
4850,1640237426696,0.037284225,0.06511423,0.037151065,2021:12:23:14:30:26.696
4851,1640237426722,-0.019174743,0.07496792,0.019307902,2021:12:23:14:30:26.722
4852,1640237426740,-0.103863195,0.086952135,0.004394212,2021:12:23:14:30:26.740
4853,1640237426758,-0.07030739,0.08482161,-0.009187898,2021:12:23:14:30:26.758
4854,1640237426777,0.028762115,0.09547424,-0.017710006,2021:12:23:14:30:26.777
4855,1640237426798,0.06684528,0.08242477,-0.027031062,2021:12:23:14:30:26.798
4856,1640237426825,-0.064448446,0.066712126,-0.029427905,2021:12:23:14:30:26.825
4857,1640237426843,-0.081758976,0.08828372,-0.035020538,2021:12:23:14:30:26.843
4858,1640237426858,0.009853687,0.090946876,-0.056592125,2021:12:23:14:30:26.858
4859,1640237426877,0.015712637,0.07257108,-0.053928968,2021:12:23:14:30:26.877
4860,1640237426898,-0.12357057,0.05685844,-0.04008054,2021:12:23:14:30:26.898
4861,1640237426918,-0.015712637,0.07949529,-0.032623697,2021:12:23:14:30:26.918
4862,1640237426942,0.07057371,0.060586862,-0.050466858,2021:12:23:14:30:26.942
4863,1640237426959,0.12809794,0.06032055,-0.05233107,2021:12:23:14:30:26.959
4864,1640237426990,-0.04261054,0.03555317,-0.050733175,2021:12:23:14:30:26.990
4865,1640237427005,0.08229161,0.07044055,-0.069641605,2021:12:23:14:30:27.005
4866,1640237427023,0.104928456,0.06085318,-0.09520793,2021:12:23:14:30:27.023
4867,1640237427040,0.1291632,0.016644742,-0.08961529,2021:12:23:14:30:27.040
4868,1640237427056,0.104928456,0.048868965,-0.10080056,2021:12:23:14:30:27.056
4869,1640237427075,0.048735805,0.02916159,-0.11278477,2021:12:23:14:30:27.075
4870,1640237427096,0.02583264,0.03342264,-0.12556794,2021:12:23:14:30:27.096
4871,1640237427121,0.056725282,0.024900535,-0.12743215,2021:12:23:14:30:27.121
4872,1640237427140,0.03488738,0.023036323,-0.11251846,2021:12:23:14:30:27.140
4873,1640237427157,0.02530001,0.04061317,-0.11731215,2021:12:23:14:30:27.157
4874,1640237427179,0.031957906,0.028096326,-0.11837741,2021:12:23:14:30:27.179
4875,1640237427197,0.061785284,0.020373166,-0.16604795,2021:12:23:14:30:27.197
4876,1640237427222,-0.029561063,-0.010253161,-0.18389112,2021:12:23:14:30:27.222
4877,1640237427239,-0.045540016,0.0062584234,-0.21744692,2021:12:23:14:30:27.239
4878,1640237427257,-0.07270423,-0.024900535,-0.25606272,2021:12:23:14:30:27.257
4879,1640237427278,-0.028229482,-0.04141212,-0.28296062,2021:12:23:14:30:27.278
4880,1640237427306,0.015978953,-0.063782655,-0.31332064,2021:12:23:14:30:27.306
4881,1640237427323,-0.014647374,-0.111985825,-0.3511375,2021:12:23:14:30:27.323
4882,1640237427339,0.00452737,-0.10399635,-0.30879328,2021:12:23:14:30:27.339
4883,1640237427357,0.007190529,-0.17270584,-0.17164059,2021:12:23:14:30:27.357
4884,1640237427381,0.05166528,-0.11544793,-0.23023008,2021:12:23:14:30:27.381
4885,1640237427406,0.02902843,-0.16631427,-0.18469006,2021:12:23:14:30:27.406
4886,1640237427421,0.01810948,-0.15406373,-0.119708985,2021:12:23:14:30:27.421
4887,1640237427438,-0.07829687,-0.15326479,-0.07363634,2021:12:23:14:30:27.438
4888,1640237427455,-0.10253161,-0.20706059,-0.022237375,2021:12:23:14:30:27.455
4889,1640237427474,-0.019441059,-0.17483638,0.001997369,2021:12:23:14:30:27.474
4890,1640237427505,-0.041278962,-0.21478376,0.100534245,2021:12:23:14:30:27.505
4891,1640237427522,0.0074568447,-0.18122795,0.1516669,2021:12:23:14:30:27.522
4892,1640237427537,0.06950845,-0.20066902,0.18708691,2021:12:23:14:30:27.537
4893,1640237427555,-0.07856318,-0.1902827,0.23955114,2021:12:23:14:30:27.555
4894,1640237427576,-0.045540016,-0.16152059,0.27790064,2021:12:23:14:30:27.576
4895,1640237427596,-0.051931597,-0.20599534,0.28162906,2021:12:23:14:30:27.596
4896,1640237427618,-0.00905474,-0.12769847,0.3061301,2021:12:23:14:30:27.618
4897,1640237427639,-0.07430213,-0.1284974,0.3878891,2021:12:23:14:30:27.639
4898,1640237427658,-0.028229482,-0.10373004,0.39747646,2021:12:23:14:30:27.658
4899,1640237427677,0.026098955,-0.08535424,0.4201133,2021:12:23:14:30:27.677
4900,1640237427697,0.0284958,-0.069375284,0.4246407,2021:12:23:14:30:27.697
4901,1640237427723,0.019973692,-0.03688475,0.41185752,2021:12:23:14:30:27.723
4902,1640237427739,-0.058589496,0.00519316,0.36338803,2021:12:23:14:30:27.739
4903,1640237427757,-0.084422134,0.0057257917,0.32716906,2021:12:23:14:30:27.757
4904,1640237427789,0.021038955,0.03874896,0.26538378,2021:12:23:14:30:27.789
4905,1640237427805,0.056725282,0.012383688,0.20386481,2021:12:23:14:30:27.805
4906,1640237427823,0.019973692,0.005992107,0.18548901,2021:12:23:14:30:27.823
4907,1640237427840,-0.013049478,0.011584741,0.119975306,2021:12:23:14:30:27.840
4908,1640237427859,0.047137912,0.015313163,0.08855003,2021:12:23:14:30:27.859
4909,1640237427879,0.02583264,0.00013315794,0.10852372,2021:12:23:14:30:27.879
4910,1640237427905,-0.039148435,0.028362641,0.12556794,2021:12:23:14:30:27.905
4911,1640237427940,-0.047936857,0.014514215,0.16604795,2021:12:23:14:30:27.940
4912,1640237427956,-0.038615804,0.08189213,0.13968268,2021:12:23:14:30:27.956
4913,1640237427977,-0.014913689,0.042211067,0.1852227,2021:12:23:14:30:27.977
4914,1640237427995,0.033289485,0.074435286,0.1934785,2021:12:23:14:30:27.995
4915,1640237428018,-0.009321056,0.073370025,0.20226692,2021:12:23:14:30:28.018
4916,1640237428038,-0.030626327,0.094675295,0.16578163,2021:12:23:14:30:28.038
4917,1640237428057,-0.008788424,0.077364765,0.16205321,2021:12:23:14:30:28.057
4918,1640237428075,-0.052464228,0.055793177,0.17643428,2021:12:23:14:30:28.075
4919,1640237428105,-0.013049478,0.10106688,0.21291955,2021:12:23:14:30:28.105
4920,1640237428122,0.03488738,0.0981374,0.20599534,2021:12:23:14:30:28.122
4921,1640237428138,0.054861072,0.102398455,0.17057532,2021:12:23:14:30:28.138
4922,1640237428157,-0.018375795,0.09227845,0.16258584,2021:12:23:14:30:28.157
4923,1640237428181,0.032756854,0.13728584,0.12130688,2021:12:23:14:30:28.181
4924,1640237428206,0.016511586,0.14980268,0.07044055,2021:12:23:14:30:28.206
4925,1640237428221,-0.0053263176,0.102398455,0.043010015,2021:12:23:14:30:28.221
4926,1640237428237,0.038882118,0.13755216,-0.006791055,2021:12:23:14:30:28.237
4927,1640237428259,0.03568633,0.11624688,-0.06484792,2021:12:23:14:30:28.259
4928,1640237428277,0.008522108,0.096805826,-0.11518162,2021:12:23:14:30:28.277
4929,1640237428300,0.111586355,0.13595426,-0.14740583,2021:12:23:14:30:28.300
4930,1640237428323,0.11797793,0.11065425,-0.19933744,2021:12:23:14:30:28.323
4931,1640237428338,0.06391581,0.06271739,-0.23422481,2021:12:23:14:30:28.338
4932,1640237428358,0.086552665,0.06005423,-0.22969745,2021:12:23:14:30:28.358
4933,1640237428381,0.031158958,0.04141212,-0.21824586,2021:12:23:14:30:28.381
4934,1640237428406,0.09667266,0.045140542,-0.17670059,2021:12:23:14:30:28.406
4935,1640237428425,0.060453705,0.015046847,-0.19773954,2021:12:23:14:30:28.425
4936,1640237428437,0.04287686,-0.04833633,-0.16418374,2021:12:23:14:30:28.437
4937,1640237428457,0.061785284,-0.020639481,-0.114116356,2021:12:23:14:30:28.457
4938,1640237428474,0.012516847,-0.08029424,-0.07203845,2021:12:23:14:30:28.474
4939,1640237428498,0.014647374,-0.04913528,-0.07070687,2021:12:23:14:30:28.498
4940,1640237428526,0.0034621065,-0.09627319,-0.015579479,2021:12:23:14:30:28.526
4941,1640237428544,-0.0058589494,-0.09627319,0.03901528,2021:12:23:14:30:28.544
4942,1640237428558,0.03488738,-0.08029424,0.08588687,2021:12:23:14:30:28.558
4943,1640237428577,0.011185267,-0.11171951,0.11544793,2021:12:23:14:30:28.577
4944,1640237428604,0.06737792,-0.08029424,0.15033531,2021:12:23:14:30:28.604
4945,1640237428621,0.0061252653,-0.1181111,0.21957745,2021:12:23:14:30:28.621
4946,1640237428640,0.032756854,-0.06990792,0.24940482,2021:12:23:14:30:28.640
4947,1640237428657,-0.048735805,-0.0997353,0.26085642,2021:12:23:14:30:28.657
4948,1640237428678,0.00026631588,-0.0544616,0.2589922,2021:12:23:14:30:28.678
4949,1640237428704,-0.07084002,-0.07816371,0.2691122,2021:12:23:14:30:28.704
4950,1640237428720,-0.09507477,-0.06005423,0.2406164,2021:12:23:14:30:28.720
4951,1640237428738,-0.10120004,-0.0595216,0.2206427,2021:12:23:14:30:28.738
4952,1640237428756,-0.08495477,-0.07496792,0.21318586,2021:12:23:14:30:28.756
4953,1640237428775,-0.05938844,-0.07949529,0.20599534,2021:12:23:14:30:28.775
4954,1640237428793,-0.02077264,-0.066712126,0.17243953,2021:12:23:14:30:28.793
4955,1640237428819,-0.081758976,-0.0864195,0.17270584,2021:12:23:14:30:28.819
4956,1640237428837,-0.096140034,-0.06032055,0.14367741,2021:12:23:14:30:28.837
4957,1640237428855,-0.09294424,-0.08242477,0.16098794,2021:12:23:14:30:28.855
4958,1640237428875,-0.09454214,-0.05685844,0.15539531,2021:12:23:14:30:28.875
4959,1640237428905,-0.046072647,-0.06804371,0.1700427,2021:12:23:14:30:28.905
4960,1640237428922,0.031957906,-0.06298371,0.16817848,2021:12:23:14:30:28.922
4961,1640237428937,0.038615804,-0.058456335,0.16551532,2021:12:23:14:30:28.937
4962,1640237428954,0.028229482,-0.112252146,0.1769669,2021:12:23:14:30:28.954
4963,1640237428980,0.026897904,-0.12876374,0.19454375,2021:12:23:14:30:28.980
4964,1640237429007,0.060453705,-0.12237215,0.2691122,2021:12:23:14:30:29.007
4965,1640237429024,0.024234746,-0.12743215,0.31545117,2021:12:23:14:30:29.024
4966,1640237429038,-0.013848426,-0.08482161,0.34687644,2021:12:23:14:30:29.038
4967,1640237429058,0.034621064,-0.104262665,0.4169175,2021:12:23:14:30:29.058
4968,1640237429077,0.009321056,-0.06032055,0.47737122,2021:12:23:14:30:29.077
4969,1640237429104,0.046072647,-0.015845794,0.5149218,2021:12:23:14:30:29.104
4970,1640237429119,-0.05299686,-0.004394212,0.48988807,2021:12:23:14:30:29.119
4971,1640237429137,-0.015180005,0.04727107,0.44754383,2021:12:23:14:30:29.137
4972,1640237429156,-0.031158958,0.050466858,0.4014712,2021:12:23:14:30:29.156
4973,1640237429188,0.0061252653,0.08721845,0.32823431,2021:12:23:14:30:29.188
4974,1640237429203,0.011451583,0.08375634,0.31172273,2021:12:23:14:30:29.203
4975,1640237429220,0.004261054,0.11544793,0.26831326,2021:12:23:14:30:29.220
4976,1640237429238,0.047404226,0.12929636,0.25686166,2021:12:23:14:30:29.238
4977,1640237429254,0.01810948,0.1300953,0.21478376,2021:12:23:14:30:29.254
4978,1640237429274,0.009587372,0.17403743,0.14261216,2021:12:23:14:30:29.274
4979,1640237429296,0.027430536,0.17270584,0.115980566,2021:12:23:14:30:29.296
4980,1640237429322,-0.021571586,0.14740583,0.040346857,2021:12:23:14:30:29.322
4981,1640237429340,0.0452737,0.16737953,-0.0049268436,2021:12:23:14:30:29.340
4982,1640237429353,0.023968428,0.11677951,-0.0142479,2021:12:23:14:30:29.353
4983,1640237429377,0.0029294747,0.14980268,-0.051265806,2021:12:23:14:30:29.377
4984,1640237429401,-0.038882118,0.10000161,-0.06271739,2021:12:23:14:30:29.401
4985,1640237429416,-0.009853687,0.1165132,-0.07843003,2021:12:23:14:30:29.416
4986,1640237429436,-0.0034621065,0.09920266,0.011318425,2021:12:23:14:30:29.436
4987,1640237429456,0.035952643,0.11385004,0.0645816,2021:12:23:14:30:29.456
4988,1640237429477,0.033822116,0.15406373,0.09254477,2021:12:23:14:30:29.477
4989,1640237429503,0.0620516,0.10399635,0.13488899,2021:12:23:14:30:29.503
4990,1640237429520,0.013315794,0.11757846,0.13968268,2021:12:23:14:30:29.520
4991,1640237429537,0.06737792,0.1231711,0.19640796,2021:12:23:14:30:29.537
4992,1640237429557,0.049534753,0.13275847,0.1684448,2021:12:23:14:30:29.557
4993,1640237429587,0.08761793,0.1367532,0.16445005,2021:12:23:14:30:29.587
4994,1640237429603,0.062317915,0.1165132,0.16418374,2021:12:23:14:30:29.603
4995,1640237429620,0.08202529,0.12397004,0.17936374,2021:12:23:14:30:29.620
4996,1640237429638,0.09347688,0.12476899,0.22463745,2021:12:23:14:30:29.638
4997,1640237429661,0.0905474,0.15379742,0.24168167,2021:12:23:14:30:29.661
4998,1640237429680,0.06684528,0.15060163,0.27310693,2021:12:23:14:30:29.680
4999,1640237429707,0.059122127,0.14793848,0.26644903,2021:12:23:14:30:29.707
5000,1640237429723,0.026365273,0.15592794,0.25393218,2021:12:23:14:30:29.723
5001,1640237429743,0.059654757,0.17616795,0.25872588,2021:12:23:14:30:29.743
5002,1640237429779,0.03808317,0.20306586,0.2222406,2021:12:23:14:30:29.779
5003,1640237429797,0.0569916,0.2222406,0.22197428,2021:12:23:14:30:29.797
5004,1640237429798,0.054594755,0.19720691,0.12476899,2021:12:23:14:30:29.798
5005,1640237429823,0.03302317,0.23289324,-0.0033289485,2021:12:23:14:30:29.823
5006,1640237429840,0.054861072,0.18469006,0.017976321,2021:12:23:14:30:29.840
5007,1640237429870,0.041278962,0.17563532,-0.006524739,2021:12:23:14:30:29.870
5008,1640237429903,0.05832318,0.14128058,-0.09946898,2021:12:23:14:30:29.903
5009,1640237429919,0.031425275,0.12689951,-0.14554162,2021:12:23:14:30:29.919
5010,1640237429939,0.0284958,0.139949,-0.117844775,2021:12:23:14:30:29.939
5011,1640237429958,0.08122634,0.170309,-0.11757846,2021:12:23:14:30:29.958
5012,1640237429984,0.03568633,0.12237215,-0.15273216,2021:12:23:14:30:29.984
5013,1640237430001,0.039947383,0.1215732,-0.16817848,2021:12:23:14:30:30.001
5014,1640237430018,0.0053263176,0.114116356,-0.11864372,2021:12:23:14:30:30.018
5015,1640237430037,0.05166528,0.15086795,-0.03555317,2021:12:23:14:30:30.037
5016,1640237430059,0.05113265,0.1383511,-0.02649843,2021:12:23:14:30:30.059
5017,1640237430086,0.029827379,0.12130688,-0.08002792,2021:12:23:14:30:30.086
5018,1640237430100,0.0737695,0.1282311,-0.03289001,2021:12:23:14:30:30.100
5019,1640237430116,0.06764423,0.13915005,0.013182636,2021:12:23:14:30:30.116
5020,1640237430137,0.10306425,0.12743215,0.050733175,2021:12:23:14:30:30.137
5021,1640237430155,0.018908428,0.13116057,0.053396333,2021:12:23:14:30:30.155
5022,1640237430175,-0.061518967,0.11837741,0.057124756,2021:12:23:14:30:30.175
5023,1640237430202,0.07057371,0.14314479,0.108257405,2021:12:23:14:30:30.202
5024,1640237430217,-0.0026631588,0.09520793,0.038482644,2021:12:23:14:30:30.217
5025,1640237430235,0.031158958,0.09254477,-0.0049268436,2021:12:23:14:30:30.235
5026,1640237430257,0.0013315794,0.13435636,0.010785793,2021:12:23:14:30:30.257
5027,1640237430276,-0.006924213,0.13781847,0.007856319,2021:12:23:14:30:30.276
5028,1640237430301,0.015978953,0.1250353,-0.04593949,2021:12:23:14:30:30.301
5029,1640237430319,-0.0015978953,0.10745846,-0.10932267,2021:12:23:14:30:30.319
5030,1640237430339,0.039947383,0.12290478,-0.111985825,2021:12:23:14:30:30.339
5031,1640237430358,-0.023435798,0.09520793,-0.09014793,2021:12:23:14:30:30.358
5032,1640237430386,0.046338964,0.10852372,-0.13036162,2021:12:23:14:30:30.386
5033,1640237430402,0.070041075,0.090946876,-0.12397004,2021:12:23:14:30:30.402
5034,1640237430419,-0.031425275,0.057124756,-0.11864372,2021:12:23:14:30:30.419
5035,1640237430439,0.009587372,0.10745846,-0.13915005,2021:12:23:14:30:30.439
5036,1640237430459,-0.0055926335,0.11544793,-0.16098794,2021:12:23:14:30:30.459
5037,1640237430485,0.030892642,0.10000161,-0.18975006,2021:12:23:14:30:30.485
5038,1640237430502,-0.007190529,0.071505815,-0.23342587,2021:12:23:14:30:30.502
5039,1640237430519,-0.024234746,0.06005423,-0.29680905,2021:12:23:14:30:30.519
5040,1640237430540,-0.020240007,0.010785793,-0.2789659,2021:12:23:14:30:30.540
5041,1640237430558,0.007190529,0.013448952,-0.29654273,2021:12:23:14:30:30.558
5042,1640237430587,0.05113265,-0.011584741,-0.26458484,2021:12:23:14:30:30.587
5043,1640237430603,0.037816856,-0.033156328,-0.20253323,2021:12:23:14:30:30.603
5044,1640237430623,-0.019973692,-0.050200544,-0.15033531,2021:12:23:14:30:30.623
5045,1640237430637,-0.007190529,-0.023302639,-0.10506161,2021:12:23:14:30:30.637
5046,1640237430655,-0.035153694,0.027297378,-0.09787109,2021:12:23:14:30:30.655
5047,1640237430674,-0.011984214,0.048602648,-0.089082666,2021:12:23:14:30:30.674
5048,1640237430696,0.032756854,0.006524739,-0.10772477,2021:12:23:14:30:30.696
5049,1640237430723,0.014381058,0.045140542,-0.12689951,2021:12:23:14:30:30.723
5050,1640237430742,-0.0037284223,0.036352117,-0.10932267,2021:12:23:14:30:30.742
5051,1640237430756,0.04394212,0.06271739,-0.21931113,2021:12:23:14:30:30.756
5052,1640237430776,0.030892642,0.08668582,-0.2725743,2021:12:23:14:30:30.776
5053,1640237430802,0.006391581,0.07283739,-0.2810964,2021:12:23:14:30:30.802
5054,1640237430819,-0.046072647,0.08721845,-0.3577954,2021:12:23:14:30:30.819
5055,1640237430838,0.004261054,0.024101587,-0.4251733,2021:12:23:14:30:30.838
5056,1640237430860,-0.0569916,-0.011318425,-0.4803007,2021:12:23:14:30:30.860
5057,1640237430886,0.054861072,0.028895274,-0.44807646,2021:12:23:14:30:30.886
5058,1640237430902,-0.017576847,-0.024101587,-0.43662488,2021:12:23:14:30:30.902
5059,1640237430919,-0.034088433,-0.018242639,-0.40413436,2021:12:23:14:30:30.919
5060,1640237430939,0.06471476,-0.07603318,-0.39268276,2021:12:23:14:30:30.939
5061,1640237430959,-0.0284958,-0.08455529,-0.4233091,2021:12:23:14:30:30.959
5062,1640237430985,0.021837901,-0.10612688,-0.31838062,2021:12:23:14:30:30.985
5063,1640237430999,-0.015978953,-0.13275847,-0.31651643,2021:12:23:14:30:30.999
5064,1640237431023,0.12623373,-0.13701952,-0.3079943,2021:12:23:14:30:31.023
5065,1640237431036,0.100134775,-0.20706059,-0.2776343,2021:12:23:14:30:31.036
5066,1640237431067,0.0737695,-0.18069533,-0.22969745,2021:12:23:14:30:31.067
5067,1640237431085,0.05060002,-0.20679428,-0.10399635,2021:12:23:14:30:31.085
5068,1640237431102,0.037284225,-0.20066902,-0.10399635,2021:12:23:14:30:31.102
5069,1640237431118,0.103863195,-0.19214691,-0.05552686,2021:12:23:14:30:31.118
5070,1640237431138,0.09880319,-0.2257027,0.03155843,2021:12:23:14:30:31.138
5071,1640237431157,-0.03621896,-0.21291955,0.07603318,2021:12:23:14:30:31.157
5072,1640237431179,0.05113265,-0.18229322,0.15992269,2021:12:23:14:30:31.179
5073,1640237431204,-0.033289485,-0.21425113,0.20120165,2021:12:23:14:30:31.204
5074,1640237431220,0.12516846,-0.16072163,0.22809955,2021:12:23:14:30:31.220
5075,1640237431238,-0.06498107,-0.20999007,0.36365435,2021:12:23:14:30:31.238
5076,1640237431259,-0.12942952,-0.13355741,0.43742383,2021:12:23:14:30:31.259
5077,1640237431287,-0.00905474,-0.08934898,0.54954284,2021:12:23:14:30:31.287
5078,1640237431303,0.00026631588,-0.08562055,0.50639963,2021:12:23:14:30:31.303
5079,1640237431317,0.0452737,-0.040346857,0.51598704,2021:12:23:14:30:31.317
5080,1640237431337,-0.02716422,-0.009720529,0.4840291,2021:12:23:14:30:31.337
5081,1640237431358,0.023435798,0.032623697,0.3980091,2021:12:23:14:30:31.358
5082,1640237431384,0.047137912,0.04727107,0.31891328,2021:12:23:14:30:31.384
5083,1640237431401,0.019174743,0.050466858,0.17084163,2021:12:23:14:30:31.401
5084,1640237431420,-0.08974845,0.025699483,0.09893635,2021:12:23:14:30:31.420
5085,1640237431437,0.025033694,0.09201214,0.06271739,2021:12:23:14:30:31.437
5086,1640237431470,0.065247394,0.043808963,0.048602648,2021:12:23:14:30:31.470
5087,1640237431503,0.06258423,0.03954791,-0.044075277,2021:12:23:14:30:31.503
5088,1640237431517,-0.06977476,0.07683213,-0.077364765,2021:12:23:14:30:31.517
5089,1640237431537,-0.07163897,0.082957394,-0.08455529,2021:12:23:14:30:31.537
5090,1640237431556,-0.113450564,0.063782655,-0.036352117,2021:12:23:14:30:31.556
5091,1640237431576,-0.091346346,0.055793177,-0.02516685,2021:12:23:14:30:31.576
5092,1640237431601,-0.035153694,0.03368896,-0.07763108,2021:12:23:14:30:31.601
5093,1640237431618,-0.12596741,-0.008921582,-0.14101426,2021:12:23:14:30:31.618
5094,1640237431637,-0.107857935,0.02916159,-0.15326479,2021:12:23:14:30:31.637
5095,1640237431658,-0.029294748,0.039814223,-0.11331741,2021:12:23:14:30:31.658
5096,1640237431685,-0.18189375,-0.044341594,-0.07390266,2021:12:23:14:30:31.685
5097,1640237431700,-0.05166528,-0.00519316,-0.08002792,2021:12:23:14:30:31.700
5098,1640237431719,-0.053795807,-0.017976321,-0.013448952,2021:12:23:14:30:31.719
5099,1640237431740,0.022903167,-0.011052109,0.002263685,2021:12:23:14:30:31.740
5100,1640237431757,0.04154528,-0.0030626326,0.011318425,2021:12:23:14:30:31.757
5101,1640237431784,0.016511586,0.0054594753,0.0762995,2021:12:23:14:30:31.784
5102,1640237431798,-0.062317915,0.025965799,0.08721845,2021:12:23:14:30:31.798
5103,1640237431820,-0.12170636,0.025965799,0.08029424,2021:12:23:14:30:31.820
5104,1640237431836,0.012516847,0.08455529,0.048070017,2021:12:23:14:30:31.836
5105,1640237431865,0.047404226,0.0914795,0.009187898,2021:12:23:14:30:31.865
5106,1640237431882,-0.055127386,0.042211067,-0.06910897,2021:12:23:14:30:31.882
5107,1640237431903,-0.03542001,0.040346857,-0.13595426,2021:12:23:14:30:31.903
5108,1640237431916,-0.106792666,0.07203845,-0.16285217,2021:12:23:14:30:31.916
5109,1640237431936,-0.04207791,0.0595216,-0.13568795,2021:12:23:14:30:31.936
5110,1640237431955,-0.12889689,0.034754224,-0.1300953,2021:12:23:14:30:31.955
5111,1640237431975,-0.08974845,0.06005423,-0.15459637,2021:12:23:14:30:31.975
5112,1640237432002,-0.12277162,0.025433166,-0.10106688,2021:12:23:14:30:32.002
5113,1640237432023,-0.054594755,0.040879488,-0.100534245,2021:12:23:14:30:32.023
5114,1640237432037,0.06018739,0.052597385,-0.048602648,2021:12:23:14:30:32.037
5115,1640237432058,-0.074035816,-0.0027963168,-0.008655266,2021:12:23:14:30:32.058
5116,1640237432082,-0.09480845,0.016644742,-0.023568956,2021:12:23:14:30:32.082
5117,1640237432098,-0.009853687,-0.007856319,-0.0006657897,2021:12:23:14:30:32.098
5118,1640237432117,-0.024234746,-0.041678436,0.02783001,2021:12:23:14:30:32.117
5119,1640237432138,-0.02077264,-0.07097318,-0.030759484,2021:12:23:14:30:32.138
5120,1640237432157,-0.025566325,-0.09361003,-0.040346857,2021:12:23:14:30:32.157
5121,1640237432181,-0.0122505305,-0.06990792,0.009720529,2021:12:23:14:30:32.181
5122,1640237432200,0.08522108,-0.0038615803,0.1484711,2021:12:23:14:30:32.200
5123,1640237432221,0.03755054,-0.03821633,0.24354587,2021:12:23:14:30:32.221
5124,1640237432238,-0.02583264,0.0310258,0.22490376,2021:12:23:14:30:32.238
5125,1640237432258,-0.10466214,0.035020538,0.17297216,2021:12:23:14:30:32.258
5126,1640237432284,-0.054062124,0.043542646,0.15433006,2021:12:23:14:30:32.284
5127,1640237432300,0.00053263176,0.10745846,0.17829849,2021:12:23:14:30:32.300
5128,1640237432317,0.031957906,0.079228975,0.114915304,2021:12:23:14:30:32.317
5129,1640237432339,0.076698974,0.10000161,0.021172112,2021:12:23:14:30:32.339
5130,1640237432359,0.18082848,0.09334372,0.06298371,2021:12:23:14:30:32.359
5131,1640237432383,0.09001477,0.07363634,0.044874225,2021:12:23:14:30:32.383
5132,1640237432398,0.099868454,0.065646864,-0.089082666,2021:12:23:14:30:32.398
5133,1640237432418,-0.022903167,0.05366265,-0.17137428,2021:12:23:14:30:32.418
5134,1640237432436,-0.03036001,0.03342264,-0.2592585,2021:12:23:14:30:32.436
5135,1640237432455,-0.048203174,0.1098553,-0.35593116,2021:12:23:14:30:32.455
5136,1640237432485,-0.023435798,0.12210583,-0.42783648,2021:12:23:14:30:32.485
5137,1640237432500,-0.032490537,0.0645816,-0.47470805,2021:12:23:14:30:32.500
5138,1640237432517,-0.034088433,0.121839516,-0.5024049,2021:12:23:14:30:32.517
5139,1640237432538,-0.00905474,0.0880174,-0.44248384,2021:12:23:14:30:32.538
5140,1640237432557,-0.068176866,0.09547424,-0.40413436,2021:12:23:14:30:32.557
5141,1640237432583,-0.09853688,0.09946898,-0.37297538,2021:12:23:14:30:32.583
5142,1640237432599,0.03169159,0.088816345,-0.29840696,2021:12:23:14:30:32.599
5143,1640237432619,-0.047137912,0.08721845,-0.31704906,2021:12:23:14:30:32.619
5144,1640237432640,0.0101200035,0.09920266,-0.3596596,2021:12:23:14:30:32.640
5145,1640237432667,0.05166528,0.022503693,-0.4014712,2021:12:23:14:30:32.667
5146,1640237432684,0.16032216,0.06431528,-0.42730382,2021:12:23:14:30:32.684
5147,1640237432700,0.100933716,0.07017423,-0.45979437,2021:12:23:14:30:32.700
5148,1640237432718,0.10333056,0.04673844,-0.501606,2021:12:23:14:30:32.718
5149,1640237432739,-0.075900026,0.07843003,-0.5676523,2021:12:23:14:30:32.739
5150,1640237432757,-0.002396843,0.09254477,-0.56285864,2021:12:23:14:30:32.757
5151,1640237432784,-0.045007385,0.09414266,-0.55673337,2021:12:23:14:30:32.784
5152,1640237432800,-0.025566325,0.11571425,-0.6174534,2021:12:23:14:30:32.800
5153,1640237432817,0.00905474,0.11677951,-0.6297039,2021:12:23:14:30:32.817
5154,1640237432835,-0.044741068,0.047537386,-0.7330345,2021:12:23:14:30:32.835
5155,1640237432855,-0.031425275,-0.009720529,-0.8747145,2021:12:23:14:30:32.855
5156,1640237432880,0.05938844,-0.040346857,-0.9399619,2021:12:23:14:30:32.880
5157,1640237432899,0.015712637,-0.117844775,-0.9703219,2021:12:23:14:30:32.899
5158,1640237432916,-0.038349487,-0.16711321,-0.9527451,2021:12:23:14:30:32.916
5159,1640237432935,0.1089232,-0.123703726,-0.86086607,2021:12:23:14:30:32.935
5160,1640237432954,0.11584741,-0.18495639,-0.86326295,2021:12:23:14:30:32.954
5161,1640237432980,0.15552847,-0.262188,-0.8243808,2021:12:23:14:30:32.980
5162,1640237433001,0.17204006,-0.2741722,-0.7793734,2021:12:23:14:30:33.001
5163,1640237433017,0.12090741,-0.35886064,-0.6544713,2021:12:23:14:30:33.017
5164,1640237433037,0.0737695,-0.3868238,-0.51119334,2021:12:23:14:30:33.037
5165,1640237433065,0.20026955,-0.30293432,-0.26112273,2021:12:23:14:30:33.065
5166,1640237433083,0.26551694,-0.36392066,-0.13808478,2021:12:23:14:30:33.083
5167,1640237433098,-0.004261054,-0.41185752,-0.07949529,2021:12:23:14:30:33.098
5168,1640237433118,0.29214853,-0.28642273,0.33835432,2021:12:23:14:30:33.118
5169,1640237433141,0.061252654,-0.2691122,0.5239765,2021:12:23:14:30:33.141
5170,1640237433167,0.13848425,-0.23023008,0.63556284,2021:12:23:14:30:33.167
5171,1640237433183,0.07084002,-0.21105534,0.7998797,2021:12:23:14:30:33.183
5172,1640237433216,0.022903167,-0.123703726,0.88696504,2021:12:23:14:30:33.216
5173,1640237433235,0.011451583,-0.03688475,0.95594084,2021:12:23:14:30:33.235
5174,1640237433253,0.10519477,-0.012117373,0.9301082,2021:12:23:14:30:33.253
5175,1640237433273,0.28948537,0.051265806,0.8086682,2021:12:23:14:30:33.273
5176,1640237433297,-0.03302317,0.13595426,0.68296707,2021:12:23:14:30:33.297
5177,1640237433316,-0.09507477,0.13728584,0.54474914,2021:12:23:14:30:33.316
5178,1640237433339,-0.08282424,0.096539505,0.40200382,2021:12:23:14:30:33.339
5179,1640237433354,-0.030626327,0.14580795,0.17164059,2021:12:23:14:30:33.354
5180,1640237433381,0.007190529,0.18948375,0.11944267,2021:12:23:14:30:33.381
5181,1640237433399,-0.11638004,0.23422481,0.05632581,2021:12:23:14:30:33.399
5182,1640237433416,-0.05219791,0.2928143,-0.051265806,2021:12:23:14:30:33.416
5183,1640237433437,-0.07616634,0.25845957,-0.16604795,2021:12:23:14:30:33.437
5184,1640237433465,-0.0284958,0.2675143,-0.38602486,2021:12:23:14:30:33.465
5185,1640237433484,-0.05113265,0.24833956,-0.617986,2021:12:23:14:30:33.484
5186,1640237433499,-0.040213697,0.19853848,-0.87418187,2021:12:23:14:30:33.499
5187,1640237433516,-0.08122634,0.13302478,-1.0819082,2021:12:23:14:30:33.516
5188,1640237433539,0.0061252653,0.07789739,-1.2134683,2021:12:23:14:30:33.539
5189,1640237433563,-0.019441059,0.021704745,-1.2691283,2021:12:23:14:30:33.563
5190,1640237433582,0.039681066,0.0017310532,-1.2893684,2021:12:23:14:30:33.582
5191,1640237433598,0.07749792,-0.010785793,-1.2278494,2021:12:23:14:30:33.598
5192,1640237433621,0.15046847,-0.05632581,-1.1543462,2021:12:23:14:30:33.621
5193,1640237433637,0.109722145,-0.08775108,-1.0520809,2021:12:23:14:30:33.637
5194,1640237433661,0.18242638,-0.11065425,-0.9735177,2021:12:23:14:30:33.661
5195,1640237433679,0.18988322,-0.13195951,-0.8992156,2021:12:23:14:30:33.679
5196,1640237433699,0.19654112,-0.15805848,-0.79668397,2021:12:23:14:30:33.699
5197,1640237433716,0.21651481,-0.16072163,-0.66246074,2021:12:23:14:30:33.716
5198,1640237433736,0.15952322,-0.15326479,-0.5348954,2021:12:23:14:30:33.736
5199,1640237433753,0.15153374,-0.13142689,-0.44727752,2021:12:23:14:30:33.753
5200,1640237433781,0.15286532,-0.12556794,-0.3495396,2021:12:23:14:30:33.781
5201,1640237433799,0.12596741,-0.14474268,-0.25286692,2021:12:23:14:30:33.799
5202,1640237433816,0.10040109,-0.11704583,-0.20759323,2021:12:23:14:30:33.816
5203,1640237433836,0.087351605,-0.1098553,-0.20146796,2021:12:23:14:30:33.836
5204,1640237433866,0.07510108,-0.1215732,-0.15566163,2021:12:23:14:30:33.866
5205,1640237433881,0.10705899,-0.090946876,-0.155129,2021:12:23:14:30:33.881
5206,1640237433899,0.05805686,-0.08775108,-0.20865849,2021:12:23:14:30:33.899
5207,1640237433916,0.11132004,-0.11171951,-0.24354587,2021:12:23:14:30:33.916
5208,1640237433949,0.02077264,-0.08615319,-0.25712797,2021:12:23:14:30:33.949
5209,1640237433967,0.040213697,-0.049667913,-0.22650166,2021:12:23:14:30:33.967
5210,1640237433980,0.026897904,-0.01744369,-0.22463745,2021:12:23:14:30:33.980
5211,1640237433998,0.019973692,0.0006657897,-0.23608904,2021:12:23:14:30:33.998
5212,1640237434019,0.026631588,-0.00519316,-0.24194798,2021:12:23:14:30:34.019
5213,1640237434040,0.039681066,0.028628957,-0.2523343,2021:12:23:14:30:34.040
5214,1640237434059,0.059122127,0.0478037,-0.26511747,2021:12:23:14:30:34.059
5215,1640237434084,0.11371688,0.08482161,-0.28322694,2021:12:23:14:30:34.084
5216,1640237434102,0.12463583,0.063782655,-0.32850063,2021:12:23:14:30:34.102
5217,1640237434120,0.08788424,0.06484792,-0.4081291,2021:12:23:14:30:34.120
5218,1640237434147,0.0788295,0.067511074,-0.49095333,2021:12:23:14:30:34.147
5219,1640237434165,0.12090741,0.07070687,-0.5681849,2021:12:23:14:30:34.165
5220,1640237434180,0.12889689,0.077364765,-0.6928208,2021:12:23:14:30:34.180
5221,1640237434197,0.11877688,0.059255283,-0.8076029,2021:12:23:14:30:34.197
5222,1640237434215,0.14008215,0.086952135,-0.9042756,2021:12:23:14:30:34.215
5223,1640237434235,0.16538216,0.09893635,-1.0163946,2021:12:23:14:30:34.235
5224,1640237434257,0.1408811,0.08215845,-1.1386336,2021:12:23:14:30:34.257
5225,1640237434284,0.16831164,0.06990792,-1.2821778,2021:12:23:14:30:34.284
5226,1640237434301,0.2079927,-0.0033289485,-1.412939,2021:12:23:14:30:34.301
5227,1640237434315,0.20186743,-0.013448952,-1.5005568,2021:12:23:14:30:34.315
5228,1640237434339,0.23222744,-0.026232114,-1.5245253,2021:12:23:14:30:34.339
5229,1640237434364,0.2346243,-0.037950013,-1.5146716,2021:12:23:14:30:34.364
5230,1640237434380,0.30626327,-0.049934227,-1.4539516,2021:12:23:14:30:34.380
5231,1640237434398,0.28948537,-0.062451076,-1.370861,2021:12:23:14:30:34.398
5232,1640237434419,0.31957906,-0.066712126,-1.2616715,2021:12:23:14:30:34.419
5233,1640237434437,0.32437274,-0.089082666,-1.1639335,2021:12:23:14:30:34.437
5234,1640237434464,0.30200222,-0.09334372,-1.086702,2021:12:23:14:30:34.464
5235,1640237434480,0.32330748,-0.1165132,-1.080843,2021:12:23:14:30:34.480
5236,1640237434499,0.2868222,-0.15273216,-1.142362,2021:12:23:14:30:34.499
5237,1640237434518,0.3201117,-0.17217322,-1.1942936,2021:12:23:14:30:34.518
5238,1640237434540,0.32756853,-0.19374481,-1.3090757,2021:12:23:14:30:34.540
5239,1640237434563,0.35073802,-0.24194798,-1.4190642,2021:12:23:14:30:34.563
5240,1640237434582,0.3520696,-0.27443853,-1.5048178,2021:12:23:14:30:34.582
5241,1640237434597,0.38322854,-0.27683535,-1.5474284,2021:12:23:14:30:34.597
5242,1640237434622,0.36991277,-0.31039116,-1.5146716,2021:12:23:14:30:34.622
5243,1640237434640,0.37497276,-0.32210904,-1.3881716,2021:12:23:14:30:34.640
5244,1640237434666,0.4093275,-0.3146522,-1.2584757,2021:12:23:14:30:34.666
5245,1640237434681,0.46338964,-0.3143859,-1.1471556,2021:12:23:14:30:34.681
5246,1640237434697,0.5113265,-0.32716906,-1.0281124,2021:12:23:14:30:34.697
5247,1640237434715,0.4711128,-0.3444796,-0.9199882,2021:12:23:14:30:34.715
5248,1640237434738,0.47697175,-0.3191796,-0.8281092,2021:12:23:14:30:34.738
5249,1640237434758,0.5206475,-0.338088,-0.7530081,2021:12:23:14:30:34.758
5250,1640237434785,0.49721175,-0.36285537,-0.70959866,2021:12:23:14:30:34.785
5251,1640237434798,0.41305593,-0.36711645,-0.68030393,2021:12:23:14:30:34.798
5252,1640237434819,0.37417382,-0.31491852,-0.57617444,2021:12:23:14:30:34.819
5253,1640237434838,0.29933906,-0.34181643,-0.521047,2021:12:23:14:30:34.838
5254,1640237434858,0.18562217,-0.36312172,-0.50693226,2021:12:23:14:30:34.858
5255,1640237434883,0.31878012,-0.21744692,-0.39081857,2021:12:23:14:30:34.883
5256,1640237434900,0.36272222,-0.2741722,-0.32690275,2021:12:23:14:30:34.900
5257,1640237434917,0.29587695,-0.2573943,-0.29627642,2021:12:23:14:30:34.917
5258,1640237434944,0.16085479,-0.24381219,-0.26618272,2021:12:23:14:30:34.944
5259,1640237434963,0.22983061,-0.18628795,-0.29201537,2021:12:23:14:30:34.963
5260,1640237434982,0.19734007,-0.20599534,-0.44061962,2021:12:23:14:30:34.982
5261,1640237435014,0.057257913,-0.24381219,-0.6169207,2021:12:23:14:30:35.014
5262,1640237435032,-0.09108003,-0.27124274,-0.69894606,2021:12:23:14:30:35.032
5263,1640237435055,0.1241032,-0.16604795,-0.80334187,2021:12:23:14:30:35.055
5264,1640237435083,0.13502215,-0.18309216,-0.98523563,2021:12:23:14:30:35.083
5265,1640237435097,0.14860426,-0.27284062,-1.0390314,2021:12:23:14:30:35.097
5266,1640237435114,0.07643266,-0.19614165,-1.0984199,2021:12:23:14:30:35.114
5267,1640237435136,0.12703268,-0.21318586,-1.0510156,2021:12:23:14:30:35.136
5268,1640237435154,0.1408811,-0.17803216,-1.0038778,2021:12:23:14:30:35.154
5269,1640237435177,0.2061285,-0.16285217,-0.86699134,2021:12:23:14:30:35.177
5270,1640237435202,0.24501061,-0.16125427,-0.74102396,2021:12:23:14:30:35.202
5271,1640237435219,0.15339795,-0.14154689,-0.5596628,2021:12:23:14:30:35.219
5272,1640237435247,0.15552847,-0.07496792,-0.37750277,2021:12:23:14:30:35.247
5273,1640237435263,0.11371688,-0.08269108,-0.35060486,2021:12:23:14:30:35.263
5274,1640237435280,0.17204006,-0.033156328,-0.4834965,2021:12:23:14:30:35.280
5275,1640237435298,0.11371688,-0.07976161,-0.5556681,2021:12:23:14:30:35.298
5276,1640237435319,0.11691267,-0.07789739,-0.6305028,2021:12:23:14:30:35.319
5277,1640237435348,0.2061285,-0.07416897,-0.7325018,2021:12:23:14:30:35.348
5278,1640237435362,0.27297378,-0.031292114,-0.7977492,2021:12:23:14:30:35.362
5279,1640237435381,0.09587371,-0.0930774,-0.8036082,2021:12:23:14:30:35.381
5280,1640237435397,0.20666112,0.08189213,-0.8789756,2021:12:23:14:30:35.397
5281,1640237435420,0.31585065,-0.01744369,-1.0131987,2021:12:23:14:30:35.420
5282,1640237435436,0.3201117,-0.025433166,-1.1410304,2021:12:23:14:30:35.436
5283,1640237435464,0.33928645,-0.08082687,-1.3743231,2021:12:23:14:30:35.464
5284,1640237435481,0.41651803,-0.022503693,-1.6779232,2021:12:23:14:30:35.481
5285,1640237435503,0.43489385,-0.07363634,-1.8899107,2021:12:23:14:30:35.503
5286,1640237435515,0.3605917,-0.10506161,-2.0273297,2021:12:23:14:30:35.515
5287,1640237435536,0.41199067,-0.09733845,-2.1453075,2021:12:23:14:30:35.536
5288,1640237435556,0.49028754,-0.13409005,-2.2092235,2021:12:23:14:30:35.556
5289,1640237435580,0.56112754,-0.1817606,-2.1343887,2021:12:23:14:30:35.580
5290,1640237435601,0.5579318,-0.1684448,-1.9655443,2021:12:23:14:30:35.601
5291,1640237435617,0.6655234,-0.14527531,-1.7985643,2021:12:23:14:30:35.617
5292,1640237435635,0.73876023,-0.17616795,-1.6190674,2021:12:23:14:30:35.635
5293,1640237435663,0.7914908,-0.20626165,-1.4113411,2021:12:23:14:30:35.663
5294,1640237435680,0.92464876,-0.15433006,-1.3250546,2021:12:23:14:30:35.680
5295,1640237435697,0.9651288,-0.21877849,-1.2187946,2021:12:23:14:30:35.697
5296,1640237435718,0.813595,-0.44115224,-0.81798923,2021:12:23:14:30:35.718
5297,1640237435745,0.68602973,-0.2928143,-0.57351124,2021:12:23:14:30:35.745
5298,1640237435764,0.48442858,-0.24594271,-0.68456495,2021:12:23:14:30:35.764
5299,1640237435782,0.64608234,-0.22144166,-0.85154504,2021:12:23:14:30:35.782
5300,1640237435797,0.6737792,-0.2994722,-0.87364924,2021:12:23:14:30:35.797
5301,1640237435821,0.59628123,-0.35699645,-0.80014604,2021:12:23:14:30:35.821
5302,1640237435846,0.64448446,-0.31198907,-0.8222503,2021:12:23:14:30:35.846
5303,1640237435862,0.56618756,-0.3045322,-0.8709861,2021:12:23:14:30:35.862
5304,1640237435881,0.5752423,-0.30692905,-0.95407665,2021:12:23:14:30:35.881
5305,1640237435901,0.59761286,-0.30879328,-1.1229209,2021:12:23:14:30:35.901
5306,1640237435920,0.62317914,-0.35033855,-1.278982,2021:12:23:14:30:35.920
5307,1640237435946,0.5920202,-0.36844802,-1.4025526,2021:12:23:14:30:35.946
5308,1640237435963,0.65034336,-0.36764908,-1.5367758,2021:12:23:14:30:35.963
5309,1640237435979,0.66339284,-0.39294907,-1.59936,2021:12:23:14:30:35.979
5310,1640237435995,0.731836,-0.41638488,-1.6164043,2021:12:23:14:30:35.995
5311,1640237436018,0.7113297,-0.4837628,-1.5700653,2021:12:23:14:30:36.018
5312,1640237436035,0.75953287,-0.46805015,-1.5199978,2021:12:23:14:30:36.035
5313,1640237436062,0.7829687,-0.5242428,-1.4680663,2021:12:23:14:30:36.062
5314,1640237436081,0.8082687,-0.5791039,-1.380981,2021:12:23:14:30:36.081
5315,1640237436097,0.81918764,-0.65846604,-1.247024,2021:12:23:14:30:36.097
5316,1640237436118,0.8111982,-0.65846604,-1.0515482,2021:12:23:14:30:36.118
5317,1640237436144,0.7920234,-0.57830495,-0.84302294,2021:12:23:14:30:36.144
5318,1640237436163,0.7209171,-0.65393865,-0.6376934,2021:12:23:14:30:36.163
5319,1640237436179,0.73529816,-0.6014744,-0.45287016,2021:12:23:14:30:36.179
5320,1640237436197,0.63489705,-0.6632597,-0.21664797,2021:12:23:14:30:36.197
5321,1640237436219,0.6362286,-0.6033386,-0.04540686,2021:12:23:14:30:36.219
5322,1640237436240,0.513457,-0.5910881,0.07896266,2021:12:23:14:30:36.240
5323,1640237436265,0.4561991,-0.5593965,0.17776585,2021:12:23:14:30:36.265
5324,1640237436280,0.39201698,-0.4925512,0.21931113,2021:12:23:14:30:36.280
5325,1640237436300,0.37843487,-0.48962176,0.21318586,2021:12:23:14:30:36.300
5326,1640237436317,0.30866012,-0.4518049,0.12982899,2021:12:23:14:30:36.317
5327,1640237436335,0.284958,-0.4504733,0.0033289485,2021:12:23:14:30:36.335
5328,1640237436360,0.2636527,-0.43635857,-0.1953427,2021:12:23:14:30:36.360
5329,1640237436381,0.24607587,-0.47071332,-0.43662488,2021:12:23:14:30:36.381
5330,1640237436398,0.2063948,-0.46671858,-0.67231447,2021:12:23:14:30:36.398
5331,1640237436415,0.2767022,-0.4486091,-0.8552734,2021:12:23:14:30:36.415
5332,1640237436434,0.23062955,-0.48269755,-0.99801874,2021:12:23:14:30:36.434
5333,1640237436460,0.25086957,-0.48323017,-1.0843052,2021:12:23:14:30:36.460
5334,1640237436480,0.2447443,-0.510927,-1.1378345,2021:12:23:14:30:36.480
5335,1640237436497,0.31851378,-0.50506806,-1.2225231,2021:12:23:14:30:36.497
5336,1640237436516,0.33316118,-0.5330312,-1.2624705,2021:12:23:14:30:36.516
5337,1640237436546,0.3802991,-0.58522916,-1.1697925,2021:12:23:14:30:36.546
5338,1640237436561,0.40293592,-0.5964144,-0.9708545,2021:12:23:14:30:36.561
5339,1640237436578,0.36831486,-0.5751091,-0.66565657,2021:12:23:14:30:36.578
5340,1640237436597,0.3789675,-0.542086,-0.34021854,2021:12:23:14:30:36.597
5341,1640237436619,0.30253485,-0.5290365,-0.13222584,2021:12:23:14:30:36.619
5342,1640237436644,0.2681801,-0.5324986,-0.0118510565,2021:12:23:14:30:36.644
5343,1640237436661,0.26631588,-0.53143334,0.11518162,2021:12:23:14:30:36.661
5344,1640237436679,0.24421166,-0.51305753,0.27177536,2021:12:23:14:30:36.679
5345,1640237436700,0.188019,-0.470447,0.4102596,2021:12:23:14:30:36.700
5346,1640237436719,0.15313163,-0.4504733,0.5077312,2021:12:23:14:30:36.719
5347,1640237436746,0.11504846,-0.44781014,0.58735967,2021:12:23:14:30:36.746
5348,1640237436778,0.085487396,-0.3849596,0.6528734,2021:12:23:14:30:36.778
5349,1640237436796,0.045806333,-0.33515853,0.72264814,2021:12:23:14:30:36.796
5350,1640237436798,-0.011984214,-0.29414588,0.76099765,2021:12:23:14:30:36.798
5351,1640237436827,-0.019174743,-0.2826943,0.7506113,2021:12:23:14:30:36.827
5352,1640237436861,-0.007989476,-0.25366586,0.674445,2021:12:23:14:30:36.861
5353,1640237436875,-0.047137912,-0.22809955,0.6265081,2021:12:23:14:30:36.875
5354,1640237436898,-0.02077264,-0.18575533,0.5980123,2021:12:23:14:30:36.898
5355,1640237436914,-0.002396843,-0.160189,0.6046702,2021:12:23:14:30:36.914
5356,1640237436943,-0.0053263176,-0.12583426,0.5838976,2021:12:23:14:30:36.943
5357,1640237436960,-0.019973692,-0.08056056,0.55859756,2021:12:23:14:30:36.960
5358,1640237436977,-0.023169482,-0.08269108,0.5548691,2021:12:23:14:30:36.977
5359,1640237436998,-0.007989476,-0.052064754,0.516786,2021:12:23:14:30:36.998
5360,1640237437018,-0.03941475,-0.05313002,0.4281028,2021:12:23:14:30:37.018
5361,1640237437038,-0.04314317,-0.034487907,0.312788,2021:12:23:14:30:37.038
5362,1640237437061,0.00905474,-0.034487907,0.17243953,2021:12:23:14:30:37.061
5363,1640237437082,-0.0074568447,-0.060586862,0.029960537,2021:12:23:14:30:37.082
5364,1640237437098,-0.0018642112,-0.06884266,-0.12929636,2021:12:23:14:30:37.098
5365,1640237437117,0.017310532,-0.107192144,-0.16711321,2021:12:23:14:30:37.117
5366,1640237437146,0.028229482,-0.06724476,-0.17270584,2021:12:23:14:30:37.146
5367,1640237437160,0.022104219,-0.055260547,-0.098403715,2021:12:23:14:30:37.160
5368,1640237437181,0.04314317,-0.048602648,-0.016378427,2021:12:23:14:30:37.181
5369,1640237437196,0.0074568447,-0.043542646,0.03235738,2021:12:23:14:30:37.196
5370,1640237437213,-0.014913689,-0.033156328,0.0544616,2021:12:23:14:30:37.213
5371,1640237437233,-0.04207791,-0.041145805,0.03901528,2021:12:23:14:30:37.233
5372,1640237437262,-0.0015978953,-0.0057257917,0.022237375,2021:12:23:14:30:37.262
5373,1640237437277,-0.024501061,-0.03555317,0.011584741,2021:12:23:14:30:37.277
5374,1640237437296,-0.00905474,-0.024367902,-0.015579479,2021:12:23:14:30:37.296
5375,1640237437314,0.017044216,-0.012383688,-0.040346857,2021:12:23:14:30:37.314
5376,1640237437345,0.0053263176,-0.028362641,-0.06644581,2021:12:23:14:30:37.345
5377,1640237437362,0.031425275,-0.023302639,-0.10373004,2021:12:23:14:30:37.362
5378,1640237437378,-0.013315794,-0.027297378,-0.11438267,2021:12:23:14:30:37.378
5379,1640237437395,-0.016777901,-0.019574217,-0.10799109,2021:12:23:14:30:37.395
5380,1640237437418,-0.0053263176,-0.017710006,-0.10266477,2021:12:23:14:30:37.418
5381,1640237437444,-0.049002122,-0.04008054,-0.12210583,2021:12:23:14:30:37.444
5382,1640237437460,-0.053263176,-0.045140542,-0.14767216,2021:12:23:14:30:37.460
5383,1640237437477,-0.065247394,-0.024900535,-0.19081533,2021:12:23:14:30:37.477
5384,1640237437499,-0.014381058,-0.050200544,-0.2456764,2021:12:23:14:30:37.499
5385,1640237437517,0.012516847,-0.059787914,-0.31491852,2021:12:23:14:30:37.517
5386,1640237437545,0.015180005,-0.08748477,-0.3548659,2021:12:23:14:30:37.545
5387,1640237437559,0.010652635,-0.110387936,-0.3881554,2021:12:23:14:30:37.559
5388,1640237437580,0.015446321,-0.11757846,-0.38762277,2021:12:23:14:30:37.580
5389,1640237437599,0.00079894764,-0.14873742,-0.33089748,2021:12:23:14:30:37.599
5390,1640237437626,0.008788424,-0.13568795,-0.28642273,2021:12:23:14:30:37.626
5391,1640237437644,-0.00026631588,-0.14021531,-0.22117534,2021:12:23:14:30:37.644
5392,1640237437661,0.038882118,-0.15965638,-0.16951005,2021:12:23:14:30:37.661
5393,1640237437677,0.016777901,-0.16471638,-0.104528986,2021:12:23:14:30:37.677
5394,1640237437701,-0.016245268,-0.16045532,-0.032623697,2021:12:23:14:30:37.701
5395,1640237437720,0.033289485,-0.15939006,-0.008921582,2021:12:23:14:30:37.720
5396,1640237437749,0.05219791,-0.18628795,0.040879488,2021:12:23:14:30:37.749
5397,1640237437766,0.03621896,-0.18628795,0.060586862,2021:12:23:14:30:37.766
5398,1640237437778,0.052464228,-0.18602164,0.07283739,2021:12:23:14:30:37.778
5399,1640237437796,0.043675803,-0.20812586,0.13915005,2021:12:23:14:30:37.796
5400,1640237437817,0.043675803,-0.18149427,0.19081533,2021:12:23:14:30:37.817
5401,1640237437835,0.030626327,-0.1836248,0.24354587,2021:12:23:14:30:37.835
5402,1640237437860,0.045007385,-0.1351553,0.28003114,2021:12:23:14:30:37.860
5403,1640237437885,0.0061252653,-0.107192144,0.30506483,2021:12:23:14:30:37.885
5404,1640237437901,0.015712637,-0.0997353,0.31065747,2021:12:23:14:30:37.901
5405,1640237437916,0.041278962,-0.07470161,0.30506483,2021:12:23:14:30:37.916
5406,1640237437942,0.044741068,-0.036618434,0.33036485,2021:12:23:14:30:37.942
5407,1640237437961,0.0013315794,-0.022237375,0.27976483,2021:12:23:14:30:37.961
5408,1640237437977,-0.007190529,-0.035286855,0.23608904,2021:12:23:14:30:37.977
5409,1640237437999,0.004793686,-0.004660528,0.19960375,2021:12:23:14:30:37.999
5410,1640237438019,0.019174743,0.009720529,0.13195951,2021:12:23:14:30:38.019
5411,1640237438043,-0.012516847,-0.0062584234,0.050999492,2021:12:23:14:30:38.043
5412,1640237438060,0.00905474,-0.03235738,-0.05632581,2021:12:23:14:30:38.060
5413,1640237438077,0.007989476,-0.05366265,-0.19427744,2021:12:23:14:30:38.077
5414,1640237438101,-0.0031957906,-0.0997353,-0.31758168,2021:12:23:14:30:38.101
5415,1640237438119,-0.014913689,-0.15113427,-0.39721015,2021:12:23:14:30:38.119
5416,1640237438144,0.006924213,-0.19427744,-0.42783648,2021:12:23:14:30:38.144
5417,1640237438160,0.01358211,-0.19640796,-0.42916805,2021:12:23:14:30:38.160
5418,1640237438183,0.0029294747,-0.20732692,-0.38016593,2021:12:23:14:30:38.183
5419,1640237438197,0.019707374,-0.18921743,-0.26298693,2021:12:23:14:30:38.197
5420,1640237438217,-0.05566002,-0.16897742,-0.14128058,2021:12:23:14:30:38.217
5421,1640237438235,0.008522108,-0.16391742,-0.021172112,2021:12:23:14:30:38.235
5422,1640237438258,-0.006391581,-0.19134796,0.025965799,2021:12:23:14:30:38.258
5423,1640237438276,0.027696852,-0.16391742,0.13036162,2021:12:23:14:30:38.276
5424,1640237438296,0.004261054,-0.14873742,0.25393218,2021:12:23:14:30:38.296
5425,1640237438316,0.00079894764,-0.123703726,0.3548659,2021:12:23:14:30:38.316
5426,1640237438342,-0.019174743,-0.043010015,0.3878891,2021:12:23:14:30:38.342
5427,1640237438359,-0.025033694,-0.040346857,0.42091224,2021:12:23:14:30:38.359
5428,1640237438377,-0.026365273,-0.008655266,0.47524068,2021:12:23:14:30:38.377
5429,1640237438396,0.0,0.03235738,0.5442165,2021:12:23:14:30:38.396
5430,1640237438419,-0.039681066,0.07230476,0.5961481,2021:12:23:14:30:38.419
5431,1640237438445,0.011451583,0.1567269,0.5894902,2021:12:23:14:30:38.445
5432,1640237438459,-0.07723161,0.14421006,0.5748428,2021:12:23:14:30:38.459
5433,1640237438478,0.00905474,0.17483638,0.475507,2021:12:23:14:30:38.478
5434,1640237438500,-0.016245268,0.1684448,0.36578485,2021:12:23:14:30:38.500
5435,1640237438526,0.004261054,0.22596903,0.2858901,2021:12:23:14:30:38.526
5436,1640237438544,0.00905474,0.22996376,0.160189,2021:12:23:14:30:38.544
5437,1640237438560,-0.019707374,0.20413113,0.07656582,2021:12:23:14:30:38.560
5438,1640237438584,0.010918951,0.22037639,-0.009187898,2021:12:23:14:30:38.584
5439,1640237438597,-0.049534753,0.19294585,-0.029960537,2021:12:23:14:30:38.597
5440,1640237438626,-0.00452737,0.21238692,0.0544616,2021:12:23:14:30:38.626
5441,1640237438660,0.0029294747,0.21398482,0.04700475,2021:12:23:14:30:38.660
5442,1640237438679,-0.035952643,0.21291955,-0.019840533,2021:12:23:14:30:38.679
5443,1640237438695,0.016777901,0.23928481,-0.07496792,2021:12:23:14:30:38.695
5444,1640237438716,0.03036001,0.27071008,-0.0981374,2021:12:23:14:30:38.716
5445,1640237438741,0.030626327,0.27204168,-0.17403743,2021:12:23:14:30:38.741
5446,1640237438760,-0.019973692,0.27949852,-0.26831326,2021:12:23:14:30:38.760
5447,1640237438776,-0.008255793,0.23795325,-0.33968592,2021:12:23:14:30:38.776
5448,1640237438797,0.012516847,0.2288985,-0.42783648,2021:12:23:14:30:38.797
5449,1640237438827,0.046072647,0.17883112,-0.49601334,2021:12:23:14:30:38.827
5450,1640237438844,0.018375795,0.1516669,-0.59534913,2021:12:23:14:30:38.844
5451,1640237438859,0.018375795,0.12343741,-0.6462155,2021:12:23:14:30:38.859
5452,1640237438878,0.012516847,0.061119493,-0.67391235,2021:12:23:14:30:38.878
5453,1640237438899,0.054861072,0.048602648,-0.6816355,2021:12:23:14:30:38.899
5454,1640237438926,0.009587372,0.0049268436,-0.6328997,2021:12:23:14:30:38.926
5455,1640237438942,0.015712637,-0.023568956,-0.6352965,2021:12:23:14:30:38.942
5456,1640237438956,0.025566325,-0.02969422,-0.612926,2021:12:23:14:30:38.956
5457,1640237438982,0.0013315794,-0.07949529,-0.567386,2021:12:23:14:30:38.982
5458,1640237438996,0.0,-0.0997353,-0.53516173,2021:12:23:14:30:38.996
5459,1640237439027,0.079628445,-0.096805826,-0.54022175,2021:12:23:14:30:39.027
5460,1640237439041,0.030093694,-0.18309216,-0.55327123,2021:12:23:14:30:39.041
5461,1640237439060,0.028229482,-0.23102903,-0.50986177,2021:12:23:14:30:39.060
5462,1640237439077,0.02583264,-0.21318586,-0.36365435,2021:12:23:14:30:39.077
5463,1640237439099,0.046338964,-0.21478376,-0.14154689,2021:12:23:14:30:39.099
5464,1640237439115,0.019707374,-0.20599534,0.03155843,2021:12:23:14:30:39.115
5465,1640237439142,0.046072647,-0.23529008,0.21505007,2021:12:23:14:30:39.142
5466,1640237439160,0.032490537,-0.21744692,0.40546593,2021:12:23:14:30:39.160
5467,1640237439177,0.00026631588,-0.1868206,0.5812344,2021:12:23:14:30:39.177
5468,1640237439197,0.04340949,-0.14128058,0.6933534,2021:12:23:14:30:39.197
5469,1640237439218,-0.0029294747,-0.13355741,0.7556713,2021:12:23:14:30:39.218
5470,1640237439246,0.041278962,-0.06325002,0.7972166,2021:12:23:14:30:39.246
5471,1640237439262,-0.017576847,-0.030226853,0.8171903,2021:12:23:14:30:39.262
5472,1640237439277,0.015446321,0.03874896,0.8222503,2021:12:23:14:30:39.277
5473,1640237439297,0.026631588,0.04141212,0.8209187,2021:12:23:14:30:39.297
5474,1640237439325,0.053795807,0.050999492,0.7567366,2021:12:23:14:30:39.325
5475,1640237439344,0.05566002,0.048070017,0.6486123,2021:12:23:14:30:39.344
5476,1640237439359,-0.02716422,0.057657387,0.50506806,2021:12:23:14:30:39.359
5477,1640237439380,-0.01038632,0.09254477,0.45606595,2021:12:23:14:30:39.380
5478,1640237439397,-0.014114741,0.11837741,0.4483428,2021:12:23:14:30:39.397
5479,1640237439413,-0.009321056,0.11464899,0.3277017,2021:12:23:14:30:39.413
5480,1640237439432,0.003994738,0.1668469,0.16871111,2021:12:23:14:30:39.432
5481,1640237439460,-0.054594755,0.16604795,0.040879488,2021:12:23:14:30:39.460
5482,1640237439477,0.02263685,0.16578163,-0.04540686,2021:12:23:14:30:39.477
5483,1640237439500,0.021571586,0.15592794,-0.098403715,2021:12:23:14:30:39.500
5484,1640237439526,0.0050600017,0.14048162,-0.16365111,2021:12:23:14:30:39.526
5485,1640237439542,-0.014114741,0.12903005,-0.17909743,2021:12:23:14:30:39.542
5486,1640237439559,-0.020506322,0.16231953,-0.16152059,2021:12:23:14:30:39.559
5487,1640237439576,-0.039148435,0.11118688,-0.14021531,2021:12:23:14:30:39.576
5488,1640237439595,-0.014913689,0.102398455,-0.17909743,2021:12:23:14:30:39.595
5489,1640237439627,0.018375795,0.10745846,-0.19321217,2021:12:23:14:30:39.627
5490,1640237439641,0.011451583,0.07816371,-0.20226692,2021:12:23:14:30:39.641
5491,1640237439657,-0.038349487,0.045140542,-0.19587533,2021:12:23:14:30:39.657
5492,1640237439677,-0.008522108,0.030226853,-0.17377111,2021:12:23:14:30:39.677
5493,1640237439698,-0.011984214,0.020905796,-0.17483638,2021:12:23:14:30:39.698
5494,1640237439728,0.033822116,0.024101587,-0.19907112,2021:12:23:14:30:39.728
5495,1640237439744,-0.021571586,-0.013182636,-0.2257027,2021:12:23:14:30:39.744
5496,1640237439758,-0.006657897,-0.013448952,-0.29867327,2021:12:23:14:30:39.758
5497,1640237439778,0.014381058,-0.029427905,-0.35513222,2021:12:23:14:30:39.778
5498,1640237439799,0.034088433,-0.055793177,-0.3849596,2021:12:23:14:30:39.799
5499,1640237439824,0.025566325,-0.066712126,-0.41771647,2021:12:23:14:30:39.824
5500,1640237439842,-0.048735805,-0.079228975,-0.4033354,2021:12:23:14:30:39.842
5501,1640237439859,-0.033555802,-0.10080056,-0.3748396,2021:12:23:14:30:39.859
5502,1640237439878,-0.027696852,-0.09041424,-0.37430698,2021:12:23:14:30:39.878
5503,1640237439900,0.0018642112,-0.10799109,-0.32663643,2021:12:23:14:30:39.900
5504,1640237439916,0.03169159,-0.094675295,-0.32157642,2021:12:23:14:30:39.916
5505,1640237439938,0.02530001,-0.13595426,-0.25499746,2021:12:23:14:30:39.938
5506,1640237439964,0.01810948,-0.09494161,-0.19960375,2021:12:23:14:30:39.964
5507,1640237439981,-0.014913689,-0.12290478,-0.08162582,2021:12:23:14:30:39.981
5508,1640237439994,0.023435798,-0.07949529,-0.036618434,2021:12:23:14:30:39.994
5509,1640237440014,0.006391581,-0.09361003,0.043010015,2021:12:23:14:30:40.014
5510,1640237440041,0.023702113,-0.059787914,0.12290478,2021:12:23:14:30:40.041
5511,1640237440057,-0.045540016,-0.08242477,0.18602164,2021:12:23:14:30:40.057
5512,1640237440076,0.02530001,-0.04727107,0.1250353,2021:12:23:14:30:40.076
5513,1640237440098,0.020240007,-0.046205804,0.0914795,2021:12:23:14:30:40.098
5514,1640237440125,0.009321056,-0.023302639,0.049401596,2021:12:23:14:30:40.125
5515,1640237440140,0.013315794,-0.04593949,0.007856319,2021:12:23:14:30:40.140
5516,1640237440158,0.008522108,0.036352117,-0.0595216,2021:12:23:14:30:40.158
5517,1640237440178,-0.043675803,0.0038615803,-0.07097318,2021:12:23:14:30:40.178
5518,1640237440196,0.0013315794,0.024367902,-0.10506161,2021:12:23:14:30:40.196
5519,1640237440224,0.029561063,0.013182636,-0.06910897,2021:12:23:14:30:40.224
5520,1640237440239,-0.009321056,-0.0014647373,-0.02783001,2021:12:23:14:30:40.239
5521,1640237440258,-0.025033694,0.014780532,0.022237375,2021:12:23:14:30:40.258
5522,1640237440278,-0.00079894764,0.024900535,0.041145805,2021:12:23:14:30:40.278
5523,1640237440306,-0.0037284223,0.037683696,0.022237375,2021:12:23:14:30:40.306
5524,1640237440324,0.032490537,0.044341594,-0.04913528,2021:12:23:14:30:40.324
5525,1640237440341,-0.027963167,0.007323687,-0.12423636,2021:12:23:14:30:40.341
5526,1640237440359,-0.045007385,-0.00519316,-0.1953427,2021:12:23:14:30:40.359
5527,1640237440381,-0.017576847,-0.03874896,-0.25872588,2021:12:23:14:30:40.381
5528,1640237440416,-0.037017908,-0.037151065,-0.2928143,2021:12:23:14:30:40.416
5529,1640237440440,0.032224223,-0.004660528,-0.2741722,2021:12:23:14:30:40.440
5530,1640237440455,0.019441059,-0.048070017,-0.21132165,2021:12:23:14:30:40.455
5531,1640237440475,0.03755054,-0.016644742,-0.10665951,2021:12:23:14:30:40.475
5532,1640237440499,0.04340949,-0.014780532,0.010253161,2021:12:23:14:30:40.499
5533,1640237440525,-0.006924213,0.015579479,0.06085318,2021:12:23:14:30:40.525
5534,1640237440538,-0.015446321,-0.023568956,0.028895274,2021:12:23:14:30:40.538
5535,1640237440556,-0.0061252653,0.018508954,-0.03555317,2021:12:23:14:30:40.556
5536,1640237440578,0.052464228,0.00519316,-0.023302639,2021:12:23:14:30:40.578
5537,1640237440599,0.012783162,0.025699483,0.018242639,2021:12:23:14:30:40.599
5538,1640237440619,0.06551371,0.041145805,0.022770008,2021:12:23:14:30:40.619
5539,1640237440643,0.0284958,0.052597385,0.017710006,2021:12:23:14:30:40.643
5540,1640237440661,0.024234746,0.053928968,0.01744369,2021:12:23:14:30:40.661
5541,1640237440677,-0.034088433,0.10080056,0.039814223,2021:12:23:14:30:40.677
5542,1640237440699,-0.011984214,0.10080056,0.08455529,2021:12:23:14:30:40.699
5543,1640237440724,-0.036485277,0.11278477,0.12237215,2021:12:23:14:30:40.724
5544,1640237440739,-0.039947383,0.10879004,0.13595426,2021:12:23:14:30:40.739
5545,1640237440756,0.017576847,0.110121615,0.14207952,2021:12:23:14:30:40.756
5546,1640237440775,0.015712637,0.13941637,0.13409005,2021:12:23:14:30:40.775
5547,1640237440793,-0.0061252653,0.145009,0.088816345,2021:12:23:14:30:40.793
5548,1640237440816,0.0122505305,0.1801627,0.05685844,2021:12:23:14:30:40.816
5549,1640237440842,-0.008255793,0.17643428,0.021172112,2021:12:23:14:30:40.842
5550,1640237440857,-0.029561063,0.17590164,-0.028895274,2021:12:23:14:30:40.857
5551,1640237440875,0.010652635,0.19001637,-0.07203845,2021:12:23:14:30:40.875
5552,1640237440897,0.002396843,0.1617869,-0.18069533,2021:12:23:14:30:40.897
5553,1640237440915,0.058589496,0.15086795,-0.3194459,2021:12:23:14:30:40.915
5554,1640237440942,0.0,0.11118688,-0.5018723,2021:12:23:14:30:40.942
5555,1640237440958,0.011984214,0.089082666,-0.6936197,2021:12:23:14:30:40.958
5556,1640237440977,0.028229482,0.036085803,-0.8217177,2021:12:23:14:30:40.977
5557,1640237440998,0.045806333,-0.022503693,-0.9370324,2021:12:23:14:30:40.998
5558,1640237441025,0.06471476,-0.03821633,-0.9684577,2021:12:23:14:30:41.025
5559,1640237441041,0.06391581,-0.09014793,-0.95647347,2021:12:23:14:30:41.041
5560,1640237441058,0.06285055,-0.13382374,-0.8731166,2021:12:23:14:30:41.058
5561,1640237441078,0.06657897,-0.19614165,-0.72105026,2021:12:23:14:30:41.078
5562,1640237441098,0.08628634,-0.24327956,-0.5546028,2021:12:23:14:30:41.098
5563,1640237441123,0.09108003,-0.26778063,-0.4134554,2021:12:23:14:30:41.123
5564,1640237441139,0.07110634,-0.322908,-0.24940482,2021:12:23:14:30:41.139
5565,1640237441157,0.026365273,-0.30826062,-0.10745846,2021:12:23:14:30:41.157
5566,1640237441181,0.045806333,-0.30852696,-0.0083889505,2021:12:23:14:30:41.181
5567,1640237441198,0.034621064,-0.29361326,0.10399635,2021:12:23:14:30:41.198
5568,1640237441212,0.076698974,-0.26778063,0.20439744,2021:12:23:14:30:41.212
5569,1640237441237,0.059122127,-0.24274692,0.28375956,2021:12:23:14:30:41.237
5570,1640237441257,0.08016108,-0.21984376,0.37270907,2021:12:23:14:30:41.257
5571,1640237441274,0.021571586,-0.21771324,0.4179828,2021:12:23:14:30:41.274
5572,1640237441307,-0.021571586,-0.20466375,0.41212383,2021:12:23:14:30:41.307
5573,1640237441323,-0.04340949,-0.18628795,0.38575855,2021:12:23:14:30:41.323
5574,1640237441343,-0.0122505305,-0.17989638,0.37590486,2021:12:23:14:30:41.343
5575,1640237441358,-0.024234746,-0.19560902,0.4014712,2021:12:23:14:30:41.358
5576,1640237441377,-0.0050600017,-0.18761954,0.4315649,2021:12:23:14:30:41.377
5577,1640237441396,-0.02130527,-0.155129,0.44621226,2021:12:23:14:30:41.396
5578,1640237441423,-0.064182125,-0.1316932,0.4435491,2021:12:23:14:30:41.423
5579,1640237441440,-0.006391581,-0.08242477,0.40093857,2021:12:23:14:30:41.440
5580,1640237441462,-0.08681898,-0.096539505,0.34687644,2021:12:23:14:30:41.462
5581,1640237441477,-0.05219791,-0.08002792,0.32983223,2021:12:23:14:30:41.477
5582,1640237441496,-0.11717899,-0.04673844,0.33169642,2021:12:23:14:30:41.496
5583,1640237441522,-0.05432844,0.012383688,0.30533117,2021:12:23:14:30:41.522
5584,1640237441541,-0.03036001,0.051532123,0.28695536,2021:12:23:14:30:41.541
5585,1640237441558,-0.0026631588,0.074435286,0.22303955,2021:12:23:14:30:41.558
5586,1640237441579,0.01810948,0.055793177,0.10106688,2021:12:23:14:30:41.579
5587,1640237441598,0.0284958,0.04673844,-0.049934227,2021:12:23:14:30:41.598
5588,1640237441622,0.017843165,0.02969422,-0.17137428,2021:12:23:14:30:41.622
5589,1640237441640,0.008522108,-0.023302639,-0.25100273,2021:12:23:14:30:41.640
5590,1640237441659,0.0058589494,-0.019840533,-0.31864694,2021:12:23:14:30:41.659
5591,1640237441677,-0.006924213,-0.060586862,-0.33169642,2021:12:23:14:30:41.677
5592,1640237441697,-0.0452737,-0.10399635,-0.29148275,2021:12:23:14:30:41.697
5593,1640237441715,-0.04394212,-0.07976161,-0.26298693,2021:12:23:14:30:41.715
5594,1640237441738,0.023169482,-0.07949529,-0.21158797,2021:12:23:14:30:41.738
5595,1640237441757,0.021837901,-0.059787914,-0.17883112,2021:12:23:14:30:41.757
5596,1640237441781,0.045540016,-0.089082666,-0.122638464,2021:12:23:14:30:41.781
5597,1640237441806,0.0055926335,-0.1047953,-0.14793848,2021:12:23:14:30:41.806
5598,1640237441822,-0.0013315794,-0.13781847,-0.12956268,2021:12:23:14:30:41.822
5599,1640237441838,0.002396843,-0.14660689,-0.1434111,2021:12:23:14:30:41.838
5600,1640237441857,-0.02263685,-0.14634058,-0.08615319,2021:12:23:14:30:41.857
5601,1640237441877,0.012783162,-0.12237215,0.0083889505,2021:12:23:14:30:41.877
5602,1640237441907,0.030892642,-0.09414266,0.096805826,2021:12:23:14:30:41.907
5603,1640237441924,0.026365273,-0.11518162,0.13222584,2021:12:23:14:30:41.924
5604,1640237441937,0.015978953,-0.057124756,0.108257405,2021:12:23:14:30:41.937
5605,1640237441958,0.035153694,-0.074435286,0.11118688,2021:12:23:14:30:41.958
5606,1640237441978,-0.0034621065,-0.0813595,0.09574056,2021:12:23:14:30:41.978
5607,1640237442006,0.04340949,-0.008921582,0.13275847,2021:12:23:14:30:42.006
5608,1640237442021,0.00905474,-0.015046847,0.18948375,2021:12:23:14:30:42.021
5609,1640237442039,-0.021571586,0.037950013,0.20945744,2021:12:23:14:30:42.039
5610,1640237442059,0.020506322,0.051265806,0.2206427,2021:12:23:14:30:42.059
5611,1640237442079,0.02902843,0.06724476,0.20226692,2021:12:23:14:30:42.079
5612,1640237442108,-0.011717899,0.077364765,0.18921743,2021:12:23:14:30:42.108
5613,1640237442125,-0.0029294747,0.09574056,0.139949,2021:12:23:14:30:42.125
5614,1640237442142,-0.019973692,0.102398455,0.06538055,2021:12:23:14:30:42.142
5615,1640237442157,-0.015712637,0.08002792,-0.02516685,2021:12:23:14:30:42.157
5616,1640237442189,-0.02077264,0.0930774,-0.13755216,2021:12:23:14:30:42.189
5617,1640237442221,0.0029294747,0.057124756,-0.2241048,2021:12:23:14:30:42.221
5618,1640237442240,-0.007190529,0.06298371,-0.3061301,2021:12:23:14:30:42.240
5619,1640237442255,0.028762115,0.02143843,-0.35939327,2021:12:23:14:30:42.255
5620,1640237442274,-0.037284225,-0.0025300009,-0.39880803,2021:12:23:14:30:42.274
5621,1640237442297,0.019973692,-0.0478037,-0.38549224,2021:12:23:14:30:42.297
5622,1640237442320,-0.022104219,-0.032623697,-0.35539854,2021:12:23:14:30:42.320
5623,1640237442340,-0.024234746,-0.08615319,-0.2374206,2021:12:23:14:30:42.340
5624,1640237442357,0.072171606,-0.028096326,-0.16152059,2021:12:23:14:30:42.357
5625,1640237442379,0.039947383,-0.08428898,-0.069375284,2021:12:23:14:30:42.379
5626,1640237442406,0.05752423,-0.07656582,-0.048868965,2021:12:23:14:30:42.406
5627,1640237442423,0.023702113,-0.08934898,0.01291632,2021:12:23:14:30:42.423
5628,1640237442439,0.021571586,-0.12050793,0.07257108,2021:12:23:14:30:42.439
5629,1640237442458,0.033555802,-0.1098553,0.13249215,2021:12:23:14:30:42.458
5630,1640237442477,0.023435798,-0.115980566,0.21371849,2021:12:23:14:30:42.477
5631,1640237442505,0.07563371,-0.07816371,0.30692905,2021:12:23:14:30:42.505
5632,1640237442523,0.024501061,-0.063782655,0.3732417,2021:12:23:14:30:42.523
5633,1640237442539,0.030626327,-0.02916159,0.455267,2021:12:23:14:30:42.539
5634,1640237442556,-0.00079894764,-0.022770008,0.48589334,2021:12:23:14:30:42.556
5635,1640237442576,-0.04074633,-0.001997369,0.56685334,2021:12:23:14:30:42.576
5636,1640237442594,-0.06471476,0.028895274,0.6552702,2021:12:23:14:30:42.594
5637,1640237442623,-0.04340949,0.09254477,0.6728471,2021:12:23:14:30:42.623
5638,1640237442637,0.011185267,0.114915304,0.6299702,2021:12:23:14:30:42.637
5639,1640237442658,-0.021038955,0.114915304,0.50959545,2021:12:23:14:30:42.658
5640,1640237442675,-0.0074568447,0.11731215,0.33649012,2021:12:23:14:30:42.675
5641,1640237442696,0.06285055,0.13568795,0.19054902,2021:12:23:14:30:42.696
5642,1640237442722,0.027430536,0.1418132,0.02969422,2021:12:23:14:30:42.722
5643,1640237442738,-0.05566002,0.069641605,-0.07017423,2021:12:23:14:30:42.738
5644,1640237442756,-0.023435798,0.09733845,-0.08588687,2021:12:23:14:30:42.756
5645,1640237442778,-0.014647374,0.10586056,-0.057124756,2021:12:23:14:30:42.778
5646,1640237442806,0.008788424,0.09174582,-0.05632581,2021:12:23:14:30:42.806
5647,1640237442823,0.057790548,0.0813595,-0.06831002,2021:12:23:14:30:42.823
5648,1640237442837,0.028229482,0.07070687,-0.0544616,2021:12:23:14:30:42.837
5649,1640237442859,-0.018642113,0.07763108,-0.036618434,2021:12:23:14:30:42.859
5650,1640237442877,-0.01810948,0.06831002,0.004394212,2021:12:23:14:30:42.877
5651,1640237442905,0.0058589494,0.07603318,0.019574217,2021:12:23:14:30:42.905
5652,1640237442924,-0.04287686,0.057923704,-0.014514215,2021:12:23:14:30:42.924
5653,1640237442939,-0.004793686,0.062451076,-0.03289001,2021:12:23:14:30:42.939
5654,1640237442957,0.02130527,0.09494161,-0.028362641,2021:12:23:14:30:42.957
5655,1640237442989,-0.0058589494,0.07656582,0.0057257917,2021:12:23:14:30:42.989
5656,1640237443006,-0.017310532,0.07656582,0.008655266,2021:12:23:14:30:43.006
5657,1640237443023,-0.039148435,0.06697845,0.0310258,2021:12:23:14:30:43.023
5658,1640237443037,-0.045806333,0.036618434,0.06884266,2021:12:23:14:30:43.037
5659,1640237443056,-0.024501061,0.07390266,0.09600688,2021:12:23:14:30:43.056
5660,1640237443074,0.021837901,0.058456335,0.15060163,2021:12:23:14:30:43.074
5661,1640237443106,-0.01038632,0.069641605,0.19667427,2021:12:23:14:30:43.106
5662,1640237443120,0.00079894764,0.07656582,0.25979114,2021:12:23:14:30:43.120
5663,1640237443137,-0.007190529,0.10772477,0.27736798,2021:12:23:14:30:43.137
5664,1640237443156,0.019973692,0.09787109,0.24541008,2021:12:23:14:30:43.156
5665,1640237443176,-0.022903167,0.11624688,0.18815216,2021:12:23:14:30:43.176
5666,1640237443197,0.034088433,0.13062795,0.118910044,2021:12:23:14:30:43.197
5667,1640237443222,0.03755054,0.13142689,0.0057257917,2021:12:23:14:30:43.222
5668,1640237443237,0.056458965,0.11704583,-0.08855003,2021:12:23:14:30:43.237
5669,1640237443256,0.06311686,0.08349003,-0.17483638,2021:12:23:14:30:43.256
5670,1640237443279,0.0058589494,0.09440898,-0.2526006,2021:12:23:14:30:43.279
5671,1640237443306,-0.007989476,0.105327934,-0.23529008,2021:12:23:14:30:43.306
5672,1640237443321,-0.007190529,0.121839516,-0.22197428,2021:12:23:14:30:43.321
5673,1640237443339,0.033555802,0.12104057,-0.22437114,2021:12:23:14:30:43.339
5674,1640237443357,-0.010918951,0.067777395,-0.24221429,2021:12:23:14:30:43.357
5675,1640237443390,0.027696852,0.10612688,-0.26431853,2021:12:23:14:30:43.390
5676,1640237443406,0.006657897,0.08029424,-0.3093259,2021:12:23:14:30:43.406
5677,1640237443422,0.003994738,0.120774254,-0.3934817,2021:12:23:14:30:43.422
5678,1640237443439,0.03302317,0.09946898,-0.43769014,2021:12:23:14:30:43.439
5679,1640237443460,-0.046072647,0.01744369,-0.501606,2021:12:23:14:30:43.460
5680,1640237443480,-0.00053263176,0.028628957,-0.53835756,2021:12:23:14:30:43.480
5681,1640237443503,-0.017310532,-0.032091063,-0.526107,2021:12:23:14:30:43.503
5682,1640237443522,0.021038955,0.017177375,-0.5322323,2021:12:23:14:30:43.522
5683,1640237443541,-0.0010652635,-0.050999492,-0.48669228,2021:12:23:14:30:43.541
5684,1640237443556,-0.066312656,-0.05179844,-0.46112594,2021:12:23:14:30:43.556
5685,1640237443576,0.010652635,-0.03155843,-0.37963328,2021:12:23:14:30:43.576
5686,1640237443597,0.07243792,-0.053396333,-0.32850063,2021:12:23:14:30:43.597
5687,1640237443623,0.034621064,-0.043808963,-0.27949852,2021:12:23:14:30:43.623
5688,1640237443643,0.014381058,-0.06085318,-0.20679428,2021:12:23:14:30:43.643
5689,1640237443659,-0.0018642112,-0.083223715,-0.19161427,2021:12:23:14:30:43.659
5690,1640237443677,0.06684528,-0.07869634,-0.19001637,2021:12:23:14:30:43.677
5691,1640237443703,0.08335687,-0.07976161,-0.17243953,2021:12:23:14:30:43.703
5692,1640237443721,0.051931597,-0.09174582,-0.1434111,2021:12:23:14:30:43.721
5693,1640237443739,-0.017044216,-0.096805826,-0.121839516,2021:12:23:14:30:43.739
5694,1640237443757,-0.02583264,-0.098670036,-0.13915005,2021:12:23:14:30:43.757
5695,1640237443777,0.084422134,-0.06644581,-0.17084163,2021:12:23:14:30:43.777
5696,1640237443803,0.039681066,-0.09254477,-0.20839217,2021:12:23:14:30:43.803
5697,1640237443822,0.011185267,-0.08535424,-0.21318586,2021:12:23:14:30:43.822
5698,1640237443839,0.031158958,-0.11278477,-0.18282585,2021:12:23:14:30:43.839
5699,1640237443860,-0.015446321,-0.13249215,-0.17403743,2021:12:23:14:30:43.860
5700,1640237443878,0.021837901,-0.090680555,-0.15033531,2021:12:23:14:30:43.878
5701,1640237443902,-0.034088433,-0.10879004,-0.15965638,2021:12:23:14:30:43.902
5702,1640237443919,-0.044741068,-0.11518162,-0.13622057,2021:12:23:14:30:43.919
5703,1640237443939,0.06018739,-0.10213214,-0.09121319,2021:12:23:14:30:43.939
5704,1640237443977,0.06737792,-0.09121319,-0.028096326,2021:12:23:14:30:43.977
5705,1640237443995,0.011717899,-0.11385004,0.10373004,2021:12:23:14:30:43.995
5706,1640237444019,0.00026631588,-0.07976161,0.25659534,2021:12:23:14:30:44.019
5707,1640237444035,0.02902843,-0.014514215,0.47284386,2021:12:23:14:30:44.035
5708,1640237444057,-0.002130527,0.005992107,0.5207807,2021:12:23:14:30:44.057
5709,1640237444077,-0.0018642112,0.043010015,0.42783648,2021:12:23:14:30:44.077
5710,1640237444104,0.021837901,0.041678436,0.37750277,2021:12:23:14:30:44.104
5711,1640237444120,-0.034088433,-0.03235738,0.3090596,2021:12:23:14:30:44.120
5712,1640237444138,0.015180005,-0.025965799,0.30053747,2021:12:23:14:30:44.138
5713,1640237444160,-0.039947383,0.0062584234,0.297608,2021:12:23:14:30:44.160
5714,1640237444186,-0.009853687,0.022237375,0.2709764,2021:12:23:14:30:44.186
5715,1640237444203,-0.031158958,0.07283739,0.18575533,2021:12:23:14:30:44.203
5716,1640237444217,-0.05619265,0.06484792,0.10692582,2021:12:23:14:30:44.217
5717,1640237444238,0.041278962,0.07576687,-0.016911058,2021:12:23:14:30:44.238
5718,1640237444258,-0.05885581,0.02649843,-0.1567269,2021:12:23:14:30:44.258
5719,1640237444278,0.031957906,0.060586862,-0.21318586,2021:12:23:14:30:44.278
5720,1640237444308,0.0015978953,0.036085803,-0.19853848,2021:12:23:14:30:44.308
5721,1640237444326,-0.0018642112,0.022237375,-0.15246584,2021:12:23:14:30:44.326
5722,1640237444341,-0.0029294747,0.011318425,-0.13116057,2021:12:23:14:30:44.341
5723,1640237444356,-0.04074633,0.023302639,-0.10000161,2021:12:23:14:30:44.356
5724,1640237444385,-0.025566325,0.061652128,-0.052863702,2021:12:23:14:30:44.385
5725,1640237444401,-0.018375795,0.02143843,-0.015579479,2021:12:23:14:30:44.401
5726,1640237444419,-0.033555802,0.06085318,-0.041678436,2021:12:23:14:30:44.419
5727,1640237444437,0.004793686,0.042477384,0.0025300009,2021:12:23:14:30:44.437
5728,1640237444456,-0.0037284223,-0.0041278964,0.034754224,2021:12:23:14:30:44.456
5729,1640237444475,0.033822116,0.033955276,0.0070573706,2021:12:23:14:30:44.475
5730,1640237444503,-0.011717899,-0.0017310532,0.025699483,2021:12:23:14:30:44.503
5731,1640237444521,0.015180005,0.057391074,-0.028628957,2021:12:23:14:30:44.521
5732,1640237444538,-0.0077231606,0.025433166,-0.056059495,2021:12:23:14:30:44.538
5733,1640237444556,-0.00905474,0.015313163,-0.13968268,2021:12:23:14:30:44.556
5734,1640237444578,-0.04314317,0.0049268436,-0.13435636,2021:12:23:14:30:44.578
5735,1640237444602,-0.00905474,-0.004394212,-0.17536901,2021:12:23:14:30:44.602
5736,1640237444619,0.051931597,-0.006791055,-0.20785955,2021:12:23:14:30:44.619
5737,1640237444638,-0.0122505305,-0.034754224,-0.1902827,2021:12:23:14:30:44.638
5738,1640237444659,0.046072647,-0.030226853,-0.23209429,2021:12:23:14:30:44.659
5739,1640237444687,-0.011185267,-0.03688475,-0.25473115,2021:12:23:14:30:44.687
5740,1640237444704,0.037284225,-0.050999492,-0.25952482,2021:12:23:14:30:44.704
5741,1640237444719,0.033289485,-0.025433166,-0.24993746,2021:12:23:14:30:44.719
5742,1640237444740,-0.020506322,-0.06990792,-0.22676797,2021:12:23:14:30:44.740
5743,1640237444757,0.03621896,-0.037950013,-0.30293432,2021:12:23:14:30:44.757
5744,1640237444775,0.027963167,-0.08375634,-0.35912696,2021:12:23:14:30:44.775
5745,1640237444794,0.008255793,-0.15619427,-0.3948133,2021:12:23:14:30:44.794
5746,1640237444821,0.05805686,-0.20679428,-0.4901544,2021:12:23:14:30:44.821
5747,1640237444838,-0.0010652635,-0.23928481,-0.56898385,2021:12:23:14:30:44.838
5748,1640237444859,-0.013848426,-0.21425113,-0.49974176,2021:12:23:14:30:44.859
5749,1640237444874,-0.027696852,-0.25206798,-0.33329433,2021:12:23:14:30:44.874
5750,1640237444903,0.10998846,-0.2877543,-0.22703429,2021:12:23:14:30:44.903
5751,1640237444920,0.007190529,-0.27656904,0.0057257917,2021:12:23:14:30:44.920
5752,1640237444939,0.016245268,-0.25073642,0.31012484,2021:12:23:14:30:44.939
5753,1640237444957,-0.041012645,-0.2257027,0.40546593,2021:12:23:14:30:44.957
5754,1640237444978,0.0620516,-0.22170797,0.32317433,2021:12:23:14:30:44.978
5755,1640237445006,0.067111604,-0.2573943,0.18575533,2021:12:23:14:30:45.006
5756,1640237445023,0.050067388,-0.22969745,0.119708985,2021:12:23:14:30:45.023
5757,1640237445035,-0.0905474,-0.24354587,0.21744692,2021:12:23:14:30:45.035
5758,1640237445058,-0.00053263176,-0.1585911,0.22144166,2021:12:23:14:30:45.058
5759,1640237445086,0.021038955,-0.17110795,0.2877543,2021:12:23:14:30:45.086
5760,1640237445102,-0.013315794,-0.090946876,0.36285537,2021:12:23:14:30:45.102
5761,1640237445120,-0.046605278,-0.04540686,0.4336954,2021:12:23:14:30:45.120
5762,1640237445140,-0.015712637,-0.024101587,0.40120488,2021:12:23:14:30:45.140
5763,1640237445157,0.051398966,0.0025300009,0.4083954,2021:12:23:14:30:45.157
5764,1640237445186,-0.05299686,0.009720529,0.45127225,2021:12:23:14:30:45.186
5765,1640237445200,-0.087351605,0.121839516,0.42251015,2021:12:23:14:30:45.200
5766,1640237445216,-0.083623186,0.08775108,0.36179012,2021:12:23:14:30:45.216
5767,1640237445236,0.06391581,0.15433006,0.27949852,2021:12:23:14:30:45.236
5768,1640237445256,-0.021837901,0.16551532,0.25845957,2021:12:23:14:30:45.256
5769,1640237445273,0.016777901,0.19374481,0.18788585,2021:12:23:14:30:45.273
5770,1640237445303,-0.01810948,0.21771324,0.06644581,2021:12:23:14:30:45.303
5771,1640237445320,0.05566002,0.20812586,-0.05419528,2021:12:23:14:30:45.320
5772,1640237445337,0.058589496,0.20439744,-0.11464899,2021:12:23:14:30:45.337
5773,1640237445355,-0.053529494,0.20413113,-0.16152059,2021:12:23:14:30:45.355
5774,1640237445376,-0.0055926335,0.1884185,-0.3047985,2021:12:23:14:30:45.376
5775,1640237445402,0.045007385,0.20679428,-0.36551854,2021:12:23:14:30:45.402
5776,1640237445420,0.007190529,0.14873742,-0.32983223,2021:12:23:14:30:45.420
5777,1640237445437,0.011717899,0.18335849,-0.38629118,2021:12:23:14:30:45.437
5778,1640237445457,0.009853687,0.15619427,-0.40546593,2021:12:23:14:30:45.457
5779,1640237445477,0.009321056,0.12876374,-0.40200382,2021:12:23:14:30:45.477
5780,1640237445502,0.06657897,0.0930774,-0.4235754,2021:12:23:14:30:45.502
5781,1640237445518,0.024501061,0.050999492,-0.4384891,2021:12:23:14:30:45.518
5782,1640237445540,0.033555802,0.031292114,-0.45420173,2021:12:23:14:30:45.540
5783,1640237445557,0.009587372,-0.018242639,-0.42224383,2021:12:23:14:30:45.557
5784,1640237445585,0.079628445,0.015579479,-0.39401436,2021:12:23:14:30:45.585
5785,1640237445604,-0.02583264,-0.034754224,-0.34394696,2021:12:23:14:30:45.604
5786,1640237445620,0.04074633,-0.03155843,-0.30826062,2021:12:23:14:30:45.620
5787,1640237445638,0.020240007,-0.033156328,-0.17803216,2021:12:23:14:30:45.638
5788,1640237445659,0.14274532,-0.02969422,-0.1114532,2021:12:23:14:30:45.659
5789,1640237445681,0.03675159,-0.08375634,0.035020538,2021:12:23:14:30:45.681
5790,1640237445704,-0.07803056,-0.110387936,0.15805848,2021:12:23:14:30:45.704
5791,1640237445737,-0.015978953,-0.002263685,0.22144166,2021:12:23:14:30:45.737
5792,1640237445753,-0.015712637,-0.036085803,0.29308063,2021:12:23:14:30:45.753
5793,1640237445777,-0.018375795,-0.08428898,0.23369218,2021:12:23:14:30:45.777
5794,1640237445806,-0.013848426,-0.05499423,0.23821956,2021:12:23:14:30:45.806
5795,1640237445820,-0.022370534,-0.03182475,0.26351956,2021:12:23:14:30:45.820
5796,1640237445835,-0.0029294747,-0.034487907,0.26485115,2021:12:23:14:30:45.835
5797,1640237445857,-0.057790548,-0.042211067,0.22836587,2021:12:23:14:30:45.857
5798,1640237445884,-0.09241161,-0.023036323,0.1886848,2021:12:23:14:30:45.884
5799,1640237445901,-0.08788424,-0.0017310532,0.16365111,2021:12:23:14:30:45.901
5800,1640237445919,-0.010652635,-0.011052109,0.09946898,2021:12:23:14:30:45.919
5801,1640237445939,-0.014913689,0.011584741,0.06298371,2021:12:23:14:30:45.939
5802,1640237445956,0.012516847,-0.0049268436,0.013715268,2021:12:23:14:30:45.956
5803,1640237445981,-0.013049478,-0.01291632,-0.025965799,2021:12:23:14:30:45.981
5804,1640237446000,-0.012516847,-0.017710006,0.00013315794,2021:12:23:14:30:46.000
5805,1640237446019,0.02583264,0.0054594753,-0.024900535,2021:12:23:14:30:46.019
5806,1640237446039,0.04394212,-0.010519478,-0.03688475,2021:12:23:14:30:46.039
5807,1640237446059,-0.055393703,-0.018242639,-0.07816371,2021:12:23:14:30:46.059
5808,1640237446082,-0.007190529,0.055793177,-0.16152059,2021:12:23:14:30:46.082
5809,1640237446101,0.04154528,-0.0062584234,-0.20359848,2021:12:23:14:30:46.101
5810,1640237446117,0.06657897,-0.02197106,-0.27497116,2021:12:23:14:30:46.117
5811,1640237446142,0.042344224,-0.031292114,-0.28748798,2021:12:23:14:30:46.142
5812,1640237446157,-0.013315794,-0.058456335,-0.30639642,2021:12:23:14:30:46.157
5813,1640237446184,0.04207791,-0.029427905,-0.312788,2021:12:23:14:30:46.184
5814,1640237446198,0.049002122,-0.06644581,-0.23182797,2021:12:23:14:30:46.198
5815,1640237446217,0.022370534,-0.069375284,-0.19987006,2021:12:23:14:30:46.217
5816,1640237446236,0.030093694,-0.06831002,-0.20919113,2021:12:23:14:30:46.236
5817,1640237446256,0.09294424,-0.096539505,-0.19108164,2021:12:23:14:30:46.256
5818,1640237446276,0.02130527,-0.14234585,-0.090946876,2021:12:23:14:30:46.276
5819,1640237446301,-0.0031957906,-0.10932267,-0.03155843,2021:12:23:14:30:46.301
5820,1640237446318,-0.0015978953,-0.13382374,-0.013448952,2021:12:23:14:30:46.318
5821,1640237446337,0.026897904,-0.12743215,0.10506161,2021:12:23:14:30:46.337
5822,1640237446356,0.08096003,-0.10106688,0.23688798,2021:12:23:14:30:46.356
5823,1640237446384,0.033822116,-0.03182475,0.29414588,2021:12:23:14:30:46.384
5824,1640237446400,-0.052730545,-0.057391074,0.3428817,2021:12:23:14:30:46.400
5825,1640237446419,-0.03808317,-0.0038615803,0.20466375,2021:12:23:14:30:46.419
5826,1640237446440,-0.009853687,0.007323687,0.13302478,2021:12:23:14:30:46.440
5827,1640237446461,-0.03435475,0.01291632,0.12476899,2021:12:23:14:30:46.461
5828,1640237446489,0.08122634,0.067511074,0.07576687,2021:12:23:14:30:46.489
5829,1640237446506,-0.023968428,0.0310258,0.05179844,2021:12:23:14:30:46.506
5830,1640237446518,0.039148435,0.06271739,-0.038482644,2021:12:23:14:30:46.518
5831,1640237446538,0.06764423,0.075500555,-0.12982899,2021:12:23:14:30:46.538
5832,1640237446557,-0.009587372,0.102398455,-0.160189,2021:12:23:14:30:46.557
5833,1640237446586,-0.007190529,0.07949529,-0.2241048,2021:12:23:14:30:46.586
5834,1640237446602,-0.023968428,0.043808963,-0.25473115,2021:12:23:14:30:46.602
5835,1640237446621,0.07829687,0.09520793,-0.33089748,2021:12:23:14:30:46.621
5836,1640237446637,0.010918951,0.02143843,-0.34740907,2021:12:23:14:30:46.637
5837,1640237446657,-0.0074568447,0.015845794,-0.37084487,2021:12:23:14:30:46.657
5838,1640237446675,-0.05219791,-0.03182475,-0.3647196,2021:12:23:14:30:46.675
5839,1640237446700,-0.033555802,-0.03821633,-0.4304996,2021:12:23:14:30:46.700
5840,1640237446718,0.009853687,-0.07496792,-0.41452068,2021:12:23:14:30:46.718
5841,1640237446736,-0.040480014,-0.0880174,-0.30186906,2021:12:23:14:30:46.736
5842,1640237446757,0.020506322,-0.10266477,-0.2693785,2021:12:23:14:30:46.757
5843,1640237446781,-0.037017908,-0.14101426,-0.23315956,2021:12:23:14:30:46.781
5844,1640237446799,0.018908428,-0.15459637,-0.10612688,2021:12:23:14:30:46.799
5845,1640237446819,-0.07803056,-0.15619427,-0.040346857,2021:12:23:14:30:46.819
5846,1640237446836,-0.115314774,-0.16418374,-0.0009321056,2021:12:23:14:30:46.836
5847,1640237446856,0.04980107,-0.111985825,-0.016112112,2021:12:23:14:30:46.856
5848,1640237446883,0.015712637,-0.1886848,-0.0009321056,2021:12:23:14:30:46.883
5849,1640237446901,-0.07350318,-0.24541008,0.028895274,2021:12:23:14:30:46.901
5850,1640237446918,-0.06498107,-0.21158797,0.08775108,2021:12:23:14:30:46.918
5851,1640237446941,0.075900026,-0.19853848,0.16205321,2021:12:23:14:30:46.941
5852,1640237446958,0.037284225,-0.2339585,0.26538378,2021:12:23:14:30:46.958
5853,1640237446982,0.0018642112,-0.18309216,0.33515853,2021:12:23:14:30:46.982
5854,1640237447000,0.003994738,-0.14767216,0.4701807,2021:12:23:14:30:47.000
5855,1640237447021,-0.0037284223,-0.12024162,0.5506081,2021:12:23:14:30:47.021
5856,1640237447037,0.05219791,-0.039814223,0.6107955,2021:12:23:14:30:47.037
5857,1640237447063,-0.010652635,-0.055793177,0.6725808,2021:12:23:14:30:47.063
5858,1640237447088,0.02077264,0.015845794,0.623046,2021:12:23:14:30:47.088
5859,1640237447106,0.040213697,0.048868965,0.5857618,2021:12:23:14:30:47.106
5860,1640237447119,0.045806333,0.04460791,0.48669228,2021:12:23:14:30:47.119
5861,1640237447137,0.021571586,0.054727912,0.4099933,2021:12:23:14:30:47.137
5862,1640237447156,-0.017310532,0.06484792,0.36099118,2021:12:23:14:30:47.156
5863,1640237447177,0.041278962,0.13089426,0.29734167,2021:12:23:14:30:47.177
5864,1640237447201,0.0569916,0.13355741,0.28136274,2021:12:23:14:30:47.201
5865,1640237447220,0.027430536,0.13701952,0.22596903,2021:12:23:14:30:47.220
5866,1640237447236,0.042344224,0.16897742,0.16924374,2021:12:23:14:30:47.236
5867,1640237447259,0.046072647,0.1884185,0.16072163,2021:12:23:14:30:47.259
5868,1640237447284,0.047670543,0.24514377,0.09227845,2021:12:23:14:30:47.284
5869,1640237447301,-0.038882118,0.17403743,0.07017423,2021:12:23:14:30:47.301
5870,1640237447317,-0.07243792,0.14367741,0.05632581,2021:12:23:14:30:47.317
5871,1640237447341,0.13662004,0.28296062,0.00013315794,2021:12:23:14:30:47.341
5872,1640237447358,0.09853688,0.2020006,0.05819002,2021:12:23:14:30:47.358
5873,1640237447381,-0.006657897,0.15486269,-0.03821633,2021:12:23:14:30:47.381
5874,1640237447399,0.011717899,0.22809955,-0.14394373,2021:12:23:14:30:47.399
5875,1640237447418,-0.068176866,0.15113427,-0.16871111,2021:12:23:14:30:47.418
5876,1640237447439,0.03542001,0.16817848,-0.28056377,2021:12:23:14:30:47.439
5877,1640237447466,-0.045540016,0.12024162,-0.338088,2021:12:23:14:30:47.466
5878,1640237447496,0.059921075,0.12583426,-0.41425437,2021:12:23:14:30:47.496
5879,1640237447517,0.043675803,0.077098444,-0.4701807,2021:12:23:14:30:47.517
5880,1640237447535,-0.023702113,0.033955276,-0.48642597,2021:12:23:14:30:47.535
5881,1640237447556,-0.054594755,0.016112112,-0.4837628,2021:12:23:14:30:47.556
5882,1640237447575,0.006391581,0.016112112,-0.48642597,2021:12:23:14:30:47.575
5883,1640237447600,0.0013315794,-0.05366265,-0.38895434,2021:12:23:14:30:47.600
5884,1640237447618,0.030626327,-0.0083889505,-0.3545996,2021:12:23:14:30:47.618
5885,1640237447636,-0.068176866,-0.051265806,-0.3125217,2021:12:23:14:30:47.636
5886,1640237447657,-0.036485277,-0.04593949,-0.31065747,2021:12:23:14:30:47.657
5887,1640237447681,0.026365273,-0.08721845,-0.2627206,2021:12:23:14:30:47.681
5888,1640237447700,0.0053263176,-0.13249215,-0.19507638,2021:12:23:14:30:47.700
5889,1640237447718,0.004793686,-0.090680555,-0.14980268,2021:12:23:14:30:47.718
5890,1640237447741,-0.00079894764,-0.10399635,-0.0813595,2021:12:23:14:30:47.741
5891,1640237447758,0.099069506,-0.13302478,-0.0038615803,2021:12:23:14:30:47.758
5892,1640237447786,0.03302317,-0.10346372,-0.0118510565,2021:12:23:14:30:47.786
5893,1640237447801,0.08974845,-0.15219952,-0.034754224,2021:12:23:14:30:47.801
5894,1640237447819,0.101732664,-0.107192144,-0.04647212,2021:12:23:14:30:47.819
5895,1640237447840,0.05938844,-0.1215732,0.004394212,2021:12:23:14:30:47.840
5896,1640237447857,0.0037284223,-0.10266477,0.0544616,2021:12:23:14:30:47.857
5897,1640237447884,0.038349487,-0.07763108,0.06218476,2021:12:23:14:30:47.884
5898,1640237447900,0.019707374,-0.11544793,0.06431528,2021:12:23:14:30:47.900
5899,1640237447917,0.11371688,-0.0864195,0.056059495,2021:12:23:14:30:47.917
5900,1640237447935,0.056458965,-0.03422159,0.08615319,2021:12:23:14:30:47.935
5901,1640237447955,-0.026631588,-0.022237375,0.08961529,2021:12:23:14:30:47.955
5902,1640237447983,-0.0029294747,0.032091063,0.03928159,2021:12:23:14:30:47.983
5903,1640237447998,-0.045540016,0.0011984215,0.033955276,2021:12:23:14:30:47.998
5904,1640237448016,-0.022104219,0.050466858,0.0041278964,2021:12:23:14:30:48.016
5905,1640237448034,-0.03302317,0.035020538,0.006791055,2021:12:23:14:30:48.034
5906,1640237448056,-0.03621896,0.037151065,-0.05552686,2021:12:23:14:30:48.056
5907,1640237448082,-0.041811593,0.03874896,-0.09707214,2021:12:23:14:30:48.082
5908,1640237448101,-0.13156004,0.017976321,-0.1215732,2021:12:23:14:30:48.101
5909,1640237448118,-0.085487396,0.050999492,-0.11624688,2021:12:23:14:30:48.118
5910,1640237448137,0.047670543,0.07363634,-0.073370025,2021:12:23:14:30:48.137
5911,1640237448166,0.015446321,0.017177375,-0.05499423,2021:12:23:14:30:48.166
5912,1640237448182,-0.07057371,0.03155843,-0.09547424,2021:12:23:14:30:48.182
5913,1640237448199,-0.117445305,-0.015579479,-0.13648689,2021:12:23:14:30:48.199
5914,1640237448220,-0.010918951,0.012650005,-0.17643428,2021:12:23:14:30:48.220
5915,1640237448237,-0.12037478,-0.017710006,-0.1114532,2021:12:23:14:30:48.237
5916,1640237448265,-0.033289485,-0.028096326,-0.12769847,2021:12:23:14:30:48.265
5917,1640237448282,0.006391581,-0.043542646,-0.11944267,2021:12:23:14:30:48.282
5918,1640237448299,0.085487396,-0.014514215,-0.09574056,2021:12:23:14:30:48.299
5919,1640237448317,-0.011451583,-0.06085318,-0.048070017,2021:12:23:14:30:48.317
5920,1640237448349,-0.10599372,-0.023568956,-0.031292114,2021:12:23:14:30:48.349
5921,1640237448367,-0.027963167,-0.0027963168,-0.0049268436,2021:12:23:14:30:48.367
5922,1640237448382,0.057257913,-0.001997369,-0.0118510565,2021:12:23:14:30:48.382
5923,1640237448399,-0.048735805,-0.034487907,0.0075900024,2021:12:23:14:30:48.399
5924,1640237448416,-0.011451583,0.050200544,-0.02197106,2021:12:23:14:30:48.416
5925,1640237448435,-0.10146635,-0.009720529,-0.030759484,2021:12:23:14:30:48.435
5926,1640237448463,-0.16591479,0.0142479,-0.017710006,2021:12:23:14:30:48.463
5927,1640237448482,0.038882118,0.11544793,0.059787914,2021:12:23:14:30:48.482
5928,1640237448503,-0.05938844,0.07789739,0.066712126,2021:12:23:14:30:48.503
5929,1640237448518,0.13528846,0.066712126,0.016378427,2021:12:23:14:30:48.518
5930,1640237448539,-0.06764423,0.034754224,0.044341594,2021:12:23:14:30:48.539
5931,1640237448557,-0.09161267,0.027297378,0.0070573706,2021:12:23:14:30:48.557
5932,1640237448578,0.18482322,0.18655427,0.16285217,2021:12:23:14:30:48.578
5933,1640237448604,-0.0503337,0.03901528,0.069375284,2021:12:23:14:30:48.604
5934,1640237448622,0.27403903,0.04700475,-0.030493168,2021:12:23:14:30:48.622
5935,1640237448637,-0.14194636,0.037151065,-0.00039947382,2021:12:23:14:30:48.637
5936,1640237448662,0.20000322,0.12210583,-0.022503693,2021:12:23:14:30:48.662
5937,1640237448682,-0.060453705,0.10612688,0.034487907,2021:12:23:14:30:48.682
5938,1640237448697,-0.0058589494,-0.009720529,-0.074435286,2021:12:23:14:30:48.697
5939,1640237448717,0.053795807,0.056592125,-0.0038615803,2021:12:23:14:30:48.717
5940,1640237448747,0.23276009,0.14447637,-0.14394373,2021:12:23:14:30:48.747
5941,1640237448756,0.021571586,0.007323687,-0.1434111,2021:12:23:14:30:48.756
5942,1640237448780,-0.11025477,0.042743698,-0.14447637,2021:12:23:14:30:48.780
5943,1640237448797,-0.052730545,0.124502674,-0.23715429,2021:12:23:14:30:48.797
5944,1640237448821,0.045007385,0.02649843,-0.22543639,2021:12:23:14:30:48.821
5945,1640237448837,0.12836425,0.06404897,-0.34687644,2021:12:23:14:30:48.837
5946,1640237448855,-0.01038632,-0.015579479,-0.37590486,2021:12:23:14:30:48.855
5947,1640237448883,0.109455824,0.002263685,-0.43928805,2021:12:23:14:30:48.883
5948,1640237448899,0.16032216,-0.04061317,-0.45287016,2021:12:23:14:30:48.899
5949,1640237448914,0.008788424,-0.11118688,-0.3580617,2021:12:23:14:30:48.914
5950,1640237448936,-0.05113265,-0.066712126,-0.4281028,2021:12:23:14:30:48.936
5951,1640237448964,-0.079894766,-0.090680555,-0.3764375,2021:12:23:14:30:48.964
5952,1640237448982,0.065247394,-0.0864195,-0.34740907,2021:12:23:14:30:48.982
5953,1640237448996,-0.013315794,-0.09893635,-0.3114564,2021:12:23:14:30:48.996
5954,1640237449019,0.037017908,-0.15912373,-0.29361326,2021:12:23:14:30:49.019
5955,1640237449037,-0.051931597,-0.1886848,-0.27843326,2021:12:23:14:30:49.037
5956,1640237449064,-0.11984215,-0.19720691,-0.20759323,2021:12:23:14:30:49.064
5957,1640237449080,-0.08468845,-0.18255953,-0.1918806,2021:12:23:14:30:49.080
5958,1640237449101,-0.18002954,-0.2456764,-0.10000161,2021:12:23:14:30:49.101
5959,1640237449119,0.12543479,-0.20652796,-0.06990792,2021:12:23:14:30:49.119
5960,1640237449146,0.091346346,-0.20466375,-0.03368896,2021:12:23:14:30:49.146
5961,1640237449163,0.06311686,-0.2155827,0.09440898,2021:12:23:14:30:49.163
5962,1640237449177,0.029561063,-0.17936374,0.075500555,2021:12:23:14:30:49.177
5963,1640237449214,-0.03675159,-0.20333217,-0.011584741,2021:12:23:14:30:49.214
5964,1640237449233,0.068176866,-0.15752584,-0.065646864,2021:12:23:14:30:49.233
5965,1640237449236,0.04447475,-0.2238385,-0.03289001,2021:12:23:14:30:49.236
5966,1640237449265,0.06764423,-0.16072163,0.008921582,2021:12:23:14:30:49.265
5967,1640237449296,0.047936857,-0.15965638,0.052863702,2021:12:23:14:30:49.296
5968,1640237449314,0.022903167,-0.16365111,0.04141212,2021:12:23:14:30:49.314
5969,1640237449335,0.061785284,-0.14820479,0.024367902,2021:12:23:14:30:49.335
5970,1640237449354,-0.047137912,-0.15459637,0.041678436,2021:12:23:14:30:49.354
5971,1640237449365,0.008522108,-0.13089426,0.008655266,2021:12:23:14:30:49.365
5972,1640237449382,-0.022903167,-0.1468732,-0.020373166,2021:12:23:14:30:49.382
5973,1640237449418,-0.038882118,-0.106393196,0.006791055,2021:12:23:14:30:49.418
5974,1640237449435,-0.05752423,-0.13249215,0.05366265,2021:12:23:14:30:49.435
5975,1640237449456,-0.034621064,-0.10879004,0.07683213,2021:12:23:14:30:49.456
5976,1640237449482,-0.021571586,-0.08002792,0.117844775,2021:12:23:14:30:49.482
5977,1640237449500,-0.016777901,-0.11837741,0.13275847,2021:12:23:14:30:49.500
5978,1640237449518,-0.026098955,-0.10745846,0.1484711,2021:12:23:14:30:49.518
5979,1640237449536,-0.01358211,-0.06404897,0.13568795,2021:12:23:14:30:49.536
5980,1640237449562,-0.040213697,-0.06831002,0.09334372,2021:12:23:14:30:49.562
5981,1640237449581,-0.046072647,-0.09733845,0.08082687,2021:12:23:14:30:49.581
5982,1640237449597,-0.04287686,-0.05313002,0.08428898,2021:12:23:14:30:49.597
5983,1640237449617,-0.013049478,-0.07416897,0.106393196,2021:12:23:14:30:49.617
5984,1640237449635,-0.061252654,-0.037417382,0.09920266,2021:12:23:14:30:49.635
5985,1640237449662,-0.0034621065,-0.019307902,0.123703726,2021:12:23:14:30:49.662
5986,1640237449678,-0.09827056,-0.04194475,0.12743215,2021:12:23:14:30:49.678
5987,1640237449700,0.0058589494,-0.00013315794,0.13568795,2021:12:23:14:30:49.700
5988,1640237449718,-0.008788424,-0.030226853,0.1868206,2021:12:23:14:30:49.718
5989,1640237449748,0.038882118,-0.06218476,0.15433006,2021:12:23:14:30:49.748
5990,1640237449762,-0.011984214,-0.037151065,0.13622057,2021:12:23:14:30:49.762
5991,1640237449779,-0.025033694,-0.009454214,0.14634058,2021:12:23:14:30:49.779
5992,1640237449795,-0.03302317,0.0027963168,0.13648689,2021:12:23:14:30:49.795
5993,1640237449814,0.07323687,0.008122634,0.12689951,2021:12:23:14:30:49.814
5994,1640237449836,0.07084002,0.020639481,0.11251846,2021:12:23:14:30:49.836
5995,1640237449863,0.0034621065,0.017710006,0.06325002,2021:12:23:14:30:49.863
5996,1640237449879,0.06737792,0.019574217,0.005992107,2021:12:23:14:30:49.879
5997,1640237449900,0.06844318,0.007323687,0.035819486,2021:12:23:14:30:49.900
5998,1640237449916,-0.009853687,-0.01744369,-0.010253161,2021:12:23:14:30:49.916
5999,1640237449940,0.05832318,-0.007856319,0.011584741,2021:12:23:14:30:49.940
6000,1640237449966,0.04261054,-0.004660528,0.08375634,2021:12:23:14:30:49.966
6001,1640237449982,0.06764423,0.010519478,0.097604774,2021:12:23:14:30:49.982
6002,1640237449997,-0.08708529,-0.055793177,0.124502674,2021:12:23:14:30:49.997
6003,1640237450017,0.012516847,-0.0049268436,0.13542162,2021:12:23:14:30:50.017
6004,1640237450040,0.007190529,0.004394212,0.21132165,2021:12:23:14:30:50.040
6005,1640237450062,-0.05113265,-0.023036323,0.20386481,2021:12:23:14:30:50.062
6006,1640237450081,0.009587372,0.012117373,0.26059008,2021:12:23:14:30:50.081
6007,1640237450100,0.08096003,0.05313002,0.33915326,2021:12:23:14:30:50.100
6008,1640237450119,0.07137266,0.024900535,0.3058638,2021:12:23:14:30:50.119
6009,1640237450142,-0.052730545,-0.0006657897,0.2842922,2021:12:23:14:30:50.142
6010,1640237450166,-0.0074568447,0.09893635,0.27044377,2021:12:23:14:30:50.166
6011,1640237450185,0.026365273,0.114915304,0.23449114,2021:12:23:14:30:50.185
6012,1640237450199,0.011717899,0.10080056,0.19294585,2021:12:23:14:30:50.199
6013,1640237450219,-0.012783162,0.07017423,0.0997353,2021:12:23:14:30:50.219
6014,1640237450234,0.06578002,0.13382374,0.029960537,2021:12:23:14:30:50.234
6015,1640237450261,0.00452737,0.11278477,-0.012383688,2021:12:23:14:30:50.261
6016,1640237450279,0.033555802,0.11385004,-0.06644581,2021:12:23:14:30:50.279
6017,1640237450297,-0.0034621065,0.12743215,-0.108257405,2021:12:23:14:30:50.297
6018,1640237450316,0.03302317,0.10612688,-0.14394373,2021:12:23:14:30:50.316
6019,1640237450347,0.010918951,0.06484792,-0.15433006,2021:12:23:14:30:50.347
6020,1640237450364,0.013848426,0.11464899,-0.12876374,2021:12:23:14:30:50.364
6021,1640237450379,-0.0010652635,0.08242477,-0.13808478,2021:12:23:14:30:50.379
6022,1640237450396,-0.038615804,0.08748477,-0.16445005,2021:12:23:14:30:50.396
6023,1640237450418,-0.033555802,0.06538055,-0.13648689,2021:12:23:14:30:50.418
6024,1640237450448,0.015712637,0.036085803,-0.12982899,2021:12:23:14:30:50.448
6025,1640237450465,0.014381058,0.07470161,-0.114915304,2021:12:23:14:30:50.465
6026,1640237450480,-0.029827379,0.063782655,-0.0070573706,2021:12:23:14:30:50.480
6027,1640237450501,0.065247394,0.09440898,0.012383688,2021:12:23:14:30:50.501
6028,1640237450518,-0.024234746,0.09440898,0.007856319,2021:12:23:14:30:50.518
6029,1640237450546,0.031158958,0.11438267,-0.043542646,2021:12:23:14:30:50.546
6030,1640237450563,0.0015978953,0.06910897,-0.15539531,2021:12:23:14:30:50.563
6031,1640237450578,0.08708529,0.108257405,-0.25446483,2021:12:23:14:30:50.578
6032,1640237450598,0.003994738,0.04141212,-0.32503852,2021:12:23:14:30:50.598
6033,1640237450620,-0.017310532,0.0864195,-0.43769014,2021:12:23:14:30:50.620
6034,1640237450649,0.04261054,0.02143843,-0.55193967,2021:12:23:14:30:50.649
6035,1640237450665,0.06498107,0.01877527,-0.6211818,2021:12:23:14:30:50.665
6036,1640237450681,0.015978953,-0.025433166,-0.58336496,2021:12:23:14:30:50.681
6037,1640237450699,0.17550217,0.02143843,-0.5924197,2021:12:23:14:30:50.699
6038,1640237450716,0.034088433,-0.13142689,-0.52983546,2021:12:23:14:30:50.716
6039,1640237450738,0.02130527,-0.050200544,-0.4185154,2021:12:23:14:30:50.738
6040,1640237450758,-0.09640635,-0.14607427,-0.28748798,2021:12:23:14:30:50.758
6041,1640237450781,-0.04846949,-0.096805826,-0.24674167,2021:12:23:14:30:50.781
6042,1640237450798,0.02902843,-0.06538055,-0.15299848,2021:12:23:14:30:50.798
6043,1640237450818,-0.14966953,-0.24887219,-0.06484792,2021:12:23:14:30:50.818
6044,1640237450844,0.036485277,-0.17377111,0.02143843,2021:12:23:14:30:50.844
6045,1640237450861,0.008522108,-0.14287847,0.1181111,2021:12:23:14:30:50.861
6046,1640237450882,-0.09507477,-0.19640796,0.22144166,2021:12:23:14:30:50.882
6047,1640237450901,0.07749792,-0.14074795,0.24301325,2021:12:23:14:30:50.901
6048,1640237450916,0.10519477,-0.18122795,0.2406164,2021:12:23:14:30:50.916
6049,1640237450944,0.24261376,-0.17829849,0.22916481,2021:12:23:14:30:50.944
6050,1640237450963,0.059921075,-0.16072163,0.28296062,2021:12:23:14:30:50.963
6051,1640237450980,0.023968428,-0.113051094,0.3146522,2021:12:23:14:30:50.980
6052,1640237450999,0.047404226,-0.043808963,0.37750277,2021:12:23:14:30:50.999
6053,1640237451019,-0.111586355,-0.077364765,0.4315649,2021:12:23:14:30:51.019
6054,1640237451045,0.0077231606,-0.0009321056,0.394547,2021:12:23:14:30:51.045
6055,1640237451063,-0.066312656,0.020106848,0.43529332,2021:12:23:14:30:51.063
6056,1640237451097,-0.19174743,0.071505815,0.39428067,2021:12:23:14:30:51.097
6057,1640237451113,-0.19148111,0.0914795,0.29308063,2021:12:23:14:30:51.113
6058,1640237451137,-0.23728745,0.04833633,0.24114902,2021:12:23:14:30:51.137
6059,1640237451163,-0.11584741,0.058456335,0.10772477,2021:12:23:14:30:51.163
6060,1640237451179,-0.10839056,0.046205804,0.05685844,2021:12:23:14:30:51.179
6061,1640237451196,-0.018642113,0.1215732,0.0035952644,2021:12:23:14:30:51.196
6062,1640237451218,-0.07243792,0.1633848,-0.016911058,2021:12:23:14:30:51.218
6063,1640237451238,0.083623186,0.16231953,-0.01877527,2021:12:23:14:30:51.238
6064,1640237451261,0.08575372,0.16924374,0.011584741,2021:12:23:14:30:51.261
6065,1640237451276,0.046072647,0.17217322,0.013715268,2021:12:23:14:30:51.276
6066,1640237451299,-0.10652635,0.11544793,-0.035819486,2021:12:23:14:30:51.299
6067,1640237451316,0.09827056,0.19560902,0.019041585,2021:12:23:14:30:51.316
6068,1640237451346,0.07909582,0.16551532,-0.011584741,2021:12:23:14:30:51.346
6069,1640237451362,0.19254638,0.11385004,-0.1484711,2021:12:23:14:30:51.362
6070,1640237451380,0.008522108,0.098403715,-0.24301325,2021:12:23:14:30:51.380
6071,1640237451397,0.037017908,0.10612688,-0.25180167,2021:12:23:14:30:51.397
6072,1640237451421,-0.06018739,0.12530163,-0.23369218,2021:12:23:14:30:51.421
6073,1640237451447,0.0026631588,0.086952135,-0.35380065,2021:12:23:14:30:51.447
6074,1640237451464,0.038882118,0.03928159,-0.3713775,2021:12:23:14:30:51.464
6075,1640237451477,0.0737695,0.04141212,-0.38575855,2021:12:23:14:30:51.477
6076,1640237451496,0.07749792,0.02969422,-0.3327617,2021:12:23:14:30:51.496
6077,1640237451516,-0.10439582,-0.024367902,-0.21851218,2021:12:23:14:30:51.516
6078,1640237451536,-0.037816856,0.023036323,-0.20226692,2021:12:23:14:30:51.536
6079,1640237451555,-0.05566002,-0.07869634,-0.1316932,2021:12:23:14:30:51.555
6080,1640237451581,0.081758976,0.009187898,-0.15725952,2021:12:23:14:30:51.581
6081,1640237451599,-0.047404226,-0.059255283,-0.057124756,2021:12:23:14:30:51.599
6082,1640237451619,-0.11691267,-0.04673844,-0.050733175,2021:12:23:14:30:51.619
6083,1640237451635,0.007989476,0.02783001,-0.048070017,2021:12:23:14:30:51.635
6084,1640237451662,0.030626327,-0.03954791,-0.03155843,2021:12:23:14:30:51.662
6085,1640237451679,0.018908428,-0.10293109,-0.08428898,2021:12:23:14:30:51.679
6086,1640237451698,-0.03435475,-0.112252146,-0.1165132,2021:12:23:14:30:51.698
6087,1640237451718,-0.091346346,-0.113051094,-0.07843003,2021:12:23:14:30:51.718
6088,1640237451744,-0.2063948,-0.06644581,-0.051265806,2021:12:23:14:30:51.744
6089,1640237451761,-0.12463583,-0.04913528,0.06511423,2021:12:23:14:30:51.761
6090,1640237451780,-0.04980107,-0.01744369,0.025699483,2021:12:23:14:30:51.780
6091,1640237451798,0.10705899,-0.041145805,-0.009187898,2021:12:23:14:30:51.798
6092,1640237451830,0.019707374,-0.038482644,-0.034487907,2021:12:23:14:30:51.830
6093,1640237451845,-0.008255793,-0.011052109,-0.021704745,2021:12:23:14:30:51.845
6094,1640237451860,-0.08575372,0.0070573706,-0.024900535,2021:12:23:14:30:51.860
6095,1640237451879,-0.0101200035,-0.059255283,-0.020106848,2021:12:23:14:30:51.879
6096,1640237451899,0.14860426,-0.036352117,-0.062451076,2021:12:23:14:30:51.899
6097,1640237451919,0.1994706,-0.05233107,-0.0083889505,2021:12:23:14:30:51.919
6098,1640237451945,0.2516685,0.07656582,-0.0478037,2021:12:23:14:30:51.945
6099,1640237451962,0.046072647,-0.00039947382,-0.08562055,2021:12:23:14:30:51.962
6100,1640237451977,-0.12144004,0.06191844,-0.24940482,2021:12:23:14:30:51.977
6101,1640237451996,-0.02716422,-0.037151065,-0.33675644,2021:12:23:14:30:51.996
6102,1640237452016,-0.014647374,0.029427905,-0.40599856,2021:12:23:14:30:52.016
6103,1640237452035,0.013315794,-0.03688475,-0.33222905,2021:12:23:14:30:52.035
6104,1640237452062,-0.11052109,-0.037417382,-0.37963328,2021:12:23:14:30:52.062
6105,1640237452078,-0.008788424,-0.044341594,-0.3868238,2021:12:23:14:30:52.078
6106,1640237452096,-0.06018739,-0.118910044,-0.4115912,2021:12:23:14:30:52.096
6107,1640237452118,-0.2229064,-0.09041424,-0.37750277,2021:12:23:14:30:52.118
6108,1640237452143,-0.017044216,-0.14873742,-0.282428,2021:12:23:14:30:52.143
6109,1640237452161,-0.14301163,-0.1215732,-0.2994722,2021:12:23:14:30:52.161
6110,1640237452178,0.048735805,-0.17803216,-0.21291955,2021:12:23:14:30:52.178
6111,1640237452197,0.0010652635,-0.23449114,-0.17297216,2021:12:23:14:30:52.197
6112,1640237452228,0.18482322,-0.19960375,-0.10186583,2021:12:23:14:30:52.228
6113,1640237452243,0.22849903,-0.20732692,0.009454214,2021:12:23:14:30:52.243
6114,1640237452261,0.028229482,-0.25979114,0.08269108,2021:12:23:14:30:52.261
6115,1640237452279,-0.20852533,-0.2957438,0.07097318,2021:12:23:14:30:52.279
6116,1640237452300,0.16112112,-0.12343741,0.12130688,2021:12:23:14:30:52.300
6117,1640237452317,0.29081693,-0.25073642,0.15885742,2021:12:23:14:30:52.317
6118,1640237452338,0.03621896,-0.22969745,0.11092056,2021:12:23:14:30:52.338
6119,1640237452364,-0.24154851,-0.27790064,0.21531639,2021:12:23:14:30:52.364
6120,1640237452383,-0.16591479,-0.21877849,0.31545117,2021:12:23:14:30:52.383
6121,1640237452399,0.113450564,-0.12050793,0.2858901,2021:12:23:14:30:52.399
6122,1640237452415,-0.18056217,-0.24807325,0.26618272,2021:12:23:14:30:52.415
6123,1640237452434,-0.09454214,-0.20785955,0.29840696,2021:12:23:14:30:52.434
6124,1640237452460,0.109455824,-0.13089426,0.39880803,2021:12:23:14:30:52.460
6125,1640237452477,0.0074568447,-0.14261216,0.39401436,2021:12:23:14:30:52.477
6126,1640237452498,-0.19148111,-0.13568795,0.4137217,2021:12:23:14:30:52.498
6127,1640237452516,-0.06018739,-0.13462268,0.42730382,2021:12:23:14:30:52.516
6128,1640237452542,0.1408811,-0.10612688,0.46831647,2021:12:23:14:30:52.542
6129,1640237452561,0.12490215,-0.0006657897,0.46432173,2021:12:23:14:30:52.561
6130,1640237452578,-0.058589496,-0.019307902,0.43742383,2021:12:23:14:30:52.578
6131,1640237452599,0.04261054,-0.01291632,0.41904804,2021:12:23:14:30:52.599
6132,1640237452617,0.10439582,0.07789739,0.41611856,2021:12:23:14:30:52.617
6133,1640237452644,0.100134775,0.04460791,0.312788,2021:12:23:14:30:52.644
6134,1640237452660,0.098004244,0.06511423,0.21531639,2021:12:23:14:30:52.660
6135,1640237452678,0.08761793,0.06191844,0.26644903,2021:12:23:14:30:52.678
6136,1640237452700,0.0077231606,0.057391074,0.21478376,2021:12:23:14:30:52.700
6137,1640237452719,0.14434321,0.12796478,0.19907112,2021:12:23:14:30:52.719
6138,1640237452743,0.0031957906,0.106393196,0.18415743,2021:12:23:14:30:52.743
6139,1640237452759,0.043675803,0.1165132,0.12796478,2021:12:23:14:30:52.759
6140,1640237452782,0.1206411,0.1332911,0.20226692,2021:12:23:14:30:52.782
6141,1640237452798,0.071905285,0.111985825,0.20306586,2021:12:23:14:30:52.798
6142,1640237452826,0.074035816,0.14314479,0.1684448,2021:12:23:14:30:52.826
6143,1640237452845,0.0010652635,0.1668469,0.17057532,2021:12:23:14:30:52.845
6144,1640237452858,-0.035153694,0.17270584,0.1700427,2021:12:23:14:30:52.858
6145,1640237452898,0.0284958,0.19108164,0.11624688,2021:12:23:14:30:52.898
6146,1640237452915,0.076698974,0.19960375,0.06724476,2021:12:23:14:30:52.915
6147,1640237452944,0.050866332,0.19454375,0.025965799,2021:12:23:14:30:52.944
6148,1640237452961,0.07110634,0.17323849,-0.019840533,2021:12:23:14:30:52.961
6149,1640237452962,0.0031957906,0.17110795,-0.06484792,2021:12:23:14:30:52.962
6150,1640237452984,0.015446321,0.17323849,-0.110121615,2021:12:23:14:30:52.984
6151,1640237453018,0.04394212,0.1332911,-0.119708985,2021:12:23:14:30:53.018
6152,1640237453049,0.064448446,0.13302478,-0.21078902,2021:12:23:14:30:53.049
6153,1640237453062,-0.018375795,0.09121319,-0.27523747,2021:12:23:14:30:53.062
6154,1640237453078,-0.02902843,0.050466858,-0.23102903,2021:12:23:14:30:53.078
6155,1640237453100,0.04394212,0.0762995,-0.19454375,2021:12:23:14:30:53.100
6156,1640237453117,0.011984214,0.10266477,-0.16498269,2021:12:23:14:30:53.117
6157,1640237453141,0.0636495,0.0981374,-0.16897742,2021:12:23:14:30:53.141
6158,1640237453159,-0.18216006,0.03874896,-0.14660689,2021:12:23:14:30:53.159
6159,1640237453181,0.1257011,0.16418374,-0.1902827,2021:12:23:14:30:53.181
6160,1640237453197,0.07057371,-0.06831002,-0.11757846,2021:12:23:14:30:53.197
6161,1640237453217,0.11478215,0.06005423,-0.083223715,2021:12:23:14:30:53.217
6162,1640237453233,0.06977476,0.030493168,-0.040879488,2021:12:23:14:30:53.233
6163,1640237453260,0.1241032,0.06591318,-0.03928159,2021:12:23:14:30:53.260
6164,1640237453277,0.067111604,0.042743698,-0.002263685,2021:12:23:14:30:53.277
6165,1640237453296,0.09693898,0.027297378,-0.06404897,2021:12:23:14:30:53.296
6166,1640237453316,0.0018642112,0.044874225,-0.13542162,2021:12:23:14:30:53.316
6167,1640237453344,0.106792666,0.034754224,-0.11731215,2021:12:23:14:30:53.344
6168,1640237453360,-0.13342425,0.08668582,-0.15113427,2021:12:23:14:30:53.360
6169,1640237453382,-0.0031957906,0.054727912,-0.19853848,2021:12:23:14:30:53.382
6170,1640237453397,-0.15978953,0.09707214,-0.3047985,2021:12:23:14:30:53.397
6171,1640237453418,0.01038632,0.08455529,-0.36525223,2021:12:23:14:30:53.418
6172,1640237453443,-0.093210556,0.036618434,-0.34900695,2021:12:23:14:30:53.443
6173,1640237453459,-0.10439582,0.008122634,-0.31545117,2021:12:23:14:30:53.459
6174,1640237453477,-0.16564848,0.01744369,-0.33329433,2021:12:23:14:30:53.477
6175,1640237453500,-0.058589496,-0.0006657897,-0.3596596,2021:12:23:14:30:53.500
6176,1640237453517,-0.1089232,-0.011318425,-0.3047985,2021:12:23:14:30:53.517
6177,1640237453543,0.05113265,0.026232114,-0.19001637,2021:12:23:14:30:53.543
6178,1640237453560,0.0940095,0.0017310532,-0.10106688,2021:12:23:14:30:53.560
6179,1640237453579,-0.045007385,-0.023568956,-0.069641605,2021:12:23:14:30:53.579
6180,1640237453600,0.036485277,-0.001997369,-0.07576687,2021:12:23:14:30:53.600
6181,1640237453627,0.019174743,-0.027563693,-0.07656582,2021:12:23:14:30:53.627
6182,1640237453644,0.047936857,0.030226853,-0.06431528,2021:12:23:14:30:53.644
6183,1640237453661,0.057790548,-0.008655266,-0.04460791,2021:12:23:14:30:53.661
6184,1640237453678,0.041811593,-0.040346857,-0.13542162,2021:12:23:14:30:53.678
6185,1640237453701,0.07323687,-0.050200544,-0.18575533,2021:12:23:14:30:53.701
6186,1640237453719,0.015446321,-0.08189213,-0.14580795,2021:12:23:14:30:53.719
6187,1640237453737,-0.008788424,-0.09440898,-0.14314479,2021:12:23:14:30:53.737
6188,1640237453762,0.10865688,-0.06724476,-0.12237215,2021:12:23:14:30:53.762
6189,1640237453779,0.07137266,-0.06484792,-0.05685844,2021:12:23:14:30:53.779
6190,1640237453794,0.041278962,-0.07763108,-0.047537386,2021:12:23:14:30:53.794
6191,1640237453817,0.023968428,-0.05552686,-0.042477384,2021:12:23:14:30:53.817
6192,1640237453841,0.0061252653,-0.08482161,0.009986846,2021:12:23:14:30:53.841
6193,1640237453860,-0.040213697,-0.07869634,0.00013315794,2021:12:23:14:30:53.860
6194,1640237453878,-0.043675803,-0.073370025,0.00013315794,2021:12:23:14:30:53.878
6195,1640237453895,-0.031158958,-0.058456335,0.016911058,2021:12:23:14:30:53.895
6196,1640237453917,0.021571586,-0.04008054,0.012650005,2021:12:23:14:30:53.917
6197,1640237453941,-0.047137912,-0.104528986,-0.016911058,2021:12:23:14:30:53.941
6198,1640237453958,-0.007989476,-0.07390266,0.005992107,2021:12:23:14:30:53.958
6199,1640237453977,0.007989476,-0.06910897,0.09893635,2021:12:23:14:30:53.977
6200,1640237453998,-0.046072647,-0.10772477,0.10958899,2021:12:23:14:30:53.998
6201,1640237454027,-0.080693714,-0.11331741,0.10000161,2021:12:23:14:30:54.027
6202,1640237454041,-0.009587372,-0.0712395,0.16471638,2021:12:23:14:30:54.041
6203,1640237454059,-0.016245268,-0.085087925,0.14927006,2021:12:23:14:30:54.059
6204,1640237454077,-0.01810948,-0.10799109,0.1418132,2021:12:23:14:30:54.077
6205,1640237454111,-0.049002122,-0.09707214,0.1434111,2021:12:23:14:30:54.111
6206,1640237454126,-0.022370534,-0.09440898,0.1332911,2021:12:23:14:30:54.126
6207,1640237454141,-0.013315794,-0.077098444,0.15539531,2021:12:23:14:30:54.141
6208,1640237454158,-0.031158958,-0.08189213,0.16791217,2021:12:23:14:30:54.158
6209,1640237454176,-0.0010652635,-0.049934227,0.1852227,2021:12:23:14:30:54.176
6210,1640237454195,0.01038632,-0.043808963,0.21318586,2021:12:23:14:30:54.195
6211,1640237454216,-0.049002122,-0.07789739,0.24647535,2021:12:23:14:30:54.216
6212,1640237454242,0.011984214,-0.0025300009,0.25393218,2021:12:23:14:30:54.242
6213,1640237454259,-0.09880319,-0.043808963,0.24008377,2021:12:23:14:30:54.259
6214,1640237454277,-0.02583264,-0.0062584234,0.22623535,2021:12:23:14:30:54.277
6215,1640237454299,-0.05299686,0.02463422,0.27337325,2021:12:23:14:30:54.299
6216,1640237454317,0.011185267,0.023036323,0.24860588,2021:12:23:14:30:54.317
6217,1640237454342,-0.041012645,0.069641605,0.23848587,2021:12:23:14:30:54.342
6218,1640237454358,0.022104219,0.10665951,0.19054902,2021:12:23:14:30:54.358
6219,1640237454377,-0.047137912,0.073370025,0.14234585,2021:12:23:14:30:54.377
6220,1640237454397,-0.019441059,0.08375634,0.08189213,2021:12:23:14:30:54.397
6221,1640237454425,-0.026365273,0.08988161,0.05819002,2021:12:23:14:30:54.425
6222,1640237454441,0.04074633,0.10026793,0.009720529,2021:12:23:14:30:54.441
6223,1640237454459,0.15233268,0.12903005,-0.035819486,2021:12:23:14:30:54.459
6224,1640237454478,0.048203174,0.12130688,-0.07656582,2021:12:23:14:30:54.478
6225,1640237454499,-0.0284958,0.18948375,-0.1801627,2021:12:23:14:30:54.499
6226,1640237454525,-0.06311686,0.15273216,-0.27363956,2021:12:23:14:30:54.525
6227,1640237454543,0.08788424,0.11065425,-0.3226417,2021:12:23:14:30:54.543
6228,1640237454558,0.022903167,0.10799109,-0.394547,2021:12:23:14:30:54.558
6229,1640237454580,0.015712637,0.043276332,-0.44141856,2021:12:23:14:30:54.580
6230,1640237454599,0.040480014,0.042743698,-0.40306908,2021:12:23:14:30:54.599
6231,1640237454624,-0.054594755,0.020106848,-0.3359575,2021:12:23:14:30:54.624
6232,1640237454659,-0.07616634,0.0139815835,-0.31997854,2021:12:23:14:30:54.659
6233,1640237454675,-0.1712411,-0.016911058,-0.31092378,2021:12:23:14:30:54.675
6234,1640237454698,-0.03169159,-0.043808963,-0.35220274,2021:12:23:14:30:54.698
6235,1640237454716,0.04314317,-0.022237375,-0.34075117,2021:12:23:14:30:54.716
6236,1640237454741,-0.006924213,-0.08455529,-0.26538378,2021:12:23:14:30:54.741
6237,1640237454757,-0.015712637,-0.077364765,-0.2909501,2021:12:23:14:30:54.757
6238,1640237454777,0.0074568447,-0.10159951,-0.28722167,2021:12:23:14:30:54.777
6239,1640237454796,-0.0034621065,-0.13462268,-0.2890859,2021:12:23:14:30:54.796
6240,1640237454825,-0.0026631588,-0.11171951,-0.21052271,2021:12:23:14:30:54.825
6241,1640237454841,0.024234746,-0.11118688,-0.13542162,2021:12:23:14:30:54.841
6242,1640237454859,0.032490537,-0.11837741,-0.11518162,2021:12:23:14:30:54.859
6243,1640237454878,0.031957906,-0.12130688,-0.06990792,2021:12:23:14:30:54.878
6244,1640237454909,-0.031158958,-0.0930774,-0.07230476,2021:12:23:14:30:54.909
6245,1640237454923,0.002396843,-0.11837741,-0.08402266,2021:12:23:14:30:54.923
6246,1640237454940,-0.00079894764,-0.17323849,-0.0478037,2021:12:23:14:30:54.940
6247,1640237454957,0.004261054,-0.13968268,0.017976321,2021:12:23:14:30:54.957
6248,1640237454980,-0.05566002,-0.1617869,0.079228975,2021:12:23:14:30:54.980
6249,1640237454997,-0.05219791,-0.14554162,0.042211067,2021:12:23:14:30:54.997
6250,1640237455025,-0.07163897,-0.15992269,0.077098444,2021:12:23:14:30:55.025
6251,1640237455039,-0.11824425,-0.13888372,0.09707214,2021:12:23:14:30:55.039
6252,1640237455056,-0.023169482,-0.13142689,0.11917636,2021:12:23:14:30:55.056
6253,1640237455074,-0.05566002,-0.12290478,0.14740583,2021:12:23:14:30:55.074
6254,1640237455098,-0.027430536,-0.12050793,0.18921743,2021:12:23:14:30:55.098
6255,1640237455116,-0.017576847,-0.0864195,0.17483638,2021:12:23:14:30:55.116
6256,1640237455141,0.0074568447,-0.096805826,0.19614165,2021:12:23:14:30:55.141
6257,1640237455157,0.029827379,-0.11837741,0.18921743,2021:12:23:14:30:55.157
6258,1640237455178,0.023968428,-0.09361003,0.1868206,2021:12:23:14:30:55.178
6259,1640237455194,0.013315794,-0.11917636,0.18708691,2021:12:23:14:30:55.194
6260,1640237455225,-0.032756854,-0.09254477,0.18122795,2021:12:23:14:30:55.225
6261,1640237455242,-0.064182125,-0.07470161,0.16951005,2021:12:23:14:30:55.242
6262,1640237455257,-0.050067388,-0.051532123,0.16764584,2021:12:23:14:30:55.257
6263,1640237455278,-0.02263685,-0.014780532,0.160189,2021:12:23:14:30:55.278
6264,1640237455308,-0.014913689,-0.03688475,0.0981374,2021:12:23:14:30:55.308
6265,1640237455324,-0.006924213,-0.05233107,0.07896266,2021:12:23:14:30:55.324
6266,1640237455342,-0.0074568447,-0.061652128,0.061652128,2021:12:23:14:30:55.342
6267,1640237455357,0.03621896,-0.048070017,0.08562055,2021:12:23:14:30:55.357
6268,1640237455379,0.008255793,-0.08988161,0.14394373,2021:12:23:14:30:55.379
6269,1640237455399,0.07749792,-0.040346857,0.20652796,2021:12:23:14:30:55.399
6270,1640237455422,0.030892642,-0.042743698,0.31864694,2021:12:23:14:30:55.422
6271,1640237455439,0.06018739,-0.02516685,0.3378217,2021:12:23:14:30:55.439
6272,1640237455460,0.032490537,-0.007323687,0.3697796,2021:12:23:14:30:55.460
6273,1640237455479,0.06311686,0.015579479,0.38575855,2021:12:23:14:30:55.479
6274,1640237455508,0.04287686,0.016112112,0.34527853,2021:12:23:14:30:55.508
6275,1640237455525,0.028229482,-0.024101587,0.312788,2021:12:23:14:30:55.525
6276,1640237455541,0.035153694,0.04700475,0.29174906,2021:12:23:14:30:55.541
6277,1640237455554,-0.0029294747,0.043808963,0.3428817,2021:12:23:14:30:55.554
6278,1640237455575,0.02263685,0.06910897,0.3444796,2021:12:23:14:30:55.575
6279,1640237455596,0.013049478,0.12237215,0.3359575,2021:12:23:14:30:55.596
6280,1640237455623,0.09960214,0.1468732,0.32317433,2021:12:23:14:30:55.623
6281,1640237455640,0.107857935,0.1434111,0.282428,2021:12:23:14:30:55.640
6282,1640237455658,0.047404226,0.165249,0.21664797,2021:12:23:14:30:55.658
6283,1640237455676,0.03568633,0.13701952,0.14128058,2021:12:23:14:30:55.676
6284,1640237455709,0.053263176,0.1316932,0.0864195,2021:12:23:14:30:55.709
6285,1640237455723,0.080693714,0.14767216,0.07310371,2021:12:23:14:30:55.723
6286,1640237455742,-0.022903167,0.1383511,0.07363634,2021:12:23:14:30:55.742
6287,1640237455757,0.14700636,0.20226692,0.026232114,2021:12:23:14:30:55.757
6288,1640237455776,0.048735805,0.15725952,0.05819002,2021:12:23:14:30:55.776
6289,1640237455798,0.0058589494,0.17137428,0.04833633,2021:12:23:14:30:55.798
6290,1640237455825,-0.015180005,0.20865849,0.057657387,2021:12:23:14:30:55.825
6291,1640237455844,0.009853687,0.24301325,0.052863702,2021:12:23:14:30:55.844
6292,1640237455860,0.017843165,0.2808301,0.036352117,2021:12:23:14:30:55.860
6293,1640237455878,0.03302317,0.28748798,-0.038482644,2021:12:23:14:30:55.878
6294,1640237455900,0.017576847,0.25047007,-0.1719069,2021:12:23:14:30:55.900
6295,1640237455927,0.22370534,0.1719069,-0.3191796,2021:12:23:14:30:55.927
6296,1640237455943,0.2966759,0.14287847,-0.3764375,2021:12:23:14:30:55.943
6297,1640237455957,0.11824425,0.058722652,-0.4233091,2021:12:23:14:30:55.957
6298,1640237455974,0.10253161,0.09254477,-0.49148595,2021:12:23:14:30:55.974
6299,1640237455994,0.11291793,0.069641605,-0.46245754,2021:12:23:14:30:55.994
6300,1640237456016,0.1257011,0.06271739,-0.46991438,2021:12:23:14:30:56.016
6301,1640237456042,0.037017908,0.024367902,-0.4872249,2021:12:23:14:30:56.042
6302,1640237456060,0.0620516,-0.047537386,-0.43316278,2021:12:23:14:30:56.060
6303,1640237456075,0.12516846,-0.04593949,-0.39854172,2021:12:23:14:30:56.075
6304,1640237456097,0.004261054,-0.043276332,-0.26857957,2021:12:23:14:30:56.097
6305,1640237456124,-0.0055926335,-0.028362641,-0.07496792,2021:12:23:14:30:56.124
6306,1640237456137,-0.08149266,-0.011584741,0.025699483,2021:12:23:14:30:56.137
6307,1640237456156,-0.07163897,0.017976321,0.09627319,2021:12:23:14:30:56.156
6308,1640237456178,-0.11984215,-0.008122634,0.1769669,2021:12:23:14:30:56.178
6309,1640237456198,-0.07749792,0.06884266,0.21478376,2021:12:23:14:30:56.198
6310,1640237456223,-0.13928321,0.088816345,0.2020006,2021:12:23:14:30:56.223
6311,1640237456239,-0.11478215,0.07763108,0.12130688,2021:12:23:14:30:56.239
6312,1640237456258,-0.0620516,0.13222584,0.033156328,2021:12:23:14:30:56.258
6313,1640237456279,-0.13635373,0.09733845,-0.0478037,2021:12:23:14:30:56.279
6314,1640237456307,-0.10865688,0.110121615,-0.16205321,2021:12:23:14:30:56.307
6315,1640237456322,-0.12436952,0.123703726,-0.2994722,2021:12:23:14:30:56.322
6316,1640237456342,-0.14993584,0.050466858,-0.42064592,2021:12:23:14:30:56.342
6317,1640237456357,-0.006657897,0.08748477,-0.5125249,2021:12:23:14:30:56.357
6318,1640237456382,-0.07563371,-0.019307902,-0.55540174,2021:12:23:14:30:56.382
6319,1640237456424,-0.13635373,-0.063782655,-0.6241113,2021:12:23:14:30:56.424
6320,1640237456439,-0.021038955,-0.06005423,-0.6347639,2021:12:23:14:30:56.439
6321,1640237456457,-0.027696852,-0.098403715,-0.55540174,2021:12:23:14:30:56.457
6322,1640237456475,-0.032490537,-0.15592794,-0.47257754,2021:12:23:14:30:56.475
6323,1640237456497,0.0687095,-0.13861741,-0.42437434,2021:12:23:14:30:56.497
6324,1640237456523,0.10599372,-0.17909743,-0.34927326,2021:12:23:14:30:56.523
6325,1640237456539,0.09747161,-0.21185428,-0.24993746,2021:12:23:14:30:56.539
6326,1640237456556,-0.0031957906,-0.24008377,-0.15219952,2021:12:23:14:30:56.556
6327,1640237456579,0.026365273,-0.19640796,-0.016644742,2021:12:23:14:30:56.579
6328,1640237456597,0.026897904,-0.25126904,0.11704583,2021:12:23:14:30:56.597
6329,1640237456622,0.030093694,-0.20892482,0.17670059,2021:12:23:14:30:56.622
6330,1640237456640,0.015712637,-0.21877849,0.2757701,2021:12:23:14:30:56.640
6331,1640237456659,0.024234746,-0.22011007,0.2557964,2021:12:23:14:30:56.659
6332,1640237456677,0.03755054,-0.19773954,0.26964483,2021:12:23:14:30:56.677
6333,1640237456708,-0.017044216,-0.20785955,0.31332064,2021:12:23:14:30:56.708
6334,1640237456723,0.009853687,-0.1585911,0.32024485,2021:12:23:14:30:56.723
6335,1640237456741,0.056458965,-0.14101426,0.3881554,2021:12:23:14:30:56.741
6336,1640237456756,0.01038632,-0.18149427,0.39907435,2021:12:23:14:30:56.756
6337,1640237456774,-0.004261054,-0.14900373,0.41265646,2021:12:23:14:30:56.774
6338,1640237456793,0.00905474,-0.12104057,0.4605933,2021:12:23:14:30:56.793
6339,1640237456815,-0.023968428,-0.08215845,0.3878891,2021:12:23:14:30:56.815
6340,1640237456843,-0.037284225,-0.06351634,0.3447459,2021:12:23:14:30:56.843
6341,1640237456861,-0.06311686,-0.066712126,0.3226417,2021:12:23:14:30:56.861
6342,1640237456873,-0.04980107,-0.06032055,0.30346695,2021:12:23:14:30:56.873
6343,1640237456897,0.0122505305,0.009720529,0.29734167,2021:12:23:14:30:56.897
6344,1640237456922,-0.014913689,-0.019840533,0.28162906,2021:12:23:14:30:56.922
6345,1640237456937,0.00079894764,-0.012650005,0.23529008,2021:12:23:14:30:56.937
6346,1640237456957,-0.006391581,0.034754224,0.23981746,2021:12:23:14:30:56.957
6347,1640237456978,-0.006657897,-0.0009321056,0.2288985,2021:12:23:14:30:56.978
6348,1640237456997,-0.03755054,0.0017310532,0.22543639,2021:12:23:14:30:56.997
6349,1640237457021,-0.055127386,0.024101587,0.19827217,2021:12:23:14:30:57.021
6350,1640237457037,-0.023702113,0.030493168,0.2171806,2021:12:23:14:30:57.037
6351,1640237457057,-0.07323687,0.0813595,0.25100273,2021:12:23:14:30:57.057
6352,1640237457080,0.03036001,0.11331741,0.25819325,2021:12:23:14:30:57.080
6353,1640237457107,0.0058589494,0.09227845,0.2589922,2021:12:23:14:30:57.107
6354,1640237457124,-0.029561063,0.07763108,0.15805848,2021:12:23:14:30:57.124
6355,1640237457141,0.07510108,0.10373004,0.063782655,2021:12:23:14:30:57.141
6356,1640237457157,-0.011185267,0.09014793,0.0027963168,2021:12:23:14:30:57.157
6357,1640237457181,-0.015978953,0.10266477,-0.06990792,2021:12:23:14:30:57.181
6358,1640237457198,-0.008522108,0.1284974,-0.12556794,2021:12:23:14:30:57.198
6359,1640237457223,0.028229482,0.097604774,-0.16658059,2021:12:23:14:30:57.223
6360,1640237457241,0.077764235,0.096805826,-0.20066902,2021:12:23:14:30:57.241
6361,1640237457258,0.018908428,0.043276332,-0.21398482,2021:12:23:14:30:57.258
6362,1640237457280,0.039947383,-0.0027963168,-0.22357218,2021:12:23:14:30:57.280
6363,1640237457299,0.05113265,0.023036323,-0.23875219,2021:12:23:14:30:57.299
6364,1640237457325,-0.007190529,-0.01744369,-0.20999007,2021:12:23:14:30:57.325
6365,1640237457341,-0.010918951,-0.018242639,-0.22197428,2021:12:23:14:30:57.341
6366,1640237457356,-0.011984214,-0.04913528,-0.20546271,2021:12:23:14:30:57.356
6367,1640237457377,-0.00053263176,-0.11118688,-0.12769847,2021:12:23:14:30:57.377
6368,1640237457394,0.11265162,-0.05366265,-0.107192144,2021:12:23:14:30:57.394
6369,1640237457422,-0.033822116,-0.110121615,-0.04061317,2021:12:23:14:30:57.422
6370,1640237457440,0.039148435,-0.105327934,-0.012650005,2021:12:23:14:30:57.440
6371,1640237457458,0.0061252653,-0.08828372,-0.012383688,2021:12:23:14:30:57.458
6372,1640237457477,-0.038615804,-0.10799109,0.024101587,2021:12:23:14:30:57.477
6373,1640237457505,0.092145294,-0.052863702,0.05819002,2021:12:23:14:30:57.505
6374,1640237457520,0.06072002,-0.075234234,0.119975306,2021:12:23:14:30:57.520
6375,1640237457540,0.048203174,-0.0017310532,0.16871111,2021:12:23:14:30:57.540
6376,1640237457558,-0.081758976,-0.04913528,0.20785955,2021:12:23:14:30:57.558
6377,1640237457577,-0.018375795,0.016112112,0.139949,2021:12:23:14:30:57.577
6378,1640237457604,-0.040480014,-0.0014647373,0.113051094,2021:12:23:14:30:57.604
6379,1640237457621,0.031158958,0.036618434,0.12343741,2021:12:23:14:30:57.621
6380,1640237457637,-0.002130527,0.023835272,0.13648689,2021:12:23:14:30:57.637
6381,1640237457660,-0.032756854,0.07683213,0.14074795,2021:12:23:14:30:57.660
6382,1640237457679,-0.013848426,0.057124756,0.13542162,2021:12:23:14:30:57.679
6383,1640237457705,0.030892642,0.090946876,0.05179844,2021:12:23:14:30:57.705
6384,1640237457721,0.09693898,0.07843003,-0.01877527,2021:12:23:14:30:57.721
6385,1640237457743,0.13715267,0.07789739,-0.09733845,2021:12:23:14:30:57.743
6386,1640237457755,0.059921075,0.06218476,-0.14154689,2021:12:23:14:30:57.755
6387,1640237457776,0.07137266,0.060586862,-0.107192144,2021:12:23:14:30:57.776
6388,1640237457795,-0.04314317,0.0661795,-0.119975306,2021:12:23:14:30:57.795
6389,1640237457822,0.06391581,0.09227845,-0.10692582,2021:12:23:14:30:57.822
6390,1640237457837,-0.047936857,0.106393196,-0.102398455,2021:12:23:14:30:57.837
6391,1640237457857,0.02530001,0.10905635,-0.10799109,2021:12:23:14:30:57.857
6392,1640237457877,-0.00053263176,0.067511074,-0.12237215,2021:12:23:14:30:57.877
6393,1640237457905,-0.021038955,0.06085318,-0.13622057,2021:12:23:14:30:57.905
6394,1640237457921,-0.03036001,-0.0054594753,-0.14048162,2021:12:23:14:30:57.921
6395,1640237457939,-0.055127386,-0.023302639,-0.14021531,2021:12:23:14:30:57.939
6396,1640237457959,0.06285055,-0.009187898,-0.098403715,2021:12:23:14:30:57.959
6397,1640237457980,-0.052730545,-0.05819002,-0.028096326,2021:12:23:14:30:57.980
6398,1640237458005,0.038349487,-0.020905796,0.0017310532,2021:12:23:14:30:58.005
6399,1640237458021,0.18508954,-0.0062584234,0.08428898,2021:12:23:14:30:58.021
6400,1640237458039,0.12836425,-0.043276332,0.16152059,2021:12:23:14:30:58.039
6401,1640237458060,0.012783162,-0.007323687,0.20732692,2021:12:23:14:30:58.060
6402,1640237458078,-0.2063948,-0.030759484,0.30160272,2021:12:23:14:30:58.078
6403,1640237458103,-0.03675159,0.08775108,0.44887543,2021:12:23:14:30:58.103
6404,1640237458121,-0.10333056,0.057391074,0.48243123,2021:12:23:14:30:58.121
6405,1640237458142,-0.075900026,0.073370025,0.41452068,2021:12:23:14:30:58.142
6406,1640237458158,0.02130527,0.0478037,0.49601334,2021:12:23:14:30:58.158
6407,1640237458186,0.19228007,0.20999007,0.3798996,2021:12:23:14:30:58.186
6408,1640237458220,-0.12436952,0.10506161,0.29148275,2021:12:23:14:30:58.220
6409,1640237458237,-0.1206411,0.18602164,0.2406164,2021:12:23:14:30:58.237
6410,1640237458257,-0.011984214,0.24035008,0.20785955,2021:12:23:14:30:58.257
6411,1640237458273,0.055393703,0.17563532,0.14287847,2021:12:23:14:30:58.273
6412,1640237458295,0.08495477,0.23981746,0.050733175,2021:12:23:14:30:58.295
6413,1640237458321,0.10839056,0.18149427,0.06404897,2021:12:23:14:30:58.321
6414,1640237458338,-0.0101200035,0.18229322,0.012650005,2021:12:23:14:30:58.338
6415,1640237458357,0.04207791,0.21877849,0.06138581,2021:12:23:14:30:58.357
6416,1640237458378,-0.2181127,0.21611534,0.07683213,2021:12:23:14:30:58.378
6417,1640237458405,-0.09747161,0.19267954,0.021172112,2021:12:23:14:30:58.405
6418,1640237458419,-0.22024323,0.21291955,-0.016911058,2021:12:23:14:30:58.419
6419,1640237458439,-0.051931597,0.30027115,-0.09361003,2021:12:23:14:30:58.439
6420,1640237458457,0.12836425,0.2491385,-0.170309,2021:12:23:14:30:58.457
6421,1640237458477,-0.008788424,0.18202691,-0.31092378,2021:12:23:14:30:58.477
6422,1640237458503,0.014114741,0.20706059,-0.4504733,2021:12:23:14:30:58.503
6423,1640237458517,-0.00053263176,0.155129,-0.49787754,2021:12:23:14:30:58.517
6424,1640237458541,-0.06737792,0.09733845,-0.49201858,2021:12:23:14:30:58.541
6425,1640237458557,-0.16378427,0.0661795,-0.47630596,2021:12:23:14:30:58.557
6426,1640237458585,-0.0737695,0.0014647373,-0.47843647,2021:12:23:14:30:58.585
6427,1640237458602,0.023968428,0.02516685,-0.5253081,2021:12:23:14:30:58.602
6428,1640237458620,-0.019174743,-0.011584741,-0.4605933,2021:12:23:14:30:58.620
6429,1640237458637,-0.062317915,-0.027563693,-0.41931435,2021:12:23:14:30:58.637
6430,1640237458656,0.054062124,0.016911058,-0.429967,2021:12:23:14:30:58.656
6431,1640237458676,0.113450564,-0.005992107,-0.43662488,2021:12:23:14:30:58.676
6432,1640237458703,0.029827379,-0.08535424,-0.36338803,2021:12:23:14:30:58.703
6433,1640237458720,-0.0058589494,-0.10932267,-0.31198907,2021:12:23:14:30:58.720
6434,1640237458738,0.10306425,-0.12556794,-0.28029746,2021:12:23:14:30:58.738
6435,1640237458758,0.05832318,-0.16045532,-0.21824586,2021:12:23:14:30:58.758
6436,1640237458778,0.16591479,-0.11704583,-0.13036162,2021:12:23:14:30:58.778
6437,1640237458803,0.055393703,-0.1918806,-0.044341594,2021:12:23:14:30:58.803
6438,1640237458819,0.055127386,-0.12290478,-0.0062584234,2021:12:23:14:30:58.819
6439,1640237458838,0.0031957906,-0.16418374,0.035020538,2021:12:23:14:30:58.838
6440,1640237458859,-0.13502215,-0.17536901,0.04008054,2021:12:23:14:30:58.859
6441,1640237458887,0.018908428,-0.08455529,0.043010015,2021:12:23:14:30:58.887
6442,1640237458903,-0.01038632,-0.12610057,0.061652128,2021:12:23:14:30:58.903
6443,1640237458919,0.12090741,-0.1047953,0.014780532,2021:12:23:14:30:58.919
6444,1640237458941,0.109455824,-0.089082666,-0.026764747,2021:12:23:14:30:58.941
6445,1640237458958,0.13369057,-0.042477384,-0.061119493,2021:12:23:14:30:58.958
6446,1640237458986,0.025033694,-0.037151065,-0.13382374,2021:12:23:14:30:58.986
6447,1640237459004,-0.07856318,-0.07470161,-0.17749953,2021:12:23:14:30:59.004
6448,1640237459018,0.10279793,-0.035819486,-0.24035008,2021:12:23:14:30:59.018
6449,1640237459036,0.15872426,-0.053928968,-0.23102903,2021:12:23:14:30:59.036
6450,1640237459060,0.12756531,-0.07683213,-0.1868206,2021:12:23:14:30:59.060
6451,1640237459087,0.11105372,-0.046205804,-0.19401112,2021:12:23:14:30:59.087
6452,1640237459103,-0.028229482,-0.0544616,-0.23662166,2021:12:23:14:30:59.103
6453,1640237459119,-0.004793686,-0.112252146,-0.29015115,2021:12:23:14:30:59.119
6454,1640237459137,-0.12357057,-0.139949,-0.3577954,2021:12:23:14:30:59.137
6455,1640237459154,0.17177375,-0.1535311,-0.36179012,2021:12:23:14:30:59.154
6456,1640237459177,0.027430536,-0.24301325,-0.35886064,2021:12:23:14:30:59.177
6457,1640237459203,0.111586355,-0.21638165,-0.29734167,2021:12:23:14:30:59.203
6458,1640237459219,0.04074633,-0.24221429,-0.16871111,2021:12:23:14:30:59.219
6459,1640237459237,0.09827056,-0.2241048,-0.08082687,2021:12:23:14:30:59.237
6460,1640237459258,0.051931597,-0.21664797,0.019574217,2021:12:23:14:30:59.258
6461,1640237459286,0.03568633,-0.21398482,0.09920266,2021:12:23:14:30:59.286
6462,1640237459304,0.035952643,-0.21584903,0.09574056,2021:12:23:14:30:59.304
6463,1640237459318,-0.02583264,-0.23369218,0.12343741,2021:12:23:14:30:59.318
6464,1640237459337,-0.07243792,-0.27497116,0.23369218,2021:12:23:14:30:59.337
6465,1640237459360,0.03169159,-0.21584903,0.2944122,2021:12:23:14:30:59.360
6466,1640237459386,-0.03568633,-0.24434482,0.38762277,2021:12:23:14:30:59.386
6467,1640237459405,-0.08468845,-0.19454375,0.45500067,2021:12:23:14:30:59.405
6468,1640237459421,-0.020506322,-0.12530163,0.5309007,2021:12:23:14:30:59.421
6469,1640237459439,-0.117445305,-0.18389112,0.5255744,2021:12:23:14:30:59.439
6470,1640237459459,-0.040213697,-0.09440898,0.56951654,2021:12:23:14:30:59.459
6471,1640237459480,0.075900026,-0.007323687,0.68749446,2021:12:23:14:30:59.480
6472,1640237459506,0.00452737,-0.016644742,0.6728471,2021:12:23:14:30:59.506
6473,1640237459521,-0.052730545,-0.001997369,0.699745,2021:12:23:14:30:59.521
6474,1640237459537,0.0031957906,0.12956268,0.79668397,2021:12:23:14:30:59.537
6475,1640237459553,-0.10812425,0.16125427,0.7372955,2021:12:23:14:30:59.553
6476,1640237459579,-0.003994738,0.13701952,0.56525546,2021:12:23:14:30:59.579
6477,1640237459607,0.04926844,0.18921743,0.36072487,2021:12:23:14:30:59.607
6478,1640237459622,0.10519477,0.21691428,0.1516669,2021:12:23:14:30:59.622
6479,1640237459636,0.08575372,0.23262691,-0.002263685,2021:12:23:14:30:59.636
6480,1640237459659,0.013848426,0.21531639,-0.10106688,2021:12:23:14:30:59.659
6481,1640237459676,0.03488738,0.27363956,-0.25499746,2021:12:23:14:30:59.676
6482,1640237459702,0.077764235,0.22437114,-0.28988484,2021:12:23:14:30:59.702
6483,1640237459719,-0.056458965,0.16285217,-0.2912164,2021:12:23:14:30:59.719
6484,1640237459740,0.015978953,0.21132165,-0.2776343,2021:12:23:14:30:59.740
6485,1640237459757,-0.080693714,0.15033531,-0.22783324,2021:12:23:14:30:59.757
6486,1640237459783,-0.032756854,0.13036162,-0.1884185,2021:12:23:14:30:59.783
6487,1640237459802,-0.12676635,0.13249215,-0.10026793,2021:12:23:14:30:59.802
6488,1640237459821,-0.060986336,0.13462268,-0.0981374,2021:12:23:14:30:59.821
6489,1640237459839,-0.20080218,0.079228975,-0.1300953,2021:12:23:14:30:59.839
6490,1640237459859,-0.07030739,0.106393196,-0.16658059,2021:12:23:14:30:59.859
6491,1640237459885,-0.020506322,0.07044055,-0.20759323,2021:12:23:14:30:59.885
6492,1640237459902,-0.0284958,0.033955276,-0.21984376,2021:12:23:14:30:59.902
6493,1640237459919,0.04340949,0.057657387,-0.23502377,2021:12:23:14:30:59.919
6494,1640237459941,-0.119309515,-0.0006657897,-0.23342587,2021:12:23:14:30:59.941
6495,1640237459976,-0.13608742,-0.034754224,-0.21265323,2021:12:23:14:30:59.976
6496,1640237460001,-0.05805686,-0.019041585,-0.21371849,2021:12:23:14:31:00.001
6497,1640237460016,-0.14381057,-0.032623697,-0.14793848,2021:12:23:14:31:00.016
6498,1640237460033,-0.10812425,-0.021172112,-0.118910044,2021:12:23:14:31:00.033
6499,1640237460057,-0.059921075,-0.0139815835,-0.13222584,2021:12:23:14:31:00.057
6500,1640237460075,-0.10519477,-0.1047953,-0.088816345,2021:12:23:14:31:00.075
6501,1640237460102,0.100933716,-0.0544616,-0.03688475,2021:12:23:14:31:00.102
6502,1640237460118,0.08335687,-0.14900373,-0.0075900024,2021:12:23:14:31:00.118
6503,1640237460137,0.10626004,-0.023568956,0.06032055,2021:12:23:14:31:00.137
6504,1640237460158,0.1006674,-0.08482161,0.18096164,2021:12:23:14:31:00.158
6505,1640237460185,0.23222744,-0.023036323,0.19054902,2021:12:23:14:31:00.185
6506,1640237460202,0.12383688,-0.050200544,0.1284974,2021:12:23:14:31:00.202
6507,1640237460219,0.5600623,0.075500555,0.11358372,2021:12:23:14:31:00.219
6508,1640237460236,0.19920428,0.010519478,0.12956268,2021:12:23:14:31:00.236
6509,1640237460256,0.107857935,0.16871111,-0.028362641,2021:12:23:14:31:00.256
6510,1640237460285,0.052730545,0.037683696,-0.097604774,2021:12:23:14:31:00.285
6511,1640237460303,0.048735805,0.11118688,-0.22277324,2021:12:23:14:31:00.303
6512,1640237460318,-0.07563371,0.09627319,-0.27337325,2021:12:23:14:31:00.318
6513,1640237460341,-0.022903167,0.10213214,-0.33329433,2021:12:23:14:31:00.341
6514,1640237460356,-0.061252654,0.059255283,-0.4014712,2021:12:23:14:31:00.356
6515,1640237460373,0.14514215,0.009454214,-0.46219122,2021:12:23:14:31:00.373
6516,1640237460393,-0.18642111,-0.050999492,-0.48136595,2021:12:23:14:31:00.393
6517,1640237460419,-0.05113265,-0.07416897,-0.40227014,2021:12:23:14:31:00.419
6518,1640237460434,0.0284958,-0.055260547,-0.34101748,2021:12:23:14:31:00.434
6519,1640237460458,-0.074834764,-0.10745846,-0.2826943,2021:12:23:14:31:00.458
6520,1640237460475,-0.072171606,-0.11704583,-0.2121206,2021:12:23:14:31:00.475
6521,1640237460498,0.07696529,-0.09494161,-0.098670036,2021:12:23:14:31:00.498
6522,1640237460517,-0.027963167,-0.08748477,-0.005992107,2021:12:23:14:31:00.517
6523,1640237460537,-0.11424951,-0.12956268,0.058988966,2021:12:23:14:31:00.537
6524,1640237460559,-0.019441059,-0.07869634,0.05179844,2021:12:23:14:31:00.559
6525,1640237460584,-0.08122634,-0.12423636,0.048070017,2021:12:23:14:31:00.584
6526,1640237460602,0.02583264,-0.10772477,0.0142479,2021:12:23:14:31:00.602
6527,1640237460620,0.0077231606,-0.12530163,0.07949529,2021:12:23:14:31:00.620
6528,1640237460638,0.0037284223,-0.1250353,0.11358372,2021:12:23:14:31:00.638
6529,1640237460659,0.068176866,-0.11518162,0.11251846,2021:12:23:14:31:00.659
6530,1640237460684,-0.006657897,-0.13595426,0.11438267,2021:12:23:14:31:00.684
6531,1640237460702,0.016245268,-0.12104057,0.13116057,2021:12:23:14:31:00.702
6532,1640237460716,-0.017310532,-0.09733845,0.06884266,2021:12:23:14:31:00.716
6533,1640237460741,-0.061518967,-0.15486269,0.07656582,2021:12:23:14:31:00.741
6534,1640237460758,-0.035153694,-0.122638464,0.06511423,2021:12:23:14:31:00.758
6535,1640237460776,0.0018642112,-0.094675295,-0.0033289485,2021:12:23:14:31:00.776
6536,1640237460800,0.0026631588,-0.15113427,0.034487907,2021:12:23:14:31:00.800
6537,1640237460819,0.061252654,-0.090680555,0.13755216,2021:12:23:14:31:00.819
6538,1640237460839,-0.02263685,-0.112252146,0.13249215,2021:12:23:14:31:00.839
6539,1640237460861,-0.074834764,-0.15646058,0.16391742,2021:12:23:14:31:00.861
6540,1640237460887,-0.051398966,-0.12769847,0.3093259,2021:12:23:14:31:00.887
6541,1640237460903,0.017843165,-0.06831002,0.4166512,2021:12:23:14:31:00.903
6542,1640237460917,0.026897904,-0.073370025,0.40626487,2021:12:23:14:31:00.917
6543,1640237460936,0.014647374,-0.0880174,0.4238417,2021:12:23:14:31:00.936
6544,1640237460956,0.021038955,-0.02916159,0.4736428,2021:12:23:14:31:00.956
6545,1640237460984,-0.008255793,-0.0083889505,0.43449435,2021:12:23:14:31:00.984
6546,1640237461002,-0.030093694,-0.002263685,0.39934066,2021:12:23:14:31:01.002
6547,1640237461017,-0.021837901,0.015046847,0.37404066,2021:12:23:14:31:01.017
6548,1640237461036,-0.01358211,0.023036323,0.3079943,2021:12:23:14:31:01.036
6549,1640237461067,0.0029294747,0.04700475,0.24434482,2021:12:23:14:31:01.067
6550,1640237461082,-0.00053263176,0.06218476,0.21505007,2021:12:23:14:31:01.082
6551,1640237461100,-0.06258423,0.09121319,0.16658059,2021:12:23:14:31:01.100
6552,1640237461118,0.011451583,0.09893635,0.14074795,2021:12:23:14:31:01.118
6553,1640237461141,-0.064182125,0.083223715,0.11864372,2021:12:23:14:31:01.141
6554,1640237461159,0.01038632,0.069641605,0.055793177,2021:12:23:14:31:01.159
6555,1640237461183,-0.023702113,0.07310371,0.030759484,2021:12:23:14:31:01.183
6556,1640237461199,0.082557924,0.03368896,0.01744369,2021:12:23:14:31:01.199
6557,1640237461218,0.07536739,0.054727912,-0.036618434,2021:12:23:14:31:01.218
6558,1640237461234,-0.10306425,0.04673844,-0.06298371,2021:12:23:14:31:01.234
6559,1640237461256,-0.08522108,0.023302639,-0.02783001,2021:12:23:14:31:01.256
6560,1640237461274,0.053529494,0.06325002,-0.0310258,2021:12:23:14:31:01.274
6561,1640237461301,0.030626327,0.057124756,-0.0310258,2021:12:23:14:31:01.301
6562,1640237461316,0.023435798,0.04673844,-0.043542646,2021:12:23:14:31:01.316
6563,1640237461339,0.074035816,0.052863702,-0.07017423,2021:12:23:14:31:01.339
6564,1640237461355,0.009853687,0.0075900024,-0.03901528,2021:12:23:14:31:01.355
6565,1640237461382,-0.03568633,0.0083889505,-0.04194475,2021:12:23:14:31:01.382
6566,1640237461400,0.06578002,0.009986846,-0.041145805,2021:12:23:14:31:01.400
6567,1640237461416,0.057257913,0.011052109,-0.0645816,2021:12:23:14:31:01.416
6568,1640237461436,-0.08016108,-0.07230476,0.006791055,2021:12:23:14:31:01.436
6569,1640237461466,-0.07084002,-0.108257405,0.044341594,2021:12:23:14:31:01.466
6570,1640237461485,0.15446322,0.08242477,0.085087925,2021:12:23:14:31:01.485
6571,1640237461500,-0.24714114,-0.042477384,0.10186583,2021:12:23:14:31:01.500
6572,1640237461518,-0.13049479,0.104528986,0.22596903,2021:12:23:14:31:01.518
6573,1640237461539,-0.20399797,0.10080056,0.2659164,2021:12:23:14:31:01.539
6574,1640237461561,-0.2412822,0.10399635,0.13941637,2021:12:23:14:31:01.561
6575,1640237461585,-0.16298532,0.082957394,0.08615319,2021:12:23:14:31:01.585
6576,1640237461605,0.045007385,0.06831002,0.037151065,2021:12:23:14:31:01.605
6577,1640237461620,0.19361165,0.21132165,0.023568956,2021:12:23:14:31:01.620
6578,1640237461637,-0.006391581,0.06697845,0.06298371,2021:12:23:14:31:01.637
6579,1640237461661,-0.05619265,0.18149427,-0.026764747,2021:12:23:14:31:01.661
6580,1640237461689,0.1139832,0.13302478,-0.074435286,2021:12:23:14:31:01.689
6581,1640237461704,0.17097479,0.13062795,-0.10080056,2021:12:23:14:31:01.704
6582,1640237461719,0.38535908,0.1300953,-0.13462268,2021:12:23:14:31:01.719
6583,1640237461740,0.31079063,0.114116356,-0.16072163,2021:12:23:14:31:01.740
6584,1640237461783,0.23409165,0.11837741,-0.19880481,2021:12:23:14:31:01.783
6585,1640237461800,0.09827056,0.114116356,-0.17883112,2021:12:23:14:31:01.800
6586,1640237461816,0.19600849,0.15086795,-0.13568795,2021:12:23:14:31:01.816
6587,1640237461835,0.0284958,0.15219952,-0.033156328,2021:12:23:14:31:01.835
6588,1640237461866,0.059921075,0.14234585,-0.013182636,2021:12:23:14:31:01.866
6589,1640237461883,0.06018739,0.06404897,-0.09121319,2021:12:23:14:31:01.883
6590,1640237461900,0.31505167,0.14207952,-0.13249215,2021:12:23:14:31:01.900
6591,1640237461917,-0.0687095,-0.027563693,-0.036085803,2021:12:23:14:31:01.917
6592,1640237461939,-0.024234746,0.09014793,-0.023835272,2021:12:23:14:31:01.939
6593,1640237461958,0.0018642112,0.05179844,0.04727107,2021:12:23:14:31:01.958
6594,1640237461983,-0.023968428,0.094675295,-0.032623697,2021:12:23:14:31:01.983
6595,1640237461999,-0.12383688,0.05632581,0.0070573706,2021:12:23:14:31:01.999
6596,1640237462017,0.015712637,0.07044055,0.015046847,2021:12:23:14:31:02.017
6597,1640237462038,0.061785284,0.081093185,-0.0083889505,2021:12:23:14:31:02.038
6598,1640237462066,-0.072171606,-0.011318425,-0.0030626326,2021:12:23:14:31:02.066
6599,1640237462081,-0.2751043,0.04833633,0.02649843,2021:12:23:14:31:02.081
6600,1640237462101,0.038882118,0.14128058,0.012383688,2021:12:23:14:31:02.101
6601,1640237462116,-0.007989476,0.07310371,-0.09121319,2021:12:23:14:31:02.116
6602,1640237462148,0.07430213,0.07257108,-0.1250353,2021:12:23:14:31:02.148
6603,1640237462156,0.08415582,0.08029424,-0.015579479,2021:12:23:14:31:02.156
6604,1640237462175,0.16085479,0.086952135,-0.034487907,2021:12:23:14:31:02.175
6605,1640237462198,-0.08335687,0.03555317,-0.009986846,2021:12:23:14:31:02.198
6606,1640237462217,0.015180005,0.11864372,0.06351634,2021:12:23:14:31:02.217
6607,1640237462236,-0.0055926335,0.07816371,0.036618434,2021:12:23:14:31:02.236
6608,1640237462258,0.0620516,0.08828372,-0.039814223,2021:12:23:14:31:02.258
6609,1640237462281,0.06684528,0.06884266,-0.03821633,2021:12:23:14:31:02.281
6610,1640237462299,-0.09960214,0.04008054,-0.07416897,2021:12:23:14:31:02.299
6611,1640237462317,-0.012516847,0.0981374,-0.10506161,2021:12:23:14:31:02.317
6612,1640237462338,-0.07563371,0.069375284,-0.15539531,2021:12:23:14:31:02.338
6613,1640237462366,-0.023435798,0.048070017,-0.20546271,2021:12:23:14:31:02.366
6614,1640237462382,-0.07803056,0.014514215,-0.26485115,2021:12:23:14:31:02.382
6615,1640237462400,-0.24181482,-0.07203845,-0.21664797,2021:12:23:14:31:02.400
6616,1640237462419,-0.15499584,0.033156328,-0.14607427,2021:12:23:14:31:02.419
6617,1640237462438,-0.14993584,-0.026764747,-0.06724476,2021:12:23:14:31:02.438
6618,1640237462456,-0.101732664,-0.010785793,-0.06511423,2021:12:23:14:31:02.456
6619,1640237462479,0.089482136,-0.02463422,0.009454214,2021:12:23:14:31:02.479
6620,1640237462503,-0.0284958,-0.044341594,0.11571425,2021:12:23:14:31:02.503
6621,1640237462519,-0.05166528,-0.04673844,0.096539505,2021:12:23:14:31:02.519
6622,1640237462550,-0.103863195,-0.0595216,0.07416897,2021:12:23:14:31:02.550
6623,1640237462565,-0.06684528,-0.004660528,0.04833633,2021:12:23:14:31:02.565
6624,1640237462583,0.023702113,-0.019307902,0.043010015,2021:12:23:14:31:02.583
6625,1640237462599,0.05752423,-0.011052109,0.027563693,2021:12:23:14:31:02.599
6626,1640237462614,-0.12277162,-0.02463422,-0.06697845,2021:12:23:14:31:02.614
6627,1640237462633,0.092145294,0.00039947382,-0.15725952,2021:12:23:14:31:02.633
6628,1640237462665,-0.0055926335,-0.062451076,-0.16391742,2021:12:23:14:31:02.665
6629,1640237462682,-0.014647374,-0.0310258,-0.14527531,2021:12:23:14:31:02.682
6630,1640237462698,-0.047137912,-0.04593949,-0.21318586,2021:12:23:14:31:02.698
6631,1640237462715,0.1190432,-0.0049268436,-0.25313324,2021:12:23:14:31:02.715
6632,1640237462736,-0.15313163,-0.10745846,-0.22250693,2021:12:23:14:31:02.736
6633,1640237462755,0.20825902,0.06005423,-0.29361326,2021:12:23:14:31:02.755
6634,1640237462780,0.13422321,-0.02463422,-0.28642273,2021:12:23:14:31:02.780
6635,1640237462799,0.021571586,-0.17616795,-0.29680905,2021:12:23:14:31:02.799
6636,1640237462817,0.08016108,-0.043010015,-0.28189537,2021:12:23:14:31:02.817
6637,1640237462839,-0.1794969,-0.15885742,-0.22676797,2021:12:23:14:31:02.839
6638,1640237462866,0.11851057,-0.105327934,-0.26991114,2021:12:23:14:31:02.866
6639,1640237462881,0.0013315794,-0.112252146,-0.302668,2021:12:23:14:31:02.881
6640,1640237462899,0.079628445,-0.11677951,-0.24860588,2021:12:23:14:31:02.899
6641,1640237462918,0.1810948,-0.053928968,-0.22943114,2021:12:23:14:31:02.918
6642,1640237462950,-0.19334532,-0.20919113,-0.13728584,2021:12:23:14:31:02.950
6643,1640237462966,0.011984214,-0.13488899,-0.03235738,2021:12:23:14:31:02.966
6644,1640237462981,0.00452737,-0.17217322,-0.009720529,2021:12:23:14:31:02.981
6645,1640237462999,0.053263176,-0.21957745,0.027297378,2021:12:23:14:31:02.999
6646,1640237463017,0.070041075,-0.18628795,0.08615319,2021:12:23:14:31:03.017
6647,1640237463033,0.13608742,-0.07603318,0.1684448,2021:12:23:14:31:03.033
6648,1640237463066,-0.008788424,-0.14048162,0.17989638,2021:12:23:14:31:03.066
6649,1640237463081,-0.01810948,-0.10106688,0.08402266,2021:12:23:14:31:03.081
6650,1640237463102,0.039681066,-0.13089426,0.010519478,2021:12:23:14:31:03.102
6651,1640237463117,0.03302317,-0.10133319,-0.030226853,2021:12:23:14:31:03.117
6652,1640237463136,-0.027696852,-0.16471638,-0.017976321,2021:12:23:14:31:03.136
6653,1640237463155,-0.04314317,-0.12956268,-0.032623697,2021:12:23:14:31:03.155
6654,1640237463178,-0.03808317,-0.12636688,-0.007323687,2021:12:23:14:31:03.178
6655,1640237463203,0.02077264,-0.1418132,0.01744369,2021:12:23:14:31:03.203
6656,1640237463220,-0.019174743,-0.13355741,0.049401596,2021:12:23:14:31:03.220
6657,1640237463236,-0.018642113,-0.12556794,0.074435286,2021:12:23:14:31:03.236
6658,1640237463256,-0.007989476,-0.12343741,0.104262665,2021:12:23:14:31:03.256
6659,1640237463281,0.016777901,-0.098670036,0.11464899,2021:12:23:14:31:03.281
6660,1640237463300,0.035952643,-0.092811085,0.13142689,2021:12:23:14:31:03.300
6661,1640237463318,0.007190529,-0.1031974,0.15592794,2021:12:23:14:31:03.318
6662,1640237463337,0.15845795,-0.048602648,0.14634058,2021:12:23:14:31:03.337
6663,1640237463364,0.030093694,-0.104528986,0.15246584,2021:12:23:14:31:03.364
6664,1640237463379,0.041811593,-0.07257108,0.1535311,2021:12:23:14:31:03.379
6665,1640237463399,0.014114741,-0.06404897,0.19827217,2021:12:23:14:31:03.399
6666,1640237463418,0.068176866,-0.05685844,0.1918806,2021:12:23:14:31:03.418
6667,1640237463438,0.038882118,-0.045140542,0.21478376,2021:12:23:14:31:03.438
6668,1640237463463,0.06737792,-0.0057257917,0.26192167,2021:12:23:14:31:03.463
6669,1640237463499,-0.015712637,-0.0075900024,0.23821956,2021:12:23:14:31:03.499
6670,1640237463515,-0.03568633,0.020373166,0.24194798,2021:12:23:14:31:03.515
6671,1640237463536,-0.11584741,0.02916159,0.33702275,2021:12:23:14:31:03.536
6672,1640237463553,-0.04261054,0.08855003,0.32876694,2021:12:23:14:31:03.553
6673,1640237463581,-0.015978953,0.08402266,0.30186906,2021:12:23:14:31:03.581
6674,1640237463597,-0.026365273,0.10159951,0.23023008,2021:12:23:14:31:03.597
6675,1640237463617,0.016511586,0.14367741,0.20386481,2021:12:23:14:31:03.617
6676,1640237463637,-0.053795807,0.09334372,0.19054902,2021:12:23:14:31:03.637
6677,1640237463665,-0.08468845,0.1047953,0.15805848,2021:12:23:14:31:03.665
6678,1640237463682,0.0074568447,0.1535311,0.1567269,2021:12:23:14:31:03.682
6679,1640237463699,0.008255793,0.11438267,0.10879004,2021:12:23:14:31:03.699
6680,1640237463718,-0.007190529,0.11251846,0.044075277,2021:12:23:14:31:03.718
6681,1640237463739,-0.05566002,0.12796478,0.009187898,2021:12:23:14:31:03.739
6682,1640237463764,-0.030093694,0.117844775,-0.06218476,2021:12:23:14:31:03.764
6683,1640237463780,-0.028762115,0.110121615,-0.0864195,2021:12:23:14:31:03.780
6684,1640237463799,-0.11957583,0.06351634,-0.098403715,2021:12:23:14:31:03.799
6685,1640237463820,-0.004261054,0.120774254,-0.13701952,2021:12:23:14:31:03.820
6686,1640237463837,-0.033555802,0.07363634,-0.13701952,2021:12:23:14:31:03.837
6687,1640237463862,-0.015978953,0.07230476,-0.1434111,2021:12:23:14:31:03.862
6688,1640237463880,-0.09241161,0.08775108,-0.15140058,2021:12:23:14:31:03.880
6689,1640237463901,-0.08202529,0.07416897,-0.14980268,2021:12:23:14:31:03.901
6690,1640237463916,-0.050067388,0.037950013,-0.12210583,2021:12:23:14:31:03.916
6691,1640237463936,-0.09001477,0.032091063,-0.11518162,2021:12:23:14:31:03.936
6692,1640237463955,-0.01038632,0.04833633,-0.10293109,2021:12:23:14:31:03.955
6693,1640237463976,0.004793686,0.05632581,-0.08002792,2021:12:23:14:31:03.976
6694,1640237464001,-0.074035816,0.007323687,-0.086952135,2021:12:23:14:31:04.001
6695,1640237464017,-0.039148435,0.012650005,-0.0864195,2021:12:23:14:31:04.017
6696,1640237464034,0.03169159,0.0049268436,-0.08615319,2021:12:23:14:31:04.034
6697,1640237464062,0.059654757,-0.035286855,-0.09574056,2021:12:23:14:31:04.062
6698,1640237464081,0.07270423,-0.004660528,-0.08242477,2021:12:23:14:31:04.081
6699,1640237464099,0.079628445,0.0033289485,-0.052863702,2021:12:23:14:31:04.099
6700,1640237464116,0.051398966,0.010785793,-0.07843003,2021:12:23:14:31:04.116
6701,1640237464137,0.082557924,-0.034487907,-0.067777395,2021:12:23:14:31:04.137
6702,1640237464162,0.04154528,-0.048868965,-0.07257108,2021:12:23:14:31:04.162
6703,1640237464179,0.12596741,-0.018242639,-0.12290478,2021:12:23:14:31:04.179
6704,1640237464197,0.091346346,-0.028895274,-0.17297216,2021:12:23:14:31:04.197
6705,1640237464220,0.044208437,-0.04061317,-0.20652796,2021:12:23:14:31:04.220
6706,1640237464237,-0.008522108,-0.07177213,-0.25686166,2021:12:23:14:31:04.237
6707,1640237464264,-0.034088433,-0.057657387,-0.30000484,2021:12:23:14:31:04.264
6708,1640237464280,0.0055926335,-0.09254477,-0.26325324,2021:12:23:14:31:04.280
6709,1640237464299,-0.008522108,-0.07949529,-0.2171806,2021:12:23:14:31:04.299
6710,1640237464318,-0.033555802,-0.111985825,-0.16977638,2021:12:23:14:31:04.318
6711,1640237464346,-0.00053263176,-0.098403715,-0.19374481,2021:12:23:14:31:04.346
6712,1640237464363,-0.049002122,-0.12610057,-0.1785648,2021:12:23:14:31:04.363
6713,1640237464382,-0.13022846,-0.14554162,-0.14128058,2021:12:23:14:31:04.382
6714,1640237464399,-0.011185267,-0.12210583,-0.108257405,2021:12:23:14:31:04.399
6715,1640237464416,0.09827056,-0.13302478,-0.043542646,2021:12:23:14:31:04.416
6716,1640237464434,-0.024767376,-0.18229322,0.049934227,2021:12:23:14:31:04.434
6717,1640237464462,-0.07163897,-0.1114532,0.11864372,2021:12:23:14:31:04.462
6718,1640237464481,-0.07057371,-0.1468732,0.15299848,2021:12:23:14:31:04.481
6719,1640237464498,0.033822116,-0.12130688,0.15805848,2021:12:23:14:31:04.498
6720,1640237464516,0.0055926335,-0.15939006,0.21584903,2021:12:23:14:31:04.516
6721,1640237464539,0.100134775,-0.098403715,0.24088271,2021:12:23:14:31:04.539
6722,1640237464566,0.038615804,-0.111985825,0.25339955,2021:12:23:14:31:04.566
6723,1640237464581,0.008255793,-0.08562055,0.26538378,2021:12:23:14:31:04.581
6724,1640237464598,-0.011717899,-0.07470161,0.2808301,2021:12:23:14:31:04.598
6725,1640237464619,-0.012783162,-0.057923704,0.2523343,2021:12:23:14:31:04.619
6726,1640237464638,-0.035153694,-0.04913528,0.21771324,2021:12:23:14:31:04.638
6727,1640237464663,-0.00026631588,-0.050999492,0.23529008,2021:12:23:14:31:04.663
6728,1640237464681,-0.026098955,-0.043276332,0.20546271,2021:12:23:14:31:04.681
6729,1640237464697,0.008522108,-0.0478037,0.18655427,2021:12:23:14:31:04.697
6730,1640237464718,0.00026631588,-0.023036323,0.19108164,2021:12:23:14:31:04.718
6731,1640237464745,-0.041012645,0.0009321056,0.1535311,2021:12:23:14:31:04.745
6732,1640237464760,-0.035153694,0.04061317,0.19587533,2021:12:23:14:31:04.760
6733,1640237464781,-0.02530001,0.0139815835,0.20306586,2021:12:23:14:31:04.781
6734,1640237464798,-0.0061252653,0.0011984215,0.12610057,2021:12:23:14:31:04.798
6735,1640237464815,0.04287686,0.04593949,0.088816345,2021:12:23:14:31:04.815
6736,1640237464833,0.004793686,0.043808963,0.07789739,2021:12:23:14:31:04.833
6737,1640237464862,-0.041811593,0.007856319,-0.0006657897,2021:12:23:14:31:04.862
6738,1640237464879,-0.059122127,-0.0035952644,0.053928968,2021:12:23:14:31:04.879
6739,1640237464897,-0.010918951,0.026764747,0.1231711,2021:12:23:14:31:04.897
6740,1640237464915,0.038349487,0.021172112,0.1332911,2021:12:23:14:31:04.915
6741,1640237464936,-0.025033694,-0.016112112,0.122638464,2021:12:23:14:31:04.936
6742,1640237464960,0.065247394,0.01877527,0.20333217,2021:12:23:14:31:04.960
6743,1640237464976,0.015712637,0.03182475,0.2842922,2021:12:23:14:31:04.976
6744,1640237464996,0.03568633,0.066712126,0.33329433,2021:12:23:14:31:04.996
6745,1640237465016,0.022104219,0.04460791,0.4150533,2021:12:23:14:31:05.016
6746,1640237465037,0.035153694,0.10159951,0.4182491,2021:12:23:14:31:05.037
6747,1640237465063,0.08921582,0.16471638,0.4267712,2021:12:23:14:31:05.063
6748,1640237465079,0.052730545,0.16977638,0.3548659,2021:12:23:14:31:05.079
6749,1640237465100,-0.00026631588,0.18229322,0.2789659,2021:12:23:14:31:05.100
6750,1640237465118,0.0101200035,0.20253323,0.25366586,2021:12:23:14:31:05.118
6751,1640237465146,-0.034621064,0.19401112,0.20732692,2021:12:23:14:31:05.146
6752,1640237465163,-0.019441059,0.21265323,0.12210583,2021:12:23:14:31:05.163
6753,1640237465179,-0.029827379,0.21957745,0.08082687,2021:12:23:14:31:05.179
6754,1640237465197,-0.061785284,0.2912164,-0.013448952,2021:12:23:14:31:05.197
6755,1640237465223,-0.03621896,0.26298693,-0.06431528,2021:12:23:14:31:05.223
6756,1640237465249,0.009321056,0.23262691,-0.11118688,2021:12:23:14:31:05.249
6757,1640237465265,-0.0284958,0.22916481,-0.1801627,2021:12:23:14:31:05.265
6758,1640237465295,-0.0010652635,0.23262691,-0.24967113,2021:12:23:14:31:05.295
6759,1640237465313,0.039681066,0.21584903,-0.317848,2021:12:23:14:31:05.313
6760,1640237465337,0.067111604,0.18602164,-0.32876694,2021:12:23:14:31:05.337
6761,1640237465362,0.05832318,0.15885742,-0.37697014,2021:12:23:14:31:05.362
6762,1640237465379,0.009853687,0.12876374,-0.36764908,2021:12:23:14:31:05.379
6763,1640237465396,0.034621064,0.08029424,-0.33888695,2021:12:23:14:31:05.396
6764,1640237465419,0.059122127,0.097604774,-0.3247722,2021:12:23:14:31:05.419
6765,1640237465436,0.079628445,0.07496792,-0.2989396,2021:12:23:14:31:05.436
6766,1640237465462,0.06578002,0.05233107,-0.30346695,2021:12:23:14:31:05.462
6767,1640237465479,0.03755054,0.0083889505,-0.20812586,2021:12:23:14:31:05.479
6768,1640237465499,0.03941475,0.019041585,-0.1434111,2021:12:23:14:31:05.499
6769,1640237465519,0.055926334,0.05366265,-0.14793848,2021:12:23:14:31:05.519
6770,1640237465545,0.074035816,0.04700475,-0.15992269,2021:12:23:14:31:05.545
6771,1640237465560,0.07696529,0.044341594,-0.1700427,2021:12:23:14:31:05.560
6772,1640237465578,-0.011717899,0.008655266,-0.15219952,2021:12:23:14:31:05.578
6773,1640237465599,-0.009321056,0.03155843,-0.17563532,2021:12:23:14:31:05.599
6774,1640237465620,-0.022104219,0.030226853,-0.20146796,2021:12:23:14:31:05.620
6775,1640237465645,0.003994738,0.0083889505,-0.23129535,2021:12:23:14:31:05.645
6776,1640237465661,0.037816856,0.02649843,-0.24647535,2021:12:23:14:31:05.661
6777,1640237465677,-0.070041075,-0.015579479,-0.3511375,2021:12:23:14:31:05.677
6778,1640237465699,-0.015978953,-0.022237375,-0.39374804,2021:12:23:14:31:05.699
6779,1640237465719,-0.010652635,-0.07390266,-0.43316278,2021:12:23:14:31:05.719
6780,1640237465743,-0.01358211,-0.094675295,-0.4890891,2021:12:23:14:31:05.743
6781,1640237465759,-0.006391581,-0.139949,-0.42623857,2021:12:23:14:31:05.759
6782,1640237465777,0.016511586,-0.13435636,-0.34927326,2021:12:23:14:31:05.777
6783,1640237465795,-0.060986336,-0.21611534,-0.2842922,2021:12:23:14:31:05.795
6784,1640237465816,-0.023169482,-0.1868206,-0.20572902,2021:12:23:14:31:05.816
6785,1640237465836,-0.011451583,-0.19720691,-0.09227845,2021:12:23:14:31:05.836
6786,1640237465862,0.032490537,-0.19720691,-0.012650005,2021:12:23:14:31:05.862
6787,1640237465878,0.023702113,-0.15885742,0.07896266,2021:12:23:14:31:05.878
6788,1640237465896,-0.031425275,-0.16498269,0.14980268,2021:12:23:14:31:05.896
6789,1640237465919,-0.0,-0.170309,0.18202691,2021:12:23:14:31:05.919
6790,1640237465945,-0.059921075,-0.16258584,0.1836248,2021:12:23:14:31:05.945
6791,1640237465960,-0.018375795,-0.21398482,0.15992269,2021:12:23:14:31:05.960
6792,1640237465981,0.03036001,-0.22037639,0.19800586,2021:12:23:14:31:05.981
6793,1640237465999,0.09241161,-0.18495639,0.23209429,2021:12:23:14:31:05.999
6794,1640237466021,0.013315794,-0.1567269,0.33382696,2021:12:23:14:31:06.021
6795,1640237466043,-0.05299686,-0.13622057,0.4246407,2021:12:23:14:31:06.043
6796,1640237466061,0.004261054,-0.090946876,0.5394228,2021:12:23:14:31:06.061
6797,1640237466079,0.004793686,-0.05632581,0.5924197,2021:12:23:14:31:06.079
6798,1640237466101,0.03755054,-0.019574217,0.5506081,2021:12:23:14:31:06.101
6799,1640237466117,-0.012516847,0.03422159,0.5527386,2021:12:23:14:31:06.117
6800,1640237466145,0.03169159,0.071505815,0.5612607,2021:12:23:14:31:06.145
6801,1640237466162,-0.0077231606,0.10879004,0.46325648,2021:12:23:14:31:06.162
6802,1640237466179,0.04394212,0.12796478,0.39534593,2021:12:23:14:31:06.179
6803,1640237466197,-0.0058589494,0.14021531,0.29308063,2021:12:23:14:31:06.197
6804,1640237466216,0.028762115,0.1484711,0.16072163,2021:12:23:14:31:06.216
6805,1640237466234,0.0074568447,0.18122795,0.12210583,2021:12:23:14:31:06.234
6806,1640237466261,-0.00053263176,0.16817848,0.049934227,2021:12:23:14:31:06.261
6807,1640237466277,0.01810948,0.16072163,-0.042743698,2021:12:23:14:31:06.277
6808,1640237466297,-0.14540847,0.13302478,-0.15299848,2021:12:23:14:31:06.297
6809,1640237466317,-0.03302317,0.16285217,-0.09733845,2021:12:23:14:31:06.317
6810,1640237466343,0.021837901,0.17590164,-0.045140542,2021:12:23:14:31:06.343
6811,1640237466360,-0.031957906,0.1484711,-0.14713952,2021:12:23:14:31:06.360
6812,1640237466379,-0.0122505305,0.17643428,-0.15433006,2021:12:23:14:31:06.379
6813,1640237466398,0.00026631588,0.15326479,-0.11837741,2021:12:23:14:31:06.398
6814,1640237466426,-0.07456845,0.13781847,-0.14634058,2021:12:23:14:31:06.426
6815,1640237466442,-0.060453705,0.13861741,-0.16072163,2021:12:23:14:31:06.442
6816,1640237466460,0.003994738,0.1114532,-0.18948375,2021:12:23:14:31:06.460
6817,1640237466477,0.016777901,0.049667913,-0.24754061,2021:12:23:14:31:06.477
6818,1640237466501,-0.097205296,0.036085803,-0.23289324,2021:12:23:14:31:06.501
6819,1640237466520,-0.018642113,0.061652128,-0.21691428,2021:12:23:14:31:06.520
6820,1640237466542,-0.0050600017,0.03901528,-0.23315956,2021:12:23:14:31:06.542
6821,1640237466560,0.011451583,0.034487907,-0.22357218,2021:12:23:14:31:06.560
6822,1640237466581,-0.013049478,0.03874896,-0.21345218,2021:12:23:14:31:06.581
6823,1640237466599,-0.0058589494,0.03235738,-0.24035008,2021:12:23:14:31:06.599
6824,1640237466627,0.047137912,0.0014647373,-0.25686166,2021:12:23:14:31:06.627
6825,1640237466645,-0.017576847,-0.017177375,-0.272308,2021:12:23:14:31:06.645
6826,1640237466660,-0.05299686,-0.010253161,-0.29308063,2021:12:23:14:31:06.660
6827,1640237466677,0.10546109,-0.05179844,-0.27124274,2021:12:23:14:31:06.677
6828,1640237466699,0.021837901,-0.05366265,-0.22916481,2021:12:23:14:31:06.699
6829,1640237466716,0.046605278,-0.09574056,-0.19081533,2021:12:23:14:31:06.716
6830,1640237466742,0.045806333,-0.05313002,-0.14394373,2021:12:23:14:31:06.742
6831,1640237466759,0.115314774,-0.08269108,-0.120774254,2021:12:23:14:31:06.759
6832,1640237466779,0.045806333,-0.022770008,-0.14261216,2021:12:23:14:31:06.779
6833,1640237466796,0.046338964,-0.09414266,-0.12769847,2021:12:23:14:31:06.796
6834,1640237466817,0.10705899,-0.07869634,-0.17749953,2021:12:23:14:31:06.817
6835,1640237466846,0.07163897,-0.10080056,-0.23955114,2021:12:23:14:31:06.846
6836,1640237466861,0.059122127,-0.10879004,-0.1751027,2021:12:23:14:31:06.861
6837,1640237466877,-0.015978953,-0.13355741,-0.1468732,2021:12:23:14:31:06.877
6838,1640237466899,0.09454214,-0.11385004,-0.10026793,2021:12:23:14:31:06.899
6839,1640237466916,0.018642113,-0.085087925,-0.043542646,2021:12:23:14:31:06.916
6840,1640237466943,-0.007989476,-0.111985825,-0.06191844,2021:12:23:14:31:06.943
6841,1640237466960,-0.019707374,-0.09440898,-0.037151065,2021:12:23:14:31:06.960
6842,1640237466978,-0.014913689,-0.0813595,-0.03422159,2021:12:23:14:31:06.978
6843,1640237466999,-0.0452737,-0.10159951,-0.055260547,2021:12:23:14:31:06.999
6844,1640237467027,-0.084422134,-0.13808478,-0.066712126,2021:12:23:14:31:07.027
6845,1640237467062,-0.028229482,-0.13968268,-0.07576687,2021:12:23:14:31:07.062
6846,1640237467074,-0.006657897,-0.12210583,-0.035819486,2021:12:23:14:31:07.074
6847,1640237467078,0.13848425,-0.11518162,0.016112112,2021:12:23:14:31:07.078
6848,1640237467102,0.02902843,-0.15752584,0.0035952644,2021:12:23:14:31:07.102
6849,1640237467126,-0.17177375,-0.19454375,0.016644742,2021:12:23:14:31:07.126
6850,1640237467143,0.02716422,-0.06804371,0.09121319,2021:12:23:14:31:07.143
6851,1640237467177,0.014114741,-0.115980566,0.07230476,2021:12:23:14:31:07.177
6852,1640237467196,-0.03488738,-0.13036162,0.016911058,2021:12:23:14:31:07.196
6853,1640237467217,-0.04447475,-0.14421006,0.1098553,2021:12:23:14:31:07.217
6854,1640237467242,0.018375795,-0.059255283,0.15486269,2021:12:23:14:31:07.242
6855,1640237467259,-0.10306425,-0.10958899,0.16391742,2021:12:23:14:31:07.259
6856,1640237467278,-0.17763269,-0.10932267,0.18389112,2021:12:23:14:31:07.278
6857,1640237467299,0.017044216,-0.085087925,0.21931113,2021:12:23:14:31:07.299
6858,1640237467324,0.10839056,-0.06910897,0.2121206,2021:12:23:14:31:07.324
6859,1640237467343,-0.050067388,-0.10852372,0.27071008,2021:12:23:14:31:07.343
6860,1640237467362,0.056458965,0.024367902,0.27869958,2021:12:23:14:31:07.362
6861,1640237467379,0.051398966,0.012117373,0.31039116,2021:12:23:14:31:07.379
6862,1640237467396,-0.057257913,0.008655266,0.27390587,2021:12:23:14:31:07.396
6863,1640237467417,0.0015978953,0.057391074,0.2155827,2021:12:23:14:31:07.417
6864,1640237467444,0.02077264,0.043010015,0.20013638,2021:12:23:14:31:07.444
6865,1640237467459,0.0101200035,0.036085803,0.1468732,2021:12:23:14:31:07.459
6866,1640237467477,0.041278962,0.03182475,0.11251846,2021:12:23:14:31:07.477
6867,1640237467508,-0.023435798,0.004660528,0.08455529,2021:12:23:14:31:07.508
6868,1640237467523,-0.006391581,0.020373166,0.11864372,2021:12:23:14:31:07.523
6869,1640237467543,-0.008788424,0.029427905,0.13382374,2021:12:23:14:31:07.543
6870,1640237467562,-0.04980107,0.041145805,0.11571425,2021:12:23:14:31:07.562
6871,1640237467577,-0.08522108,0.018508954,0.1215732,2021:12:23:14:31:07.577
6872,1640237467594,-0.009853687,0.05419528,0.11464899,2021:12:23:14:31:07.594
6873,1640237467614,-0.0636495,0.042477384,0.077098444,2021:12:23:14:31:07.614
6874,1640237467642,-0.08522108,0.01877527,0.037950013,2021:12:23:14:31:07.642
6875,1640237467660,-0.07856318,0.058456335,0.04647212,2021:12:23:14:31:07.660
6876,1640237467676,-0.061518967,0.050999492,0.03155843,2021:12:23:14:31:07.676
6877,1640237467699,-0.022370534,0.07416897,0.0025300009,2021:12:23:14:31:07.699
6878,1640237467717,-0.056725282,0.02969422,-0.009454214,2021:12:23:14:31:07.717
6879,1640237467741,-0.0074568447,0.04593949,-0.045140542,2021:12:23:14:31:07.741
6880,1640237467760,-0.02583264,0.055260547,-0.048602648,2021:12:23:14:31:07.760
6881,1640237467777,-0.030093694,0.042477384,-0.06910897,2021:12:23:14:31:07.777
6882,1640237467798,0.05832318,0.04061317,-0.04647212,2021:12:23:14:31:07.798
6883,1640237467827,0.068176866,0.029960537,-0.04647212,2021:12:23:14:31:07.827
6884,1640237467842,0.071905285,0.032091063,-0.07390266,2021:12:23:14:31:07.842
6885,1640237467860,0.031158958,0.0025300009,-0.089082666,2021:12:23:14:31:07.860
6886,1640237467879,0.04447475,-0.002263685,-0.09440898,2021:12:23:14:31:07.879
6887,1640237467910,0.07803056,-0.015579479,-0.08562055,2021:12:23:14:31:07.910
6888,1640237467925,-0.0061252653,-0.02516685,-0.049401596,2021:12:23:14:31:07.925
6889,1640237467943,-0.07696529,-0.044341594,0.02463422,2021:12:23:14:31:07.943
6890,1640237467959,0.054062124,0.0027963168,0.06191844,2021:12:23:14:31:07.959
6891,1640237467976,0.0034621065,-0.0006657897,0.1284974,2021:12:23:14:31:07.976
6892,1640237467994,-0.041278962,0.012117373,0.14074795,2021:12:23:14:31:07.994
6893,1640237468027,0.011451583,0.02143843,0.19987006,2021:12:23:14:31:08.027
6894,1640237468042,0.004793686,0.036085803,0.17776585,2021:12:23:14:31:08.042
6895,1640237468059,0.03302317,0.05233107,0.15086795,2021:12:23:14:31:08.059
6896,1640237468076,0.09108003,0.048868965,0.07576687,2021:12:23:14:31:08.076
6897,1640237468097,0.050067388,0.10293109,-0.0075900024,2021:12:23:14:31:08.097
6898,1640237468125,0.017044216,0.08082687,-0.11065425,2021:12:23:14:31:08.125
6899,1640237468142,0.02130527,0.056059495,-0.2573943,2021:12:23:14:31:08.142
6900,1640237468158,0.07616634,0.057391074,-0.28855327,2021:12:23:14:31:08.158
6901,1640237468179,0.054062124,0.050999492,-0.3226417,2021:12:23:14:31:08.179
6902,1640237468195,-0.002130527,0.03954791,-0.3982754,2021:12:23:14:31:08.195
6903,1640237468221,0.035153694,0.024101587,-0.4217112,2021:12:23:14:31:08.221
6904,1640237468246,-0.037816856,-0.010519478,-0.3902859,2021:12:23:14:31:08.246
6905,1640237468261,-0.049002122,-0.05632581,-0.35353434,2021:12:23:14:31:08.261
6906,1640237468278,-0.036485277,-0.07017423,-0.3479417,2021:12:23:14:31:08.278
6907,1640237468300,-0.01810948,-0.10958899,-0.25686166,2021:12:23:14:31:08.300
6908,1640237468325,-0.04926844,-0.14740583,-0.22037639,2021:12:23:14:31:08.325
6909,1640237468342,0.02077264,-0.1434111,-0.17323849,2021:12:23:14:31:08.342
6910,1640237468359,-0.017310532,-0.17563532,-0.10559425,2021:12:23:14:31:08.359
6911,1640237468379,0.017310532,-0.19454375,-0.028895274,2021:12:23:14:31:08.379
6912,1640237468398,-0.0026631588,-0.19720691,0.025699483,2021:12:23:14:31:08.398
6913,1640237468417,0.0050600017,-0.18788585,0.09627319,2021:12:23:14:31:08.417
6914,1640237468440,-0.010652635,-0.18655427,0.16471638,2021:12:23:14:31:08.440
6915,1640237468459,-0.099069506,-0.17563532,0.2238385,2021:12:23:14:31:08.459
6916,1640237468476,-0.024501061,-0.15619427,0.28296062,2021:12:23:14:31:08.476
6917,1640237468498,-0.047137912,-0.15219952,0.33649012,2021:12:23:14:31:08.498
6918,1640237468517,-0.023968428,-0.1282311,0.4347607,2021:12:23:14:31:08.517
6919,1640237468540,-0.059654757,-0.07843003,0.51145965,2021:12:23:14:31:08.540
6920,1640237468558,-0.067111604,-0.046205804,0.55353755,2021:12:23:14:31:08.558
6921,1640237468576,-0.041278962,-0.020639481,0.5788376,2021:12:23:14:31:08.576
6922,1640237468597,-0.032224223,-0.0070573706,0.572446,2021:12:23:14:31:08.597
6923,1640237468625,-0.0013315794,0.044874225,0.5617933,2021:12:23:14:31:08.625
6924,1640237468642,0.01810948,0.06032055,0.5194491,2021:12:23:14:31:08.642
6925,1640237468660,0.03542001,0.12290478,0.44647858,2021:12:23:14:31:08.660
6926,1640237468678,-0.037816856,0.12210583,0.348208,2021:12:23:14:31:08.678
6927,1640237468708,0.05566002,0.12796478,0.20572902,2021:12:23:14:31:08.708
6928,1640237468725,0.049534753,0.12530163,0.13355741,2021:12:23:14:31:08.725
6929,1640237468743,-0.008522108,0.10799109,0.12050793,2021:12:23:14:31:08.743
6930,1640237468775,0.1339569,0.12743215,0.19454375,2021:12:23:14:31:08.775
6931,1640237468793,0.037284225,0.41052592,0.14287847,2021:12:23:14:31:08.793
6932,1640237468817,0.08042739,0.2741722,-0.14101426,2021:12:23:14:31:08.817
6933,1640237468840,0.037284225,0.17323849,-0.1700427,2021:12:23:14:31:08.840
6934,1640237468858,0.10120004,0.11837741,-0.16631427,2021:12:23:14:31:08.858
6935,1640237468876,0.058589496,0.15779217,-0.15992269,2021:12:23:14:31:08.876
6936,1640237468896,0.02077264,0.10106688,-0.17137428,2021:12:23:14:31:08.896
6937,1640237468917,0.07803056,0.113051094,-0.20120165,2021:12:23:14:31:08.917
6938,1640237468942,0.074834764,0.08588687,-0.13036162,2021:12:23:14:31:08.942
6939,1640237468958,0.017843165,0.057657387,-0.114116356,2021:12:23:14:31:08.958
6940,1640237468978,0.02530001,0.12423636,-0.124502674,2021:12:23:14:31:08.978
6941,1640237468996,-0.020506322,0.04727107,-0.049667913,2021:12:23:14:31:08.996
6942,1640237469015,0.04207791,0.08855003,-0.017976321,2021:12:23:14:31:09.015
6943,1640237469042,-0.12676635,0.071505815,0.013715268,2021:12:23:14:31:09.042
6944,1640237469059,0.0737695,0.09733845,0.02197106,2021:12:23:14:31:09.059
6945,1640237469078,-0.006657897,0.08242477,0.015046847,2021:12:23:14:31:09.078
6946,1640237469107,0.027963167,0.03901528,-0.019307902,2021:12:23:14:31:09.107
6947,1640237469125,-0.021038955,0.04540686,-0.03342264,2021:12:23:14:31:09.125
6948,1640237469143,0.10918951,0.05685844,-0.013448952,2021:12:23:14:31:09.143
6949,1640237469158,0.017576847,0.06484792,-0.039814223,2021:12:23:14:31:09.158
6950,1640237469179,-0.07137266,0.042211067,-0.066712126,2021:12:23:14:31:09.179
6951,1640237469196,0.107591614,0.058722652,-0.106393196,2021:12:23:14:31:09.196
6952,1640237469224,0.08681898,0.042477384,-0.12290478,2021:12:23:14:31:09.224
6953,1640237469240,-0.004261054,0.028895274,-0.13435636,2021:12:23:14:31:09.240
6954,1640237469257,0.037017908,0.046205804,-0.1516669,2021:12:23:14:31:09.257
6955,1640237469276,-0.02263685,0.010785793,-0.14713952,2021:12:23:14:31:09.276
6956,1640237469307,-0.008788424,0.035020538,-0.11118688,2021:12:23:14:31:09.307
6957,1640237469321,-0.07243792,0.058456335,-0.12556794,2021:12:23:14:31:09.321
6958,1640237469340,-0.04394212,0.07310371,-0.13089426,2021:12:23:14:31:09.340
6959,1640237469356,-0.029294748,0.011584741,-0.13116057,2021:12:23:14:31:09.356
6960,1640237469376,0.0074568447,0.07283739,-0.16365111,2021:12:23:14:31:09.376
6961,1640237469396,-0.009853687,0.033955276,-0.16817848,2021:12:23:14:31:09.396
6962,1640237469425,-0.032756854,0.051265806,-0.22596903,2021:12:23:14:31:09.425
6963,1640237469441,0.017310532,0.033955276,-0.22517008,2021:12:23:14:31:09.441
6964,1640237469459,-0.032490537,0.001997369,-0.24487746,2021:12:23:14:31:09.459
6965,1640237469476,0.051931597,-0.0033289485,-0.25872588,2021:12:23:14:31:09.476
6966,1640237469507,0.053529494,0.0083889505,-0.2307627,2021:12:23:14:31:09.507
6967,1640237469525,-0.0013315794,0.01744369,-0.15912373,2021:12:23:14:31:09.525
6968,1640237469538,-0.003994738,0.0033289485,-0.11251846,2021:12:23:14:31:09.538
6969,1640237469558,-0.004793686,0.0030626326,-0.110387936,2021:12:23:14:31:09.558
6970,1640237469579,0.04074633,-0.0041278964,-0.065646864,2021:12:23:14:31:09.579
6971,1640237469608,0.010918951,-0.04460791,-0.03901528,2021:12:23:14:31:09.608
6972,1640237469624,0.025566325,-0.0478037,-0.06351634,2021:12:23:14:31:09.624
6973,1640237469639,-0.009587372,-0.056059495,-0.05179844,2021:12:23:14:31:09.639
6974,1640237469660,-0.0,-0.02516685,-0.02649843,2021:12:23:14:31:09.660
6975,1640237469678,-0.016245268,-0.055793177,-0.0006657897,2021:12:23:14:31:09.678
6976,1640237469706,0.020240007,-0.0310258,0.010253161,2021:12:23:14:31:09.706
6977,1640237469725,0.06338318,-0.02969422,0.08535424,2021:12:23:14:31:09.725
6978,1640237469741,-0.00905474,-0.012117373,0.0661795,2021:12:23:14:31:09.741
6979,1640237469759,0.05113265,-0.022503693,0.052064754,2021:12:23:14:31:09.759
6980,1640237469774,-0.0061252653,-0.019574217,0.06724476,2021:12:23:14:31:09.774
6981,1640237469793,-0.009853687,-0.0118510565,0.016911058,2021:12:23:14:31:09.793
6982,1640237469821,-0.0037284223,0.05819002,-0.0038615803,2021:12:23:14:31:09.821
6983,1640237469838,0.08309056,0.05313002,-0.008655266,2021:12:23:14:31:09.838
6984,1640237469859,-0.015978953,0.022237375,-0.094675295,2021:12:23:14:31:09.859
6985,1640237469877,0.022104219,0.002263685,-0.17243953,2021:12:23:14:31:09.877
6986,1640237469895,-0.0015978953,-0.0062584234,-0.18122795,2021:12:23:14:31:09.895
6987,1640237469923,-0.010918951,-0.012383688,-0.20812586,2021:12:23:14:31:09.923
6988,1640237469939,0.029827379,-0.035020538,-0.20253323,2021:12:23:14:31:09.939
6989,1640237469959,0.05060002,-0.0864195,-0.14234585,2021:12:23:14:31:09.959
6990,1640237469979,0.00026631588,-0.118910044,-0.06271739,2021:12:23:14:31:09.979
6991,1640237469999,0.022370534,-0.11118688,0.009454214,2021:12:23:14:31:09.999
6992,1640237470024,-0.0077231606,-0.11704583,0.04540686,2021:12:23:14:31:10.024
6993,1640237470038,0.00079894764,-0.1684448,0.08162582,2021:12:23:14:31:10.038
6994,1640237470061,0.02716422,-0.17137428,0.16205321,2021:12:23:14:31:10.061
6995,1640237470078,-0.013315794,-0.14474268,0.2155827,2021:12:23:14:31:10.078
6996,1640237470107,0.021571586,-0.11837741,0.24301325,2021:12:23:14:31:10.107
6997,1640237470126,-0.03808317,-0.12237215,0.3079943,2021:12:23:14:31:10.126
6998,1640237470141,-0.0013315794,-0.08615319,0.29521117,2021:12:23:14:31:10.141
6999,1640237470158,-0.012783162,-0.069641605,0.32503852,2021:12:23:14:31:10.158
7000,1640237470174,0.002396843,-0.019307902,0.30985853,2021:12:23:14:31:10.174
7001,1640237470194,-0.013848426,-0.0038615803,0.2374206,2021:12:23:14:31:10.194
7002,1640237470223,-0.03542001,-0.0017310532,0.1801627,2021:12:23:14:31:10.223
7003,1640237470239,-0.0058589494,0.051532123,0.081093185,2021:12:23:14:31:10.239
7004,1640237470257,-0.0074568447,0.035020538,0.03688475,2021:12:23:14:31:10.257
7005,1640237470277,0.039148435,0.04593949,0.006524739,2021:12:23:14:31:10.277
7006,1640237470299,0.019707374,0.060586862,-0.011584741,2021:12:23:14:31:10.299
7007,1640237470317,-0.02130527,0.045140542,-0.034487907,2021:12:23:14:31:10.317
7008,1640237470342,0.0077231606,0.056059495,-0.051265806,2021:12:23:14:31:10.342
7009,1640237470359,0.0101200035,0.04061317,-0.074435286,2021:12:23:14:31:10.359
7010,1640237470377,-0.03488738,0.034487907,-0.13435636,2021:12:23:14:31:10.377
7011,1640237470397,-0.037284225,-0.020905796,-0.13275847,2021:12:23:14:31:10.397
7012,1640237470424,0.05832318,0.020373166,-0.12530163,2021:12:23:14:31:10.424
7013,1640237470449,0.009853687,-0.006791055,-0.14927006,2021:12:23:14:31:10.449
7014,1640237470458,-0.04287686,-0.030759484,-0.1215732,2021:12:23:14:31:10.458
7015,1640237470477,-0.014647374,-0.020639481,-0.08961529,2021:12:23:14:31:10.477
7016,1640237470505,0.00026631588,-0.023302639,-0.10559425,2021:12:23:14:31:10.505
7017,1640237470523,0.02077264,-0.015845794,-0.07203845,2021:12:23:14:31:10.523
7018,1640237470539,0.059122127,0.0009321056,-0.05233107,2021:12:23:14:31:10.539
7019,1640237470556,0.010918951,0.03182475,-0.050200544,2021:12:23:14:31:10.556
7020,1640237470579,0.016245268,-0.033156328,-0.08189213,2021:12:23:14:31:10.579
7021,1640237470607,-0.013315794,0.006524739,-0.15113427,2021:12:23:14:31:10.607
7022,1640237470621,0.01038632,-0.028362641,-0.150069,2021:12:23:14:31:10.621
7023,1640237470656,0.055127386,-0.020639481,-0.16604795,2021:12:23:14:31:10.656
7024,1640237470674,-0.0122505305,-0.06804371,-0.17563532,2021:12:23:14:31:10.674
7025,1640237470697,-0.015712637,-0.02916159,-0.18442374,2021:12:23:14:31:10.697
7026,1640237470723,0.00079894764,-0.045673173,-0.18309216,2021:12:23:14:31:10.723
7027,1640237470738,-0.04207791,-0.034487907,-0.24620903,2021:12:23:14:31:10.738
7028,1640237470756,-0.05060002,-0.08029424,-0.272308,2021:12:23:14:31:10.756
7029,1640237470778,0.028229482,-0.10559425,-0.26059008,2021:12:23:14:31:10.778
7030,1640237470796,-0.002130527,-0.124502674,-0.24088271,2021:12:23:14:31:10.796
7031,1640237470822,0.0058589494,-0.14261216,-0.11731215,2021:12:23:14:31:10.822
7032,1640237470839,-0.030093694,-0.14128058,-0.01877527,2021:12:23:14:31:10.839
7033,1640237470858,0.047404226,-0.10373004,0.027031062,2021:12:23:14:31:10.858
7034,1640237470877,-0.020240007,-0.11438267,0.088816345,2021:12:23:14:31:10.877
7035,1640237470897,0.09480845,-0.08002792,0.1383511,2021:12:23:14:31:10.897
7036,1640237470922,-0.009853687,-0.11358372,0.12210583,2021:12:23:14:31:10.922
7037,1640237470940,-0.0010652635,-0.10799109,0.08961529,2021:12:23:14:31:10.940
7038,1640237470957,0.0018642112,-0.11731215,0.106393196,2021:12:23:14:31:10.957
7039,1640237470979,0.009321056,-0.13622057,0.08934898,2021:12:23:14:31:10.979
7040,1640237470996,0.0018642112,-0.1300953,0.11917636,2021:12:23:14:31:10.996
7041,1640237471025,-0.022370534,-0.13968268,0.1567269,2021:12:23:14:31:11.025
7042,1640237471043,-0.02263685,-0.10745846,0.19081533,2021:12:23:14:31:11.043
7043,1640237471060,-0.052464228,-0.10106688,0.22463745,2021:12:23:14:31:11.060
7044,1640237471080,-0.015180005,-0.081093185,0.2589922,2021:12:23:14:31:11.080
7045,1640237471107,-0.05566002,-0.06085318,0.26511747,2021:12:23:14:31:11.107
7046,1640237471121,-0.028229482,-0.050466858,0.29654273,2021:12:23:14:31:11.121
7047,1640237471137,-0.004793686,-0.036085803,0.30293432,2021:12:23:14:31:11.137
7048,1640237471156,-0.038615804,-0.06404897,0.2789659,2021:12:23:14:31:11.156
7049,1640237471178,-0.012516847,-0.016112112,0.30559748,2021:12:23:14:31:11.178
7050,1640237471195,0.02077264,0.011584741,0.34341434,2021:12:23:14:31:11.195
7051,1640237471216,-0.0061252653,-0.016911058,0.32077748,2021:12:23:14:31:11.216
7052,1640237471243,0.056458965,0.04647212,0.31305432,2021:12:23:14:31:11.243
7053,1640237471261,0.037017908,0.039814223,0.32317433,2021:12:23:14:31:11.261
7054,1640237471276,0.008522108,0.06218476,0.28509116,2021:12:23:14:31:11.276
7055,1640237471305,-0.008522108,0.08535424,0.28162906,2021:12:23:14:31:11.305
7056,1640237471322,0.026631588,0.08748477,0.27949852,2021:12:23:14:31:11.322
7057,1640237471340,-0.016777901,0.0712395,0.28961852,2021:12:23:14:31:11.340
7058,1640237471359,0.03568633,0.114915304,0.25606272,2021:12:23:14:31:11.359
7059,1640237471378,-0.015978953,0.12982899,0.24807325,2021:12:23:14:31:11.378
7060,1640237471405,-0.024767376,0.16658059,0.21265323,2021:12:23:14:31:11.405
7061,1640237471422,0.010918951,0.17430374,0.18948375,2021:12:23:14:31:11.422
7062,1640237471439,-0.02902843,0.19987006,0.10346372,2021:12:23:14:31:11.439
7063,1640237471459,-0.00905474,0.20919113,0.005992107,2021:12:23:14:31:11.459
7064,1640237471480,-0.052464228,0.18815216,-0.03821633,2021:12:23:14:31:11.480
7065,1640237471506,-0.03302317,0.1969406,-0.104262665,2021:12:23:14:31:11.506
7066,1640237471522,-0.025566325,0.20306586,-0.1484711,2021:12:23:14:31:11.522
7067,1640237471537,-0.003994738,0.1852227,-0.20146796,2021:12:23:14:31:11.537
7068,1640237471556,0.0010652635,0.17590164,-0.26192167,2021:12:23:14:31:11.556
7069,1640237471579,-0.019707374,0.17723322,-0.28056377,2021:12:23:14:31:11.579
7070,1640237471594,-0.014114741,0.14820479,-0.2757701,2021:12:23:14:31:11.594
7071,1640237471620,-0.028229482,0.15113427,-0.30373326,2021:12:23:14:31:11.620
7072,1640237471638,0.040480014,0.114915304,-0.33728907,2021:12:23:14:31:11.638
7073,1640237471664,0.036485277,0.069641605,-0.36578485,2021:12:23:14:31:11.664
7074,1640237471678,0.027430536,0.019307902,-0.36392066,2021:12:23:14:31:11.678
7075,1640237471706,0.09880319,0.0030626326,-0.3181143,2021:12:23:14:31:11.706
7076,1640237471723,0.008522108,0.007856319,-0.31838062,2021:12:23:14:31:11.723
7077,1640237471737,0.08042739,-0.021704745,-0.2842922,2021:12:23:14:31:11.737
7078,1640237471757,0.087351605,-0.049667913,-0.25286692,2021:12:23:14:31:11.757
7079,1640237471780,0.009587372,-0.10506161,-0.24807325,2021:12:23:14:31:11.780
7080,1640237471798,0.05938844,-0.085087925,-0.25499746,2021:12:23:14:31:11.798
7081,1640237471823,0.079894766,-0.114915304,-0.19800586,2021:12:23:14:31:11.823
7082,1640237471842,0.046605278,-0.11171951,-0.17270584,2021:12:23:14:31:11.842
7083,1640237471856,-0.006391581,-0.14713952,-0.13435636,2021:12:23:14:31:11.856
7084,1640237471877,-0.041012645,-0.14474268,-0.07044055,2021:12:23:14:31:11.877
7085,1640237471906,-0.06391581,-0.11464899,-0.02143843,2021:12:23:14:31:11.906
7086,1640237471922,-0.089482136,-0.13062795,0.009187898,2021:12:23:14:31:11.922
7087,1640237471937,-0.0101200035,-0.097604774,0.04700475,2021:12:23:14:31:11.937
7088,1640237471956,-0.048735805,-0.09014793,0.08721845,2021:12:23:14:31:11.956
7089,1640237471974,-0.068176866,-0.07070687,0.122638464,2021:12:23:14:31:11.974
7090,1640237471993,-0.13422321,-0.07257108,0.14234585,2021:12:23:14:31:11.993
7091,1640237472023,-0.021571586,-0.075500555,0.17217322,2021:12:23:14:31:12.023
7092,1640237472038,0.006924213,-0.074435286,0.1785648,2021:12:23:14:31:12.038
7093,1640237472057,0.013315794,-0.06351634,0.15592794,2021:12:23:14:31:12.057
7094,1640237472074,-0.012516847,-0.03368896,0.16897742,2021:12:23:14:31:12.074
7095,1640237472105,-0.024767376,-0.04913528,0.17164059,2021:12:23:14:31:12.105
7096,1640237472121,0.0013315794,-0.022237375,0.14287847,2021:12:23:14:31:12.121
7097,1640237472139,-0.013848426,0.0054594753,0.14793848,2021:12:23:14:31:12.139
7098,1640237472157,0.011717899,0.0075900024,0.11251846,2021:12:23:14:31:12.157
7099,1640237472179,0.011185267,-0.020106848,0.09627319,2021:12:23:14:31:12.179
7100,1640237472205,0.045007385,0.017177375,0.10506161,2021:12:23:14:31:12.205
7101,1640237472220,0.0055926335,-0.03688475,0.11251846,2021:12:23:14:31:12.220
7102,1640237472239,0.015446321,0.018242639,0.06271739,2021:12:23:14:31:12.239
7103,1640237472257,0.022104219,0.025965799,0.115980566,2021:12:23:14:31:12.257
7104,1640237472279,-0.026631588,0.027031062,0.12210583,2021:12:23:14:31:12.279
7105,1640237472306,0.07456845,0.02916159,0.11624688,2021:12:23:14:31:12.306
7106,1640237472320,-0.008255793,0.043010015,0.119708985,2021:12:23:14:31:12.320
7107,1640237472341,0.052730545,0.067777395,0.118910044,2021:12:23:14:31:12.341
7108,1640237472375,0.0018642112,0.06990792,0.1114532,2021:12:23:14:31:12.375
7109,1640237472395,-0.027696852,0.07816371,0.06085318,2021:12:23:14:31:12.395
7110,1640237472420,0.05299686,0.110387936,0.061652128,2021:12:23:14:31:12.420
7111,1640237472435,0.0284958,0.074435286,0.043542646,2021:12:23:14:31:12.435
7112,1640237472456,0.02902843,0.09201214,-0.00039947382,2021:12:23:14:31:12.456
7113,1640237472476,-0.003994738,0.07310371,0.036352117,2021:12:23:14:31:12.476
7114,1640237472505,0.03488738,0.07017423,0.048868965,2021:12:23:14:31:12.505
7115,1640237472522,-0.025566325,0.07177213,0.04673844,2021:12:23:14:31:12.522
7116,1640237472538,0.024767376,0.06591318,0.049401596,2021:12:23:14:31:12.538
7117,1640237472558,-0.053263176,0.055793177,0.06484792,2021:12:23:14:31:12.558
7118,1640237472579,-0.002396843,0.047537386,0.04061317,2021:12:23:14:31:12.579
7119,1640237472605,-0.009853687,0.044874225,0.058456335,2021:12:23:14:31:12.605
7120,1640237472617,-0.017310532,0.02783001,0.10080056,2021:12:23:14:31:12.617
7121,1640237472637,-0.014647374,0.036352117,0.11171951,2021:12:23:14:31:12.637
7122,1640237472660,0.040480014,0.10373004,0.16391742,2021:12:23:14:31:12.660
7123,1640237472677,0.02530001,0.08349003,0.17536901,2021:12:23:14:31:12.677
7124,1640237472704,-0.015978953,0.09707214,0.12476899,2021:12:23:14:31:12.704
7125,1640237472718,0.024234746,0.1367532,0.071505815,2021:12:23:14:31:12.718
7126,1640237472739,0.044208437,0.13249215,0.04141212,2021:12:23:14:31:12.739
7127,1640237472755,-0.019441059,0.110121615,-0.01877527,2021:12:23:14:31:12.755
7128,1640237472775,0.014913689,0.11065425,-0.10799109,2021:12:23:14:31:12.775
7129,1640237472793,0.072171606,0.11837741,-0.16658059,2021:12:23:14:31:12.793
7130,1640237472821,-0.011185267,0.08242477,-0.19001637,2021:12:23:14:31:12.821
7131,1640237472837,0.055127386,0.08562055,-0.24461114,2021:12:23:14:31:12.837
7132,1640237472856,-0.014647374,0.07177213,-0.2922817,2021:12:23:14:31:12.856
7133,1640237472875,0.017044216,0.06271739,-0.32690275,2021:12:23:14:31:12.875
7134,1640237472902,0.023435798,0.04673844,-0.36898065,2021:12:23:14:31:12.902
7135,1640237472919,0.061252654,0.044874225,-0.39401436,2021:12:23:14:31:12.919
7136,1640237472938,-0.027430536,-0.06910897,-0.35433328,2021:12:23:14:31:12.938
7137,1640237472956,0.027430536,-0.067777395,-0.3159838,2021:12:23:14:31:12.956
7138,1640237472977,0.03808317,-0.052863702,-0.21984376,2021:12:23:14:31:12.977
7139,1640237473002,0.003994738,-0.067511074,-0.14634058,2021:12:23:14:31:13.002
7140,1640237473019,0.019174743,-0.05366265,-0.07044055,2021:12:23:14:31:13.019
7141,1640237473037,0.0010652635,-0.121839516,0.0009321056,2021:12:23:14:31:13.037
7142,1640237473059,0.345678,-0.030493168,-0.011052109,2021:12:23:14:31:13.059
7143,1640237473088,0.059921075,-0.050200544,0.02516685,2021:12:23:14:31:13.088
7144,1640237473103,0.021038955,-0.02783001,0.051532123,2021:12:23:14:31:13.103
7145,1640237473118,0.09827056,-0.09733845,0.15939006,2021:12:23:14:31:13.118
7146,1640237473140,-0.058589496,-0.056059495,0.075500555,2021:12:23:14:31:13.140
7147,1640237473159,0.106792666,-0.03555317,0.05632581,2021:12:23:14:31:13.159
7148,1640237473179,-0.03169159,-0.04700475,0.114116356,2021:12:23:14:31:13.179
7149,1640237473203,0.030892642,0.008122634,0.081093185,2021:12:23:14:31:13.203
7150,1640237473219,-0.2535327,-0.025433166,0.035020538,2021:12:23:14:31:13.219
7151,1640237473238,-0.06684528,0.03688475,-0.028628957,2021:12:23:14:31:13.238
7152,1640237473260,-0.066312656,0.0054594753,-0.07976161,2021:12:23:14:31:13.260
7153,1640237473277,-0.14194636,-0.06804371,-0.17536901,2021:12:23:14:31:13.277
7154,1640237473294,-0.05113265,-0.041145805,-0.1886848,2021:12:23:14:31:13.294
7155,1640237473319,-0.037284225,-0.02783001,-0.20413113,2021:12:23:14:31:13.319
7156,1640237473337,0.059654757,-0.065646864,-0.20279954,2021:12:23:14:31:13.337
7157,1640237473354,0.027963167,-0.037151065,-0.13488899,2021:12:23:14:31:13.354
7158,1640237473377,-0.0838895,-0.061119493,-0.03928159,2021:12:23:14:31:13.377
7159,1640237473396,-0.08628634,-0.026232114,-0.044874225,2021:12:23:14:31:13.396
7160,1640237473418,0.042344224,-0.04061317,-0.074435286,2021:12:23:14:31:13.418
7161,1640237473441,0.14061478,-0.052597385,-0.057657387,2021:12:23:14:31:13.441
7162,1640237473460,0.024234746,-0.10346372,-0.0025300009,2021:12:23:14:31:13.460
7163,1640237473476,0.08974845,-0.06831002,0.03235738,2021:12:23:14:31:13.476
7164,1640237473502,-0.0058589494,-0.09254477,0.05233107,2021:12:23:14:31:13.502
7165,1640237473521,-0.064448446,-0.08775108,0.073370025,2021:12:23:14:31:13.521
7166,1640237473536,-0.09693898,-0.07390266,0.17164059,2021:12:23:14:31:13.536
7167,1640237473557,0.06471476,-0.018242639,0.16471638,2021:12:23:14:31:13.557
7168,1640237473588,-0.08468845,-0.052863702,0.13142689,2021:12:23:14:31:13.588
7169,1640237473604,-0.188019,-0.05179844,0.14394373,2021:12:23:14:31:13.604
7170,1640237473619,-0.10652635,0.0049268436,0.2456764,2021:12:23:14:31:13.619
7171,1640237473637,0.046605278,0.03901528,0.170309,2021:12:23:14:31:13.637
7172,1640237473659,-0.037284225,0.022503693,0.119708985,2021:12:23:14:31:13.659
7173,1640237473686,-0.11291793,0.03368896,0.13142689,2021:12:23:14:31:13.686
7174,1640237473703,-0.0101200035,0.05233107,0.15140058,2021:12:23:14:31:13.703
7175,1640237473720,0.070041075,0.08056056,0.17270584,2021:12:23:14:31:13.720
7176,1640237473742,0.0636495,0.028362641,0.18548901,2021:12:23:14:31:13.742
7177,1640237473758,0.08681898,0.07496792,0.15539531,2021:12:23:14:31:13.758
7178,1640237473777,0.0037284223,0.041145805,0.1484711,2021:12:23:14:31:13.777
7179,1640237473802,-0.059921075,0.08242477,0.17084163,2021:12:23:14:31:13.802
7180,1640237473819,-0.07430213,0.10266477,0.18628795,2021:12:23:14:31:13.819
7181,1640237473836,0.11717899,0.08934898,0.13116057,2021:12:23:14:31:13.836
7182,1640237473859,-0.009321056,0.060586862,-0.004394212,2021:12:23:14:31:13.859
7183,1640237473876,-0.071905285,0.06191844,-0.07656582,2021:12:23:14:31:13.876
7184,1640237473899,-0.089482136,0.077098444,-0.055260547,2021:12:23:14:31:13.899
7185,1640237473917,-0.08921582,0.09440898,-0.07230476,2021:12:23:14:31:13.917
7186,1640237473938,-0.07643266,0.086952135,-0.10213214,2021:12:23:14:31:13.938
7187,1640237473959,0.07803056,0.08562055,-0.14767216,2021:12:23:14:31:13.959
7188,1640237473987,0.10253161,0.05552686,-0.15060163,2021:12:23:14:31:13.987
7189,1640237474003,0.016511586,0.03368896,-0.155129,2021:12:23:14:31:14.003
7190,1640237474019,-0.16857795,0.013448952,-0.1585911,2021:12:23:14:31:14.019
7191,1640237474037,-0.22157481,0.02969422,-0.17989638,2021:12:23:14:31:14.037
7192,1640237474060,-0.15206636,0.0014647373,-0.16045532,2021:12:23:14:31:14.060
7193,1640237474086,0.32810116,0.09387635,-0.17297216,2021:12:23:14:31:14.086
7194,1640237474101,0.12596741,-0.056592125,-0.17883112,2021:12:23:14:31:14.101
7195,1640237474120,0.0077231606,-0.032623697,-0.22490376,2021:12:23:14:31:14.120
7196,1640237474141,-0.022104219,-0.037950013,-0.20572902,2021:12:23:14:31:14.141
7197,1640237474157,-0.015712637,-0.08562055,-0.19800586,2021:12:23:14:31:14.157
7198,1640237474184,-0.062317915,-0.088816345,-0.20013638,2021:12:23:14:31:14.184
7199,1640237474220,0.22716744,-0.104262665,-0.14713952,2021:12:23:14:31:14.220
7200,1640237474238,0.25406536,-0.11278477,-0.08535424,2021:12:23:14:31:14.238
7201,1640237474258,0.10359688,-0.08082687,-0.02516685,2021:12:23:14:31:14.258
7202,1640237474275,-0.16644743,-0.16125427,0.02649843,2021:12:23:14:31:14.275
7203,1640237474301,-0.061785284,-0.08189213,-0.057923704,2021:12:23:14:31:14.301
7204,1640237474319,0.038349487,-0.11171951,-0.020106848,2021:12:23:14:31:14.319
7205,1640237474335,0.1206411,-0.02969422,0.0762995,2021:12:23:14:31:14.335
7206,1640237474358,0.26604956,-0.04008054,0.06404897,2021:12:23:14:31:14.358
7207,1640237474387,-0.14168005,-0.0762995,-0.020373166,2021:12:23:14:31:14.387
7208,1640237474402,-0.060453705,-0.044341594,-0.06032055,2021:12:23:14:31:14.402
7209,1640237474419,-0.11851057,-0.0981374,-0.055793177,2021:12:23:14:31:14.419
7210,1640237474437,0.15046847,-0.0027963168,-0.097604774,2021:12:23:14:31:14.437
7211,1640237474461,0.23941797,-0.048868965,-0.09494161,2021:12:23:14:31:14.461
7212,1640237474484,0.22024323,-0.016911058,-0.09946898,2021:12:23:14:31:14.484
7213,1640237474502,0.15819164,-0.05366265,-0.083223715,2021:12:23:14:31:14.502
7214,1640237474517,-0.106792666,-0.056592125,-0.08828372,2021:12:23:14:31:14.517
7215,1640237474540,-0.037284225,-0.043808963,-0.019307902,2021:12:23:14:31:14.540
7216,1640237474557,0.05166528,-0.0762995,-0.02197106,2021:12:23:14:31:14.557
7217,1640237474587,0.020506322,-0.056592125,-0.050733175,2021:12:23:14:31:14.587
7218,1640237474602,-0.14674005,-0.06538055,-0.020106848,2021:12:23:14:31:14.602
7219,1640237474620,-0.2247706,-0.043542646,0.028362641,2021:12:23:14:31:14.620
7220,1640237474636,-0.22530323,-0.025433166,0.033156328,2021:12:23:14:31:14.636
7221,1640237474658,-0.31771484,-0.015579479,0.03289001,2021:12:23:14:31:14.658
7222,1640237474674,-0.17736638,-0.019840533,0.040346857,2021:12:23:14:31:14.674
7223,1640237474701,-0.045007385,-0.056592125,-0.02463422,2021:12:23:14:31:14.701
7224,1640237474719,-0.064182125,-0.11118688,-0.025699483,2021:12:23:14:31:14.719
7225,1640237474737,-0.004261054,-0.0762995,0.04833633,2021:12:23:14:31:14.737
7226,1640237474757,0.083623186,-0.023036323,0.09174582,2021:12:23:14:31:14.757
7227,1640237474777,0.09081372,-0.015845794,0.11358372,2021:12:23:14:31:14.777
7228,1640237474803,0.08974845,0.012383688,0.102398455,2021:12:23:14:31:14.803
7229,1640237474817,0.15419689,0.022770008,0.09041424,2021:12:23:14:31:14.817
7230,1640237474837,0.109722145,-0.0027963168,0.077364765,2021:12:23:14:31:14.837
7231,1640237474859,0.043675803,-0.01291632,0.022503693,2021:12:23:14:31:14.859
7232,1640237474884,-0.027963167,-0.06298371,-0.077364765,2021:12:23:14:31:14.884
7233,1640237474901,0.075900026,-0.06511423,-0.09520793,2021:12:23:14:31:14.901
7234,1640237474919,0.053263176,-0.081093185,-0.037417382,2021:12:23:14:31:14.919
7235,1640237474939,-0.019707374,-0.06325002,-0.017710006,2021:12:23:14:31:14.939
7236,1640237474959,0.015978953,-0.057657387,0.06191844,2021:12:23:14:31:14.959
7237,1640237474984,-0.008522108,-0.0813595,0.12343741,2021:12:23:14:31:14.984
7238,1640237475000,0.007989476,-0.075234234,0.1785648,2021:12:23:14:31:15.000
7239,1640237475020,-0.074834764,-0.09787109,0.29015115,2021:12:23:14:31:15.020
7240,1640237475039,0.02077264,-0.025965799,0.34048486,2021:12:23:14:31:15.039
7241,1640237475066,0.05805686,-0.022237375,0.36578485,2021:12:23:14:31:15.066
7242,1640237475083,0.0061252653,-0.098403715,0.4166512,2021:12:23:14:31:15.083
7243,1640237475100,-0.00452737,-0.010519478,0.40759647,2021:12:23:14:31:15.100
7244,1640237475119,-0.021038955,0.023835272,0.4371575,2021:12:23:14:31:15.119
7245,1640237475136,-0.05219791,0.06990792,0.41239014,2021:12:23:14:31:15.136
7246,1640237475154,0.0015978953,0.07789739,0.29973853,2021:12:23:14:31:15.154
7247,1640237475174,0.014913689,0.066712126,0.21584903,2021:12:23:14:31:15.174
7248,1640237475202,0.071905285,0.08855003,0.1383511,2021:12:23:14:31:15.202
7249,1640237475217,0.08335687,0.07576687,0.118910044,2021:12:23:14:31:15.217
7250,1640237475236,0.02077264,0.07896266,0.06910897,2021:12:23:14:31:15.236
7251,1640237475258,-0.053529494,0.08588687,0.021704745,2021:12:23:14:31:15.258
7252,1640237475284,-0.017310532,0.12796478,-0.051265806,2021:12:23:14:31:15.284
7253,1640237475300,0.18136111,0.114915304,-0.09946898,2021:12:23:14:31:15.300
7254,1640237475319,0.18429059,0.07470161,-0.1585911,2021:12:23:14:31:15.319
7255,1640237475339,-0.047936857,0.06484792,-0.21345218,2021:12:23:14:31:15.339
7256,1640237475358,-0.068176866,0.059787914,-0.23156166,2021:12:23:14:31:15.358
7257,1640237475379,-0.006924213,0.030226853,-0.20493007,2021:12:23:14:31:15.379
7258,1640237475403,-0.05832318,0.009187898,-0.19614165,2021:12:23:14:31:15.403
7259,1640237475420,0.01358211,-0.0033289485,-0.21904482,2021:12:23:14:31:15.420
7260,1640237475437,0.030093694,-0.060586862,-0.21584903,2021:12:23:14:31:15.437
7261,1640237475453,0.011451583,-0.06005423,-0.21611534,2021:12:23:14:31:15.453
7262,1640237475477,-0.121173725,-0.08428898,-0.19134796,2021:12:23:14:31:15.477
7263,1640237475507,-0.08602003,-0.122638464,-0.19134796,2021:12:23:14:31:15.507
7264,1640237475523,0.07563371,-0.10799109,-0.13888372,2021:12:23:14:31:15.523
7265,1640237475537,-0.09241161,-0.13755216,0.06644581,2021:12:23:14:31:15.537
7266,1640237475554,0.007190529,-0.067511074,0.15939006,2021:12:23:14:31:15.554
7267,1640237475577,-0.019707374,-0.11837741,0.1535311,2021:12:23:14:31:15.577
7268,1640237475601,0.033289485,-0.11251846,0.1231711,2021:12:23:14:31:15.601
7269,1640237475620,0.033555802,-0.10745846,0.13755216,2021:12:23:14:31:15.620
7270,1640237475637,-0.08016108,-0.10106688,0.18202691,2021:12:23:14:31:15.637
7271,1640237475659,-0.002130527,-0.053396333,0.19481006,2021:12:23:14:31:15.659
7272,1640237475683,-0.059654757,-0.07097318,0.16658059,2021:12:23:14:31:15.683
7273,1640237475699,0.017576847,-0.012117373,0.18548901,2021:12:23:14:31:15.699
7274,1640237475719,0.04074633,0.012383688,0.20785955,2021:12:23:14:31:15.719
7275,1640237475737,-0.0838895,0.057923704,0.2155827,2021:12:23:14:31:15.737
7276,1640237475757,-0.03568633,0.06884266,0.17430374,2021:12:23:14:31:15.757
7277,1640237475783,-0.089482136,0.09627319,0.11864372,2021:12:23:14:31:15.783
7278,1640237475800,-0.074035816,0.062451076,0.1250353,2021:12:23:14:31:15.800
7279,1640237475820,0.07430213,0.110121615,0.11518162,2021:12:23:14:31:15.820
7280,1640237475838,-0.013848426,0.08721845,0.15725952,2021:12:23:14:31:15.838
7281,1640237475867,-0.033555802,0.118910044,0.12796478,2021:12:23:14:31:15.867
7282,1640237475883,-0.045540016,0.139949,0.11438267,2021:12:23:14:31:15.883
7283,1640237475901,-0.013049478,0.1215732,0.1282311,2021:12:23:14:31:15.901
7284,1640237475918,0.0956074,0.18069533,0.09946898,2021:12:23:14:31:15.918
7285,1640237475942,0.02716422,0.1700427,0.0864195,2021:12:23:14:31:15.942
7286,1640237475984,0.050866332,0.17137428,-0.006791055,2021:12:23:14:31:15.984
7287,1640237476000,0.026098955,0.18442374,-0.033156328,2021:12:23:14:31:16.000
7288,1640237476017,-0.017576847,0.2355564,-0.033955276,2021:12:23:14:31:16.017
7289,1640237476033,-0.068176866,0.18415743,-0.08269108,2021:12:23:14:31:16.033
7290,1640237476060,0.10359688,0.21771324,-0.19054902,2021:12:23:14:31:16.060
7291,1640237476087,-0.049534753,0.12397004,-0.17403743,2021:12:23:14:31:16.087
7292,1640237476105,-0.05113265,0.16285217,-0.2020006,2021:12:23:14:31:16.105
7293,1640237476118,-0.11691267,0.12583426,-0.18415743,2021:12:23:14:31:16.118
7294,1640237476137,-0.018908428,0.165249,-0.21957745,2021:12:23:14:31:16.137
7295,1640237476159,0.00053263176,0.12716584,-0.20945744,2021:12:23:14:31:16.159
7296,1640237476185,-0.03488738,0.10932267,-0.21664797,2021:12:23:14:31:16.185
7297,1640237476204,0.047936857,0.13116057,-0.18282585,2021:12:23:14:31:16.204
7298,1640237476218,0.0013315794,0.06085318,-0.16152059,2021:12:23:14:31:16.218
7299,1640237476237,-0.035952643,0.0478037,-0.16871111,2021:12:23:14:31:16.237
7300,1640237476260,0.098004244,0.08402266,-0.150069,2021:12:23:14:31:16.260
7301,1640237476282,0.035153694,0.021704745,-0.115980566,2021:12:23:14:31:16.282
7302,1640237476299,0.040213697,0.009454214,-0.13302478,2021:12:23:14:31:16.299
7303,1640237476317,0.014913689,0.023568956,-0.10852372,2021:12:23:14:31:16.317
7304,1640237476341,0.09294424,-0.033156328,-0.06032055,2021:12:23:14:31:16.341
7305,1640237476357,-0.0050600017,-0.052597385,-0.0017310532,2021:12:23:14:31:16.357
7306,1640237476383,0.026631588,-0.020639481,0.020373166,2021:12:23:14:31:16.383
7307,1640237476398,-0.059122127,-0.036352117,0.06085318,2021:12:23:14:31:16.398
7308,1640237476417,0.029294748,-0.04008054,0.08242477,2021:12:23:14:31:16.417
7309,1640237476434,-0.018908428,-0.057657387,0.09414266,2021:12:23:14:31:16.434
7310,1640237476458,-0.019441059,-0.071505815,0.032623697,2021:12:23:14:31:16.458
7311,1640237476473,0.056458965,-0.012650005,-0.03954791,2021:12:23:14:31:16.473
7312,1640237476501,0.028762115,-0.077098444,0.029427905,2021:12:23:14:31:16.501
7313,1640237476517,-0.040213697,-0.12743215,-0.036352117,2021:12:23:14:31:16.517
7314,1640237476539,0.05432844,-0.06511423,-0.10133319,2021:12:23:14:31:16.539
7315,1640237476556,0.031957906,-0.10799109,-0.03688475,2021:12:23:14:31:16.556
7316,1640237476581,-0.00053263176,-0.114116356,-0.02649843,2021:12:23:14:31:16.581
7317,1640237476599,0.059122127,-0.10026793,-0.049934227,2021:12:23:14:31:16.599
7318,1640237476617,0.09294424,-0.08428898,-0.039814223,2021:12:23:14:31:16.617
7319,1640237476639,0.0889495,-0.112252146,-0.015579479,2021:12:23:14:31:16.639
7320,1640237476666,-0.022370534,-0.10159951,0.010253161,2021:12:23:14:31:16.666
7321,1640237476683,0.0636495,-0.090680555,0.017177375,2021:12:23:14:31:16.683
7322,1640237476701,0.056725282,-0.097604774,0.001997369,2021:12:23:14:31:16.701
7323,1640237476718,-0.014114741,-0.10612688,0.07683213,2021:12:23:14:31:16.718
7324,1640237476750,-0.061785284,-0.08082687,0.09600688,2021:12:23:14:31:16.750
7325,1640237476766,-0.018375795,-0.08056056,0.08668582,2021:12:23:14:31:16.766
7326,1640237476784,-0.016777901,-0.10080056,0.0762995,2021:12:23:14:31:16.784
7327,1640237476799,0.004793686,-0.120774254,0.08482161,2021:12:23:14:31:16.799
7328,1640237476818,0.020240007,-0.092811085,0.09227845,2021:12:23:14:31:16.818
7329,1640237476842,-0.020506322,-0.102398455,0.15219952,2021:12:23:14:31:16.842
7330,1640237476869,-0.009853687,-0.082957394,0.17670059,2021:12:23:14:31:16.869
7331,1640237476886,0.012516847,-0.07017423,0.1367532,2021:12:23:14:31:16.886
7332,1640237476900,0.012783162,-0.08215845,0.11464899,2021:12:23:14:31:16.900
7333,1640237476915,0.107857935,-0.05366265,0.11731215,2021:12:23:14:31:16.915
7334,1640237476939,-0.06897581,-0.03342264,0.10559425,2021:12:23:14:31:16.939
7335,1640237476955,0.03488738,0.001997369,0.037950013,2021:12:23:14:31:16.955
7336,1640237476978,-0.055393703,-0.016911058,-0.035286855,2021:12:23:14:31:16.978
7337,1640237477003,-0.047670543,-0.030759484,-0.0880174,2021:12:23:14:31:17.003
7338,1640237477019,-0.031425275,-0.014780532,-0.07843003,2021:12:23:14:31:17.019
7339,1640237477036,-0.025566325,-0.020639481,-0.066712126,2021:12:23:14:31:17.036
7340,1640237477065,0.038615804,-0.05419528,-0.0981374,2021:12:23:14:31:17.065
7341,1640237477080,-0.045540016,-0.082957394,-0.102398455,2021:12:23:14:31:17.080
7342,1640237477099,0.00905474,-0.029427905,-0.07949529,2021:12:23:14:31:17.099
7343,1640237477119,-0.0620516,-0.07949529,-0.037151065,2021:12:23:14:31:17.119
7344,1640237477139,-0.067111604,-0.06298371,0.035286855,2021:12:23:14:31:17.139
7345,1640237477164,0.024234746,-0.02916159,0.12982899,2021:12:23:14:31:17.164
7346,1640237477182,-0.008522108,-0.034754224,0.16817848,2021:12:23:14:31:17.182
7347,1640237477198,0.01358211,-0.017976321,0.17936374,2021:12:23:14:31:17.198
7348,1640237477221,0.0101200035,-0.026764747,0.18096164,2021:12:23:14:31:17.221
7349,1640237477239,-0.045007385,-0.043010015,0.15060163,2021:12:23:14:31:17.239
7350,1640237477263,0.04980107,-0.030493168,0.10852372,2021:12:23:14:31:17.263
7351,1640237477280,0.013848426,-0.07283739,0.12903005,2021:12:23:14:31:17.280
7352,1640237477294,0.016245268,-0.015046847,0.15379742,2021:12:23:14:31:17.294
7353,1640237477313,-0.026098955,-0.033156328,0.1868206,2021:12:23:14:31:17.313
7354,1640237477335,-0.009321056,0.008655266,0.18628795,2021:12:23:14:31:17.335
7355,1640237477354,-0.019174743,0.009187898,0.20865849,2021:12:23:14:31:17.354
7356,1640237477379,-0.06551371,0.016112112,0.18442374,2021:12:23:14:31:17.379
7357,1640237477398,0.004261054,0.06697845,0.18602164,2021:12:23:14:31:17.398
7358,1640237477414,0.045540016,0.040879488,0.16098794,2021:12:23:14:31:17.414
7359,1640237477436,-0.014647374,0.028362641,0.09414266,2021:12:23:14:31:17.436
7360,1640237477464,0.06791055,0.0595216,0.07416897,2021:12:23:14:31:17.464
7361,1640237477482,0.056458965,0.05819002,0.056592125,2021:12:23:14:31:17.482
7362,1640237477496,0.047137912,0.027563693,0.0027963168,2021:12:23:14:31:17.496
7363,1640237477517,-0.044741068,0.028362641,-0.012117373,2021:12:23:14:31:17.517
7364,1640237477537,-0.015180005,0.023036323,0.007323687,2021:12:23:14:31:17.537
7365,1640237477564,0.036485277,0.03368896,0.03874896,2021:12:23:14:31:17.564
7366,1640237477581,0.042344224,0.015845794,0.075500555,2021:12:23:14:31:17.581
7367,1640237477598,0.030626327,-0.0033289485,0.09707214,2021:12:23:14:31:17.598
7368,1640237477619,-0.038349487,-0.045673173,0.14447637,2021:12:23:14:31:17.619
7369,1640237477637,-0.0838895,-0.0062584234,0.21771324,2021:12:23:14:31:17.637
7370,1640237477664,-0.033289485,-0.0030626326,0.2893522,2021:12:23:14:31:17.664
7371,1640237477682,-0.06684528,-0.044341594,0.30692905,2021:12:23:14:31:17.682
7372,1640237477700,0.0037284223,-0.016644742,0.29734167,2021:12:23:14:31:17.700
7373,1640237477735,-0.040213697,-0.004394212,0.34874064,2021:12:23:14:31:17.735
7374,1640237477753,-0.05219791,0.00039947382,0.37963328,2021:12:23:14:31:17.753
7375,1640237477781,-0.11078741,0.026764747,0.42091224,2021:12:23:14:31:17.781
7376,1640237477797,-0.047404226,0.020373166,0.4179828,2021:12:23:14:31:17.797
7377,1640237477817,0.006924213,0.04593949,0.38069856,2021:12:23:14:31:17.817
7378,1640237477833,-0.030093694,0.09041424,0.36525223,2021:12:23:14:31:17.833
7379,1640237477863,-0.037816856,0.12290478,0.31971222,2021:12:23:14:31:17.863
7380,1640237477880,-0.018642113,0.14527531,0.23475745,2021:12:23:14:31:17.880
7381,1640237477896,0.006391581,0.15433006,0.18548901,2021:12:23:14:31:17.896
7382,1640237477916,0.047670543,0.19401112,0.14048162,2021:12:23:14:31:17.916
7383,1640237477937,0.04074633,0.14980268,0.068576336,2021:12:23:14:31:17.937
7384,1640237477963,0.026365273,0.19374481,-0.020905796,2021:12:23:14:31:17.963
7385,1640237477978,-0.0074568447,0.16418374,-0.009454214,2021:12:23:14:31:17.978
7386,1640237477997,0.022370534,0.18415743,-0.06005423,2021:12:23:14:31:17.997
7387,1640237478018,0.019441059,0.21318586,-0.065646864,2021:12:23:14:31:18.018
7388,1640237478036,0.06950845,0.17616795,-0.06591318,2021:12:23:14:31:18.036
7389,1640237478063,0.20106849,0.18708691,-0.096805826,2021:12:23:14:31:18.063
7390,1640237478078,0.038349487,0.1719069,-0.14101426,2021:12:23:14:31:18.078
7391,1640237478097,-0.09480845,0.13968268,-0.18149427,2021:12:23:14:31:18.097
7392,1640237478116,0.026631588,0.16285217,-0.19001637,2021:12:23:14:31:18.116
7393,1640237478147,-0.053795807,0.13622057,-0.19720691,2021:12:23:14:31:18.147
7394,1640237478162,0.028762115,0.08961529,-0.21345218,2021:12:23:14:31:18.162
7395,1640237478180,0.100134775,0.08668582,-0.21797955,2021:12:23:14:31:18.180
7396,1640237478197,0.08282424,0.066712126,-0.1468732,2021:12:23:14:31:18.197
7397,1640237478215,-0.06684528,0.089082666,-0.11544793,2021:12:23:14:31:18.215
7398,1640237478235,-0.059122127,0.10559425,-0.17936374,2021:12:23:14:31:18.235
7399,1640237478263,-0.04340949,0.052064754,-0.25473115,2021:12:23:14:31:18.263
7400,1640237478279,0.046871595,0.07603318,-0.2909501,2021:12:23:14:31:18.279
7401,1640237478297,0.07723161,0.05552686,-0.27390587,2021:12:23:14:31:18.297
7402,1640237478316,0.08921582,-0.019840533,-0.2944122,2021:12:23:14:31:18.316
7403,1640237478337,0.08282424,0.0118510565,-0.31092378,2021:12:23:14:31:18.337
7404,1640237478364,-0.03808317,-0.049401596,-0.32370695,2021:12:23:14:31:18.364
7405,1640237478380,0.07749792,0.0038615803,-0.3394196,2021:12:23:14:31:18.380
7406,1640237478398,0.062317915,-0.119708985,-0.26485115,2021:12:23:14:31:18.398
7407,1640237478417,0.05299686,-0.08428898,-0.20999007,2021:12:23:14:31:18.417
7408,1640237478438,0.046871595,-0.11438267,-0.12610057,2021:12:23:14:31:18.438
7409,1640237478460,0.03302317,-0.111985825,-0.06032055,2021:12:23:14:31:18.460
7410,1640237478483,0.024234746,-0.09041424,0.047537386,2021:12:23:14:31:18.483
7411,1640237478500,-0.007989476,-0.09946898,0.114116356,2021:12:23:14:31:18.500
7412,1640237478516,-0.002396843,-0.05685844,0.111985825,2021:12:23:14:31:18.516
7413,1640237478547,-0.026098955,-0.1316932,0.11704583,2021:12:23:14:31:18.547
7414,1640237478563,0.00026631588,-0.07763108,0.09893635,2021:12:23:14:31:18.563
7415,1640237478580,-0.08042739,-0.085087925,0.13915005,2021:12:23:14:31:18.580
7416,1640237478597,-0.06072002,-0.04647212,0.1383511,2021:12:23:14:31:18.597
7417,1640237478615,-0.060986336,-0.02649843,0.12982899,2021:12:23:14:31:18.615
7418,1640237478632,-0.05113265,-0.022770008,0.12556794,2021:12:23:14:31:18.632
7419,1640237478663,-0.09161267,-0.013448952,0.12397004,2021:12:23:14:31:18.663
7420,1640237478677,-0.04261054,-0.03342264,0.07470161,2021:12:23:14:31:18.677
7421,1640237478695,0.00053263176,-0.03901528,0.06724476,2021:12:23:14:31:18.695
7422,1640237478715,0.019973692,-0.05366265,0.0762995,2021:12:23:14:31:18.715
7423,1640237478735,0.027430536,-0.07257108,0.0595216,2021:12:23:14:31:18.735
7424,1640237478762,0.09827056,-0.042477384,0.10799109,2021:12:23:14:31:18.762
7425,1640237478779,0.11691267,-0.03954791,0.20093533,2021:12:23:14:31:18.779
7426,1640237478796,-0.1006674,-0.053928968,0.23529008,2021:12:23:14:31:18.796
7427,1640237478819,0.023435798,0.058456335,0.34341434,2021:12:23:14:31:18.819
7428,1640237478836,0.06897581,0.066712126,0.38549224,2021:12:23:14:31:18.836
7429,1640237478862,0.010652635,0.001997369,0.3479417,2021:12:23:14:31:18.862
7430,1640237478879,-0.14620742,-0.02463422,0.36738276,2021:12:23:14:31:18.879
7431,1640237478899,0.29294747,0.1583248,0.36685014,2021:12:23:14:31:18.899
7432,1640237478917,0.12197267,0.088816345,0.24674167,2021:12:23:14:31:18.917
7433,1640237478938,-0.21997692,0.020905796,0.052597385,2021:12:23:14:31:18.938
7434,1640237478965,0.03435475,0.22676797,0.08828372,2021:12:23:14:31:18.965
7435,1640237478982,0.09587371,0.14527531,0.038482644,2021:12:23:14:31:18.982
7436,1640237478998,0.055393703,0.07044055,-0.028362641,2021:12:23:14:31:18.998
7437,1640237479018,-0.013848426,0.05499423,-0.016112112,2021:12:23:14:31:19.018
7438,1640237479036,0.074834764,0.036618434,-0.011052109,2021:12:23:14:31:19.036
7439,1640237479063,-0.02716422,0.067511074,0.055793177,2021:12:23:14:31:19.063
7440,1640237479079,-0.21172112,0.055793177,0.11092056,2021:12:23:14:31:19.079
7441,1640237479101,-0.0031957906,0.07257108,0.03821633,2021:12:23:14:31:19.101
7442,1640237479117,0.035952643,0.0062584234,0.08562055,2021:12:23:14:31:19.117
7443,1640237479136,-0.030892642,0.06138581,0.09414266,2021:12:23:14:31:19.136
7444,1640237479155,-0.08708529,0.077098444,0.056059495,2021:12:23:14:31:19.155
7445,1640237479180,-0.056725282,0.07789739,0.028628957,2021:12:23:14:31:19.180
7446,1640237479198,-0.06897581,0.053396333,0.03368896,2021:12:23:14:31:19.198
7447,1640237479216,-0.024767376,0.077364765,0.017177375,2021:12:23:14:31:19.216
7448,1640237479236,-0.028229482,0.066712126,0.008655266,2021:12:23:14:31:19.236
7449,1640237479262,-0.02716422,0.03928159,0.04008054,2021:12:23:14:31:19.262
7450,1640237479277,0.018642113,0.04540686,0.020639481,2021:12:23:14:31:19.277
7451,1640237479296,0.018908428,0.08535424,0.03928159,2021:12:23:14:31:19.296
7452,1640237479315,-0.052730545,0.09707214,0.024900535,2021:12:23:14:31:19.315
7453,1640237479337,-0.0055926335,0.12610057,-0.048602648,2021:12:23:14:31:19.337
7454,1640237479361,0.00026631588,0.10745846,-0.10612688,2021:12:23:14:31:19.361
7455,1640237479378,0.0013315794,0.06138581,-0.20333217,2021:12:23:14:31:19.378
7456,1640237479398,0.0050600017,0.07257108,-0.2659164,2021:12:23:14:31:19.398
7457,1640237479420,0.00053263176,0.06032055,-0.29148275,2021:12:23:14:31:19.420
7458,1640237479445,-0.010652635,0.010519478,-0.32397327,2021:12:23:14:31:19.445
7459,1640237479462,0.05113265,-0.015046847,-0.34394696,2021:12:23:14:31:19.462
7460,1640237479495,-0.016511586,-0.024367902,-0.33009854,2021:12:23:14:31:19.495
7461,1640237479513,0.05166528,-0.07843003,-0.25499746,2021:12:23:14:31:19.513
7462,1640237479535,0.04846949,-0.00039947382,-0.19933744,2021:12:23:14:31:19.535
7463,1640237479561,-0.018642113,-0.067511074,-0.13142689,2021:12:23:14:31:19.561
7464,1640237479577,0.033555802,-0.056592125,-0.12982899,2021:12:23:14:31:19.577
7465,1640237479594,0.031158958,-0.09254477,-0.12956268,2021:12:23:14:31:19.594
7466,1640237479617,0.015712637,-0.06191844,-0.098670036,2021:12:23:14:31:19.617
7467,1640237479636,0.008522108,-0.041678436,-0.06990792,2021:12:23:14:31:19.636
7468,1640237479661,0.06578002,-0.06351634,-0.06191844,2021:12:23:14:31:19.661
7469,1640237479679,0.01358211,-0.08402266,-0.06724476,2021:12:23:14:31:19.679
7470,1640237479697,-0.02130527,-0.035819486,-0.07283739,2021:12:23:14:31:19.697
7471,1640237479717,0.026365273,-0.056592125,-0.07097318,2021:12:23:14:31:19.717
7472,1640237479736,-0.024234746,-0.0914795,-0.12982899,2021:12:23:14:31:19.736
7473,1640237479766,0.029827379,-0.10852372,-0.15326479,2021:12:23:14:31:19.766
7474,1640237479778,-0.011984214,-0.12050793,-0.1266332,2021:12:23:14:31:19.778
7475,1640237479797,0.013315794,-0.14820479,-0.06990792,2021:12:23:14:31:19.797
7476,1640237479816,0.007190529,-0.12610057,-0.002263685,2021:12:23:14:31:19.816
7477,1640237479836,-0.00905474,-0.08721845,0.058722652,2021:12:23:14:31:19.836
7478,1640237479862,0.022903167,-0.1231711,0.10506161,2021:12:23:14:31:19.862
7479,1640237479878,0.06977476,-0.08056056,0.10745846,2021:12:23:14:31:19.878
7480,1640237479900,0.039947383,-0.10612688,0.19454375,2021:12:23:14:31:19.900
7481,1640237479916,-0.0452737,-0.114915304,0.19294585,2021:12:23:14:31:19.916
7482,1640237479943,-0.031957906,-0.08002792,0.18815216,2021:12:23:14:31:19.943
7483,1640237479959,-0.008522108,-0.077364765,0.21664797,2021:12:23:14:31:19.959
7484,1640237479979,-0.0015978953,-0.059787914,0.19267954,2021:12:23:14:31:19.979
7485,1640237479996,-0.041278962,-0.046205804,0.17243953,2021:12:23:14:31:19.996
7486,1640237480018,0.00079894764,-0.075234234,0.18575533,2021:12:23:14:31:20.018
7487,1640237480035,0.045540016,-0.08535424,0.14207952,2021:12:23:14:31:20.035
7488,1640237480060,-0.012783162,-0.09121319,0.11251846,2021:12:23:14:31:20.060
7489,1640237480077,0.027696852,-0.09334372,0.13701952,2021:12:23:14:31:20.077
7490,1640237480096,-0.027963167,-0.0914795,0.15725952,2021:12:23:14:31:20.096
7491,1640237480116,0.07536739,-0.043276332,0.18442374,2021:12:23:14:31:20.116
7492,1640237480137,0.02130527,-0.06644581,0.24434482,2021:12:23:14:31:20.137
7493,1640237480160,0.05885581,-0.034487907,0.25047007,2021:12:23:14:31:20.160
7494,1640237480177,0.007989476,-0.0009321056,0.29840696,2021:12:23:14:31:20.177
7495,1640237480197,-0.0034621065,0.0057257917,0.3311638,2021:12:23:14:31:20.197
7496,1640237480217,0.023169482,0.019574217,0.31012484,2021:12:23:14:31:20.217
7497,1640237480245,0.04074633,0.0041278964,0.3210438,2021:12:23:14:31:20.245
7498,1640237480261,-0.003994738,-0.026232114,0.302668,2021:12:23:14:31:20.261
7499,1640237480276,0.011984214,0.02463422,0.29547748,2021:12:23:14:31:20.276
7500,1640237480300,-0.06844318,0.027563693,0.3157175,2021:12:23:14:31:20.300
7501,1640237480318,-0.06285055,0.022770008,0.2992059,2021:12:23:14:31:20.318
7502,1640237480345,0.035153694,0.08402266,0.31891328,2021:12:23:14:31:20.345
7503,1640237480363,-0.016245268,0.05552686,0.32663643,2021:12:23:14:31:20.363
7504,1640237480379,-0.0013315794,0.057124756,0.31172273,2021:12:23:14:31:20.379
7505,1640237480400,-0.010652635,0.119975306,0.34181643,2021:12:23:14:31:20.400
7506,1640237480429,-0.04926844,0.11704583,0.31305432,2021:12:23:14:31:20.429
7507,1640237480442,-0.022104219,0.1231711,0.24354587,2021:12:23:14:31:20.442
7508,1640237480462,0.037284225,0.14607427,0.15752584,2021:12:23:14:31:20.462
7509,1640237480475,-0.039947383,0.12689951,0.114116356,2021:12:23:14:31:20.475
7510,1640237480497,0.086552665,0.15592794,0.05233107,2021:12:23:14:31:20.497
7511,1640237480518,-0.037816856,0.11944267,0.06005423,2021:12:23:14:31:20.518
7512,1640237480543,-0.043675803,0.15246584,0.019574217,2021:12:23:14:31:20.543
7513,1640237480561,-0.022903167,0.15406373,-0.0033289485,2021:12:23:14:31:20.561
7514,1640237480580,0.037284225,0.15539531,-0.016644742,2021:12:23:14:31:20.580
7515,1640237480596,-0.007190529,0.15619427,-0.09174582,2021:12:23:14:31:20.596
7516,1640237480619,-0.02902843,0.11251846,-0.12476899,2021:12:23:14:31:20.619
7517,1640237480642,0.029294748,0.11864372,-0.12343741,2021:12:23:14:31:20.642
7518,1640237480660,-0.015446321,0.07789739,-0.15539531,2021:12:23:14:31:20.660
7519,1640237480678,-0.035952643,0.07656582,-0.17616795,2021:12:23:14:31:20.678
7520,1640237480698,0.002130527,0.047537386,-0.16205321,2021:12:23:14:31:20.698
7521,1640237480718,0.06338318,0.023302639,-0.16311848,2021:12:23:14:31:20.718
7522,1640237480743,0.014381058,0.024367902,-0.12716584,2021:12:23:14:31:20.743
7523,1640237480761,0.037017908,0.0041278964,-0.07177213,2021:12:23:14:31:20.761
7524,1640237480779,0.13608742,-0.024101587,-0.027563693,2021:12:23:14:31:20.779
7525,1640237480797,0.028762115,0.020106848,0.015579479,2021:12:23:14:31:20.797
7526,1640237480815,0.015712637,0.03235738,0.08349003,2021:12:23:14:31:20.815
7527,1640237480834,-0.044741068,0.041678436,0.08775108,2021:12:23:14:31:20.834
7528,1640237480860,0.115581095,0.08162582,0.0712395,2021:12:23:14:31:20.860
7529,1640237480876,-0.0050600017,0.03928159,0.09520793,2021:12:23:14:31:20.876
7530,1640237480903,0.030892642,0.0981374,0.06218476,2021:12:23:14:31:20.903
7531,1640237480918,-0.0061252653,0.0981374,0.04647212,2021:12:23:14:31:20.918
7532,1640237480943,-0.0284958,0.11704583,0.010253161,2021:12:23:14:31:20.943
7533,1640237480960,0.0013315794,0.08562055,-0.0062584234,2021:12:23:14:31:20.960
7534,1640237480977,0.012783162,0.1231711,-0.059255283,2021:12:23:14:31:20.977
7535,1640237480995,-0.0061252653,0.0997353,-0.0645816,2021:12:23:14:31:20.995
7536,1640237481019,0.013315794,0.11438267,-0.0981374,2021:12:23:14:31:21.019
7537,1640237481044,-0.043675803,0.08002792,-0.094675295,2021:12:23:14:31:21.044
7538,1640237481060,0.023702113,0.096539505,-0.10772477,2021:12:23:14:31:21.060
7539,1640237481077,-0.013315794,0.1165132,-0.08402266,2021:12:23:14:31:21.077
7540,1640237481100,-0.0010652635,0.09547424,-0.057657387,2021:12:23:14:31:21.100
7541,1640237481119,0.009321056,0.07816371,-0.061652128,2021:12:23:14:31:21.119
7542,1640237481142,0.03542001,0.1047953,-0.022503693,2021:12:23:14:31:21.142
7543,1640237481161,-0.021837901,0.06884266,0.006524739,2021:12:23:14:31:21.161
7544,1640237481179,-0.041278962,0.09361003,-0.013448952,2021:12:23:14:31:21.179
7545,1640237481198,-0.03169159,0.10879004,-0.009986846,2021:12:23:14:31:21.198
7546,1640237481227,-0.036485277,0.11065425,-0.023835272,2021:12:23:14:31:21.227
7547,1640237481244,-0.05752423,0.09014793,-0.06085318,2021:12:23:14:31:21.244
7548,1640237481261,0.02077264,0.1047953,-0.083223715,2021:12:23:14:31:21.261
7549,1640237481277,-0.051398966,0.07363634,-0.09014793,2021:12:23:14:31:21.277
7550,1640237481302,-0.022903167,0.07283739,-0.15379742,2021:12:23:14:31:21.302
7551,1640237481344,0.010918951,0.05233107,-0.1583248,2021:12:23:14:31:21.344
7552,1640237481362,0.03621896,0.019041585,-0.1886848,2021:12:23:14:31:21.362
7553,1640237481376,0.059654757,0.03235738,-0.2020006,2021:12:23:14:31:21.376
7554,1640237481394,0.09667266,0.012117373,-0.1332911,2021:12:23:14:31:21.394
7555,1640237481419,-0.03941475,-0.009986846,-0.07869634,2021:12:23:14:31:21.419
7556,1640237481442,0.018375795,0.04061317,-0.058722652,2021:12:23:14:31:21.442
7557,1640237481461,-0.10812425,0.020639481,-0.031292114,2021:12:23:14:31:21.461
7558,1640237481477,0.006391581,0.05819002,-0.028096326,2021:12:23:14:31:21.477
7559,1640237481499,-0.016511586,0.04540686,-0.0030626326,2021:12:23:14:31:21.499
7560,1640237481518,0.03488738,-0.00519316,-0.057657387,2021:12:23:14:31:21.518
7561,1640237481543,0.016511586,-0.02463422,-0.048868965,2021:12:23:14:31:21.543
7562,1640237481558,-0.071905285,-0.06351634,-0.028096326,2021:12:23:14:31:21.558
7563,1640237481577,-0.029827379,-0.008122634,0.0017310532,2021:12:23:14:31:21.577
7564,1640237481597,0.023968428,-0.009454214,0.010253161,2021:12:23:14:31:21.597
7565,1640237481627,0.037284225,-0.05499423,0.024101587,2021:12:23:14:31:21.627
7566,1640237481642,0.06844318,-0.03874896,-0.00519316,2021:12:23:14:31:21.642
7567,1640237481662,0.026631588,-0.04194475,0.011318425,2021:12:23:14:31:21.662
7568,1640237481677,-0.021837901,-0.08002792,0.04141212,2021:12:23:14:31:21.677
7569,1640237481710,-0.013848426,-0.051265806,0.02197106,2021:12:23:14:31:21.710
7570,1640237481716,0.04287686,-0.043808963,0.016644742,2021:12:23:14:31:21.716
7571,1640237481741,0.045540016,-0.06910897,0.0027963168,2021:12:23:14:31:21.741
7572,1640237481758,-0.01038632,-0.05179844,0.03874896,2021:12:23:14:31:21.758
7573,1640237481775,-0.026631588,-0.030493168,0.12397004,2021:12:23:14:31:21.775
7574,1640237481795,-0.07084002,-0.037683696,0.1468732,2021:12:23:14:31:21.795
7575,1640237481818,-0.015978953,-0.012117373,0.1434111,2021:12:23:14:31:21.818
7576,1640237481842,0.064182125,0.019574217,0.19081533,2021:12:23:14:31:21.842
7577,1640237481860,0.07030739,0.0038615803,0.17137428,2021:12:23:14:31:21.860
7578,1640237481877,-0.09693898,0.0009321056,0.12743215,2021:12:23:14:31:21.877
7579,1640237481898,0.0122505305,0.038482644,0.10879004,2021:12:23:14:31:21.898
7580,1640237481919,0.053529494,0.009720529,0.090946876,2021:12:23:14:31:21.919
7581,1640237481943,0.00452737,0.0017310532,0.043276332,2021:12:23:14:31:21.943
7582,1640237481960,0.044208437,0.03874896,0.0070573706,2021:12:23:14:31:21.960
7583,1640237481977,0.011984214,0.024101587,-0.030493168,2021:12:23:14:31:21.977
7584,1640237481998,0.029561063,0.035819486,-0.061652128,2021:12:23:14:31:21.998
7585,1640237482019,-0.075900026,0.020639481,-0.092811085,2021:12:23:14:31:22.019
7586,1640237482044,-0.041278962,0.008921582,-0.14021531,2021:12:23:14:31:22.044
7587,1640237482061,0.0061252653,0.024367902,-0.18948375,2021:12:23:14:31:22.061
7588,1640237482078,0.018642113,0.0142479,-0.17483638,2021:12:23:14:31:22.078
7589,1640237482110,0.016511586,0.013182636,-0.20919113,2021:12:23:14:31:22.110
7590,1640237482117,-0.017044216,-0.023302639,-0.24860588,2021:12:23:14:31:22.117
7591,1640237482141,-0.07909582,-0.04727107,-0.22969745,2021:12:23:14:31:22.141
7592,1640237482161,0.024767376,-0.020373166,-0.23342587,2021:12:23:14:31:22.161
7593,1640237482176,0.00053263176,-0.09494161,-0.18548901,2021:12:23:14:31:22.176
7594,1640237482194,0.041012645,-0.011584741,-0.14873742,2021:12:23:14:31:22.194
7595,1640237482214,-0.026098955,-0.049934227,-0.06990792,2021:12:23:14:31:22.214
7596,1640237482241,-0.1241032,-0.07683213,-0.06218476,2021:12:23:14:31:22.241
7597,1640237482260,0.024234746,-0.056592125,-0.119708985,2021:12:23:14:31:22.260
7598,1640237482277,0.027963167,-0.0981374,-0.0661795,2021:12:23:14:31:22.277
7599,1640237482296,0.047137912,-0.07816371,0.0017310532,2021:12:23:14:31:22.296
7600,1640237482315,0.039947383,-0.10772477,-0.020106848,2021:12:23:14:31:22.315
7601,1640237482343,0.002396843,-0.09574056,-0.0712395,2021:12:23:14:31:22.343
7602,1640237482357,-0.021837901,-0.10932267,-0.054727912,2021:12:23:14:31:22.357
7603,1640237482376,0.013315794,-0.113051094,-0.012650005,2021:12:23:14:31:22.376
7604,1640237482397,0.06498107,-0.085087925,0.03688475,2021:12:23:14:31:22.397
7605,1640237482418,0.054861072,-0.08855003,0.06591318,2021:12:23:14:31:22.418
7606,1640237482443,-0.003994738,-0.09787109,0.082957394,2021:12:23:14:31:22.443
7607,1640237482461,0.015712637,-0.08721845,0.07603318,2021:12:23:14:31:22.461
7608,1640237482477,-0.00452737,-0.050999492,0.050466858,2021:12:23:14:31:22.477
7609,1640237482509,0.006391581,-0.06325002,0.053928968,2021:12:23:14:31:22.509
7610,1640237482527,-0.032756854,-0.068576336,0.037683696,2021:12:23:14:31:22.527
7611,1640237482544,-0.016777901,-0.07416897,0.010519478,2021:12:23:14:31:22.544
7612,1640237482558,-0.07084002,-0.10133319,0.008655266,2021:12:23:14:31:22.558
7613,1640237482579,-0.031425275,-0.066712126,-0.006524739,2021:12:23:14:31:22.579
7614,1640237482599,0.006924213,-0.04913528,0.042743698,2021:12:23:14:31:22.599
7615,1640237482627,-0.045007385,-0.059255283,0.077364765,2021:12:23:14:31:22.627
7616,1640237482643,0.022903167,-0.06431528,0.08961529,2021:12:23:14:31:22.643
7617,1640237482659,0.035952643,-0.04647212,0.15379742,2021:12:23:14:31:22.659
7618,1640237482673,0.041012645,-0.015579479,0.22969745,2021:12:23:14:31:22.673
7619,1640237482697,-0.009587372,-0.029960537,0.22250693,2021:12:23:14:31:22.697
7620,1640237482716,0.0034621065,-0.0041278964,0.19987006,2021:12:23:14:31:22.716
7621,1640237482742,0.028229482,0.0035952644,0.2675143,2021:12:23:14:31:22.742
7622,1640237482757,-0.04074633,0.007856319,0.30639642,2021:12:23:14:31:22.757
7623,1640237482775,0.02530001,0.069375284,0.3247722,2021:12:23:14:31:22.775
7624,1640237482796,0.02530001,0.058456335,0.3615238,2021:12:23:14:31:22.796
7625,1640237482816,-0.0029294747,0.06884266,0.31758168,2021:12:23:14:31:22.816
7626,1640237482841,0.041012645,0.104262665,0.32024485,2021:12:23:14:31:22.841
7627,1640237482862,-0.027963167,0.07496792,0.29734167,2021:12:23:14:31:22.862
7628,1640237482881,0.018642113,0.12796478,0.26511747,2021:12:23:14:31:22.881
7629,1640237482899,-0.0284958,0.10586056,0.28668904,2021:12:23:14:31:22.899
7630,1640237482923,-0.0037284223,0.16498269,0.21478376,2021:12:23:14:31:22.923
7631,1640237482940,0.007190529,0.17323849,0.16817848,2021:12:23:14:31:22.940
7632,1640237482960,-0.025566325,0.19321217,0.096539505,2021:12:23:14:31:22.960
7633,1640237482978,-0.003994738,0.21185428,0.020639481,2021:12:23:14:31:22.978
7634,1640237482999,-0.032224223,0.1668469,-0.043010015,2021:12:23:14:31:22.999
7635,1640237483024,-0.002130527,0.19507638,-0.12929636,2021:12:23:14:31:23.024
7636,1640237483056,0.055393703,0.20466375,-0.13861741,2021:12:23:14:31:23.056
7637,1640237483075,0.0074568447,0.18735322,-0.14660689,2021:12:23:14:31:23.075
7638,1640237483079,-0.02583264,0.20146796,-0.17217322,2021:12:23:14:31:23.079
7639,1640237483109,-0.022370534,0.19987006,-0.17776585,2021:12:23:14:31:23.109
7640,1640237483141,0.016511586,0.170309,-0.20493007,2021:12:23:14:31:23.141
7641,1640237483154,0.01358211,0.15086795,-0.23928481,2021:12:23:14:31:23.154
7642,1640237483176,0.0077231606,0.13888372,-0.22543639,2021:12:23:14:31:23.176
7643,1640237483196,-0.0061252653,0.12343741,-0.25366586,2021:12:23:14:31:23.196
7644,1640237483226,-0.04154528,0.115980566,-0.28029746,2021:12:23:14:31:23.226
7645,1640237483241,0.015978953,0.105327934,-0.26804695,2021:12:23:14:31:23.241
7646,1640237483258,-0.009853687,0.051532123,-0.27363956,2021:12:23:14:31:23.258
7647,1640237483279,0.014114741,0.045140542,-0.3045322,2021:12:23:14:31:23.279
7648,1640237483280,0.02530001,-0.0041278964,-0.29867327,2021:12:23:14:31:23.280
7649,1640237483308,0.038349487,-0.00039947382,-0.32530484,2021:12:23:14:31:23.308
7650,1640237483341,0.009321056,-0.015313163,-0.34874064,2021:12:23:14:31:23.341
7651,1640237483360,0.010652635,-0.0544616,-0.35752907,2021:12:23:14:31:23.360
7652,1640237483380,0.02263685,-0.03928159,-0.3615238,2021:12:23:14:31:23.380
7653,1640237483397,-0.030626327,-0.06644581,-0.2912164,2021:12:23:14:31:23.397
7654,1640237483418,0.025033694,-0.07044055,-0.23635535,2021:12:23:14:31:23.418
7655,1640237483443,0.086552665,-0.07257108,-0.16205321,2021:12:23:14:31:23.443
7656,1640237483461,-0.0055926335,-0.07416897,-0.09547424,2021:12:23:14:31:23.461
7657,1640237483477,0.06018739,-0.07070687,-0.1098553,2021:12:23:14:31:23.477
7658,1640237483510,0.002396843,-0.09920266,-0.1031974,2021:12:23:14:31:23.510
7659,1640237483523,-0.054062124,-0.113051094,-0.12929636,2021:12:23:14:31:23.523
7660,1640237483542,0.031425275,-0.14873742,-0.16604795,2021:12:23:14:31:23.542
7661,1640237483557,0.054062124,-0.13568795,-0.1516669,2021:12:23:14:31:23.557
7662,1640237483576,0.015180005,-0.17457005,-0.13861741,2021:12:23:14:31:23.576
7663,1640237483594,0.037816856,-0.1886848,-0.12397004,2021:12:23:14:31:23.594
7664,1640237483623,0.06285055,-0.20439744,-0.0981374,2021:12:23:14:31:23.623
7665,1640237483640,0.06578002,-0.18149427,-0.10080056,2021:12:23:14:31:23.640
7666,1640237483658,-0.019707374,-0.20306586,-0.102398455,2021:12:23:14:31:23.658
7667,1640237483676,-0.029827379,-0.2627206,-0.066712126,2021:12:23:14:31:23.676
7668,1640237483698,0.06604634,-0.170309,-0.057124756,2021:12:23:14:31:23.698
7669,1640237483723,-0.028229482,-0.2675143,0.007323687,2021:12:23:14:31:23.723
7670,1640237483739,0.03621896,-0.21425113,0.035286855,2021:12:23:14:31:23.739
7671,1640237483759,-0.0053263176,-0.21318586,0.096539505,2021:12:23:14:31:23.759
7672,1640237483779,-0.10705899,-0.21584903,0.17670059,2021:12:23:14:31:23.779
7673,1640237483799,0.002396843,-0.1969406,0.24114902,2021:12:23:14:31:23.799
7674,1640237483823,-0.009321056,-0.1868206,0.30852696,2021:12:23:14:31:23.823
7675,1640237483840,-0.007989476,-0.16924374,0.32503852,2021:12:23:14:31:23.840
7676,1640237483861,-0.026098955,-0.15219952,0.32983223,2021:12:23:14:31:23.861
7677,1640237483878,0.02077264,-0.10266477,0.36418697,2021:12:23:14:31:23.878
7678,1640237483908,-0.058589496,-0.07310371,0.39747646,2021:12:23:14:31:23.908
7679,1640237483924,-0.0452737,-0.03928159,0.40759647,2021:12:23:14:31:23.924
7680,1640237483940,-0.019973692,-0.012383688,0.42064592,2021:12:23:14:31:23.940
7681,1640237483959,-0.0013315794,0.06591318,0.39880803,2021:12:23:14:31:23.959
7682,1640237483979,-0.019707374,0.06005423,0.38389435,2021:12:23:14:31:23.979
7683,1640237483999,0.011984214,0.08588687,0.338088,2021:12:23:14:31:23.999
7684,1640237484026,0.015712637,0.11518162,0.2922817,2021:12:23:14:31:24.026
7685,1640237484045,-0.008255793,0.11331741,0.24647535,2021:12:23:14:31:24.045
7686,1640237484058,-0.030093694,0.111985825,0.19640796,2021:12:23:14:31:24.058
7687,1640237484075,0.024234746,0.15299848,0.16072163,2021:12:23:14:31:24.075
7688,1640237484098,-0.017843165,0.13435636,0.13915005,2021:12:23:14:31:24.098
7689,1640237484118,0.059122127,0.18575533,0.082957394,2021:12:23:14:31:24.118
7690,1640237484144,-0.0101200035,0.20546271,0.06511423,2021:12:23:14:31:24.144
7691,1640237484159,0.016777901,0.22037639,0.0006657897,2021:12:23:14:31:24.159
7692,1640237484177,0.044208437,0.22943114,-0.051265806,2021:12:23:14:31:24.177
7693,1640237484195,0.034088433,0.18309216,-0.12929636,2021:12:23:14:31:24.195
7694,1640237484219,0.08628634,0.18309216,-0.18895112,2021:12:23:14:31:24.219
7695,1640237484244,-0.00079894764,0.15140058,-0.20093533,2021:12:23:14:31:24.244
7696,1640237484262,0.00452737,0.14634058,-0.23529008,2021:12:23:14:31:24.262
7697,1640237484279,-0.044208437,0.13622057,-0.2155827,2021:12:23:14:31:24.279
7698,1640237484306,0.025566325,0.12929636,-0.20120165,2021:12:23:14:31:24.306
7699,1640237484322,0.04926844,0.07683213,-0.21771324,2021:12:23:14:31:24.322
7700,1640237484339,0.01038632,0.008122634,-0.27443853,2021:12:23:14:31:24.339
7701,1640237484358,0.0029294747,-0.0025300009,-0.28003114,2021:12:23:14:31:24.358
7702,1640237484380,-0.0029294747,-0.08375634,-0.23342587,2021:12:23:14:31:24.380
7703,1640237484406,-0.012516847,-0.08615319,-0.20519638,2021:12:23:14:31:24.406
7704,1640237484423,0.05566002,-0.077098444,-0.1735048,2021:12:23:14:31:24.423
7705,1640237484438,-0.0034621065,-0.12903005,-0.11864372,2021:12:23:14:31:24.438
7706,1640237484456,-0.008788424,-0.15033531,-0.046205804,2021:12:23:14:31:24.456
7707,1640237484475,-0.019973692,-0.1351553,0.035286855,2021:12:23:14:31:24.475
7708,1640237484497,-0.002130527,-0.14607427,0.113051094,2021:12:23:14:31:24.497
7709,1640237484524,-0.026365273,-0.14421006,0.1617869,2021:12:23:14:31:24.524
7710,1640237484537,-0.04980107,-0.14048162,0.22037639,2021:12:23:14:31:24.537
7711,1640237484557,0.0058589494,-0.09920266,0.2922817,2021:12:23:14:31:24.557
7712,1640237484576,-0.0029294747,-0.11065425,0.34394696,2021:12:23:14:31:24.576
7713,1640237484596,-0.048203174,-0.06404897,0.32716906,2021:12:23:14:31:24.596
7714,1640237484622,-0.0018642112,-0.07044055,0.3295659,2021:12:23:14:31:24.622
7715,1640237484638,0.02263685,-0.07576687,0.2909501,2021:12:23:14:31:24.638
7716,1640237484659,-0.015712637,-0.052597385,0.2675143,2021:12:23:14:31:24.659
7717,1640237484680,-0.07430213,-0.037151065,0.23955114,2021:12:23:14:31:24.680
7718,1640237484705,0.049534753,-0.023835272,0.21451744,2021:12:23:14:31:24.705
7719,1640237484724,0.027696852,-0.0075900024,0.17084163,2021:12:23:14:31:24.724
7720,1640237484738,-0.022370534,-0.012117373,0.14101426,2021:12:23:14:31:24.738
7721,1640237484759,0.006391581,0.022237375,0.098403715,2021:12:23:14:31:24.759
7722,1640237484782,0.09108003,0.021704745,0.09733845,2021:12:23:14:31:24.782
7723,1640237484823,0.060453705,0.009986846,0.055793177,2021:12:23:14:31:24.823
7724,1640237484840,-0.011185267,0.053928968,-0.0011984215,2021:12:23:14:31:24.840
7725,1640237484842,0.02077264,0.017976321,0.0070573706,2021:12:23:14:31:24.842
7726,1640237484858,0.09454214,0.044874225,-0.06724476,2021:12:23:14:31:24.858
7727,1640237484894,0.006391581,0.09627319,-0.09574056,2021:12:23:14:31:24.894
7728,1640237484923,-0.055127386,0.073370025,-0.094675295,2021:12:23:14:31:24.923
7729,1640237484938,-0.029294748,0.074435286,-0.119975306,2021:12:23:14:31:24.938
7730,1640237484957,0.014381058,0.029960537,-0.14740583,2021:12:23:14:31:24.957
7731,1640237484975,-0.0010652635,0.07097318,-0.139949,2021:12:23:14:31:24.975
7732,1640237484996,0.076698974,0.07044055,-0.067777395,2021:12:23:14:31:24.996
7733,1640237485023,0.008522108,0.08082687,-0.06724476,2021:12:23:14:31:25.023
7734,1640237485040,-0.03808317,0.11917636,-0.0981374,2021:12:23:14:31:25.040
7735,1640237485059,-0.0956074,0.08668582,-0.057391074,2021:12:23:14:31:25.059
7736,1640237485075,-0.021837901,0.09707214,-0.07017423,2021:12:23:14:31:25.075
7737,1640237485105,0.10439582,0.11837741,-0.07683213,2021:12:23:14:31:25.105
7738,1640237485123,-0.02716422,0.098670036,-0.06697845,2021:12:23:14:31:25.123
7739,1640237485140,-0.047670543,0.14713952,-0.043808963,2021:12:23:14:31:25.140
7740,1640237485156,-0.02583264,0.120774254,-0.0057257917,2021:12:23:14:31:25.156
7741,1640237485178,-0.019707374,0.14820479,-0.03235738,2021:12:23:14:31:25.178
7742,1640237485206,0.0,0.1031974,-0.036352117,2021:12:23:14:31:25.206
7743,1640237485223,0.0053263176,0.16231953,-0.06218476,2021:12:23:14:31:25.223
7744,1640237485240,-0.02263685,0.08455529,-0.026764747,2021:12:23:14:31:25.240
7745,1640237485258,-0.003994738,0.16045532,-0.07070687,2021:12:23:14:31:25.258
7746,1640237485278,-0.056458965,0.14820479,-0.035020538,2021:12:23:14:31:25.278
7747,1640237485306,0.006924213,0.11438267,-0.0645816,2021:12:23:14:31:25.306
7748,1640237485322,-0.01038632,0.14128058,-0.10293109,2021:12:23:14:31:25.322
7749,1640237485340,-0.04846949,0.12130688,-0.0880174,2021:12:23:14:31:25.340
7750,1640237485355,0.017843165,0.14074795,-0.10506161,2021:12:23:14:31:25.355
7751,1640237485374,-0.002396843,0.11065425,-0.097604774,2021:12:23:14:31:25.374
7752,1640237485395,0.035153694,0.1300953,-0.10665951,2021:12:23:14:31:25.395
7753,1640237485422,0.025033694,0.1284974,-0.15406373,2021:12:23:14:31:25.422
7754,1640237485440,-0.017044216,0.1165132,-0.20466375,2021:12:23:14:31:25.440
7755,1640237485459,-0.021571586,0.12130688,-0.26778063,2021:12:23:14:31:25.459
7756,1640237485477,-0.0058589494,0.11677951,-0.31172273,2021:12:23:14:31:25.477
7757,1640237485499,0.03568633,0.086952135,-0.37244275,2021:12:23:14:31:25.499
7758,1640237485526,0.0055926335,0.05366265,-0.42623857,2021:12:23:14:31:25.526
7759,1640237485544,0.007190529,0.021172112,-0.42783648,2021:12:23:14:31:25.544
7760,1640237485560,0.07084002,0.014780532,-0.38282907,2021:12:23:14:31:25.560
7761,1640237485580,0.044741068,-0.051532123,-0.38868803,2021:12:23:14:31:25.580
7762,1640237485598,0.023435798,-0.07203845,-0.35380065,2021:12:23:14:31:25.598
7763,1640237485625,0.0452737,-0.08988161,-0.25153536,2021:12:23:14:31:25.625
7764,1640237485643,0.06551371,-0.10159951,-0.15273216,2021:12:23:14:31:25.643
7765,1640237485661,0.03621896,-0.111985825,-0.1567269,2021:12:23:14:31:25.661
7766,1640237485677,-0.00079894764,-0.15779217,-0.13089426,2021:12:23:14:31:25.677
7767,1640237485701,0.01038632,-0.13915005,-0.035020538,2021:12:23:14:31:25.701
7768,1640237485724,0.023169482,-0.13915005,0.052863702,2021:12:23:14:31:25.724
7769,1640237485739,0.009853687,-0.14554162,0.15539531,2021:12:23:14:31:25.739
7770,1640237485756,-0.021837901,-0.110121615,0.2323606,2021:12:23:14:31:25.756
7771,1640237485774,0.008788424,-0.10958899,0.27843326,2021:12:23:14:31:25.774
7772,1640237485795,-0.029561063,-0.12290478,0.27363956,2021:12:23:14:31:25.795
7773,1640237485824,-0.055127386,-0.09627319,0.29334694,2021:12:23:14:31:25.824
7774,1640237485839,-0.017044216,-0.06697845,0.27284062,2021:12:23:14:31:25.839
7775,1640237485858,0.017044216,-0.07283739,0.23502377,2021:12:23:14:31:25.858
7776,1640237485877,-0.07723161,-0.052597385,0.18069533,2021:12:23:14:31:25.877
7777,1640237485904,0.016777901,-0.026764747,0.14234585,2021:12:23:14:31:25.904
7778,1640237485920,-0.04926844,-0.035819486,0.10293109,2021:12:23:14:31:25.920
7779,1640237485939,0.014647374,-0.026232114,0.016644742,2021:12:23:14:31:25.939
7780,1640237485958,0.03169159,-0.009454214,-0.013715268,2021:12:23:14:31:25.958
7781,1640237485980,0.018375795,-0.02197106,-0.069641605,2021:12:23:14:31:25.980
7782,1640237486004,0.036485277,-0.038482644,-0.124502674,2021:12:23:14:31:26.004
7783,1640237486020,-0.02077264,-0.048070017,-0.1250353,2021:12:23:14:31:26.020
7784,1640237486039,-0.035952643,-0.03821633,-0.10905635,2021:12:23:14:31:26.039
7785,1640237486061,0.03036001,-0.040346857,-0.14207952,2021:12:23:14:31:26.061
7786,1640237486078,-0.0013315794,-0.043010015,-0.15086795,2021:12:23:14:31:26.078
7787,1640237486102,0.04261054,-0.09547424,-0.18309216,2021:12:23:14:31:26.102
7788,1640237486121,0.052464228,-0.082957394,-0.23635535,2021:12:23:14:31:26.121
7789,1640237486137,0.02077264,-0.124502674,-0.1700427,2021:12:23:14:31:26.137
7790,1640237486155,0.017044216,-0.11944267,-0.1567269,2021:12:23:14:31:26.155
7791,1640237486176,0.015180005,-0.11358372,-0.12689951,2021:12:23:14:31:26.176
7792,1640237486195,0.024767376,-0.1215732,-0.085087925,2021:12:23:14:31:26.195
7793,1640237486221,-0.048735805,-0.10879004,-0.07949529,2021:12:23:14:31:26.221
7794,1640237486237,0.049002122,-0.08029424,-0.036085803,2021:12:23:14:31:26.237
7795,1640237486258,0.03621896,-0.05685844,-0.050466858,2021:12:23:14:31:26.258
7796,1640237486276,0.013848426,-0.07683213,-0.07257108,2021:12:23:14:31:26.276
7797,1640237486299,-0.024234746,-0.049667913,-0.07177213,2021:12:23:14:31:26.299
7798,1640237486325,0.020240007,-0.09627319,-0.057657387,2021:12:23:14:31:26.325
7799,1640237486342,0.034088433,-0.11464899,-0.09414266,2021:12:23:14:31:26.342
7800,1640237486356,-0.00905474,-0.107192144,-0.10506161,2021:12:23:14:31:26.356
7801,1640237486376,0.049002122,-0.10586056,-0.044874225,2021:12:23:14:31:26.376
7802,1640237486397,0.023435798,-0.09494161,-0.030759484,2021:12:23:14:31:26.397
7803,1640237486421,-0.04074633,-0.06990792,0.0017310532,2021:12:23:14:31:26.421
7804,1640237486441,0.00026631588,-0.058722652,0.044075277,2021:12:23:14:31:26.441
7805,1640237486458,-0.03755054,-0.052597385,0.04194475,2021:12:23:14:31:26.458
7806,1640237486478,-0.06977476,-0.09414266,0.019574217,2021:12:23:14:31:26.478
7807,1640237486503,0.023968428,-0.07363634,0.10852372,2021:12:23:14:31:26.503
7808,1640237486522,0.006657897,-0.041145805,0.15219952,2021:12:23:14:31:26.522
7809,1640237486539,-0.013848426,-0.056592125,0.16498269,2021:12:23:14:31:26.539
7810,1640237486558,-0.02716422,-0.04913528,0.17430374,2021:12:23:14:31:26.558
7811,1640237486587,-0.006391581,-0.024101587,0.19134796,2021:12:23:14:31:26.587
7812,1640237486604,-0.033555802,-0.0142479,0.15379742,2021:12:23:14:31:26.604
7813,1640237486620,0.014114741,0.015845794,0.15193321,2021:12:23:14:31:26.620
7814,1640237486657,-0.029561063,0.025699483,0.16152059,2021:12:23:14:31:26.657
7815,1640237486674,0.015180005,0.034754224,0.12929636,2021:12:23:14:31:26.674
7816,1640237486703,0.027963167,0.04593949,0.1282311,2021:12:23:14:31:26.703
7817,1640237486719,0.02530001,0.032091063,0.13249215,2021:12:23:14:31:26.719
7818,1640237486736,0.018375795,0.029960537,0.108257405,2021:12:23:14:31:26.736
7819,1640237486756,0.026365273,0.071505815,0.13915005,2021:12:23:14:31:26.756
7820,1640237486778,0.0452737,0.042743698,0.13755216,2021:12:23:14:31:26.778
7821,1640237486803,0.04980107,0.117844775,0.07283739,2021:12:23:14:31:26.803
7822,1640237486821,-0.019707374,0.081093185,0.09254477,2021:12:23:14:31:26.821
7823,1640237486838,0.04314317,0.12956268,0.034487907,2021:12:23:14:31:26.838
7824,1640237486858,0.019174743,0.13036162,0.0083889505,2021:12:23:14:31:26.858
7825,1640237486879,0.0029294747,0.09440898,-0.05419528,2021:12:23:14:31:26.879
7826,1640237486903,0.057257913,0.1300953,-0.043808963,2021:12:23:14:31:26.903
7827,1640237486917,0.030892642,0.11331741,-0.04540686,2021:12:23:14:31:26.917
7828,1640237486939,0.009853687,0.10346372,-0.12024162,2021:12:23:14:31:26.939
7829,1640237486957,-0.04394212,0.07230476,-0.10559425,2021:12:23:14:31:26.957
7830,1640237486981,-0.014913689,0.08455529,-0.08269108,2021:12:23:14:31:26.981
7831,1640237487006,0.057790548,0.08162582,-0.113051094,2021:12:23:14:31:27.006
7832,1640237487022,-0.38456014,-0.13488899,-0.28509116,2021:12:23:14:31:27.022
7833,1640237487038,0.27883273,0.15539531,-0.030759484,2021:12:23:14:31:27.038
7834,1640237487070,0.10599372,0.07949529,-0.07230476,2021:12:23:14:31:27.070
7835,1640237487084,0.12783162,-0.17616795,-0.26112273,2021:12:23:14:31:27.084
7836,1640237487106,-0.07084002,-0.09387635,-0.155129,2021:12:23:14:31:27.106
7837,1640237487120,-0.1307611,-0.13409005,-0.009187898,2021:12:23:14:31:27.120
7838,1640237487137,0.016245268,-0.034754224,0.10958899,2021:12:23:14:31:27.137
7839,1640237487155,-0.05219791,-0.07470161,0.06884266,2021:12:23:14:31:27.155
7840,1640237487177,-0.1291632,-0.10559425,0.059255283,2021:12:23:14:31:27.177
7841,1640237487195,0.20240007,0.01744369,0.17936374,2021:12:23:14:31:27.195
7842,1640237487221,-0.38775593,-0.0544616,0.19507638,2021:12:23:14:31:27.221
7843,1640237487239,-0.06338318,0.0645816,0.3061301,2021:12:23:14:31:27.239
7844,1640237487258,-0.052730545,0.012117373,0.21957745,2021:12:23:14:31:27.258
7845,1640237487278,0.042344224,-0.023568956,0.1332911,2021:12:23:14:31:27.278
7846,1640237487302,0.046338964,0.06005423,0.21691428,2021:12:23:14:31:27.302
7847,1640237487320,0.23089586,0.18761954,0.25845957,2021:12:23:14:31:27.320
7848,1640237487338,0.08628634,0.14873742,0.14207952,2021:12:23:14:31:27.338
7849,1640237487359,0.00079894764,0.13622057,-0.06351634,2021:12:23:14:31:27.359
7850,1640237487386,-0.2364885,0.1231711,-0.111985825,2021:12:23:14:31:27.386
7851,1640237487402,0.15499584,0.09014793,-0.19294585,2021:12:23:14:31:27.402
7852,1640237487419,0.19574217,0.1785648,-0.3290333,2021:12:23:14:31:27.419
7853,1640237487437,-0.157659,0.0049268436,-0.4238417,2021:12:23:14:31:27.437
7854,1640237487462,0.072970554,0.11278477,-0.455267,2021:12:23:14:31:27.462
7855,1640237487486,-0.029294748,0.05179844,-0.3716438,2021:12:23:14:31:27.486
7856,1640237487502,-0.12516846,0.020905796,-0.41079226,2021:12:23:14:31:27.502
7857,1640237487519,-0.096140034,0.03289001,-0.3359575,2021:12:23:14:31:27.519
7858,1640237487537,0.04340949,-0.02783001,-0.30639642,2021:12:23:14:31:27.537
7859,1640237487555,0.2567285,0.035020538,-0.30506483,2021:12:23:14:31:27.555
7860,1640237487575,-0.14620742,0.06831002,-0.1934785,2021:12:23:14:31:27.575
7861,1640237487602,-0.032224223,0.07656582,-0.16072163,2021:12:23:14:31:27.602
7862,1640237487621,-0.08415582,0.03342264,-0.29547748,2021:12:23:14:31:27.621
7863,1640237487637,-0.026365273,-0.035286855,-0.4001396,2021:12:23:14:31:27.637
7864,1640237487656,0.094275825,-0.06538055,-0.31651643,2021:12:23:14:31:27.656
7865,1640237487677,-0.009853687,-0.019840533,-0.25845957,2021:12:23:14:31:27.677
7866,1640237487702,0.05113265,-0.020373166,-0.2845585,2021:12:23:14:31:27.702
7867,1640237487719,-0.031957906,-0.06032055,-0.30053747,2021:12:23:14:31:27.719
7868,1640237487738,-0.031957906,-0.10000161,-0.31864694,2021:12:23:14:31:27.738
7869,1640237487756,0.031158958,-0.10559425,-0.33409327,2021:12:23:14:31:27.756
7870,1640237487780,0.015446321,-0.14793848,-0.37004593,2021:12:23:14:31:27.780
7871,1640237487807,0.045007385,-0.19081533,-0.3798996,2021:12:23:14:31:27.807
7872,1640237487822,0.023968428,-0.21957745,-0.33356065,2021:12:23:14:31:27.822
7873,1640237487838,0.045007385,-0.23262691,-0.25419852,2021:12:23:14:31:27.838
7874,1640237487859,0.092145294,-0.22437114,-0.14367741,2021:12:23:14:31:27.859
7875,1640237487883,0.044741068,-0.24434482,-0.09174582,2021:12:23:14:31:27.883
7876,1640237487903,-0.021038955,-0.28855327,-0.02916159,2021:12:23:14:31:27.903
7877,1640237487920,0.012783162,-0.3013364,0.08029424,2021:12:23:14:31:27.920
7878,1640237487940,0.011984214,-0.2856238,0.12929636,2021:12:23:14:31:27.940
7879,1640237487959,0.045540016,-0.26618272,0.19640796,2021:12:23:14:31:27.959
7880,1640237487975,0.0058589494,-0.25446483,0.2725743,2021:12:23:14:31:27.975
7881,1640237488001,-0.020506322,-0.23475745,0.3079943,2021:12:23:14:31:28.001
7882,1640237488020,-0.029294748,-0.19853848,0.3868238,2021:12:23:14:31:28.020
7883,1640237488037,-0.041811593,-0.19853848,0.4318312,2021:12:23:14:31:28.037
7884,1640237488058,-0.017310532,-0.18415743,0.41212383,2021:12:23:14:31:28.058
7885,1640237488076,0.015180005,-0.17776585,0.3982754,2021:12:23:14:31:28.076
7886,1640237488102,0.03621896,-0.14234585,0.43076593,2021:12:23:14:31:28.102
7887,1640237488119,-0.030093694,-0.10266477,0.3966775,2021:12:23:14:31:28.119
7888,1640237488139,-0.0077231606,-0.07470161,0.3814975,2021:12:23:14:31:28.139
7889,1640237488156,-0.04926844,-0.07416897,0.3913512,2021:12:23:14:31:28.156
7890,1640237488185,0.053795807,-0.01877527,0.33222905,2021:12:23:14:31:28.185
7891,1640237488201,0.066312656,-0.017710006,0.27550378,2021:12:23:14:31:28.201
7892,1640237488219,0.072970554,-0.008122634,0.21291955,2021:12:23:14:31:28.219
7893,1640237488238,-0.007989476,0.008122634,0.15433006,2021:12:23:14:31:28.238
7894,1640237488258,0.022370534,0.0049268436,0.14927006,2021:12:23:14:31:28.258
7895,1640237488283,0.035952643,0.0017310532,0.14367741,2021:12:23:14:31:28.283
7896,1640237488302,0.002130527,-0.0057257917,0.119975306,2021:12:23:14:31:28.302
7897,1640237488333,-0.032490537,0.015579479,0.14128058,2021:12:23:14:31:28.333
7898,1640237488353,0.07723161,0.0544616,0.2390185,2021:12:23:14:31:28.353
7899,1640237488377,0.013315794,0.040879488,0.24487746,2021:12:23:14:31:28.377
7900,1640237488402,-0.08309056,0.024367902,0.17829849,2021:12:23:14:31:28.402
7901,1640237488417,-0.0053263176,0.11544793,0.31332064,2021:12:23:14:31:28.417
7902,1640237488436,0.023435798,0.10772477,0.3343596,2021:12:23:14:31:28.436
7903,1640237488455,0.019707374,0.07976161,0.2374206,2021:12:23:14:31:28.455
7904,1640237488479,-0.015446321,0.12743215,0.21398482,2021:12:23:14:31:28.479
7905,1640237488505,0.08628634,0.14367741,0.20120165,2021:12:23:14:31:28.505
7906,1640237488522,-0.06578002,0.13275847,0.110121615,2021:12:23:14:31:28.522
7907,1640237488537,-0.06072002,0.18389112,0.0025300009,2021:12:23:14:31:28.537
7908,1640237488556,-0.009321056,0.14793848,-0.024101587,2021:12:23:14:31:28.556
7909,1640237488578,0.046605278,0.10799109,-0.14554162,2021:12:23:14:31:28.578
7910,1640237488605,0.023435798,0.14980268,-0.17963006,2021:12:23:14:31:28.605
7911,1640237488622,0.04394212,0.1250353,-0.13701952,2021:12:23:14:31:28.622
7912,1640237488638,0.038349487,0.13195951,-0.15406373,2021:12:23:14:31:28.638
7913,1640237488655,-0.037284225,0.110121615,-0.15699321,2021:12:23:14:31:28.655
7914,1640237488682,-0.0122505305,0.0645816,-0.1098553,2021:12:23:14:31:28.682
7915,1640237488703,0.083623186,0.092811085,-0.11544793,2021:12:23:14:31:28.703
7916,1640237488719,0.00026631588,0.07656582,-0.059787914,2021:12:23:14:31:28.719
7917,1640237488739,-0.05166528,0.08189213,-0.03342264,2021:12:23:14:31:28.739
7918,1640237488756,0.017576847,0.06538055,-0.07576687,2021:12:23:14:31:28.756
7919,1640237488783,0.034088433,0.032091063,-0.06032055,2021:12:23:14:31:28.783
7920,1640237488799,0.037017908,0.03688475,-0.040346857,2021:12:23:14:31:28.799
7921,1640237488818,0.06258423,0.035819486,-0.050733175,2021:12:23:14:31:28.818
7922,1640237488836,0.016245268,0.045673173,-0.06005423,2021:12:23:14:31:28.836
7923,1640237488854,-0.018642113,0.03182475,-0.032091063,2021:12:23:14:31:28.854
7924,1640237488876,-0.115581095,0.00519316,-0.05179844,2021:12:23:14:31:28.876
7925,1640237488902,0.061518967,0.0025300009,-0.07230476,2021:12:23:14:31:28.902
7926,1640237488916,0.097205296,0.011584741,-0.12343741,2021:12:23:14:31:28.916
7927,1640237488951,-0.03621896,0.037151065,-0.10586056,2021:12:23:14:31:28.951
7928,1640237488957,-0.021038955,0.02649843,-0.10000161,2021:12:23:14:31:28.957
7929,1640237488985,-0.013049478,0.012383688,-0.16258584,2021:12:23:14:31:28.985
7930,1640237489001,-0.022370534,0.011052109,-0.20812586,2021:12:23:14:31:29.001
7931,1640237489019,0.0074568447,0.005992107,-0.21078902,2021:12:23:14:31:29.019
7932,1640237489036,-0.023968428,-0.004660528,-0.23182797,2021:12:23:14:31:29.036
7933,1640237489058,0.105727404,0.009454214,-0.19827217,2021:12:23:14:31:29.058
7934,1640237489085,-0.06950845,-0.055793177,-0.18895112,2021:12:23:14:31:29.085
7935,1640237489101,-0.06285055,-0.012117373,-0.18309216,2021:12:23:14:31:29.101
7936,1640237489119,-0.0029294747,-0.044075277,-0.12343741,2021:12:23:14:31:29.119
7937,1640237489139,0.046338964,-0.045140542,-0.16604795,2021:12:23:14:31:29.139
7938,1640237489156,-0.00452737,-0.06032055,-0.090946876,2021:12:23:14:31:29.156
7939,1640237489182,-0.0077231606,-0.023036323,-0.041145805,2021:12:23:14:31:29.182
7940,1640237489202,0.06924213,-0.057657387,-0.02916159,2021:12:23:14:31:29.202
7941,1640237489220,0.0015978953,-0.04061317,-0.05819002,2021:12:23:14:31:29.220
7942,1640237489238,-0.024234746,-0.057124756,0.01744369,2021:12:23:14:31:29.238
7943,1640237489260,-0.013848426,-0.04540686,0.009986846,2021:12:23:14:31:29.260
7944,1640237489289,-0.015978953,-0.06484792,-0.031292114,2021:12:23:14:31:29.289
7945,1640237489306,-0.016777901,-0.10399635,-0.0035952644,2021:12:23:14:31:29.306
7946,1640237489319,-0.015446321,-0.09547424,0.016911058,2021:12:23:14:31:29.319
7947,1640237489337,0.023968428,-0.11065425,0.029960537,2021:12:23:14:31:29.337
7948,1640237489354,-0.026631588,-0.1047953,0.08562055,2021:12:23:14:31:29.354
7949,1640237489383,-0.01038632,-0.07763108,0.09787109,2021:12:23:14:31:29.383
7950,1640237489402,-0.025033694,-0.105327934,0.09893635,2021:12:23:14:31:29.402
7951,1640237489418,0.06471476,-0.1181111,0.114915304,2021:12:23:14:31:29.418
7952,1640237489435,0.04926844,-0.07656582,0.14953637,2021:12:23:14:31:29.435
7953,1640237489459,-0.037816856,-0.08535424,0.17670059,2021:12:23:14:31:29.459
7954,1640237489483,-0.019174743,-0.040346857,0.16871111,2021:12:23:14:31:29.483
7955,1640237489500,0.0284958,-0.057124756,0.18282585,2021:12:23:14:31:29.500
7956,1640237489517,0.018642113,-0.057391074,0.20652796,2021:12:23:14:31:29.517
7957,1640237489537,0.025566325,-0.008921582,0.24114902,2021:12:23:14:31:29.537
7958,1640237489558,-0.033822116,0.001997369,0.28722167,2021:12:23:14:31:29.558
7959,1640237489582,-0.0018642112,0.028096326,0.27204168,2021:12:23:14:31:29.582
7960,1640237489600,-0.1491369,-0.0030626326,0.28722167,2021:12:23:14:31:29.600
7961,1640237489621,0.115314774,0.07177213,0.29680905,2021:12:23:14:31:29.621
7962,1640237489638,0.06338318,0.04540686,0.25153536,2021:12:23:14:31:29.638
7963,1640237489664,-0.08042739,0.006524739,0.18069533,2021:12:23:14:31:29.664
7964,1640237489684,-0.0737695,0.10932267,0.3290333,2021:12:23:14:31:29.684
7965,1640237489698,-0.0058589494,0.12024162,0.32637012,2021:12:23:14:31:29.698
7966,1640237489719,0.015712637,0.10186583,0.25047007,2021:12:23:14:31:29.719
7967,1640237489740,-0.0010652635,0.11837741,0.20865849,2021:12:23:14:31:29.740
7968,1640237489756,0.091346346,0.1583248,0.16817848,2021:12:23:14:31:29.756
7969,1640237489783,0.11984215,0.16951005,0.089082666,2021:12:23:14:31:29.783
7970,1640237489799,-0.14860426,0.09600688,0.018242639,2021:12:23:14:31:29.799
7971,1640237489816,-0.033289485,0.14154689,-0.074435286,2021:12:23:14:31:29.816
7972,1640237489835,0.014913689,0.13435636,-0.0880174,2021:12:23:14:31:29.835
7973,1640237489857,0.0026631588,0.16365111,-0.1868206,2021:12:23:14:31:29.857
7974,1640237489883,0.027963167,0.13195951,-0.20093533,2021:12:23:14:31:29.883
7975,1640237489899,0.053795807,0.08988161,-0.16578163,2021:12:23:14:31:29.899
7976,1640237489917,0.05619265,0.081093185,-0.15965638,2021:12:23:14:31:29.917
7977,1640237489938,-0.014647374,0.1031974,-0.13222584,2021:12:23:14:31:29.938
7978,1640237489957,-0.03621896,0.052064754,-0.110121615,2021:12:23:14:31:29.957
7979,1640237489979,0.020240007,0.03688475,-0.11944267,2021:12:23:14:31:29.979
7980,1640237490002,-0.024234746,0.03954791,-0.11518162,2021:12:23:14:31:30.002
7981,1640237490019,0.009853687,0.03954791,-0.085087925,2021:12:23:14:31:30.019
7982,1640237490038,0.023702113,0.02969422,-0.06724476,2021:12:23:14:31:30.038
7983,1640237490067,-0.004793686,0.029427905,-0.07044055,2021:12:23:14:31:30.067
7984,1640237490083,-0.011185267,0.020106848,-0.09014793,2021:12:23:14:31:30.083
7985,1640237490101,-0.013848426,0.012383688,-0.114915304,2021:12:23:14:31:30.101
7986,1640237490134,0.08149266,0.0009321056,-0.12796478,2021:12:23:14:31:30.134
7987,1640237490152,0.046871595,-0.02143843,-0.17084163,2021:12:23:14:31:30.152
7988,1640237490164,0.019441059,-0.052064754,-0.19907112,2021:12:23:14:31:30.164
7989,1640237490182,0.049002122,-0.07576687,-0.14927006,2021:12:23:14:31:30.182
7990,1640237490216,-0.016777901,-0.09121319,-0.14154689,2021:12:23:14:31:30.216
7991,1640237490234,-0.0018642112,-0.06271739,-0.1231711,2021:12:23:14:31:30.234
7992,1640237490258,-0.010652635,-0.07896266,-0.1282311,2021:12:23:14:31:30.258
7993,1640237490282,0.019973692,-0.07843003,-0.16737953,2021:12:23:14:31:30.282
7994,1640237490298,0.029294748,-0.12530163,-0.14474268,2021:12:23:14:31:30.298
7995,1640237490316,0.006657897,-0.098403715,-0.13089426,2021:12:23:14:31:30.316
7996,1640237490337,-0.022903167,-0.1215732,-0.08775108,2021:12:23:14:31:30.337
7997,1640237490357,-0.0055926335,-0.10932267,-0.09627319,2021:12:23:14:31:30.357
7998,1640237490382,0.030626327,-0.12956268,-0.06404897,2021:12:23:14:31:30.382
7999,1640237490398,-0.00452737,-0.10213214,-0.061119493,2021:12:23:14:31:30.398
8000,1640237490418,0.177899,-0.119975306,-0.030493168,2021:12:23:14:31:30.418
8001,1640237490439,-0.045540016,-0.22650166,-0.042211067,2021:12:23:14:31:30.439
8002,1640237490466,-0.00079894764,-0.13355741,-0.048070017,2021:12:23:14:31:30.466
8003,1640237490482,0.014913689,-0.21425113,0.08934898,2021:12:23:14:31:30.482
8004,1640237490500,-0.2095906,-0.28402588,0.0006657897,2021:12:23:14:31:30.500
8005,1640237490516,0.09534109,-0.14634058,0.11278477,2021:12:23:14:31:30.516
8006,1640237490539,0.019441059,-0.18708691,0.16152059,2021:12:23:14:31:30.539
8007,1640237490564,-0.07030739,-0.19933744,0.063782655,2021:12:23:14:31:30.564
8008,1640237490583,0.013848426,-0.18895112,0.22303955,2021:12:23:14:31:30.583
8009,1640237490597,-0.20373166,-0.22916481,0.23662166,2021:12:23:14:31:30.597
8010,1640237490617,0.031158958,-0.19667427,0.16951005,2021:12:23:14:31:30.617
8011,1640237490634,-0.05219791,-0.24088271,0.18309216,2021:12:23:14:31:30.634
8012,1640237490665,-0.029561063,-0.24487746,0.18815216,2021:12:23:14:31:30.665
8013,1640237490683,0.10279793,-0.20865849,0.31491852,2021:12:23:14:31:30.683
8014,1640237490697,-0.010652635,-0.19880481,0.3868238,2021:12:23:14:31:30.697
8015,1640237490716,0.015180005,-0.18335849,0.4368912,2021:12:23:14:31:30.716
8016,1640237490749,-0.0687095,-0.1535311,0.46778384,2021:12:23:14:31:30.749
8017,1640237490764,-0.025033694,-0.12556794,0.48775753,2021:12:23:14:31:30.764
8018,1640237490781,-0.051931597,-0.09733845,0.52450913,2021:12:23:14:31:30.781
8019,1640237490800,0.00079894764,-0.11171951,0.46778384,2021:12:23:14:31:30.800
8020,1640237490818,-0.04207791,-0.08855003,0.44647858,2021:12:23:14:31:30.818
8021,1640237490839,0.033555802,-0.10373004,0.46405542,2021:12:23:14:31:30.839
8022,1640237490864,0.006391581,-0.06032055,0.4837628,2021:12:23:14:31:30.864
8023,1640237490882,0.010918951,-0.037151065,0.5138565,2021:12:23:14:31:30.882
8024,1640237490899,0.11504846,0.008122634,0.542086,2021:12:23:14:31:30.899
8025,1640237490918,0.10839056,0.047537386,0.50986177,2021:12:23:14:31:30.918
8026,1640237490939,0.089482136,0.036085803,0.47657228,2021:12:23:14:31:30.939
8027,1640237490965,0.029827379,0.068576336,0.4922849,2021:12:23:14:31:30.965
8028,1640237490981,-0.0050600017,0.08189213,0.46245754,2021:12:23:14:31:30.981
8029,1640237491000,-0.0058589494,0.121839516,0.40120488,2021:12:23:14:31:31.000
8030,1640237491022,0.0058589494,0.139949,0.41585225,2021:12:23:14:31:31.022
8031,1640237491037,0.027696852,0.15219952,0.40386802,2021:12:23:14:31:31.037
8032,1640237491065,-0.044741068,0.15273216,0.3644533,2021:12:23:14:31:31.065
8033,1640237491081,-0.054861072,0.21904482,0.4304996,2021:12:23:14:31:31.081
8034,1640237491098,-0.053529494,0.18655427,0.3681817,2021:12:23:14:31:31.098
8035,1640237491117,-0.055127386,0.14421006,0.25206798,2021:12:23:14:31:31.117
8036,1640237491135,-0.042344224,0.16764584,0.26431853,2021:12:23:14:31:31.135
8037,1640237491154,-0.02902843,0.19454375,0.29547748,2021:12:23:14:31:31.154
8038,1640237491181,0.075900026,0.21132165,0.32823431,2021:12:23:14:31:31.181
8039,1640237491199,0.23941797,0.33036485,0.30293432,2021:12:23:14:31:31.199
8040,1640237491219,0.19680743,0.26059008,0.23662166,2021:12:23:14:31:31.219
8041,1640237491235,0.06338318,0.24967113,0.09414266,2021:12:23:14:31:31.235
8042,1640237491265,0.15499584,0.30053747,0.028096326,2021:12:23:14:31:31.265
8043,1640237491282,0.06578002,0.25153536,-0.028895274,2021:12:23:14:31:31.282
8044,1640237491299,0.16325164,0.27044377,-0.170309,2021:12:23:14:31:31.299
8045,1640237491321,0.105727404,0.18469006,-0.18149427,2021:12:23:14:31:31.321
8046,1640237491338,0.11638004,0.17164059,-0.24780692,2021:12:23:14:31:31.338
8047,1640237491358,0.08282424,0.20572902,-0.23422481,2021:12:23:14:31:31.358
8048,1640237491382,0.04287686,0.16365111,-0.2741722,2021:12:23:14:31:31.382
8049,1640237491398,0.06338318,0.1852227,-0.25766063,2021:12:23:14:31:31.398
8050,1640237491418,-0.08016108,0.0813595,-0.14580795,2021:12:23:14:31:31.418
8051,1640237491438,0.08495477,0.14767216,-0.21265323,2021:12:23:14:31:31.438
8052,1640237491458,-0.020240007,0.040879488,-0.04833633,2021:12:23:14:31:31.458
8053,1640237491482,-0.012516847,0.058988966,-0.08375634,2021:12:23:14:31:31.482
8054,1640237491502,-0.061785284,-0.015845794,-0.015046847,2021:12:23:14:31:31.502
8055,1640237491518,0.004793686,0.03874896,0.07603318,2021:12:23:14:31:31.518
8056,1640237491535,-0.11771162,0.047537386,0.139949,2021:12:23:14:31:31.535
8057,1640237491553,-0.23009692,-0.015579479,0.23608904,2021:12:23:14:31:31.553
8058,1640237491573,-0.14620742,0.081093185,0.25446483,2021:12:23:14:31:31.573
8059,1640237491603,-0.008255793,0.033955276,0.24514377,2021:12:23:14:31:31.603
8060,1640237491621,-0.039681066,0.111985825,0.26804695,2021:12:23:14:31:31.621
8061,1640237491636,0.06338318,0.10159951,0.27523747,2021:12:23:14:31:31.636
8062,1640237491663,-0.04074633,0.08269108,0.14074795,2021:12:23:14:31:31.663
8063,1640237491679,-0.12623373,0.06404897,0.06484792,2021:12:23:14:31:31.679
8064,1640237491698,0.038882118,0.090946876,0.090680555,2021:12:23:14:31:31.698
8065,1640237491716,0.12596741,0.113051094,0.041145805,2021:12:23:14:31:31.716
8066,1640237491737,0.015712637,0.12716584,0.0009321056,2021:12:23:14:31:31.737
8067,1640237491763,0.039947383,0.1434111,-0.017710006,2021:12:23:14:31:31.763
8068,1640237491778,0.06977476,0.12210583,-0.07896266,2021:12:23:14:31:31.778
8069,1640237491799,0.043675803,0.10080056,-0.07789739,2021:12:23:14:31:31.799
8070,1640237491818,0.061785284,0.12024162,-0.03928159,2021:12:23:14:31:31.818
8071,1640237491839,0.14381057,0.09174582,0.020106848,2021:12:23:14:31:31.839
8072,1640237491864,0.07643266,0.10612688,0.02783001,2021:12:23:14:31:31.864
8073,1640237491881,-0.03302317,0.08375634,0.08269108,2021:12:23:14:31:31.881
8074,1640237491901,-0.047137912,0.12876374,0.0997353,2021:12:23:14:31:31.901
8075,1640237491919,-0.004261054,0.0813595,0.089082666,2021:12:23:14:31:31.919
8076,1640237491947,-0.017310532,0.08748477,0.09440898,2021:12:23:14:31:31.947
8077,1640237491978,-0.07643266,0.067511074,0.139949,2021:12:23:14:31:31.978
8078,1640237491996,0.02263685,0.08615319,0.11331741,2021:12:23:14:31:31.996
8079,1640237492017,0.03568633,0.10026793,0.13222584,2021:12:23:14:31:32.017
8080,1640237492034,-0.007190529,0.08215845,0.15752584,2021:12:23:14:31:32.034
8081,1640237492062,0.037816856,0.114116356,0.11118688,2021:12:23:14:31:32.062
8082,1640237492080,0.11478215,0.13222584,0.08269108,2021:12:23:14:31:32.080
8083,1640237492095,-0.06018739,0.090680555,0.06884266,2021:12:23:14:31:32.095
8084,1640237492117,-0.0838895,0.15566163,0.1383511,2021:12:23:14:31:32.117
8085,1640237492140,-0.028229482,0.20519638,0.035286855,2021:12:23:14:31:32.140
8086,1640237492165,-0.18935059,0.10346372,0.13089426,2021:12:23:14:31:32.165
8087,1640237492178,-0.0503337,0.112252146,0.15939006,2021:12:23:14:31:32.178
8088,1640237492197,0.08042739,0.24381219,0.0997353,2021:12:23:14:31:32.197
8089,1640237492219,-0.053529494,0.2656501,-0.015579479,2021:12:23:14:31:32.219
8090,1640237492236,0.11078741,0.3010701,0.012650005,2021:12:23:14:31:32.236
8091,1640237492257,-0.08602003,0.22703429,0.05552686,2021:12:23:14:31:32.257
8092,1640237492280,-0.026897904,0.22543639,-0.00013315794,2021:12:23:14:31:32.280
8093,1640237492300,0.13448952,0.25526378,-0.043276332,2021:12:23:14:31:32.300
8094,1640237492317,-0.067111604,0.20013638,-0.060586862,2021:12:23:14:31:32.317
8095,1640237492346,0.50866336,0.2957438,-0.16152059,2021:12:23:14:31:32.346
8096,1640237492360,-0.23675482,0.20439744,-0.2624543,2021:12:23:14:31:32.360
8097,1640237492380,0.20053586,0.25153536,-0.2994722,2021:12:23:14:31:32.380
8098,1640237492397,-0.08681898,0.21451744,-0.2960101,2021:12:23:14:31:32.397
8099,1640237492430,-0.008788424,0.090680555,-0.37697014,2021:12:23:14:31:32.430
8100,1640237492444,-0.064182125,0.1250353,-0.41984698,2021:12:23:14:31:32.444
8101,1640237492463,-0.19228007,0.026764747,-0.4837628,2021:12:23:14:31:32.463
8102,1640237492478,-0.17337164,0.07177213,-0.33329433,2021:12:23:14:31:32.478
8103,1640237492497,0.35420012,0.17909743,-0.3444796,2021:12:23:14:31:32.497
8104,1640237492516,-0.061785284,-0.06218476,-0.27497116,2021:12:23:14:31:32.516
8105,1640237492538,0.09001477,-0.04727107,-0.18975006,2021:12:23:14:31:32.538
8106,1640237492563,0.07110634,0.16604795,-0.13142689,2021:12:23:14:31:32.563
8107,1640237492579,0.25273377,0.04913528,-0.041678436,2021:12:23:14:31:32.579
8108,1640237492597,0.17923059,0.115980566,-0.034487907,2021:12:23:14:31:32.597
8109,1640237492618,-0.4761728,-0.1852227,0.0075900024,2021:12:23:14:31:32.618
8110,1640237492638,0.31105694,-0.048070017,0.028628957,2021:12:23:14:31:32.638
8111,1640237492663,0.30732852,0.21664797,-0.08562055,2021:12:23:14:31:32.663
8112,1640237492679,-0.4293012,-0.06298371,-0.09547424,2021:12:23:14:31:32.679
8113,1640237492699,-0.058589496,0.16311848,-0.1769669,2021:12:23:14:31:32.699
8114,1640237492718,-0.2868222,-0.019041585,-0.03901528,2021:12:23:14:31:32.718
8115,1640237492741,-0.15552847,0.117844775,-0.085087925,2021:12:23:14:31:32.741
8116,1640237492763,-0.28442535,0.1434111,-0.037950013,2021:12:23:14:31:32.763
8117,1640237492782,-0.14514215,0.06191844,-0.090680555,2021:12:23:14:31:32.782
8118,1640237492797,0.16698006,0.08056056,-0.17616795,2021:12:23:14:31:32.797
8119,1640237492821,-0.030626327,0.048602648,-0.26138905,2021:12:23:14:31:32.821
8120,1640237492845,-0.007989476,-0.013448952,-0.21371849,2021:12:23:14:31:32.845
8121,1640237492864,0.048735805,-0.0014647373,-0.26618272,2021:12:23:14:31:32.864
8122,1640237492881,0.036485277,-0.077364765,-0.3426154,2021:12:23:14:31:32.881
8123,1640237492895,0.09507477,-0.014780532,-0.23049639,2021:12:23:14:31:32.895
8124,1640237492914,0.099069506,0.027031062,-0.17217322,2021:12:23:14:31:32.914
8125,1640237492945,0.06657897,0.0014647373,-0.22623535,2021:12:23:14:31:32.945
8126,1640237492964,0.10705899,-0.007323687,-0.2592585,2021:12:23:14:31:32.964
8127,1640237492980,0.021038955,-0.024900535,-0.25153536,2021:12:23:14:31:32.980
8128,1640237492995,0.060986336,0.0075900024,-0.3079943,2021:12:23:14:31:32.995
8129,1640237493019,0.05805686,0.0038615803,-0.38096488,2021:12:23:14:31:33.019
8130,1640237493037,-0.01038632,-0.03874896,-0.40306908,2021:12:23:14:31:33.037
8131,1640237493062,0.0029294747,-0.114116356,-0.43609226,2021:12:23:14:31:33.062
8132,1640237493082,0.11717899,-0.08535424,-0.49681228,2021:12:23:14:31:33.082
8133,1640237493098,0.06471476,-0.13116057,-0.440087,2021:12:23:14:31:33.098
8134,1640237493117,0.0031957906,-0.14634058,-0.37537223,2021:12:23:14:31:33.117
8135,1640237493146,0.059921075,-0.11278477,-0.32716906,2021:12:23:14:31:33.146
8136,1640237493163,0.062317915,-0.1383511,-0.3090596,2021:12:23:14:31:33.163
8137,1640237493178,0.117445305,-0.14261216,-0.27630273,2021:12:23:14:31:33.178
8138,1640237493197,0.045007385,-0.16445005,-0.23529008,2021:12:23:14:31:33.197
8139,1640237493230,0.15978953,-0.15459637,-0.2688459,2021:12:23:14:31:33.230
8140,1640237493246,0.25965798,-0.20626165,-0.23369218,2021:12:23:14:31:33.246
8141,1640237493262,-0.016245268,-0.22170797,-0.14128058,2021:12:23:14:31:33.262
8142,1640237493277,-0.061785284,-0.20439744,-0.07843003,2021:12:23:14:31:33.277
8143,1640237493300,0.07936213,-0.17829849,-0.09041424,2021:12:23:14:31:33.300
8144,1640237493318,0.10279793,-0.23475745,-0.07390266,2021:12:23:14:31:33.318
8145,1640237493337,-0.00452737,-0.21505007,-0.037950013,2021:12:23:14:31:33.337
8146,1640237493363,-0.048735805,-0.21291955,-0.004660528,2021:12:23:14:31:33.363
8147,1640237493378,0.049002122,-0.19933744,-0.048868965,2021:12:23:14:31:33.378
8148,1640237493395,-0.08468845,-0.23635535,-0.0310258,2021:12:23:14:31:33.395
8149,1640237493418,-0.17710006,-0.25686166,0.018508954,2021:12:23:14:31:33.418
8150,1640237493438,-0.077764235,-0.23821956,0.098670036,2021:12:23:14:31:33.438
8151,1640237493461,0.07643266,-0.1886848,0.13915005,2021:12:23:14:31:33.461
8152,1640237493477,-0.03488738,-0.21132165,0.26804695,2021:12:23:14:31:33.477
8153,1640237493498,-0.07163897,-0.1934785,0.34527853,2021:12:23:14:31:33.498
8154,1640237493519,-0.048203174,-0.12343741,0.43635857,2021:12:23:14:31:33.519
8155,1640237493546,0.07829687,-0.08082687,0.48003438,2021:12:23:14:31:33.546
8156,1640237493563,-0.015712637,-0.10159951,0.46911544,2021:12:23:14:31:33.563
8157,1640237493579,0.0050600017,-0.06138581,0.4701807,2021:12:23:14:31:33.579
8158,1640237493597,-0.008788424,-0.053928968,0.46299016,2021:12:23:14:31:33.597
8159,1640237493618,0.03808317,-0.030226853,0.38948697,2021:12:23:14:31:33.618
8160,1640237493646,-0.006391581,-0.03954791,0.35353434,2021:12:23:14:31:33.646
8161,1640237493662,0.03621896,-0.01877527,0.24141535,2021:12:23:14:31:33.662
8162,1640237493680,0.019174743,0.0025300009,0.1684448,2021:12:23:14:31:33.680
8163,1640237493703,0.07350318,0.011318425,0.08455529,2021:12:23:14:31:33.703
8164,1640237493735,0.09667266,0.018508954,0.020905796,2021:12:23:14:31:33.735
8165,1640237493754,0.04314317,-0.006524739,0.004660528,2021:12:23:14:31:33.754
8166,1640237493777,0.0037284223,0.01291632,0.019840533,2021:12:23:14:31:33.777
8167,1640237493797,0.03169159,0.061119493,0.07603318,2021:12:23:14:31:33.797
8168,1640237493818,-0.021837901,0.036085803,0.08056056,2021:12:23:14:31:33.818
8169,1640237493834,0.019441059,0.0595216,0.0864195,2021:12:23:14:31:33.834
8170,1640237493859,-0.0061252653,0.08535424,0.07496792,2021:12:23:14:31:33.859
8171,1640237493882,0.013848426,0.041678436,0.04913528,2021:12:23:14:31:33.882
8172,1640237493899,-0.047137912,0.07363634,0.0139815835,2021:12:23:14:31:33.899
8173,1640237493917,0.04207791,0.073370025,-0.036352117,2021:12:23:14:31:33.917
8174,1640237493947,-0.0077231606,0.053396333,-0.11065425,2021:12:23:14:31:33.947
8175,1640237493962,-0.0018642112,0.042211067,-0.19241323,2021:12:23:14:31:33.962
8176,1640237493978,-0.016777901,0.03555317,-0.16098794,2021:12:23:14:31:33.978
8177,1640237493997,0.011451583,0.008921582,-0.19161427,2021:12:23:14:31:33.997
8178,1640237494016,0.0122505305,0.0041278964,-0.21638165,2021:12:23:14:31:34.016
8179,1640237494044,-0.057790548,-0.074435286,-0.14820479,2021:12:23:14:31:34.044
8180,1640237494062,-0.07057371,-0.056592125,-0.18229322,2021:12:23:14:31:34.062
8181,1640237494076,-0.11797793,-0.04727107,-0.13861741,2021:12:23:14:31:34.076
8182,1640237494102,-0.11318425,-0.035819486,-0.12237215,2021:12:23:14:31:34.102
8183,1640237494116,-0.019973692,-0.004660528,-0.113051094,2021:12:23:14:31:34.116
8184,1640237494135,-0.100134775,-0.037683696,-0.10612688,2021:12:23:14:31:34.135
8185,1640237494162,0.006391581,-0.035286855,-0.09494161,2021:12:23:14:31:34.162
8186,1640237494181,0.182959,-0.08402266,-0.088816345,2021:12:23:14:31:34.181
8187,1640237494197,0.100933716,-0.09014793,-0.1300953,2021:12:23:14:31:34.197
8188,1640237494215,-0.038615804,-0.13036162,-0.112252146,2021:12:23:14:31:34.215
8189,1640237494235,0.021837901,-0.11278477,-0.05366265,2021:12:23:14:31:34.235
8190,1640237494261,0.072970554,-0.10559425,-0.037151065,2021:12:23:14:31:34.261
8191,1640237494278,0.0077231606,-0.15246584,-0.05233107,2021:12:23:14:31:34.278
8192,1640237494298,0.029294748,-0.1181111,-0.013448952,2021:12:23:14:31:34.298
8193,1640237494319,-0.014381058,-0.13462268,0.027563693,2021:12:23:14:31:34.319
8194,1640237494348,0.053529494,-0.06325002,0.03342264,2021:12:23:14:31:34.348
8195,1640237494364,-0.1291632,-0.082957394,0.08615319,2021:12:23:14:31:34.364
8196,1640237494379,-0.055926334,-0.066712126,0.03182475,2021:12:23:14:31:34.379
8197,1640237494398,0.05885581,-0.02516685,-0.044874225,2021:12:23:14:31:34.398
8198,1640237494417,-0.060986336,-0.07283739,0.26032376,2021:12:23:14:31:34.417
8199,1640237494446,-0.056725282,0.04673844,0.42970067,2021:12:23:14:31:34.446
8200,1640237494462,0.053529494,0.060586862,0.27337325,2021:12:23:14:31:34.462
8201,1640237494479,-0.014913689,0.021172112,0.16231953,2021:12:23:14:31:34.479
8202,1640237494497,0.011717899,0.16977638,0.23688798,2021:12:23:14:31:34.497
8203,1640237494519,0.031957906,0.08029424,0.17403743,2021:12:23:14:31:34.519
8204,1640237494545,-0.032490537,0.0070573706,-0.11944267,2021:12:23:14:31:34.545
8205,1640237494561,0.11025477,0.114915304,-0.25526378,2021:12:23:14:31:34.561
8206,1640237494581,-0.01810948,-0.040879488,-0.23715429,2021:12:23:14:31:34.581
8207,1640237494596,0.0050600017,0.008655266,-0.31758168,2021:12:23:14:31:34.596
8208,1640237494618,0.06844318,-0.0083889505,-0.31358695,2021:12:23:14:31:34.618
8209,1640237494635,-0.1307611,0.001997369,-0.28322694,2021:12:23:14:31:34.635
8210,1640237494659,-0.070041075,-0.08988161,-0.28961852,2021:12:23:14:31:34.659
8211,1640237494679,0.19414428,-0.08242477,-0.3223754,2021:12:23:14:31:34.679
8212,1640237494694,0.074035816,-0.10692582,-0.20892482,2021:12:23:14:31:34.694
8213,1640237494716,0.014647374,-0.113051094,-0.089082666,2021:12:23:14:31:34.716
8214,1640237494743,0.009853687,-0.10293109,-0.03954791,2021:12:23:14:31:34.743
8215,1640237494761,0.043675803,-0.13755216,-0.017976321,2021:12:23:14:31:34.761
8216,1640237494778,0.049002122,-0.1535311,0.014780532,2021:12:23:14:31:34.778
8217,1640237494796,0.08628634,-0.18442374,0.088816345,2021:12:23:14:31:34.796
8218,1640237494819,0.14780532,-0.16791217,0.1316932,2021:12:23:14:31:34.819
8219,1640237494843,0.107857935,-0.15246584,0.23049639,2021:12:23:14:31:34.843
8220,1640237494859,-0.050067388,-0.1817606,0.31758168,2021:12:23:14:31:34.859
8221,1640237494877,0.07510108,-0.13302478,0.33675644,2021:12:23:14:31:34.877
8222,1640237494900,0.06338318,-0.1250353,0.41718382,2021:12:23:14:31:34.900
8223,1640237494927,0.09880319,-0.09254477,0.4403533,2021:12:23:14:31:34.927
8224,1640237494943,0.089482136,-0.060586862,0.42091224,2021:12:23:14:31:34.943
8225,1640237494958,-0.039947383,-0.09227845,0.4371575,2021:12:23:14:31:34.958
8226,1640237494979,-0.08229161,-0.037950013,0.4901544,2021:12:23:14:31:34.979
8227,1640237494997,0.090281084,0.046205804,0.54714596,2021:12:23:14:31:34.997
8228,1640237495025,0.19680743,0.027297378,0.4384891,2021:12:23:14:31:35.025
8229,1640237495044,-0.024501061,-0.035020538,0.34101748,2021:12:23:14:31:35.044
8230,1640237495058,-0.0053263176,0.08828372,0.35646382,2021:12:23:14:31:35.058
8231,1640237495077,0.16964322,0.13275847,0.35380065,2021:12:23:14:31:35.077
8232,1640237495108,-0.07856318,0.08162582,0.23715429,2021:12:23:14:31:35.108
8233,1640237495126,0.0077231606,0.0981374,0.15299848,2021:12:23:14:31:35.126
8234,1640237495143,0.061252654,0.1633848,0.13728584,2021:12:23:14:31:35.143
8235,1640237495159,0.1408811,0.050999492,0.032091063,2021:12:23:14:31:35.159
8236,1640237495177,0.11185267,0.0997353,-0.025965799,2021:12:23:14:31:35.177
8237,1640237495195,-0.06498107,0.077364765,0.024367902,2021:12:23:14:31:35.195
8238,1640237495217,0.17470321,0.118910044,-0.023835272,2021:12:23:14:31:35.217
8239,1640237495240,0.14833795,0.085087925,0.05552686,2021:12:23:14:31:35.240
8240,1640237495258,0.4482096,0.1468732,0.00039947382,2021:12:23:14:31:35.258
8241,1640237495277,0.33156326,0.086952135,0.05233107,2021:12:23:14:31:35.277
8242,1640237495299,0.17044216,0.09440898,0.09201214,2021:12:23:14:31:35.299
8243,1640237495325,0.2966759,0.19747323,0.061119493,2021:12:23:14:31:35.325
8244,1640237495342,0.18269269,0.10852372,0.03901528,2021:12:23:14:31:35.342
8245,1640237495360,0.107591614,0.08855003,0.013182636,2021:12:23:14:31:35.360
8246,1640237495379,-0.11025477,0.090946876,0.002263685,2021:12:23:14:31:35.379
8247,1640237495397,-0.20319901,0.08748477,0.008921582,2021:12:23:14:31:35.397
8248,1640237495426,-0.22237375,0.098670036,0.058722652,2021:12:23:14:31:35.426
8249,1640237495445,-0.20186743,0.18149427,0.050466858,2021:12:23:14:31:35.445
8250,1640237495460,-0.26631588,0.16737953,0.06724476,2021:12:23:14:31:35.460
8251,1640237495477,-0.14194636,0.14128058,-0.020373166,2021:12:23:14:31:35.477
8252,1640237495500,-0.18242638,0.1535311,-0.01291632,2021:12:23:14:31:35.500
8253,1640237495525,-0.33289486,0.14820479,-0.012383688,2021:12:23:14:31:35.525
8254,1640237495543,-0.3371559,0.16285217,-0.08721845,2021:12:23:14:31:35.543
8255,1640237495574,-0.57923704,0.10159951,-0.06484792,2021:12:23:14:31:35.574
8256,1640237495594,-0.21678112,0.2339585,0.04727107,2021:12:23:14:31:35.594
8257,1640237495626,-0.39015275,0.2339585,0.0645816,2021:12:23:14:31:35.626
8258,1640237495642,0.054594755,0.2323606,-0.019307902,2021:12:23:14:31:35.642
8259,1640237495658,-0.08335687,0.15646058,-0.09494161,2021:12:23:14:31:35.658
8260,1640237495676,0.089482136,0.21398482,-0.23049639,2021:12:23:14:31:35.676
8261,1640237495698,-0.21225376,0.123703726,-0.16498269,2021:12:23:14:31:35.698
8262,1640237495717,-0.079894766,0.19267954,-0.18495639,2021:12:23:14:31:35.717
8263,1640237495745,0.23062955,0.114915304,-0.29840696,2021:12:23:14:31:35.745
8264,1640237495762,0.07270423,0.10745846,-0.3292996,2021:12:23:14:31:35.762
8265,1640237495779,0.4242412,0.14074795,-0.30666274,2021:12:23:14:31:35.779
8266,1640237495797,0.14594111,0.08961529,-0.30373326,2021:12:23:14:31:35.797
8267,1640237495817,0.13448952,0.10799109,-0.32876694,2021:12:23:14:31:35.817
8268,1640237495846,-0.06791055,0.06697845,-0.37883434,2021:12:23:14:31:35.846
8269,1640237495865,0.054861072,0.13808478,-0.4270375,2021:12:23:14:31:35.865
8270,1640237495877,-0.030093694,0.03368896,-0.35646382,2021:12:23:14:31:35.877
8271,1640237495909,-0.031957906,0.03874896,-0.3261038,2021:12:23:14:31:35.909
8272,1640237495924,-0.11984215,0.008921582,-0.36232275,2021:12:23:14:31:35.924
8273,1640237495943,-0.12383688,-0.03182475,-0.42650488,2021:12:23:14:31:35.943
8274,1640237495956,-0.12676635,-0.021172112,-0.440087,2021:12:23:14:31:35.956
8275,1640237495976,-0.2029327,-0.118910044,-0.27497116,2021:12:23:14:31:35.976
8276,1640237495993,-0.15845795,-0.04913528,-0.2688459,2021:12:23:14:31:35.993
8277,1640237496025,-0.11265162,-0.1383511,-0.26778063,2021:12:23:14:31:36.025
8278,1640237496039,-0.071905285,-0.104528986,-0.2472743,2021:12:23:14:31:36.039
8279,1640237496060,-0.06844318,-0.1418132,-0.12290478,2021:12:23:14:31:36.060
8280,1640237496076,-0.07936213,-0.1231711,-0.03874896,2021:12:23:14:31:36.076
8281,1640237496097,0.056725282,-0.1484711,-0.042477384,2021:12:23:14:31:36.097
8282,1640237496116,0.07856318,-0.10772477,-0.06990792,2021:12:23:14:31:36.116
8283,1640237496139,-0.0122505305,-0.16604795,0.042211067,2021:12:23:14:31:36.139
8284,1640237496156,0.080693714,-0.105327934,0.09227845,2021:12:23:14:31:36.156
8285,1640237496178,0.24421166,-0.08615319,0.07576687,2021:12:23:14:31:36.178
8286,1640237496198,-0.14487584,-0.18815216,0.10559425,2021:12:23:14:31:36.198
8287,1640237496224,-0.14700636,-0.12982899,0.1953427,2021:12:23:14:31:36.224
8288,1640237496241,0.12170636,-0.08002792,0.170309,2021:12:23:14:31:36.241
8289,1640237496259,0.090281084,-0.1351553,0.05419528,2021:12:23:14:31:36.259
8290,1640237496277,0.079628445,-0.07763108,0.08428898,2021:12:23:14:31:36.277
8291,1640237496306,0.00026631588,-0.08721845,0.13595426,2021:12:23:14:31:36.306
8292,1640237496323,0.12596741,-0.049934227,-0.004394212,2021:12:23:14:31:36.323
8293,1640237496338,0.07323687,-0.03555317,-0.023835272,2021:12:23:14:31:36.338
8294,1640237496357,-0.06551371,-0.12130688,-0.005992107,2021:12:23:14:31:36.357
8295,1640237496377,0.17070848,-0.046205804,-0.057391074,2021:12:23:14:31:36.377
8296,1640237496395,0.033555802,-0.0880174,-0.075500555,2021:12:23:14:31:36.395
8297,1640237496415,0.047137912,-0.100534245,-0.10399635,2021:12:23:14:31:36.415
8298,1640237496441,0.1491369,-0.07257108,-0.06990792,2021:12:23:14:31:36.441
8299,1640237496457,0.11504846,-0.12556794,-0.07843003,2021:12:23:14:31:36.457
8300,1640237496475,0.03542001,-0.12796478,-0.07283739,2021:12:23:14:31:36.475
8301,1640237496498,-0.02077264,-0.12210583,0.057391074,2021:12:23:14:31:36.498
8302,1640237496516,-0.011717899,-0.11092056,0.14474268,2021:12:23:14:31:36.516
8303,1640237496543,-0.032224223,-0.10559425,0.14261216,2021:12:23:14:31:36.543
8304,1640237496564,0.003994738,-0.068576336,0.18309216,2021:12:23:14:31:36.564
8305,1640237496578,-0.098004244,-0.104262665,0.17803216,2021:12:23:14:31:36.578
8306,1640237496595,-0.0905474,-0.108257405,0.19507638,2021:12:23:14:31:36.595
8307,1640237496625,-0.15126742,-0.079228975,0.27177536,2021:12:23:14:31:36.625
8308,1640237496639,-0.12490215,-0.106393196,0.2307627,2021:12:23:14:31:36.639
8309,1640237496659,-0.09454214,-0.11331741,0.15965638,2021:12:23:14:31:36.659
8310,1640237496677,-0.075900026,-0.106393196,0.12982899,2021:12:23:14:31:36.677
8311,1640237496708,-0.064448446,-0.058456335,0.1434111,2021:12:23:14:31:36.708
8312,1640237496721,-0.07057371,-0.03342264,0.20945744,2021:12:23:14:31:36.721
8313,1640237496741,-0.010652635,-0.031292114,0.23129535,2021:12:23:14:31:36.741
8314,1640237496759,0.027430536,-0.0142479,0.21425113,2021:12:23:14:31:36.759
8315,1640237496781,-0.034088433,-0.0310258,0.17776585,2021:12:23:14:31:36.781
8316,1640237496797,0.13209268,-0.050466858,0.15486269,2021:12:23:14:31:36.797
8317,1640237496821,0.08122634,-0.03182475,0.15273216,2021:12:23:14:31:36.821
8318,1640237496840,-0.03302317,-0.006791055,0.15219952,2021:12:23:14:31:36.840
8319,1640237496857,0.0122505305,0.029960537,0.19907112,2021:12:23:14:31:36.857
8320,1640237496876,0.06072002,0.05419528,0.18442374,2021:12:23:14:31:36.876
8321,1640237496896,0.07696529,0.0038615803,0.13195951,2021:12:23:14:31:36.896
8322,1640237496915,-0.07510108,0.045673173,0.08855003,2021:12:23:14:31:36.915
8323,1640237496939,-0.06578002,0.06724476,0.1250353,2021:12:23:14:31:36.939
8324,1640237496957,-0.10466214,0.061119493,0.111985825,2021:12:23:14:31:36.957
8325,1640237496975,-0.2029327,0.04460791,0.09361003,2021:12:23:14:31:36.975
8326,1640237496998,-0.053795807,0.020905796,0.058456335,2021:12:23:14:31:36.998
8327,1640237497025,-0.050067388,0.08402266,0.008122634,2021:12:23:14:31:37.025
8328,1640237497039,-0.060986336,0.04833633,-0.039814223,2021:12:23:14:31:37.039
8329,1640237497060,0.0101200035,0.085087925,-0.14314479,2021:12:23:14:31:37.060
8330,1640237497077,-0.10279793,0.053396333,-0.2358227,2021:12:23:14:31:37.077
8331,1640237497098,0.006391581,0.015845794,-0.3346259,2021:12:23:14:31:37.098
8332,1640237497122,0.010918951,-0.0075900024,-0.440087,2021:12:23:14:31:37.122
8333,1640237497140,0.028229482,-0.028628957,-0.45073962,2021:12:23:14:31:37.140
8334,1640237497159,-0.06684528,-0.057124756,-0.48109964,2021:12:23:14:31:37.159
8335,1640237497181,-0.011451583,-0.08588687,-0.4739091,2021:12:23:14:31:37.181
8336,1640237497198,-0.050866332,-0.14074795,-0.40653118,2021:12:23:14:31:37.198
8337,1640237497224,0.12436952,-0.11544793,-0.3210438,2021:12:23:14:31:37.224
8338,1640237497241,0.1440769,-0.123703726,-0.22357218,2021:12:23:14:31:37.241
8339,1640237497258,0.07163897,-0.1266332,-0.073370025,2021:12:23:14:31:37.258
8340,1640237497278,0.07430213,-0.16658059,0.12476899,2021:12:23:14:31:37.278
8341,1640237497306,0.088416874,-0.18096164,0.20999007,2021:12:23:14:31:37.306
8342,1640237497338,0.127299,-0.18282585,0.28961852,2021:12:23:14:31:37.338
8343,1640237497357,0.14194636,-0.14207952,0.3511375,2021:12:23:14:31:37.357
8344,1640237497378,0.162719,-0.15086795,0.3950796,2021:12:23:14:31:37.378
8345,1640237497395,-0.026631588,-0.12583426,0.34714276,2021:12:23:14:31:37.395
8346,1640237497425,0.026631588,0.048602648,0.48615965,2021:12:23:14:31:37.425
8347,1640237497439,-0.02902843,-0.22543639,0.44940805,2021:12:23:14:31:37.439
8348,1640237497458,0.12596741,-0.10266477,0.39241645,2021:12:23:14:31:37.458
8349,1640237497477,-0.058589496,-0.057124756,0.36099118,2021:12:23:14:31:37.477
8350,1640237497508,0.030093694,-0.049667913,0.41878173,2021:12:23:14:31:37.508
8351,1640237497524,0.06072002,-0.023835272,0.35167012,2021:12:23:14:31:37.524
8352,1640237497538,0.002396843,0.012650005,0.2978743,2021:12:23:14:31:37.538
8353,1640237497558,0.00905474,-0.004394212,0.2922817,2021:12:23:14:31:37.558
8354,1640237497591,0.18828532,-0.0025300009,0.27284062,2021:12:23:14:31:37.591
8355,1640237497592,0.18269269,0.06831002,0.22996376,2021:12:23:14:31:37.592
8356,1640237497623,-0.025566325,0.088816345,0.20093533,2021:12:23:14:31:37.623
8357,1640237497638,0.0029294747,0.10665951,0.24514377,2021:12:23:14:31:37.638
8358,1640237497660,0.075900026,0.17536901,0.36179012,2021:12:23:14:31:37.660
8359,1640237497677,0.04154528,0.165249,0.19481006,2021:12:23:14:31:37.677
8360,1640237497707,0.023702113,0.17563532,0.067511074,2021:12:23:14:31:37.707
8361,1640237497722,-0.0452737,0.12423636,0.057657387,2021:12:23:14:31:37.722
8362,1640237497740,0.019441059,0.1668469,0.057124756,2021:12:23:14:31:37.740
8363,1640237497756,0.01038632,0.15299848,0.05685844,2021:12:23:14:31:37.756
8364,1640237497775,-0.022104219,0.1031974,-0.03555317,2021:12:23:14:31:37.775
8365,1640237497796,0.007190529,0.088816345,-0.02969422,2021:12:23:14:31:37.796
8366,1640237497821,-0.04261054,0.08668582,0.06005423,2021:12:23:14:31:37.821
8367,1640237497838,0.064182125,0.11331741,0.19960375,2021:12:23:14:31:37.838
8368,1640237497857,0.07084002,0.11837741,0.17616795,2021:12:23:14:31:37.857
8369,1640237497877,-0.02716422,0.058988966,0.03874896,2021:12:23:14:31:37.877
8370,1640237497906,0.0018642112,0.09121319,0.1300953,2021:12:23:14:31:37.906
8371,1640237497923,-0.012783162,0.12343741,0.24461114,2021:12:23:14:31:37.923
8372,1640237497939,-0.0029294747,0.114915304,0.19907112,2021:12:23:14:31:37.939
8373,1640237497956,0.020240007,0.08482161,0.11731215,2021:12:23:14:31:37.956
8374,1640237497977,0.059921075,0.14394373,0.086952135,2021:12:23:14:31:37.977
8375,1640237498005,-0.040480014,0.1114532,0.098403715,2021:12:23:14:31:38.005
8376,1640237498023,-0.03488738,0.15273216,0.07603318,2021:12:23:14:31:38.023
8377,1640237498039,-0.047137912,0.13888372,0.09121319,2021:12:23:14:31:38.039
8378,1640237498058,0.03036001,0.10692582,0.0038615803,2021:12:23:14:31:38.058
8379,1640237498078,0.013848426,0.067777395,-0.04700475,2021:12:23:14:31:38.078
8380,1640237498106,0.023968428,0.10612688,-0.079228975,2021:12:23:14:31:38.106
8381,1640237498121,-0.07270423,0.050733175,-0.10612688,2021:12:23:14:31:38.121
8382,1640237498138,0.020240007,0.028895274,-0.16205321,2021:12:23:14:31:38.138
8383,1640237498157,0.055127386,0.049934227,-0.19827217,2021:12:23:14:31:38.157
8384,1640237498181,0.0,-0.0038615803,-0.20972376,2021:12:23:14:31:38.181
8385,1640237498198,0.047404226,0.0062584234,-0.20279954,2021:12:23:14:31:38.198
8386,1640237498221,-0.019441059,-0.012117373,-0.114116356,2021:12:23:14:31:38.221
8387,1640237498239,0.0031957906,0.0033289485,-0.107192144,2021:12:23:14:31:38.239
8388,1640237498256,0.048203174,0.0544616,-0.08056056,2021:12:23:14:31:38.256
8389,1640237498276,-0.040480014,0.010519478,-0.025699483,2021:12:23:14:31:38.276
8390,1640237498297,0.03036001,0.060586862,0.00039947382,2021:12:23:14:31:38.297
8391,1640237498322,0.014913689,0.028096326,0.07576687,2021:12:23:14:31:38.322
8392,1640237498336,0.012783162,0.013715268,0.05499423,2021:12:23:14:31:38.336
8393,1640237498355,0.07030739,0.037151065,0.08535424,2021:12:23:14:31:38.355
8394,1640237498379,-0.04261054,0.028895274,0.08535424,2021:12:23:14:31:38.379
8395,1640237498406,0.02583264,0.045140542,0.05233107,2021:12:23:14:31:38.406
8396,1640237498420,0.0284958,0.057657387,0.057657387,2021:12:23:14:31:38.420
8397,1640237498439,0.023435798,0.020106848,-0.022237375,2021:12:23:14:31:38.439
8398,1640237498461,0.00053263176,0.050466858,-0.1316932,2021:12:23:14:31:38.461
8399,1640237498478,-0.00452737,0.045673173,-0.14900373,2021:12:23:14:31:38.478
8400,1640237498505,-0.06977476,-0.008655266,-0.19267954,2021:12:23:14:31:38.505
8401,1640237498521,-0.03169159,0.031292114,-0.23768692,2021:12:23:14:31:38.521
8402,1640237498539,-0.038882118,0.025965799,-0.262188,2021:12:23:14:31:38.539
8403,1640237498558,-0.057257913,-0.06271739,-0.30373326,2021:12:23:14:31:38.558
8404,1640237498580,-0.0077231606,-0.07789739,-0.32024485,2021:12:23:14:31:38.580
8405,1640237498599,-0.03036001,-0.038482644,-0.2241048,2021:12:23:14:31:38.599
8406,1640237498624,-0.22184113,-0.0914795,-0.2826943,2021:12:23:14:31:38.624
8407,1640237498641,-0.11078741,-0.043542646,-0.019041585,2021:12:23:14:31:38.641
8408,1640237498656,-0.21278639,-0.067511074,0.017177375,2021:12:23:14:31:38.656
8409,1640237498675,-0.07057371,-0.030226853,0.008655266,2021:12:23:14:31:38.675
8410,1640237498698,-0.08415582,-0.09041424,0.082957394,2021:12:23:14:31:38.698
8411,1640237498725,-0.10599372,-0.08615319,0.06644581,2021:12:23:14:31:38.725
8412,1640237498741,0.13369057,-0.046205804,0.14314479,2021:12:23:14:31:38.741
8413,1640237498755,-0.16538216,-0.07843003,0.18761954,2021:12:23:14:31:38.755
8414,1640237498778,0.25193483,-0.107192144,0.17963006,2021:12:23:14:31:38.778
8415,1640237498795,0.09187898,-0.10213214,0.17749953,2021:12:23:14:31:38.795
8416,1640237498820,0.054062124,-0.10373004,0.25126904,2021:12:23:14:31:38.820
8417,1640237498838,0.0838895,-0.018242639,0.32850063,2021:12:23:14:31:38.838
8418,1640237498860,0.14034846,-0.03422159,0.30879328,2021:12:23:14:31:38.860
8419,1640237498877,-0.015446321,-0.049667913,0.2877543,2021:12:23:14:31:38.877
8420,1640237498904,0.06072002,0.0070573706,0.28615642,2021:12:23:14:31:38.904
8421,1640237498922,0.06471476,0.042211067,0.338088,2021:12:23:14:31:38.922
8422,1640237498939,-0.10546109,-0.006791055,0.3061301,2021:12:23:14:31:38.939
8423,1640237498959,0.008522108,0.023835272,0.34101748,2021:12:23:14:31:38.959
8424,1640237498980,0.12436952,0.03235738,0.41638488,2021:12:23:14:31:38.980
8425,1640237499003,0.20559587,0.10080056,0.358328,2021:12:23:14:31:39.003
8426,1640237499022,0.046338964,0.14820479,0.3348922,2021:12:23:14:31:39.022
8427,1640237499055,0.0620516,0.1884185,0.440087,2021:12:23:14:31:39.055
8428,1640237499074,0.08468845,0.30186906,0.43902174,2021:12:23:14:31:39.074
8429,1640237499095,-0.08921582,0.23182797,0.27790064,2021:12:23:14:31:39.095
8430,1640237499119,0.08495477,0.32876694,0.25313324,2021:12:23:14:31:39.119
8431,1640237499138,0.039681066,0.25632903,0.19907112,2021:12:23:14:31:39.138
8432,1640237499156,0.30226853,0.3479417,0.08428898,2021:12:23:14:31:39.156
8433,1640237499176,-0.2511359,0.20466375,-0.11837741,2021:12:23:14:31:39.176
8434,1640237499204,-0.13342425,0.22490376,-0.1367532,2021:12:23:14:31:39.204
8435,1640237499220,-0.057790548,0.41239014,0.07470161,2021:12:23:14:31:39.220
8436,1640237499237,-0.17337164,0.23955114,-0.14154689,2021:12:23:14:31:39.237
8437,1640237499256,0.0053263176,0.23182797,-0.34581116,2021:12:23:14:31:39.256
8438,1640237499278,-0.03568633,0.24194798,-0.35886064,2021:12:23:14:31:39.278
8439,1640237499304,0.12623373,0.21638165,-0.43555963,2021:12:23:14:31:39.304
8440,1640237499321,-0.037017908,0.15219952,-0.45606595,2021:12:23:14:31:39.321
8441,1640237499340,-0.2569948,0.08082687,-0.50959545,2021:12:23:14:31:39.340
8442,1640237499360,0.080693714,0.08215845,-0.3615238,2021:12:23:14:31:39.360
8443,1640237499389,-0.014381058,0.028628957,-0.4486091,2021:12:23:14:31:39.389
8444,1640237499404,0.026631588,0.037950013,-0.48589334,2021:12:23:14:31:39.404
8445,1640237499420,0.06391581,0.020373166,-0.38229644,2021:12:23:14:31:39.420
8446,1640237499437,0.01358211,-0.0070573706,-0.2688459,2021:12:23:14:31:39.437
8447,1640237499460,-0.033822116,-0.015579479,-0.25473115,2021:12:23:14:31:39.460
8448,1640237499476,0.004261054,-0.05819002,-0.2659164,2021:12:23:14:31:39.476
8449,1640237499506,-0.011717899,-0.09494161,-0.1801627,2021:12:23:14:31:39.506
8450,1640237499521,0.04980107,-0.06298371,-0.17829849,2021:12:23:14:31:39.521
8451,1640237499541,0.021038955,-0.08748477,-0.08855003,2021:12:23:14:31:39.541
8452,1640237499557,0.020506322,-0.10958899,-0.04700475,2021:12:23:14:31:39.557
8453,1640237499574,0.03808317,-0.12689951,0.009986846,2021:12:23:14:31:39.574
8454,1640237499595,0.019707374,-0.124502674,0.004660528,2021:12:23:14:31:39.595
8455,1640237499619,0.09187898,-0.10133319,-0.008655266,2021:12:23:14:31:39.619
8456,1640237499637,-0.059122127,-0.139949,0.007856319,2021:12:23:14:31:39.637
8457,1640237499659,0.018908428,-0.110121615,0.015046847,2021:12:23:14:31:39.659
8458,1640237499676,0.04447475,-0.1367532,0.0075900024,2021:12:23:14:31:39.676
8459,1640237499702,0.05432844,-0.10293109,-0.0030626326,2021:12:23:14:31:39.702
8460,1640237499719,0.03621896,-0.10772477,0.03954791,2021:12:23:14:31:39.719
8461,1640237499739,0.045540016,-0.12024162,0.017710006,2021:12:23:14:31:39.739
8462,1640237499757,0.037816856,-0.06404897,0.009454214,2021:12:23:14:31:39.757
8463,1640237499779,-0.010918951,-0.055260547,-0.04673844,2021:12:23:14:31:39.779
8464,1640237499802,-0.06391581,-0.09920266,-0.09520793,2021:12:23:14:31:39.802
8465,1640237499819,0.046605278,-0.08189213,-0.08615319,2021:12:23:14:31:39.819
8466,1640237499839,0.0015978953,-0.08455529,-0.110387936,2021:12:23:14:31:39.839
8467,1640237499862,0.017576847,-0.06644581,-0.11944267,2021:12:23:14:31:39.862
8468,1640237499888,-0.0055926335,-0.08162582,-0.11065425,2021:12:23:14:31:39.888
8469,1640237499903,0.036485277,-0.03182475,-0.14048162,2021:12:23:14:31:39.903
8470,1640237499920,0.0122505305,-0.05313002,-0.13142689,2021:12:23:14:31:39.920
8471,1640237499942,-0.018375795,-0.10745846,-0.16897742,2021:12:23:14:31:39.942
8472,1640237499958,0.030626327,-0.069375284,-0.15619427,2021:12:23:14:31:39.958
8473,1640237499988,-0.015180005,-0.08269108,-0.112252146,2021:12:23:14:31:39.988
8474,1640237500004,0.07323687,-0.115980566,-0.11837741,2021:12:23:14:31:40.004
8475,1640237500018,0.014381058,-0.13249215,-0.042477384,2021:12:23:14:31:40.018
8476,1640237500034,-0.09640635,-0.11864372,0.03235738,2021:12:23:14:31:40.034
8477,1640237500058,0.11478215,-0.10586056,0.10586056,2021:12:23:14:31:40.058
8478,1640237500076,0.045007385,-0.12397004,0.09787109,2021:12:23:14:31:40.076
8479,1640237500098,-0.05619265,-0.14207952,0.15193321,2021:12:23:14:31:40.098
8480,1640237500121,-0.006391581,-0.13195951,0.23821956,2021:12:23:14:31:40.121
8481,1640237500140,0.0838895,-0.098670036,0.28349325,2021:12:23:14:31:40.140
8482,1640237500156,0.07856318,-0.07470161,0.28668904,2021:12:23:14:31:40.156
8483,1640237500177,-0.016777901,-0.06271739,0.33409327,2021:12:23:14:31:40.177
8484,1640237500203,-0.057790548,-0.049401596,0.34634382,2021:12:23:14:31:40.203
8485,1640237500218,0.03435475,-0.028895274,0.2709764,2021:12:23:14:31:40.218
8486,1640237500237,-0.06072002,-0.030759484,0.26831326,2021:12:23:14:31:40.237
8487,1640237500258,0.013315794,-0.013715268,0.26671535,2021:12:23:14:31:40.258
8488,1640237500278,0.026897904,0.0014647373,0.24700798,2021:12:23:14:31:40.278
8489,1640237500303,-0.046072647,0.03289001,0.30399957,2021:12:23:14:31:40.303
8490,1640237500320,0.018375795,0.03954791,0.20972376,2021:12:23:14:31:40.320
8491,1640237500336,-0.0018642112,0.06884266,0.13622057,2021:12:23:14:31:40.336
8492,1640237500353,-0.0284958,0.055260547,0.17963006,2021:12:23:14:31:40.353
8493,1640237500387,-0.048735805,0.10745846,0.110121615,2021:12:23:14:31:40.387
8494,1640237500402,0.00053263176,0.09946898,0.034754224,2021:12:23:14:31:40.402
8495,1640237500420,-0.0122505305,0.073370025,0.025965799,2021:12:23:14:31:40.420
8496,1640237500439,-0.035153694,0.05366265,-0.013182636,2021:12:23:14:31:40.439
8497,1640237500461,0.031158958,0.07203845,-0.00039947382,2021:12:23:14:31:40.461
8498,1640237500477,0.017843165,0.052064754,0.03235738,2021:12:23:14:31:40.477
8499,1640237500502,-0.024767376,0.03874896,-0.0049268436,2021:12:23:14:31:40.502
8500,1640237500518,0.008522108,0.063782655,0.038482644,2021:12:23:14:31:40.518
8501,1640237500537,-0.023169482,0.04194475,0.051265806,2021:12:23:14:31:40.537
8502,1640237500556,0.017843165,0.032623697,0.023835272,2021:12:23:14:31:40.556
8503,1640237500577,-0.011185267,0.02143843,0.081093185,2021:12:23:14:31:40.577
8504,1640237500602,0.0055926335,0.03182475,0.07683213,2021:12:23:14:31:40.602
8505,1640237500619,-0.029561063,0.02143843,0.09201214,2021:12:23:14:31:40.619
8506,1640237500639,-0.008255793,0.074435286,0.11837741,2021:12:23:14:31:40.639
8507,1640237500661,0.012516847,0.08402266,0.114116356,2021:12:23:14:31:40.661
8508,1640237500684,0.014913689,0.026764747,0.111985825,2021:12:23:14:31:40.684
8509,1640237500707,-0.02130527,0.086952135,0.08721845,2021:12:23:14:31:40.707
8510,1640237500722,0.020506322,0.056592125,0.088816345,2021:12:23:14:31:40.722
8511,1640237500737,0.0074568447,0.043010015,0.045140542,2021:12:23:14:31:40.737
8512,1640237500758,-0.03675159,0.056592125,0.021704745,2021:12:23:14:31:40.758
8513,1640237500785,-0.05885581,0.052064754,0.042477384,2021:12:23:14:31:40.785
8514,1640237500819,0.024234746,0.08482161,0.036618434,2021:12:23:14:31:40.819
8515,1640237500835,0.009587372,0.068576336,0.03342264,2021:12:23:14:31:40.835
8516,1640237500855,0.02077264,0.06005423,0.04727107,2021:12:23:14:31:40.855
8517,1640237500874,-0.02130527,0.052597385,0.019307902,2021:12:23:14:31:40.874
8518,1640237500905,-0.004793686,0.044075277,0.005992107,2021:12:23:14:31:40.905
8519,1640237500921,0.041012645,0.07416897,0.02969422,2021:12:23:14:31:40.921
8520,1640237500937,-0.009321056,0.08721845,0.017710006,2021:12:23:14:31:40.937
8521,1640237500955,0.023702113,0.08402266,0.016378427,2021:12:23:14:31:40.955
8522,1640237500976,-0.0503337,0.07283739,0.015845794,2021:12:23:14:31:40.976
8523,1640237500995,0.011984214,0.038482644,-0.028895274,2021:12:23:14:31:40.995
8524,1640237501021,-0.0687095,0.04833633,-0.034754224,2021:12:23:14:31:41.021
8525,1640237501040,0.013315794,0.037950013,-0.044075277,2021:12:23:14:31:41.040
8526,1640237501057,0.032490537,0.068576336,-0.06298371,2021:12:23:14:31:41.057
8527,1640237501085,0.05938844,0.06351634,-0.07470161,2021:12:23:14:31:41.085
8528,1640237501103,-0.043675803,0.043808963,-0.069375284,2021:12:23:14:31:41.103
8529,1640237501120,-0.06657897,0.062451076,-0.07257108,2021:12:23:14:31:41.120
8530,1640237501138,0.00905474,0.12423636,-0.06404897,2021:12:23:14:31:41.138
8531,1640237501158,0.006924213,0.075500555,-0.08162582,2021:12:23:14:31:41.158
8532,1640237501184,0.011451583,0.11837741,-0.12024162,2021:12:23:14:31:41.184
8533,1640237501198,-0.015446321,0.09121319,-0.12050793,2021:12:23:14:31:41.198
8534,1640237501220,0.011451583,0.1231711,-0.14527531,2021:12:23:14:31:41.220
8535,1640237501238,0.013315794,0.09520793,-0.145009,2021:12:23:14:31:41.238
8536,1640237501259,-0.047670543,0.1181111,-0.24434482,2021:12:23:14:31:41.259
8537,1640237501283,0.010652635,0.04061317,-0.2757701,2021:12:23:14:31:41.283
8538,1640237501301,0.09108003,0.04460791,-0.3495396,2021:12:23:14:31:41.301
8539,1640237501318,0.051931597,-0.026764747,-0.36019224,2021:12:23:14:31:41.318
8540,1640237501337,0.032224223,-0.028628957,-0.34767538,2021:12:23:14:31:41.337
8541,1640237501356,-0.06498107,-0.08242477,-0.26112273,2021:12:23:14:31:41.356
8542,1640237501376,0.00452737,-0.033955276,-0.27497116,2021:12:23:14:31:41.376
8543,1640237501400,-0.008788424,-0.0645816,-0.2004027,2021:12:23:14:31:41.400
8544,1640237501419,-0.0015978953,-0.08961529,-0.18415743,2021:12:23:14:31:41.419
8545,1640237501437,0.012516847,-0.06697845,-0.13941637,2021:12:23:14:31:41.437
8546,1640237501460,-0.0055926335,-0.11757846,-0.08615319,2021:12:23:14:31:41.460
8547,1640237501484,-0.032490537,-0.12982899,-0.07976161,2021:12:23:14:31:41.484
8548,1640237501501,-0.033555802,-0.13648689,-0.0027963168,2021:12:23:14:31:41.501
8549,1640237501520,-0.045007385,-0.12982899,0.07816371,2021:12:23:14:31:41.520
8550,1640237501538,-0.09853688,-0.14554162,0.07949529,2021:12:23:14:31:41.538
8551,1640237501559,-0.02716422,-0.10133319,0.11518162,2021:12:23:14:31:41.559
8552,1640237501586,-0.09747161,-0.106393196,0.16897742,2021:12:23:14:31:41.586
8553,1640237501603,-0.07243792,-0.1114532,0.19667427,2021:12:23:14:31:41.603
8554,1640237501617,0.031957906,-0.07230476,0.23182797,2021:12:23:14:31:41.617
8555,1640237501637,0.05166528,-0.08189213,0.24514377,2021:12:23:14:31:41.637
8556,1640237501659,-0.027430536,-0.10186583,0.2557964,2021:12:23:14:31:41.659
8557,1640237501684,0.14674005,-0.050733175,0.24833956,2021:12:23:14:31:41.684
8558,1640237501701,0.08708529,-0.06484792,0.26644903,2021:12:23:14:31:41.701
8559,1640237501720,0.0737695,-0.040879488,0.26778063,2021:12:23:14:31:41.720
8560,1640237501741,0.047670543,0.0038615803,0.29494485,2021:12:23:14:31:41.741
8561,1640237501756,0.13768531,0.04727107,0.28322694,2021:12:23:14:31:41.756
8562,1640237501773,0.051398966,0.021704745,0.22330587,2021:12:23:14:31:41.773
8563,1640237501803,-0.03036001,0.048602648,0.20839217,2021:12:23:14:31:41.803
8564,1640237501817,0.03488738,0.10293109,0.22943114,2021:12:23:14:31:41.817
8565,1640237501835,0.07030739,0.119975306,0.17243953,2021:12:23:14:31:41.835
8566,1640237501855,-0.12942952,0.121839516,0.13435636,2021:12:23:14:31:41.855
8567,1640237501875,-0.08921582,0.1351553,0.14207952,2021:12:23:14:31:41.875
8568,1640237501900,0.04287686,0.15379742,0.097604774,2021:12:23:14:31:41.900
8569,1640237501918,-0.043675803,0.15486269,0.069641605,2021:12:23:14:31:41.918
8570,1640237501938,-0.061785284,0.16924374,0.037950013,2021:12:23:14:31:41.938
8571,1640237501958,-0.16165374,0.16205321,-0.038482644,2021:12:23:14:31:41.958
8572,1640237501983,0.00905474,0.16737953,-0.110387936,2021:12:23:14:31:41.983
8573,1640237501999,0.059654757,0.16498269,-0.17989638,2021:12:23:14:31:41.999
8574,1640237502017,0.09347688,0.13968268,-0.30506483,2021:12:23:14:31:42.017
8575,1640237502038,0.018375795,0.110121615,-0.37723646,2021:12:23:14:31:42.038
8576,1640237502065,-0.003994738,0.08562055,-0.41611856,2021:12:23:14:31:42.065
8577,1640237502083,0.07563371,0.08455529,-0.4169175,2021:12:23:14:31:42.083
8578,1640237502101,0.06791055,0.0762995,-0.41718382,2021:12:23:14:31:42.101
8579,1640237502119,0.016245268,0.027031062,-0.36258906,2021:12:23:14:31:42.119
8580,1640237502140,0.08602003,0.035286855,-0.2922817,2021:12:23:14:31:42.140
8581,1640237502158,0.09108003,0.024900535,-0.25686166,2021:12:23:14:31:42.158
8582,1640237502185,-0.043675803,0.013715268,-0.17909743,2021:12:23:14:31:42.185
8583,1640237502200,-0.09773793,0.04194475,-0.111985825,2021:12:23:14:31:42.200
8584,1640237502216,-0.009587372,0.05632581,-0.15619427,2021:12:23:14:31:42.216
8585,1640237502235,0.02130527,0.009986846,-0.17536901,2021:12:23:14:31:42.235
8586,1640237502257,-0.012516847,0.007856319,-0.14261216,2021:12:23:14:31:42.257
8587,1640237502283,-0.0013315794,-0.023568956,-0.16205321,2021:12:23:14:31:42.283
8588,1640237502300,0.0053263176,-0.04647212,-0.17243953,2021:12:23:14:31:42.300
8589,1640237502318,-0.099069506,-0.075234234,-0.14740583,2021:12:23:14:31:42.318
8590,1640237502338,-0.031158958,-0.06431528,-0.1332911,2021:12:23:14:31:42.338
8591,1640237502357,-0.018908428,-0.077098444,-0.120774254,2021:12:23:14:31:42.357
8592,1640237502383,-0.038882118,-0.104262665,-0.07416897,2021:12:23:14:31:42.383
8593,1640237502400,0.01038632,-0.10852372,-0.019041585,2021:12:23:14:31:42.400
8594,1640237502417,0.03568633,-0.11464899,-0.026764747,2021:12:23:14:31:42.417
8595,1640237502438,0.07643266,-0.104528986,-0.009187898,2021:12:23:14:31:42.438
8596,1640237502465,0.02077264,-0.110121615,0.043542646,2021:12:23:14:31:42.465
8597,1640237502483,0.014381058,-0.09361003,0.048070017,2021:12:23:14:31:42.483
8598,1640237502501,0.122238986,-0.05685844,0.0712395,2021:12:23:14:31:42.501
8599,1640237502519,0.074834764,-0.09547424,0.100534245,2021:12:23:14:31:42.519
8600,1640237502541,-0.006391581,-0.07470161,0.17829849,2021:12:23:14:31:42.541
8601,1640237502567,0.06551371,-0.018242639,0.15619427,2021:12:23:14:31:42.567
8602,1640237502583,0.104928456,-0.026232114,0.1585911,2021:12:23:14:31:42.583
8603,1640237502601,-0.07057371,-0.009720529,0.17243953,2021:12:23:14:31:42.601
8604,1640237502619,-0.045540016,0.016112112,0.15193321,2021:12:23:14:31:42.619
8605,1640237502639,-0.09534109,0.009454214,0.0595216,2021:12:23:14:31:42.639
8606,1640237502668,-0.026365273,0.0049268436,0.012650005,2021:12:23:14:31:42.668
8607,1640237502698,-0.032224223,0.0009321056,0.02916159,2021:12:23:14:31:42.698
8608,1640237502717,-0.00452737,0.023568956,-0.0038615803,2021:12:23:14:31:42.717
8609,1640237502737,-0.012783162,0.0070573706,-0.046205804,2021:12:23:14:31:42.737
8610,1640237502756,-0.029294748,0.008655266,-0.06511423,2021:12:23:14:31:42.756
8611,1640237502781,-0.0061252653,0.036618434,-0.06644581,2021:12:23:14:31:42.781
8612,1640237502799,0.03675159,0.025965799,-0.092811085,2021:12:23:14:31:42.799
8613,1640237502817,0.07803056,0.00039947382,-0.15699321,2021:12:23:14:31:42.817
8614,1640237502838,0.00053263176,0.0041278964,-0.18309216,2021:12:23:14:31:42.838
8615,1640237502865,0.08309056,-0.0049268436,-0.24434482,2021:12:23:14:31:42.865
8616,1640237502883,0.08921582,-0.025965799,-0.25100273,2021:12:23:14:31:42.883
8617,1640237502899,-0.0034621065,-0.020373166,-0.2757701,2021:12:23:14:31:42.899
8618,1640237502917,-0.054594755,-0.03555317,-0.2810964,2021:12:23:14:31:42.917
8619,1640237502939,0.029561063,-0.04700475,-0.28535748,2021:12:23:14:31:42.939
8620,1640237502963,-0.0031957906,-0.06218476,-0.25686166,2021:12:23:14:31:42.963
8621,1640237502983,-0.006924213,-0.08428898,-0.20919113,2021:12:23:14:31:42.983
8622,1640237502998,0.054062124,-0.08002792,-0.15566163,2021:12:23:14:31:42.998
8623,1640237503020,0.04926844,-0.077098444,-0.114915304,2021:12:23:14:31:43.020
8624,1640237503037,0.0026631588,-0.0864195,-0.07869634,2021:12:23:14:31:43.037
8625,1640237503056,0.0284958,-0.1114532,-0.06298371,2021:12:23:14:31:43.056
8626,1640237503076,0.0018642112,-0.10080056,-0.021172112,2021:12:23:14:31:43.076
8627,1640237503103,0.006391581,-0.09041424,0.006524739,2021:12:23:14:31:43.103
8628,1640237503117,0.0636495,-0.08189213,0.015579479,2021:12:23:14:31:43.117
8629,1640237503137,-0.03941475,-0.119975306,0.016911058,2021:12:23:14:31:43.137
8630,1640237503155,0.0620516,-0.1165132,0.023302639,2021:12:23:14:31:43.155
8631,1640237503183,-0.015446321,-0.1266332,0.044075277,2021:12:23:14:31:43.183
8632,1640237503201,-0.074035816,-0.1181111,0.09733845,2021:12:23:14:31:43.201
8633,1640237503216,-0.07057371,-0.11358372,0.139949,2021:12:23:14:31:43.216
8634,1640237503237,0.027430536,-0.10852372,0.17110795,2021:12:23:14:31:43.237
8635,1640237503266,-0.006657897,-0.09174582,0.20839217,2021:12:23:14:31:43.266
8636,1640237503282,-0.028762115,-0.09440898,0.25845957,2021:12:23:14:31:43.282
8637,1640237503299,-0.02902843,-0.05819002,0.2725743,2021:12:23:14:31:43.299
8638,1640237503317,-0.029294748,-0.03342264,0.27790064,2021:12:23:14:31:43.317
8639,1640237503339,-0.05060002,-0.030759484,0.25313324,2021:12:23:14:31:43.339
8640,1640237503366,-0.074035816,-0.023568956,0.2339585,2021:12:23:14:31:43.366
8641,1640237503382,0.0013315794,-0.014514215,0.16871111,2021:12:23:14:31:43.382
8642,1640237503399,0.05113265,0.0014647373,0.06884266,2021:12:23:14:31:43.399
8643,1640237503422,0.02263685,-0.015046847,0.036352117,2021:12:23:14:31:43.422
8644,1640237503439,-0.039947383,0.015046847,0.021172112,2021:12:23:14:31:43.439
8645,1640237503467,0.007190529,0.0054594753,-0.043010015,2021:12:23:14:31:43.467
8646,1640237503483,-0.036485277,-0.020373166,-0.04540686,2021:12:23:14:31:43.483
8647,1640237503502,0.037017908,-0.0006657897,-0.042743698,2021:12:23:14:31:43.502
8648,1640237503519,0.021837901,0.011584741,-0.051265806,2021:12:23:14:31:43.519
8649,1640237503549,0.02530001,0.008655266,-0.030493168,2021:12:23:14:31:43.549
8650,1640237503557,0.048203174,0.012383688,-0.04460791,2021:12:23:14:31:43.557
8651,1640237503579,0.02130527,0.016378427,-0.03182475,2021:12:23:14:31:43.579
8652,1640237503598,-0.024501061,0.010253161,-0.01744369,2021:12:23:14:31:43.598
8653,1640237503619,0.0636495,0.002263685,-0.036352117,2021:12:23:14:31:43.619
8654,1640237503636,0.07803056,-0.014514215,-0.03368896,2021:12:23:14:31:43.636
8655,1640237503664,0.034088433,-0.013182636,-0.0075900024,2021:12:23:14:31:43.664
8656,1640237503682,0.07110634,-0.013715268,-0.020905796,2021:12:23:14:31:43.682
8657,1640237503698,0.023435798,-0.030226853,0.010519478,2021:12:23:14:31:43.698
8658,1640237503716,0.043675803,-0.023036323,0.030759484,2021:12:23:14:31:43.716
8659,1640237503738,0.039947383,-0.023835272,0.040879488,2021:12:23:14:31:43.738
8660,1640237503764,0.024501061,-0.034487907,0.05313002,2021:12:23:14:31:43.764
8661,1640237503783,-0.02263685,-0.031292114,0.08721845,2021:12:23:14:31:43.783
8662,1640237503799,0.035153694,-0.018242639,0.097604774,2021:12:23:14:31:43.799
8663,1640237503819,-0.023169482,-0.020106848,0.10665951,2021:12:23:14:31:43.819
8664,1640237503837,-0.042344224,-0.014780532,0.12610057,2021:12:23:14:31:43.837
8665,1640237503865,-0.024234746,0.016112112,0.1284974,2021:12:23:14:31:43.865
8666,1640237503884,-0.06018739,0.012383688,0.113051094,2021:12:23:14:31:43.884
8667,1640237503900,-0.055127386,-0.005992107,0.113051094,2021:12:23:14:31:43.900
8668,1640237503917,-0.03621896,0.0033289485,0.10293109,2021:12:23:14:31:43.917
8669,1640237503949,-0.022903167,0.020106848,0.08535424,2021:12:23:14:31:43.949
8670,1640237503966,-0.06338318,0.015046847,0.07656582,2021:12:23:14:31:43.966
8671,1640237503983,-0.08229161,0.0025300009,0.066712126,2021:12:23:14:31:43.983
8672,1640237503999,-0.026897904,0.010253161,0.048070017,2021:12:23:14:31:43.999
8673,1640237504014,-0.06072002,0.03155843,0.022503693,2021:12:23:14:31:44.014
8674,1640237504034,0.013315794,0.016378427,0.020639481,2021:12:23:14:31:44.034
8675,1640237504065,-0.08602003,0.007856319,0.0142479,2021:12:23:14:31:44.065
8676,1640237504082,0.16085479,-0.009720529,-0.015313163,2021:12:23:14:31:44.082
8677,1640237504100,-0.026897904,0.020373166,-0.03555317,2021:12:23:14:31:44.100
8678,1640237504116,-0.08202529,-0.007323687,-0.02143843,2021:12:23:14:31:44.116
8679,1640237504139,-0.006657897,0.009454214,0.010519478,2021:12:23:14:31:44.139
8680,1640237504157,0.04340949,0.0057257917,-0.022237375,2021:12:23:14:31:44.157
8681,1640237504179,0.0452737,-0.0011984215,-0.01291632,2021:12:23:14:31:44.179
8682,1640237504198,0.004793686,0.0054594753,0.04141212,2021:12:23:14:31:44.198
8683,1640237504218,0.010652635,-0.007856319,0.06191844,2021:12:23:14:31:44.218
8684,1640237504238,-0.004793686,0.030493168,0.0661795,2021:12:23:14:31:44.238
8685,1640237504264,-0.03568633,0.010519478,0.090680555,2021:12:23:14:31:44.264
8686,1640237504279,-0.026098955,0.022770008,0.07070687,2021:12:23:14:31:44.279
8687,1640237504301,-0.08202529,0.025965799,0.14128058,2021:12:23:14:31:44.301
8688,1640237504318,0.045806333,0.07843003,0.05233107,2021:12:23:14:31:44.318
8689,1640237504347,0.024234746,0.024900535,0.050466858,2021:12:23:14:31:44.347
8690,1640237504381,-0.03621896,0.065646864,0.024101587,2021:12:23:14:31:44.381
8691,1640237504398,-0.03488738,0.049934227,-0.0027963168,2021:12:23:14:31:44.398
8692,1640237504418,0.002396843,0.034754224,-0.037683696,2021:12:23:14:31:44.418
8693,1640237504436,0.01358211,0.034487907,-0.07496792,2021:12:23:14:31:44.436
8694,1640237504454,-0.030626327,0.022237375,-0.060586862,2021:12:23:14:31:44.454
8695,1640237504480,-0.02263685,0.025433166,-0.051265806,2021:12:23:14:31:44.480
8696,1640237504497,-0.011185267,0.019041585,-0.040346857,2021:12:23:14:31:44.497
8697,1640237504516,0.040213697,0.019307902,-0.025699483,2021:12:23:14:31:44.516
8698,1640237504538,0.04287686,0.015579479,-0.025965799,2021:12:23:14:31:44.538
8699,1640237504557,0.00026631588,0.016378427,-0.033156328,2021:12:23:14:31:44.557
8700,1640237504583,-0.026631588,-0.0009321056,-0.031292114,2021:12:23:14:31:44.583
8701,1640237504602,0.057790548,-0.0017310532,-0.06191844,2021:12:23:14:31:44.602
8702,1640237504615,0.053795807,-0.012650005,-0.06990792,2021:12:23:14:31:44.615
8703,1640237504639,-0.06018739,-0.024900535,-0.067511074,2021:12:23:14:31:44.639
8704,1640237504665,0.015712637,-0.01877527,-0.019574217,2021:12:23:14:31:44.665
8705,1640237504678,-0.027963167,-0.008921582,-0.0025300009,2021:12:23:14:31:44.678
8706,1640237504700,-0.02530001,-0.014780532,0.06910897,2021:12:23:14:31:44.700
8707,1640237504717,-0.012783162,0.03368896,0.13462268,2021:12:23:14:31:44.717
8708,1640237504738,-0.009853687,0.055260547,0.20652796,2021:12:23:14:31:44.738
8709,1640237504762,-0.07936213,0.069375284,0.2659164,2021:12:23:14:31:44.762
8710,1640237504780,-0.007989476,0.114915304,0.28828695,2021:12:23:14:31:44.780
8711,1640237504797,0.015712637,0.13355741,0.28881958,2021:12:23:14:31:44.797
8712,1640237504820,-0.06977476,0.12876374,0.23369218,2021:12:23:14:31:44.820
8713,1640237504838,-0.023702113,0.15406373,0.16764584,2021:12:23:14:31:44.838
8714,1640237504862,0.07030739,0.15539531,0.12104057,2021:12:23:14:31:44.862
8715,1640237504879,-0.048203174,0.11171951,-0.020106848,2021:12:23:14:31:44.879
8716,1640237504896,-0.0053263176,0.12929636,-0.16604795,2021:12:23:14:31:44.896
8717,1640237504916,0.05938844,0.20013638,-0.08668582,2021:12:23:14:31:44.916
8718,1640237504935,-0.029294748,0.18788585,-0.0310258,2021:12:23:14:31:44.935
8719,1640237504956,0.015978953,0.1583248,-0.22809955,2021:12:23:14:31:44.956
8720,1640237504981,0.046338964,0.1567269,-0.21984376,2021:12:23:14:31:44.981
8721,1640237504997,0.026098955,0.105327934,-0.06697845,2021:12:23:14:31:44.997
8722,1640237505018,0.023169482,0.15140058,-0.051532123,2021:12:23:14:31:45.018
8723,1640237505037,0.099868454,0.14367741,-0.13755216,2021:12:23:14:31:45.037
8724,1640237505063,0.075900026,0.07017423,-0.1852227,2021:12:23:14:31:45.063
8725,1640237505080,0.011717899,0.02143843,-0.23023008,2021:12:23:14:31:45.080
8726,1640237505099,0.0889495,0.010519478,-0.24700798,2021:12:23:14:31:45.099
8727,1640237505120,0.015978953,-0.04913528,-0.2994722,2021:12:23:14:31:45.120
8728,1640237505140,-0.014647374,-0.0661795,-0.28162906,2021:12:23:14:31:45.140
8729,1640237505167,0.04154528,-0.08934898,-0.2020006,2021:12:23:14:31:45.167
8730,1640237505185,0.07030739,-0.10852372,-0.20706059,2021:12:23:14:31:45.185
8731,1640237505198,0.03542001,-0.165249,-0.21105534,2021:12:23:14:31:45.198
8732,1640237505221,0.006924213,-0.17483638,-0.17616795,2021:12:23:14:31:45.221
8733,1640237505237,0.042344224,-0.1934785,-0.1165132,2021:12:23:14:31:45.237
8734,1640237505262,-0.015712637,-0.20572902,-0.114915304,2021:12:23:14:31:45.262
8735,1640237505280,-0.05166528,-0.21505007,-0.085087925,2021:12:23:14:31:45.280
8736,1640237505303,-0.01810948,-0.19587533,0.0139815835,2021:12:23:14:31:45.303
8737,1640237505317,0.0053263176,-0.15459637,0.10958899,2021:12:23:14:31:45.317
8738,1640237505338,0.011185267,-0.17563532,0.15219952,2021:12:23:14:31:45.338
8739,1640237505355,-0.06950845,-0.19294585,0.17563532,2021:12:23:14:31:45.355
8740,1640237505385,-0.04074633,-0.21132165,0.2789659,2021:12:23:14:31:45.385
8741,1640237505401,0.00452737,-0.16551532,0.40413436,2021:12:23:14:31:45.401
8742,1640237505416,0.002130527,-0.14234585,0.50293756,2021:12:23:14:31:45.416
8743,1640237505437,-0.017044216,-0.11251846,0.59588176,2021:12:23:14:31:45.437
8744,1640237505461,0.10519477,0.011318425,0.71599025,2021:12:23:14:31:45.461
8745,1640237505481,-0.16698006,-0.0014647373,0.6150565,2021:12:23:14:31:45.481
8746,1640237505498,-0.03621896,0.07310371,0.48615965,2021:12:23:14:31:45.498
8747,1640237505520,-0.0034621065,0.15992269,0.47497436,2021:12:23:14:31:45.520
8748,1640237505538,-0.08468845,0.17403743,0.2789659,2021:12:23:14:31:45.538
8749,1640237505562,0.04261054,0.19481006,0.045673173,2021:12:23:14:31:45.562
8750,1640237505579,0.08708529,0.22863218,0.010785793,2021:12:23:14:31:45.579
8751,1640237505598,-0.017576847,0.20865849,-0.102398455,2021:12:23:14:31:45.598
8752,1640237505619,0.014381058,0.16737953,-0.25366586,2021:12:23:14:31:45.619
8753,1640237505639,-0.00079894764,0.13808478,-0.31385326,2021:12:23:14:31:45.639
8754,1640237505661,0.031158958,0.17403743,-0.43982068,2021:12:23:14:31:45.661
8755,1640237505679,-0.0620516,0.08056056,-0.50027436,2021:12:23:14:31:45.679
8756,1640237505703,0.25513062,0.14527531,-0.5303681,2021:12:23:14:31:45.703
8757,1640237505716,-0.0636495,0.07656582,-0.6110618,2021:12:23:14:31:45.716
8758,1640237505736,0.08149266,-0.0070573706,-0.6443513,2021:12:23:14:31:45.736
8759,1640237505754,0.07270423,0.05819002,-0.49148595,2021:12:23:14:31:45.754
8760,1640237505780,-0.02716422,-0.016112112,-0.34874064,2021:12:23:14:31:45.780
8761,1640237505796,-0.01358211,0.022503693,-0.28402588,2021:12:23:14:31:45.796
8762,1640237505816,-0.058589496,0.024367902,-0.10133319,2021:12:23:14:31:45.816
8763,1640237505836,0.008788424,0.08082687,0.0030626326,2021:12:23:14:31:45.836
8764,1640237505862,0.0026631588,0.07496792,0.027297378,2021:12:23:14:31:45.862
8765,1640237505879,0.029294748,0.06884266,-0.01744369,2021:12:23:14:31:45.879
8766,1640237505898,-0.03169159,0.08056056,-0.08775108,2021:12:23:14:31:45.898
8767,1640237505917,-0.0050600017,0.052863702,-0.19321217,2021:12:23:14:31:45.917
8768,1640237505946,0.021837901,0.052597385,-0.30373326,2021:12:23:14:31:45.946
8769,1640237505963,0.0029294747,0.021704745,-0.3916175,2021:12:23:14:31:45.963
8770,1640237505977,0.057257913,-0.011318425,-0.48003438,2021:12:23:14:31:45.977
8771,1640237505996,0.019174743,-0.0062584234,-0.54048806,2021:12:23:14:31:45.996
8772,1640237506020,-0.022370534,-0.050733175,-0.52504176,2021:12:23:14:31:46.020
8773,1640237506037,-0.002130527,-0.05419528,-0.51305753,2021:12:23:14:31:46.037
8774,1640237506059,0.013315794,-0.09174582,-0.44754383,2021:12:23:14:31:46.059
8775,1640237506083,0.04074633,-0.10399635,-0.4217112,2021:12:23:14:31:46.083
8776,1640237506101,0.027963167,-0.13355741,-0.3780354,2021:12:23:14:31:46.101
8777,1640237506119,-0.034621064,-0.17803216,-0.322908,2021:12:23:14:31:46.119
8778,1640237506146,0.035153694,-0.14953637,-0.32983223,2021:12:23:14:31:46.146
8779,1640237506177,0.017044216,-0.20226692,-0.302668,2021:12:23:14:31:46.177
8780,1640237506195,0.022903167,-0.23875219,-0.23981746,2021:12:23:14:31:46.195
8781,1640237506218,0.03488738,-0.21771324,-0.170309,2021:12:23:14:31:46.218
8782,1640237506234,0.039947383,-0.24620903,-0.07257108,2021:12:23:14:31:46.234
8783,1640237506261,0.097205296,-0.18096164,-0.039814223,2021:12:23:14:31:46.261
8784,1640237506280,0.02583264,-0.19907112,0.04460791,2021:12:23:14:31:46.280
8785,1640237506297,-0.123304255,-0.24354587,0.0930774,2021:12:23:14:31:46.297
8786,1640237506316,0.0122505305,-0.1434111,0.19321217,2021:12:23:14:31:46.316
8787,1640237506346,0.089482136,-0.14394373,0.3290333,2021:12:23:14:31:46.346
8788,1640237506363,0.032756854,-0.18469006,0.30213538,2021:12:23:14:31:46.363
8789,1640237506380,-0.042344224,-0.11331741,0.32317433,2021:12:23:14:31:46.380
8790,1640237506396,0.030626327,-0.077364765,0.45899543,2021:12:23:14:31:46.396
8791,1640237506416,-0.02077264,-0.10958899,0.5087965,2021:12:23:14:31:46.416
8792,1640237506446,0.018908428,-0.106393196,0.5005407,2021:12:23:14:31:46.446
8793,1640237506462,-0.006657897,-0.057923704,0.53169966,2021:12:23:14:31:46.462
8794,1640237506478,-0.036485277,-0.035819486,0.561527,2021:12:23:14:31:46.478
8795,1640237506501,0.06471476,0.02516685,0.55353755,2021:12:23:14:31:46.501
8796,1640237506518,0.07163897,0.024367902,0.5127912,2021:12:23:14:31:46.518
8797,1640237506545,-0.052464228,0.012650005,0.4315649,2021:12:23:14:31:46.545
8798,1640237506560,0.028762115,0.02516685,0.3969438,2021:12:23:14:31:46.560
8799,1640237506579,0.021571586,0.058988966,0.3511375,2021:12:23:14:31:46.579
8800,1640237506598,0.04287686,0.08775108,0.24327956,2021:12:23:14:31:46.598
8801,1640237506629,-0.028762115,0.08482161,0.17243953,2021:12:23:14:31:46.629
8802,1640237506644,-0.004793686,0.08934898,0.124502674,2021:12:23:14:31:46.644
8803,1640237506662,-0.010918951,0.11571425,0.118910044,2021:12:23:14:31:46.662
8804,1640237506679,0.027963167,0.124502674,0.06804371,2021:12:23:14:31:46.679
8805,1640237506697,-0.03169159,0.12423636,0.0139815835,2021:12:23:14:31:46.697
8806,1640237506716,-0.07803056,0.09920266,-0.058456335,2021:12:23:14:31:46.716
8807,1640237506746,0.008255793,0.12210583,-0.09201214,2021:12:23:14:31:46.746
8808,1640237506762,-0.017044216,0.119975306,-0.1250353,2021:12:23:14:31:46.762
8809,1640237506777,-0.03302317,0.04593949,-0.19161427,2021:12:23:14:31:46.777
8810,1640237506796,0.030626327,0.067777395,-0.2241048,2021:12:23:14:31:46.796
8811,1640237506817,0.0122505305,0.028895274,-0.22543639,2021:12:23:14:31:46.817
8812,1640237506844,0.018375795,0.036352117,-0.28375956,2021:12:23:14:31:46.844
8813,1640237506863,0.012783162,0.01877527,-0.25499746,2021:12:23:14:31:46.863
8814,1640237506880,-0.024234746,0.0057257917,-0.1868206,2021:12:23:14:31:46.880
8815,1640237506899,0.019174743,0.025433166,-0.14261216,2021:12:23:14:31:46.899
8816,1640237506916,-0.027696852,-0.028628957,-0.12876374,2021:12:23:14:31:46.916
8817,1640237506945,-0.030093694,-0.014514215,-0.1282311,2021:12:23:14:31:46.945
8818,1640237506962,-0.013049478,-0.037683696,-0.075234234,2021:12:23:14:31:46.962
8819,1640237506980,-0.030093694,-0.016911058,-0.018508954,2021:12:23:14:31:46.980
8820,1640237506999,-0.07430213,-0.012650005,0.009986846,2021:12:23:14:31:46.999
8821,1640237507028,-0.057790548,-0.01744369,0.008122634,2021:12:23:14:31:47.028
8822,1640237507044,0.01810948,-0.021172112,-0.03289001,2021:12:23:14:31:47.044
8823,1640237507060,-0.047404226,-0.10506161,-0.075234234,2021:12:23:14:31:47.060
8824,1640237507077,-0.040213697,-0.10399635,-0.12130688,2021:12:23:14:31:47.077
8825,1640237507103,-0.01038632,-0.11544793,-0.10373004,2021:12:23:14:31:47.103
8826,1640237507118,-0.007190529,-0.117844775,-0.1282311,2021:12:23:14:31:47.118
8827,1640237507135,-0.017843165,-0.15060163,-0.12956268,2021:12:23:14:31:47.135
8828,1640237507160,-0.029827379,-0.16764584,-0.08402266,2021:12:23:14:31:47.160
8829,1640237507178,0.014647374,-0.14048162,-0.048602648,2021:12:23:14:31:47.178
8830,1640237507196,0.0058589494,-0.12743215,-0.0083889505,2021:12:23:14:31:47.196
8831,1640237507217,0.08681898,-0.12050793,-0.0006657897,2021:12:23:14:31:47.217
8832,1640237507245,-0.04340949,-0.117844775,0.036618434,2021:12:23:14:31:47.245
8833,1640237507261,0.049002122,-0.115980566,0.04008054,2021:12:23:14:31:47.261
8834,1640237507278,0.03808317,-0.074435286,0.056059495,2021:12:23:14:31:47.278
8835,1640237507300,0.038615804,-0.096539505,0.14527531,2021:12:23:14:31:47.300
8836,1640237507319,0.06791055,-0.09254477,0.22969745,2021:12:23:14:31:47.319
8837,1640237507343,0.20053586,-0.035819486,0.21904482,2021:12:23:14:31:47.343
8838,1640237507361,-0.07137266,-0.03954791,0.30506483,2021:12:23:14:31:47.361
8839,1640237507380,-0.06897581,-0.043542646,0.3833617,2021:12:23:14:31:47.380
8840,1640237507395,-0.047670543,0.030759484,0.36258906,2021:12:23:14:31:47.395
8841,1640237507429,-0.113450564,0.081093185,0.33063117,2021:12:23:14:31:47.429
8842,1640237507446,-0.11291793,0.071505815,0.34527853,2021:12:23:14:31:47.446
8843,1640237507459,-0.022903167,0.14554162,0.2288985,2021:12:23:14:31:47.459
8844,1640237507478,0.024234746,0.17270584,0.16817848,2021:12:23:14:31:47.478
8845,1640237507499,-0.046072647,0.12769847,0.13888372,2021:12:23:14:31:47.499
8846,1640237507516,-0.011984214,0.14740583,-0.019307902,2021:12:23:14:31:47.516
8847,1640237507543,-0.18029585,0.1181111,-0.09547424,2021:12:23:14:31:47.543
8848,1640237507562,0.035952643,0.11251846,-0.1535311,2021:12:23:14:31:47.562
8849,1640237507577,-0.013848426,0.15326479,-0.24833956,2021:12:23:14:31:47.577
8850,1640237507594,0.05113265,0.090946876,-0.2845585,2021:12:23:14:31:47.594
8851,1640237507616,0.041278962,0.12530163,-0.3479417,2021:12:23:14:31:47.616
8852,1640237507643,0.24208114,0.10692582,-0.35033855,2021:12:23:14:31:47.643
8853,1640237507662,-0.07350318,0.09254477,-0.3615238,2021:12:23:14:31:47.662
8854,1640237507677,0.036485277,0.053396333,-0.26138905,2021:12:23:14:31:47.677
8855,1640237507696,-0.033289485,0.10000161,-0.2555301,2021:12:23:14:31:47.696
8856,1640237507717,0.054861072,0.041678436,-0.21611534,2021:12:23:14:31:47.717
8857,1640237507743,0.013049478,0.034487907,-0.18202691,2021:12:23:14:31:47.743
8858,1640237507759,-0.0055926335,0.017177375,-0.19054902,2021:12:23:14:31:47.759
8859,1640237507779,-0.03621896,0.0070573706,-0.14820479,2021:12:23:14:31:47.779
8860,1640237507798,-0.0101200035,-0.042743698,-0.058988966,2021:12:23:14:31:47.798
8861,1640237507819,0.027696852,-0.017710006,0.017710006,2021:12:23:14:31:47.819
8862,1640237507842,0.0034621065,0.020373166,0.10745846,2021:12:23:14:31:47.842
8863,1640237507860,-0.00026631588,0.029960537,0.18122795,2021:12:23:14:31:47.860
8864,1640237507878,-0.017310532,0.043808963,0.2491385,2021:12:23:14:31:47.878
8865,1640237507901,0.03302317,0.08721845,0.22144166,2021:12:23:14:31:47.901
8866,1640237507918,-0.039681066,0.03289001,0.20999007,2021:12:23:14:31:47.918
8867,1640237507943,-0.0037284223,0.07203845,0.14820479,2021:12:23:14:31:47.943
8868,1640237507960,0.034088433,0.085087925,0.13355741,2021:12:23:14:31:47.960
8869,1640237507981,0.006657897,0.038482644,0.046205804,2021:12:23:14:31:47.981
8870,1640237507998,-0.014647374,0.035819486,-0.02916159,2021:12:23:14:31:47.998
8871,1640237508027,-0.02902843,0.050999492,-0.0075900024,2021:12:23:14:31:48.027
8872,1640237508061,-0.00452737,0.07763108,-0.03821633,2021:12:23:14:31:48.061
8873,1640237508075,-0.014381058,0.01744369,-0.06591318,2021:12:23:14:31:48.075
8874,1640237508098,0.022104219,0.036352117,-0.1468732,2021:12:23:14:31:48.098
8875,1640237508116,-0.037284225,-0.00039947382,-0.13542162,2021:12:23:14:31:48.116
8876,1640237508143,-0.010652635,0.013715268,-0.17164059,2021:12:23:14:31:48.143
8877,1640237508159,-0.15419689,-0.014780532,-0.20439744,2021:12:23:14:31:48.159
8878,1640237508177,-0.1928127,-0.13861741,-0.14607427,2021:12:23:14:31:48.177
8879,1640237508198,0.106792666,0.08455529,-0.058988966,2021:12:23:14:31:48.198
8880,1640237508217,0.15872426,-0.037151065,0.06271739,2021:12:23:14:31:48.217
8881,1640237508236,0.05166528,0.0038615803,-0.12743215,2021:12:23:14:31:48.236
8882,1640237508261,0.10040109,0.019840533,-0.007856319,2021:12:23:14:31:48.261
8883,1640237508280,0.014114741,0.009720529,0.05179844,2021:12:23:14:31:48.280
8884,1640237508301,0.054062124,0.0017310532,-0.045673173,2021:12:23:14:31:48.301
8885,1640237508316,0.03755054,-0.021704745,-0.10346372,2021:12:23:14:31:48.316
8886,1640237508335,0.0013315794,-0.07603318,-0.14793848,2021:12:23:14:31:48.335
8887,1640237508359,0.14354426,-0.042477384,-0.1215732,2021:12:23:14:31:48.359
8888,1640237508376,0.34647697,-0.019840533,-0.1231711,2021:12:23:14:31:48.376
8889,1640237508393,-0.14860426,-0.16098794,-0.024367902,2021:12:23:14:31:48.393
8890,1640237508418,-0.047936857,-0.039814223,-0.016112112,2021:12:23:14:31:48.418
8891,1640237508434,-0.15712637,-0.145009,0.0880174,2021:12:23:14:31:48.434
8892,1640237508460,-0.0620516,-0.025965799,0.04700475,2021:12:23:14:31:48.460
8893,1640237508475,-0.06072002,-0.03555317,0.069375284,2021:12:23:14:31:48.475
8894,1640237508496,-0.060453705,-0.029960537,0.038482644,2021:12:23:14:31:48.496
8895,1640237508517,-0.07643266,-0.05819002,0.07976161,2021:12:23:14:31:48.517
8896,1640237508543,0.0503337,-0.048602648,0.14660689,2021:12:23:14:31:48.543
8897,1640237508559,0.032490537,-0.044874225,0.13249215,2021:12:23:14:31:48.559
8898,1640237508577,-0.024501061,-0.07017423,0.13275847,2021:12:23:14:31:48.577
8899,1640237508597,0.027696852,-0.05366265,0.13089426,2021:12:23:14:31:48.597
8900,1640237508618,-0.002130527,-0.03555317,0.1300953,2021:12:23:14:31:48.618
8901,1640237508641,0.09374319,-0.012383688,0.14421006,2021:12:23:14:31:48.641
8902,1640237508658,0.1006674,-0.022503693,0.15965638,2021:12:23:14:31:48.658
8903,1640237508678,0.043675803,-0.025965799,0.13622057,2021:12:23:14:31:48.678
8904,1640237508699,0.08016108,0.04540686,0.12796478,2021:12:23:14:31:48.699
8905,1640237508727,0.12357057,0.077364765,0.09414266,2021:12:23:14:31:48.727
8906,1640237508743,0.03808317,0.06404897,-0.04593949,2021:12:23:14:31:48.743
8907,1640237508758,-0.0026631588,0.054727912,-0.20919113,2021:12:23:14:31:48.758
8908,1640237508781,-0.0031957906,-0.006524739,-0.36045855,2021:12:23:14:31:48.781
8909,1640237508801,-0.027963167,-0.020639481,-0.46858278,2021:12:23:14:31:48.801
8910,1640237508831,0.0503337,0.019574217,-0.4283691,2021:12:23:14:31:48.831
8911,1640237508846,-0.16325164,-0.013182636,-0.3950796,2021:12:23:14:31:48.846
8912,1640237508860,-0.09933583,0.0038615803,-0.36844802,2021:12:23:14:31:48.860
8913,1640237508878,-0.13129373,-0.033156328,-0.33728907,2021:12:23:14:31:48.878
8914,1640237508906,0.01810948,-0.023036323,-0.33675644,2021:12:23:14:31:48.906
8915,1640237508925,0.032224223,-0.052597385,-0.2893522,2021:12:23:14:31:48.925
8916,1640237508942,-0.06018739,-0.14074795,-0.2121206,2021:12:23:14:31:48.942
8917,1640237508962,0.00026631588,-0.12610057,-0.14474268,2021:12:23:14:31:48.962
8918,1640237508975,-0.0077231606,-0.15033531,-0.07230476,2021:12:23:14:31:48.975
8919,1640237508995,0.03808317,-0.08375634,-0.018242639,2021:12:23:14:31:48.995
8920,1640237509025,0.05805686,-0.098670036,0.089082666,2021:12:23:14:31:49.025
8921,1640237509042,0.050067388,-0.09387635,0.12556794,2021:12:23:14:31:49.042
8922,1640237509058,0.05938844,-0.039814223,0.17084163,2021:12:23:14:31:49.058
8923,1640237509077,0.07909582,-0.057391074,0.18415743,2021:12:23:14:31:49.077
8924,1640237509100,0.016777901,-0.027563693,0.17217322,2021:12:23:14:31:49.100
8925,1640237509124,-0.03755054,-0.05313002,0.15885742,2021:12:23:14:31:49.124
8926,1640237509140,0.06791055,-0.015845794,0.09014793,2021:12:23:14:31:49.140
8927,1640237509160,0.0058589494,-0.083223715,0.021172112,2021:12:23:14:31:49.160
8928,1640237509179,0.050866332,-0.04833633,-0.057391074,2021:12:23:14:31:49.179
8929,1640237509198,-0.043675803,-0.098670036,-0.007323687,2021:12:23:14:31:49.198
8930,1640237509225,-0.03036001,-0.020905796,0.05313002,2021:12:23:14:31:49.225
8931,1640237509243,0.059921075,0.011318425,0.18309216,2021:12:23:14:31:49.243
8932,1640237509257,-0.011185267,0.0310258,0.15033531,2021:12:23:14:31:49.257
8933,1640237509277,-0.06764423,0.035286855,0.14421006,2021:12:23:14:31:49.277
8934,1640237509308,-0.068176866,0.045673173,0.15805848,2021:12:23:14:31:49.308
8935,1640237509326,-0.09294424,0.06644581,0.08855003,2021:12:23:14:31:49.326
8936,1640237509342,-0.16138743,0.06511423,0.0310258,2021:12:23:14:31:49.342
8937,1640237509357,-0.23835272,0.058456335,-0.025433166,2021:12:23:14:31:49.357
8938,1640237509376,-0.29640958,0.00039947382,-0.03688475,2021:12:23:14:31:49.376
8939,1640237509395,0.10519477,0.12397004,0.03235738,2021:12:23:14:31:49.395
8940,1640237509426,0.0031957906,0.069375284,-0.07230476,2021:12:23:14:31:49.426
8941,1640237509442,0.0034621065,0.028362641,-0.2206427,2021:12:23:14:31:49.442
8942,1640237509457,-0.023169482,0.061652128,-0.107192144,2021:12:23:14:31:49.457
8943,1640237509476,-0.002396843,0.08855003,-0.08189213,2021:12:23:14:31:49.476
8944,1640237509500,0.016777901,0.022770008,-0.09201214,2021:12:23:14:31:49.500
8945,1640237509529,0.055393703,0.006791055,-0.14740583,2021:12:23:14:31:49.529
8946,1640237509546,0.1139832,0.009454214,-0.16098794,2021:12:23:14:31:49.546
8947,1640237509558,0.2330264,0.00039947382,-0.10852372,2021:12:23:14:31:49.558
8948,1640237509578,0.30146956,0.015845794,-0.14554162,2021:12:23:14:31:49.578
8949,1640237509598,-0.122238986,-0.09946898,-0.14580795,2021:12:23:14:31:49.598
8950,1640237509625,0.13315794,-0.07416897,-0.04647212,2021:12:23:14:31:49.625
8951,1640237509642,0.2362222,0.010785793,-0.018508954,2021:12:23:14:31:49.642
8952,1640237509660,0.05299686,-0.12636688,-0.13302478,2021:12:23:14:31:49.660
8953,1640237509677,-0.03675159,-0.15646058,-0.14128058,2021:12:23:14:31:49.677
8954,1640237509708,-0.02716422,-0.049401596,-0.11624688,2021:12:23:14:31:49.708
8955,1640237509741,0.019441059,-0.12583426,-0.025699483,2021:12:23:14:31:49.741
8956,1640237509759,0.029827379,-0.10373004,-0.040879488,2021:12:23:14:31:49.759
8957,1640237509777,-0.03675159,-0.16231953,0.010785793,2021:12:23:14:31:49.777
8958,1640237509794,-0.033555802,-0.2004027,0.08615319,2021:12:23:14:31:49.794
8959,1640237509815,-0.013315794,-0.11331741,0.13462268,2021:12:23:14:31:49.815
8960,1640237509838,-0.046605278,-0.18921743,0.18335849,2021:12:23:14:31:49.838
8961,1640237509859,-0.24261376,-0.23635535,0.23875219,2021:12:23:14:31:49.859
8962,1640237509876,0.06764423,-0.106393196,0.27736798,2021:12:23:14:31:49.876
8963,1640237509897,-0.046871595,-0.18255953,0.3764375,2021:12:23:14:31:49.897
8964,1640237509924,0.00452737,-0.0478037,0.35406697,2021:12:23:14:31:49.924
8965,1640237509942,-0.036485277,-0.102398455,0.44914174,2021:12:23:14:31:49.942
8966,1640237509957,0.0074568447,-0.07044055,0.46458805,2021:12:23:14:31:49.957
8967,1640237509978,-0.0015978953,-0.057657387,0.5197154,2021:12:23:14:31:49.978
8968,1640237509999,0.0018642112,-0.03368896,0.521846,2021:12:23:14:31:49.999
8969,1640237510024,-0.00452737,0.038482644,0.50267124,2021:12:23:14:31:50.024
8970,1640237510040,-0.011984214,0.09600688,0.45073962,2021:12:23:14:31:50.040
8971,1640237510058,-0.00053263176,0.12210583,0.37004593,2021:12:23:14:31:50.058
8972,1640237510077,0.0010652635,0.1284974,0.22809955,2021:12:23:14:31:50.077
8973,1640237510105,-0.0050600017,0.10692582,0.027563693,2021:12:23:14:31:50.105
8974,1640237510124,0.020240007,0.09733845,-0.13595426,2021:12:23:14:31:50.124
8975,1640237510141,0.017310532,0.05552686,-0.25047007,2021:12:23:14:31:50.141
8976,1640237510157,-0.0058589494,0.05366265,-0.36205643,2021:12:23:14:31:50.157
8977,1640237510176,0.048203174,0.044341594,-0.39294907,2021:12:23:14:31:50.176
8978,1640237510193,0.0037284223,0.009986846,-0.3868238,2021:12:23:14:31:50.193
8979,1640237510225,0.03435475,0.011318425,-0.404667,2021:12:23:14:31:50.225
8980,1640237510239,0.034088433,-0.012117373,-0.4619249,2021:12:23:14:31:50.239
8981,1640237510257,-0.00905474,-0.07683213,-0.500807,2021:12:23:14:31:50.257
8982,1640237510276,0.09108003,-0.11118688,-0.42410803,2021:12:23:14:31:50.276
8983,1640237510297,-0.0053263176,-0.14234585,-0.33382696,2021:12:23:14:31:50.297
8984,1640237510324,-0.011451583,-0.16231953,-0.22303955,2021:12:23:14:31:50.324
8985,1640237510341,0.0074568447,-0.17643428,-0.15086795,2021:12:23:14:31:50.341
8986,1640237510357,0.006924213,-0.15805848,-0.07283739,2021:12:23:14:31:50.357
8987,1640237510378,-0.020240007,-0.17323849,0.017710006,2021:12:23:14:31:50.378
8988,1640237510399,-0.026897904,-0.14474268,0.09494161,2021:12:23:14:31:50.399
8989,1640237510418,0.003994738,-0.13249215,0.16072163,2021:12:23:14:31:50.418
8990,1640237510444,-0.08708529,-0.11704583,0.17430374,2021:12:23:14:31:50.444
8991,1640237510460,-0.032224223,-0.086952135,0.25419852,2021:12:23:14:31:50.460
8992,1640237510477,-0.05166528,-0.13808478,0.27470484,2021:12:23:14:31:50.477
8993,1640237510497,0.08921582,-0.04913528,0.24168167,2021:12:23:14:31:50.497
8994,1640237510524,-0.05060002,-0.0914795,0.28402588,2021:12:23:14:31:50.524
8995,1640237510542,-0.023169482,-0.075234234,0.20812586,2021:12:23:14:31:50.542
8996,1640237510559,0.019441059,-0.09121319,0.19640796,2021:12:23:14:31:50.559
8997,1640237510578,-0.023169482,-0.090946876,0.13648689,2021:12:23:14:31:50.578
8998,1640237510598,0.05832318,-0.07230476,0.14713952,2021:12:23:14:31:50.598
8999,1640237510621,-0.024767376,-0.0478037,0.20679428,2021:12:23:14:31:50.621
9000,1640237510640,0.14887057,0.0083889505,0.30186906,2021:12:23:14:31:50.640
9001,1640237510659,-0.09534109,0.035020538,0.3245059,2021:12:23:14:31:50.659
9002,1640237510678,0.0034621065,0.005992107,0.41292277,2021:12:23:14:31:50.678
9003,1640237510694,-0.03169159,0.08668582,0.39188382,2021:12:23:14:31:50.694
9004,1640237510720,0.010652635,0.05819002,0.4179828,2021:12:23:14:31:50.720
9005,1640237510740,-0.0026631588,0.05499423,0.41105857,2021:12:23:14:31:50.740
9006,1640237510756,0.03302317,0.06085318,0.4403533,2021:12:23:14:31:50.756
9007,1640237510776,-0.008255793,0.08269108,0.4302333,2021:12:23:14:31:50.776
9008,1640237510798,-0.0031957906,0.12716584,0.43236384,2021:12:23:14:31:50.798
9009,1640237510822,0.02263685,0.15433006,0.40626487,2021:12:23:14:31:50.822
9010,1640237510839,0.017843165,0.19880481,0.3324954,2021:12:23:14:31:50.839
9011,1640237510859,0.017310532,0.21238692,0.2946785,2021:12:23:14:31:50.859
9012,1640237510877,0.044208437,0.22836587,0.22650166,2021:12:23:14:31:50.877
9013,1640237510906,0.052730545,0.22836587,0.119708985,2021:12:23:14:31:50.906
9014,1640237510924,0.022104219,0.19773954,-0.010253161,2021:12:23:14:31:50.924
9015,1640237510940,-0.011717899,0.1902827,-0.07097318,2021:12:23:14:31:50.940
9016,1640237510957,0.04394212,0.20173427,-0.06538055,2021:12:23:14:31:50.957
9017,1640237510979,0.019174743,0.17536901,-0.10852372,2021:12:23:14:31:50.979
9018,1640237510996,0.006657897,0.15379742,-0.11331741,2021:12:23:14:31:50.996
9019,1640237511021,-0.03169159,0.14927006,-0.06191844,2021:12:23:14:31:51.021
9020,1640237511038,0.035952643,0.16471638,-0.04727107,2021:12:23:14:31:51.038
9021,1640237511056,-0.0026631588,0.17110795,-0.055793177,2021:12:23:14:31:51.056
9022,1640237511075,0.011717899,0.08961529,-0.016112112,2021:12:23:14:31:51.075
9023,1640237511097,-0.018375795,0.12104057,0.0038615803,2021:12:23:14:31:51.097
9024,1640237511123,0.013848426,0.13488899,0.04727107,2021:12:23:14:31:51.123
9025,1640237511139,-0.0015978953,0.102398455,0.088816345,2021:12:23:14:31:51.139
9026,1640237511155,-0.0013315794,0.08748477,0.110387936,2021:12:23:14:31:51.155
9027,1640237511176,-0.0101200035,0.10879004,0.10879004,2021:12:23:14:31:51.176
9028,1640237511195,-0.017843165,0.11464899,0.090946876,2021:12:23:14:31:51.195
9029,1640237511223,0.029294748,0.12876374,0.04647212,2021:12:23:14:31:51.223
9030,1640237511241,-0.026098955,0.1031974,0.04540686,2021:12:23:14:31:51.241
9031,1640237511256,0.014647374,0.09920266,0.046205804,2021:12:23:14:31:51.256
9032,1640237511277,0.006391581,0.11518162,0.035020538,2021:12:23:14:31:51.277
9033,1640237511298,0.02130527,0.13781847,0.01877527,2021:12:23:14:31:51.298
9034,1640237511322,-0.0074568447,0.09014793,0.0070573706,2021:12:23:14:31:51.322
9035,1640237511338,-0.06684528,0.09627319,0.0011984215,2021:12:23:14:31:51.338
9036,1640237511358,0.04154528,0.13595426,0.011318425,2021:12:23:14:31:51.358
9037,1640237511378,-0.0026631588,0.08535424,-0.001997369,2021:12:23:14:31:51.378
9038,1640237511407,0.015712637,0.09627319,-0.011318425,2021:12:23:14:31:51.407
9039,1640237511421,0.0015978953,0.07816371,0.043276332,2021:12:23:14:31:51.421
9040,1640237511439,0.03941475,0.111985825,0.03928159,2021:12:23:14:31:51.439
9041,1640237511459,0.006391581,0.10213214,0.054727912,2021:12:23:14:31:51.459
9042,1640237511478,0.01358211,0.07044055,0.008655266,2021:12:23:14:31:51.478
9043,1640237511506,0.03568633,0.11092056,-0.09414266,2021:12:23:14:31:51.506
9044,1640237511523,-0.010652635,0.08588687,-0.13888372,2021:12:23:14:31:51.523
9045,1640237511541,0.05566002,0.07816371,-0.21345218,2021:12:23:14:31:51.541
9046,1640237511575,0.02077264,0.022770008,-0.21371849,2021:12:23:14:31:51.575
9047,1640237511596,-0.0077231606,0.013448952,-0.22543639,2021:12:23:14:31:51.596
9048,1640237511623,0.0015978953,0.019840533,-0.23156166,2021:12:23:14:31:51.623
9049,1640237511636,-0.006657897,-0.0054594753,-0.27523747,2021:12:23:14:31:51.636
9050,1640237511656,0.019707374,0.013448952,-0.3061301,2021:12:23:14:31:51.656
9051,1640237511677,-0.01358211,-0.020639481,-0.29521117,2021:12:23:14:31:51.677
9052,1640237511703,-0.003994738,-0.007323687,-0.27337325,2021:12:23:14:31:51.703
9053,1640237511721,0.02716422,-0.008921582,-0.24035008,2021:12:23:14:31:51.721
9054,1640237511738,-0.014114741,-0.02783001,-0.24035008,2021:12:23:14:31:51.738
9055,1640237511757,-0.03568633,-0.037151065,-0.21957745,2021:12:23:14:31:51.757
9056,1640237511779,0.028762115,-0.052863702,-0.21265323,2021:12:23:14:31:51.779
9057,1640237511797,0.027696852,-0.053396333,-0.22969745,2021:12:23:14:31:51.797
9058,1640237511821,-0.01810948,-0.08988161,-0.16871111,2021:12:23:14:31:51.821
9059,1640237511843,-0.020506322,-0.09387635,-0.13622057,2021:12:23:14:31:51.843
9060,1640237511860,0.010652635,-0.05499423,-0.11571425,2021:12:23:14:31:51.860
9061,1640237511876,-0.004793686,-0.07017423,-0.06218476,2021:12:23:14:31:51.876
9062,1640237511904,-0.014381058,-0.08748477,-0.024367902,2021:12:23:14:31:51.904
9063,1640237511922,-0.023968428,-0.07017423,0.00519316,2021:12:23:14:31:51.922
9064,1640237511940,0.026365273,-0.04913528,0.019840533,2021:12:23:14:31:51.940
9065,1640237511956,0.010918951,-0.05419528,0.036618434,2021:12:23:14:31:51.956
9066,1640237511979,-0.016511586,-0.042211067,0.08855003,2021:12:23:14:31:51.979
9067,1640237512002,-0.02902843,-0.045140542,0.07416897,2021:12:23:14:31:52.002
9068,1640237512020,-0.007989476,-0.034754224,0.065646864,2021:12:23:14:31:52.020
9069,1640237512037,-0.00079894764,-0.02143843,0.07656582,2021:12:23:14:31:52.037
9070,1640237512056,-0.018375795,0.015845794,0.098403715,2021:12:23:14:31:52.056
9071,1640237512075,-0.03621896,-0.0041278964,0.11171951,2021:12:23:14:31:52.075
9072,1640237512096,0.07936213,0.029960537,0.086952135,2021:12:23:14:31:52.096
9073,1640237512120,0.041811593,-0.019840533,0.058722652,2021:12:23:14:31:52.120
9074,1640237512138,-0.071905285,-0.029960537,0.004660528,2021:12:23:14:31:52.138
9075,1640237512156,0.010918951,0.0049268436,-0.004394212,2021:12:23:14:31:52.156
9076,1640237512179,0.0055926335,-0.021704745,-0.016378427,2021:12:23:14:31:52.179
9077,1640237512204,0.012783162,-0.030493168,-0.02197106,2021:12:23:14:31:52.204
9078,1640237512220,-0.018642113,-0.024367902,0.061652128,2021:12:23:14:31:52.220
9079,1640237512239,0.006391581,-0.021704745,0.08349003,2021:12:23:14:31:52.239
9080,1640237512257,0.022104219,0.017710006,0.075500555,2021:12:23:14:31:52.257
9081,1640237512280,-0.028229482,0.005992107,0.077364765,2021:12:23:14:31:52.280
9082,1640237512308,-0.060453705,0.0070573706,0.0661795,2021:12:23:14:31:52.308
9083,1640237512323,-0.0015978953,0.02197106,0.016112112,2021:12:23:14:31:52.323
9084,1640237512340,0.011185267,0.002263685,-0.05632581,2021:12:23:14:31:52.340
9085,1640237512360,-0.040213697,-0.059787914,-0.06884266,2021:12:23:14:31:52.360
9086,1640237512388,0.02263685,-0.020905796,0.036085803,2021:12:23:14:31:52.388
9087,1640237512404,0.013049478,0.022770008,0.096805826,2021:12:23:14:31:52.404
9088,1640237512419,0.018642113,0.019574217,0.1316932,2021:12:23:14:31:52.419
9089,1640237512439,-0.03941475,0.028628957,0.15246584,2021:12:23:14:31:52.439
9090,1640237512461,-0.0050600017,0.039814223,0.14740583,2021:12:23:14:31:52.461
9091,1640237512480,0.011451583,0.020106848,0.14740583,2021:12:23:14:31:52.480
9092,1640237512505,0.026897904,0.007323687,0.07843003,2021:12:23:14:31:52.505
9093,1640237512524,0.0018642112,-0.018508954,0.08455529,2021:12:23:14:31:52.524
9094,1640237512544,-0.030892642,-0.02463422,0.1351553,2021:12:23:14:31:52.544
9095,1640237512557,0.006924213,0.017710006,0.21771324,2021:12:23:14:31:52.557
9096,1640237512578,0.026631588,0.083223715,0.25712797,2021:12:23:14:31:52.578
9097,1640237512596,-0.011984214,0.044341594,0.2307627,2021:12:23:14:31:52.596
9098,1640237512619,0.019441059,0.04647212,0.14740583,2021:12:23:14:31:52.619
9099,1640237512637,0.024501061,0.047537386,0.07763108,2021:12:23:14:31:52.637
9100,1640237512658,0.026631588,0.037151065,0.02143843,2021:12:23:14:31:52.658
9101,1640237512678,0.014114741,0.00519316,-0.036352117,2021:12:23:14:31:52.678
9102,1640237512703,0.010918951,0.048868965,-0.07496792,2021:12:23:14:31:52.703
9103,1640237512720,-0.048735805,0.029427905,-0.07816371,2021:12:23:14:31:52.720
9104,1640237512738,0.025033694,0.053928968,-0.1215732,2021:12:23:14:31:52.738
9105,1640237512758,-0.013315794,0.018242639,-0.110387936,2021:12:23:14:31:52.758
9106,1640237512787,-0.048203174,0.033156328,-0.1250353,2021:12:23:14:31:52.787
9107,1640237512804,-0.07030739,0.030493168,-0.12610057,2021:12:23:14:31:52.804
9108,1640237512821,0.03568633,0.023568956,-0.15699321,2021:12:23:14:31:52.821
9109,1640237512838,0.030626327,-0.0035952644,-0.12689951,2021:12:23:14:31:52.838
9110,1640237512860,-0.031425275,-0.008655266,-0.13249215,2021:12:23:14:31:52.860
9111,1640237512878,-0.030892642,0.006524739,-0.09946898,2021:12:23:14:31:52.878
9112,1640237512903,0.016245268,0.008122634,-0.04833633,2021:12:23:14:31:52.903
9113,1640237512920,0.020240007,-0.0014647373,-0.03928159,2021:12:23:14:31:52.920
9114,1640237512937,-0.09347688,-0.052597385,0.0011984215,2021:12:23:14:31:52.937
9115,1640237512955,0.035153694,-0.039814223,-0.015579479,2021:12:23:14:31:52.955
9116,1640237512977,0.02530001,-0.07017423,-0.0009321056,2021:12:23:14:31:52.977
9117,1640237513002,-0.046072647,-0.061119493,0.07843003,2021:12:23:14:31:53.002
9118,1640237513021,-0.047936857,-0.07816371,0.094675295,2021:12:23:14:31:53.021
9119,1640237513037,-0.028229482,-0.004660528,0.060586862,2021:12:23:14:31:53.037
9120,1640237513059,-0.04287686,-0.07496792,0.066712126,2021:12:23:14:31:53.059
9121,1640237513078,-0.027696852,-0.042477384,-0.011318425,2021:12:23:14:31:53.078
9122,1640237513104,-0.013315794,-0.0017310532,-0.06325002,2021:12:23:14:31:53.104
9123,1640237513119,0.07829687,-0.03368896,-0.1567269,2021:12:23:14:31:53.119
9124,1640237513139,0.080693714,0.008921582,-0.22623535,2021:12:23:14:31:53.139
9125,1640237513159,0.0015978953,-0.049667913,-0.16205321,2021:12:23:14:31:53.159
9126,1640237513181,0.038349487,-0.0017310532,-0.20279954,2021:12:23:14:31:53.181
9127,1640237513207,-0.011451583,-0.029427905,-0.20839217,2021:12:23:14:31:53.207
9128,1640237513221,0.009321056,-0.01291632,-0.22809955,2021:12:23:14:31:53.221
9129,1640237513238,0.033822116,-0.016911058,-0.1969406,2021:12:23:14:31:53.238
9130,1640237513258,0.0034621065,-0.07097318,-0.16098794,2021:12:23:14:31:53.258
9131,1640237513286,0.09241161,-0.030493168,-0.14793848,2021:12:23:14:31:53.286
9132,1640237513305,-0.06950845,-0.0981374,-0.05499423,2021:12:23:14:31:53.305
9133,1640237513335,-0.0055926335,-0.057657387,0.011052109,2021:12:23:14:31:53.335
9134,1640237513353,-0.060453705,-0.06990792,0.03821633,2021:12:23:14:31:53.353
9135,1640237513377,0.046871595,-0.03342264,0.0914795,2021:12:23:14:31:53.377
9136,1640237513393,0.00026631588,-0.07683213,0.108257405,2021:12:23:14:31:53.393
9137,1640237513420,0.002396843,-0.02969422,0.08721845,2021:12:23:14:31:53.420
9138,1640237513436,0.0061252653,-0.048868965,0.10879004,2021:12:23:14:31:53.436
9139,1640237513459,0.015446321,-0.009454214,0.07869634,2021:12:23:14:31:53.459
9140,1640237513476,-0.031957906,-0.021172112,0.10879004,2021:12:23:14:31:53.476
9141,1640237513500,-0.00026631588,-0.026764747,0.08562055,2021:12:23:14:31:53.500
9142,1640237513519,-0.060986336,-0.017177375,0.07576687,2021:12:23:14:31:53.519
9143,1640237513537,-0.02263685,-0.014514215,0.06511423,2021:12:23:14:31:53.537
9144,1640237513560,-0.007989476,-0.058988966,0.071505815,2021:12:23:14:31:53.560
9145,1640237513578,0.009587372,-0.05233107,0.11917636,2021:12:23:14:31:53.578
9146,1640237513599,0.059122127,-0.01877527,0.13941637,2021:12:23:14:31:53.599
9147,1640237513618,0.016511586,-0.009986846,0.16871111,2021:12:23:14:31:53.618
9148,1640237513639,-0.033822116,0.018508954,0.20466375,2021:12:23:14:31:53.639
9149,1640237513661,-0.018642113,0.06271739,0.15992269,2021:12:23:14:31:53.661
9150,1640237513684,0.007989476,0.082957394,0.17536901,2021:12:23:14:31:53.684
9151,1640237513703,0.030892642,0.06511423,0.16711321,2021:12:23:14:31:53.703
9152,1640237513720,-0.046338964,0.06644581,0.12104057,2021:12:23:14:31:53.720
9153,1640237513741,0.099868454,0.14660689,0.13888372,2021:12:23:14:31:53.741
9154,1640237513755,0.0029294747,0.13542162,0.10213214,2021:12:23:14:31:53.755
9155,1640237513774,-0.039947383,0.14074795,0.062451076,2021:12:23:14:31:53.774
9156,1640237513803,-0.053529494,0.12636688,0.06644581,2021:12:23:14:31:53.803
9157,1640237513822,0.02130527,0.121839516,0.023302639,2021:12:23:14:31:53.822
9158,1640237513835,0.039148435,0.08482161,0.026232114,2021:12:23:14:31:53.835
9159,1640237513859,0.046605278,0.09733845,-0.032091063,2021:12:23:14:31:53.859
9160,1640237513876,0.059921075,0.08269108,-0.037417382,2021:12:23:14:31:53.876
9161,1640237513900,0.02263685,0.07097318,-0.045673173,2021:12:23:14:31:53.900
9162,1640237513922,0.039148435,0.06191844,-0.08349003,2021:12:23:14:31:53.922
9163,1640237513939,0.03941475,0.03928159,-0.07603318,2021:12:23:14:31:53.939
9164,1640237513956,0.021837901,0.03235738,-0.08988161,2021:12:23:14:31:53.956
9165,1640237513979,-0.0055926335,0.059255283,-0.16258584,2021:12:23:14:31:53.979
9166,1640237514006,-0.0058589494,0.06085318,-0.28296062,2021:12:23:14:31:54.006
9167,1640237514021,-0.02530001,-0.009986846,-0.36525223,2021:12:23:14:31:54.021
9168,1640237514037,-0.0077231606,-0.028628957,-0.43635857,2021:12:23:14:31:54.037
9169,1640237514059,-0.01358211,-0.07576687,-0.43662488,2021:12:23:14:31:54.059
9170,1640237514084,0.037816856,-0.067511074,-0.43928805,2021:12:23:14:31:54.084
9171,1640237514104,0.014647374,-0.10958899,-0.32557118,2021:12:23:14:31:54.104
9172,1640237514120,-0.016245268,-0.09041424,-0.2374206,2021:12:23:14:31:54.120
9173,1640237514139,-0.0,-0.0981374,-0.1836248,2021:12:23:14:31:54.139
9174,1640237514159,0.06285055,-0.11251846,-0.12050793,2021:12:23:14:31:54.159
9175,1640237514186,0.008255793,-0.14873742,-0.044874225,2021:12:23:14:31:54.186
9176,1640237514203,0.07456845,-0.1684448,0.0139815835,2021:12:23:14:31:54.203
9177,1640237514218,0.00452737,-0.19587533,0.09361003,2021:12:23:14:31:54.218
9178,1640237514237,-0.016245268,-0.18335849,0.160189,2021:12:23:14:31:54.237
9179,1640237514255,0.017843165,-0.16658059,0.20945744,2021:12:23:14:31:54.255
9180,1640237514274,-0.027696852,-0.17323849,0.28056377,2021:12:23:14:31:54.274
9181,1640237514300,-0.019707374,-0.13808478,0.262188,2021:12:23:14:31:54.300
9182,1640237514319,0.0101200035,-0.14367741,0.2339585,2021:12:23:14:31:54.319
9183,1640237514335,-0.0010652635,-0.18895112,0.22809955,2021:12:23:14:31:54.335
9184,1640237514357,0.034088433,-0.12929636,0.19614165,2021:12:23:14:31:54.357
9185,1640237514383,-0.03621896,-0.1585911,0.19747323,2021:12:23:14:31:54.383
9186,1640237514401,0.019441059,-0.12290478,0.15486269,2021:12:23:14:31:54.401
9187,1640237514418,0.023169482,-0.11677951,0.1684448,2021:12:23:14:31:54.418
9188,1640237514439,-0.017843165,-0.12397004,0.145009,2021:12:23:14:31:54.439
9189,1640237514459,0.025033694,-0.08668582,0.07576687,2021:12:23:14:31:54.459
9190,1640237514476,0.021038955,-0.081093185,0.069641605,2021:12:23:14:31:54.476
9191,1640237514501,0.00905474,-0.07976161,0.08455529,2021:12:23:14:31:54.501
9192,1640237514518,-0.01038632,-0.03342264,0.10399635,2021:12:23:14:31:54.518
9193,1640237514540,-0.008788424,-0.035819486,0.14101426,2021:12:23:14:31:54.540
9194,1640237514559,-0.015978953,-0.04833633,0.104262665,2021:12:23:14:31:54.559
9195,1640237514586,-0.011185267,-0.037950013,0.08588687,2021:12:23:14:31:54.586
9196,1640237514604,-0.026897904,-0.016378427,0.10506161,2021:12:23:14:31:54.604
9197,1640237514620,-0.0015978953,0.00013315794,0.098670036,2021:12:23:14:31:54.620
9198,1640237514640,-0.008522108,-0.032091063,0.10665951,2021:12:23:14:31:54.640
9199,1640237514661,-0.022370534,-0.015579479,0.13249215,2021:12:23:14:31:54.661
9200,1640237514685,-0.002130527,-0.014780532,0.17670059,2021:12:23:14:31:54.685
9201,1640237514703,-0.016245268,0.03155843,0.2241048,2021:12:23:14:31:54.703
9202,1640237514718,-0.026365273,0.052597385,0.317848,2021:12:23:14:31:54.718
9203,1640237514752,0.014381058,0.07017423,0.3615238,2021:12:23:14:31:54.752
9204,1640237514756,-0.059122127,0.0762995,0.3290333,2021:12:23:14:31:54.756
9205,1640237514775,-0.019441059,0.0997353,0.26644903,2021:12:23:14:31:54.775
9206,1640237514804,-0.00079894764,0.09041424,0.21904482,2021:12:23:14:31:54.804
9207,1640237514816,-0.030892642,0.110121615,0.14527531,2021:12:23:14:31:54.816
9208,1640237514836,0.025033694,0.12956268,0.1250353,2021:12:23:14:31:54.836
9209,1640237514859,-0.015712637,0.12423636,0.09334372,2021:12:23:14:31:54.859
9210,1640237514883,-0.0101200035,0.13142689,0.05819002,2021:12:23:14:31:54.883
9211,1640237514903,0.025033694,0.14554162,0.048070017,2021:12:23:14:31:54.903
9212,1640237514920,-0.008255793,0.12104057,0.048868965,2021:12:23:14:31:54.920
9213,1640237514939,-0.024767376,0.14101426,0.014514215,2021:12:23:14:31:54.939
9214,1640237514959,0.017843165,0.1418132,0.036085803,2021:12:23:14:31:54.959
9215,1640237514984,0.0037284223,0.13728584,0.056059495,2021:12:23:14:31:54.984
9216,1640237515000,0.023702113,0.16737953,0.007856319,2021:12:23:14:31:55.000
9217,1640237515020,0.017044216,0.17749953,-0.019041585,2021:12:23:14:31:55.020
9218,1640237515039,0.012516847,0.16817848,-0.050733175,2021:12:23:14:31:55.039
9219,1640237515067,0.013848426,0.17643428,-0.08375634,2021:12:23:14:31:55.067
9220,1640237515085,0.03036001,0.15433006,-0.13781847,2021:12:23:14:31:55.085
9221,1640237515103,0.055926334,0.16311848,-0.15113427,2021:12:23:14:31:55.103
9222,1640237515136,0.02902843,0.14074795,-0.11917636,2021:12:23:14:31:55.136
9223,1640237515156,0.014381058,0.14580795,-0.09920266,2021:12:23:14:31:55.156
9224,1640237515184,0.006924213,0.13089426,-0.0813595,2021:12:23:14:31:55.184
9225,1640237515200,0.006391581,0.14607427,-0.03422159,2021:12:23:14:31:55.200
9226,1640237515218,-0.0037284223,0.1300953,-0.011052109,2021:12:23:14:31:55.218
9227,1640237515236,0.022370534,0.10958899,0.020905796,2021:12:23:14:31:55.236
9228,1640237515258,-0.028229482,0.14261216,0.067777395,2021:12:23:14:31:55.258
9229,1640237515284,-0.015712637,0.15459637,0.13648689,2021:12:23:14:31:55.284
9230,1640237515300,0.015978953,0.15779217,0.21478376,2021:12:23:14:31:55.300
9231,1640237515319,0.00905474,0.19560902,0.15326479,2021:12:23:14:31:55.319
9232,1640237515338,-0.043675803,0.15992269,0.03368896,2021:12:23:14:31:55.338
9233,1640237515359,0.008255793,0.14261216,-0.12024162,2021:12:23:14:31:55.359
9234,1640237515386,0.00026631588,0.12530163,-0.26325324,2021:12:23:14:31:55.386
9235,1640237515404,0.00905474,0.0595216,-0.36019224,2021:12:23:14:31:55.404
9236,1640237515420,0.022104219,0.03368896,-0.4102596,2021:12:23:14:31:55.420
9237,1640237515438,-0.0031957906,0.04647212,-0.3980091,2021:12:23:14:31:55.438
9238,1640237515459,0.02077264,0.042211067,-0.3024017,2021:12:23:14:31:55.459
9239,1640237515485,0.014647374,0.038482644,-0.23715429,2021:12:23:14:31:55.485
9240,1640237515503,-0.0015978953,0.006524739,-0.16205321,2021:12:23:14:31:55.503
9241,1640237515518,-0.019174743,-0.026232114,-0.10026793,2021:12:23:14:31:55.518
9242,1640237515539,-0.009587372,-0.03235738,-0.071505815,2021:12:23:14:31:55.539
9243,1640237515557,0.004793686,-0.042211067,-0.083223715,2021:12:23:14:31:55.557
9244,1640237515575,-0.014913689,-0.069641605,-0.06431528,2021:12:23:14:31:55.575
9245,1640237515600,-0.015446321,-0.100534245,-0.044341594,2021:12:23:14:31:55.600
9246,1640237515617,0.009321056,-0.09014793,-0.034754224,2021:12:23:14:31:55.617
9247,1640237515634,-0.0058589494,-0.10000161,0.001997369,2021:12:23:14:31:55.634
9248,1640237515668,0.008255793,-0.058722652,0.050200544,2021:12:23:14:31:55.668
9249,1640237515682,0.020240007,-0.051532123,0.07656582,2021:12:23:14:31:55.682
9250,1640237515700,-0.002396843,-0.050466858,0.10080056,2021:12:23:14:31:55.700
9251,1640237515717,0.01038632,-0.032091063,0.12743215,2021:12:23:14:31:55.717
9252,1640237515737,0.0058589494,-0.03155843,0.16631427,2021:12:23:14:31:55.737
9253,1640237515766,0.004261054,-0.026764747,0.19161427,2021:12:23:14:31:55.766
9254,1640237515784,0.05113265,0.005992107,0.20226692,2021:12:23:14:31:55.784
9255,1640237515800,0.019707374,0.03155843,0.18335849,2021:12:23:14:31:55.800
9256,1640237515818,0.017576847,0.0864195,0.096805826,2021:12:23:14:31:55.818
9257,1640237515837,-0.013315794,0.06884266,-0.03688475,2021:12:23:14:31:55.837
9258,1640237515866,-0.004793686,0.06831002,-0.20546271,2021:12:23:14:31:55.866
9259,1640237515883,0.018642113,0.07203845,-0.31864694,2021:12:23:14:31:55.883
9260,1640237515901,0.04340949,0.009986846,-0.38868803,2021:12:23:14:31:55.901
9261,1640237515918,0.0026631588,0.04913528,-0.45420173,2021:12:23:14:31:55.918
9262,1640237515943,-0.014913689,0.017976321,-0.4701807,2021:12:23:14:31:55.943
9263,1640237515957,-0.04846949,-0.014514215,-0.490687,2021:12:23:14:31:55.957
9264,1640237515983,0.031425275,-0.021704745,-0.47870278,2021:12:23:14:31:55.983
9265,1640237515998,0.019707374,-0.06404897,-0.39907435,2021:12:23:14:31:55.998
9266,1640237516017,-0.0074568447,-0.10932267,-0.3716438,2021:12:23:14:31:56.017
9267,1640237516035,0.024767376,-0.13728584,-0.358328,2021:12:23:14:31:56.035
9268,1640237516068,0.029827379,-0.15379742,-0.2789659,2021:12:23:14:31:56.068
9269,1640237516083,-0.033289485,-0.22117534,-0.1719069,2021:12:23:14:31:56.083
9270,1640237516099,0.054861072,-0.21877849,-0.11251846,2021:12:23:14:31:56.099
9271,1640237516117,0.05113265,-0.20839217,0.009187898,2021:12:23:14:31:56.117
9272,1640237516137,-0.021038955,-0.20919113,0.10133319,2021:12:23:14:31:56.137
9273,1640237516158,-0.05805686,-0.19241323,0.15619427,2021:12:23:14:31:56.158
9274,1640237516178,-0.00053263176,-0.1719069,0.21078902,2021:12:23:14:31:56.178
9275,1640237516203,0.03941475,-0.14820479,0.2592585,2021:12:23:14:31:56.203
9276,1640237516219,0.006924213,-0.18442374,0.2893522,2021:12:23:14:31:56.219
9277,1640237516238,-0.011451583,-0.14234585,0.27044377,2021:12:23:14:31:56.238
9278,1640237516258,-0.0010652635,-0.117844775,0.3346259,2021:12:23:14:31:56.258
9279,1640237516286,-0.030093694,-0.083223715,0.40067226,2021:12:23:14:31:56.286
9280,1640237516304,-0.015978953,-0.06591318,0.3865575,2021:12:23:14:31:56.304
9281,1640237516317,0.015446321,-0.021172112,0.36285537,2021:12:23:14:31:56.317
9282,1640237516340,0.017576847,0.019041585,0.44141856,2021:12:23:14:31:56.340
9283,1640237516365,0.027963167,0.10772477,0.53116703,2021:12:23:14:31:56.365
9284,1640237516381,0.0101200035,0.12583426,0.5194491,2021:12:23:14:31:56.381
9285,1640237516400,0.023702113,0.18788585,0.46565333,2021:12:23:14:31:56.400
9286,1640237516420,0.029827379,0.15725952,0.43449435,2021:12:23:14:31:56.420
9287,1640237516438,0.03542001,0.23821956,0.2880206,2021:12:23:14:31:56.438
9288,1640237516457,0.035952643,0.21851218,0.0864195,2021:12:23:14:31:56.457
9289,1640237516483,-0.02263685,0.16791217,-0.1266332,2021:12:23:14:31:56.483
9290,1640237516498,0.040213697,0.17590164,-0.24620903,2021:12:23:14:31:56.498
9291,1640237516517,0.017576847,0.150069,-0.32823431,2021:12:23:14:31:56.517
9292,1640237516536,-0.011717899,0.14740583,-0.40573224,2021:12:23:14:31:56.536
9293,1640237516565,-0.004793686,0.13488899,-0.41052592,2021:12:23:14:31:56.565
9294,1640237516581,-0.0061252653,0.09707214,-0.39641118,2021:12:23:14:31:56.581
9295,1640237516597,-0.019707374,0.042211067,-0.4081291,2021:12:23:14:31:56.597
9296,1640237516616,-0.0034621065,0.0006657897,-0.40413436,2021:12:23:14:31:56.616
9297,1640237516638,0.016511586,-0.056059495,-0.33862063,2021:12:23:14:31:56.638
9298,1640237516666,0.008255793,-0.08082687,-0.18895112,2021:12:23:14:31:56.666
9299,1640237516683,-0.058589496,-0.10106688,-0.09600688,2021:12:23:14:31:56.683
9300,1640237516697,0.0074568447,-0.04673844,0.023036323,2021:12:23:14:31:56.697
9301,1640237516718,-0.036485277,-0.050733175,0.139949,2021:12:23:14:31:56.718
9302,1640237516749,-0.007190529,-0.053928968,0.13116057,2021:12:23:14:31:56.749
9303,1640237516765,-0.016511586,-0.02463422,0.1300953,2021:12:23:14:31:56.765
9304,1640237516782,-0.0061252653,-0.03954791,0.14980268,2021:12:23:14:31:56.782
9305,1640237516800,0.065247394,-0.023835272,0.13701952,2021:12:23:14:31:56.800
9306,1640237516821,-0.006391581,0.014780532,0.12743215,2021:12:23:14:31:56.821
9307,1640237516839,0.038615804,0.023835272,0.11278477,2021:12:23:14:31:56.839
9308,1640237516861,-0.039681066,0.0017310532,0.096805826,2021:12:23:14:31:56.861
9309,1640237516884,-0.012516847,0.040346857,0.058988966,2021:12:23:14:31:56.884
9310,1640237516903,-0.020240007,0.027031062,0.050999492,2021:12:23:14:31:56.903
9311,1640237516937,0.026365273,-0.007323687,-0.011584741,2021:12:23:14:31:56.937
9312,1640237516956,-0.004261054,0.017710006,-0.077364765,2021:12:23:14:31:56.956
9313,1640237516982,-0.03302317,-0.0017310532,-0.11092056,2021:12:23:14:31:56.982
9314,1640237516999,-0.018642113,0.019840533,-0.17909743,2021:12:23:14:31:56.999
9315,1640237517017,0.023968428,-0.015579479,-0.18335849,2021:12:23:14:31:57.017
9316,1640237517036,0.047936857,-0.03821633,-0.18309216,2021:12:23:14:31:57.036
9317,1640237517063,0.048203174,-0.041678436,-0.17137428,2021:12:23:14:31:57.063
9318,1640237517079,0.030892642,-0.006791055,-0.13355741,2021:12:23:14:31:57.079
9319,1640237517097,0.03755054,-0.019840533,-0.07576687,2021:12:23:14:31:57.097
9320,1640237517119,0.03169159,-0.02516685,-0.016378427,2021:12:23:14:31:57.119
9321,1640237517137,-0.025566325,-0.063782655,0.025699483,2021:12:23:14:31:57.137
9322,1640237517163,0.05299686,-0.05179844,0.0057257917,2021:12:23:14:31:57.163
9323,1640237517181,0.115314774,-0.03688475,0.006791055,2021:12:23:14:31:57.181
9324,1640237517197,0.01038632,-0.03155843,0.0118510565,2021:12:23:14:31:57.197
9325,1640237517219,-0.08282424,-0.019574217,-0.043276332,2021:12:23:14:31:57.219
9326,1640237517238,-0.0034621065,-0.030226853,-0.12290478,2021:12:23:14:31:57.238
9327,1640237517264,-0.0077231606,-0.037683696,-0.12636688,2021:12:23:14:31:57.264
9328,1640237517279,-0.0101200035,-0.055793177,-0.10932267,2021:12:23:14:31:57.279
9329,1640237517298,0.03169159,0.010519478,-0.13435636,2021:12:23:14:31:57.298
9330,1640237517317,-0.026897904,-0.10026793,-0.117844775,2021:12:23:14:31:57.317
9331,1640237517336,-0.0061252653,-0.03235738,-0.14474268,2021:12:23:14:31:57.336
9332,1640237517354,-0.079628445,-0.071505815,-0.08855003,2021:12:23:14:31:57.354
9333,1640237517379,0.017843165,-0.06298371,-0.096539505,2021:12:23:14:31:57.379
9334,1640237517399,0.050866332,-0.07763108,-0.06271739,2021:12:23:14:31:57.399
9335,1640237517417,-0.05219791,-0.08482161,0.0062584234,2021:12:23:14:31:57.417
9336,1640237517437,-0.032756854,-0.088816345,0.0075900024,2021:12:23:14:31:57.437
9337,1640237517456,-0.015446321,-0.06591318,-0.0139815835,2021:12:23:14:31:57.456
9338,1640237517482,-0.011717899,-0.06191844,0.013448952,2021:12:23:14:31:57.482
9339,1640237517499,0.01038632,-0.06032055,-0.0017310532,2021:12:23:14:31:57.499
9340,1640237517518,-0.02716422,-0.07390266,-0.008921582,2021:12:23:14:31:57.518
9341,1640237517537,-0.017843165,-0.06697845,-0.019041585,2021:12:23:14:31:57.537
9342,1640237517560,0.007989476,-0.044341594,-0.017177375,2021:12:23:14:31:57.560
9343,1640237517584,-0.016777901,-0.069375284,0.0057257917,2021:12:23:14:31:57.584
9344,1640237517599,0.020506322,-0.066712126,0.010519478,2021:12:23:14:31:57.599
9345,1640237517621,0.019707374,-0.10373004,0.06085318,2021:12:23:14:31:57.621
9346,1640237517638,0.04980107,-0.10133319,0.11092056,2021:12:23:14:31:57.638
9347,1640237517662,-0.044208437,-0.09627319,0.20120165,2021:12:23:14:31:57.662
9348,1640237517681,-0.03488738,-0.052863702,0.2526006,2021:12:23:14:31:57.681
9349,1640237517698,-0.037017908,0.0006657897,0.2627206,2021:12:23:14:31:57.698
9350,1640237517717,-0.046338964,-0.017976321,0.29547748,2021:12:23:14:31:57.717
9351,1640237517747,-0.12676635,-0.03422159,0.27204168,2021:12:23:14:31:57.747
9352,1640237517763,-0.10546109,0.025965799,0.35433328,2021:12:23:14:31:57.763
9353,1640237517779,0.04207791,0.09494161,0.3902859,2021:12:23:14:31:57.779
9354,1640237517797,0.043675803,0.09600688,0.29387957,2021:12:23:14:31:57.797
9355,1640237517818,-0.080693714,0.056059495,0.16658059,2021:12:23:14:31:57.818
9356,1640237517835,-0.039148435,0.12743215,0.096805826,2021:12:23:14:31:57.835
9357,1640237517865,0.04447475,0.12636688,0.06298371,2021:12:23:14:31:57.865
9358,1640237517879,-0.026098955,0.0661795,-0.044874225,2021:12:23:14:31:57.879
9359,1640237517898,0.10279793,0.051532123,-0.08455529,2021:12:23:14:31:57.898
9360,1640237517915,0.18162744,0.07896266,-0.071505815,2021:12:23:14:31:57.915
9361,1640237517937,0.2079927,0.07230476,-0.16711321,2021:12:23:14:31:57.937
9362,1640237517963,-0.09587371,-0.03155843,-0.11358372,2021:12:23:14:31:57.963
9363,1640237517979,-0.0026631588,0.053396333,-0.14447637,2021:12:23:14:31:57.979
9364,1640237517999,0.027963167,-0.015313163,-0.08535424,2021:12:23:14:31:57.999
9365,1640237518022,0.05113265,0.009986846,-0.12636688,2021:12:23:14:31:58.022
9366,1640237518038,0.029561063,-0.0062584234,-0.0813595,2021:12:23:14:31:58.038
9367,1640237518061,-0.054594755,-0.008921582,-0.033156328,2021:12:23:14:31:58.061
9368,1640237518080,-0.03169159,0.03155843,-0.02783001,2021:12:23:14:31:58.080
9369,1640237518102,-0.08415582,-0.02916159,0.025699483,2021:12:23:14:31:58.102
9370,1640237518119,0.014647374,-0.04673844,0.06005423,2021:12:23:14:31:58.119
9371,1640237518147,-0.045007385,-0.010519478,0.12423636,2021:12:23:14:31:58.147
9372,1640237518163,-0.023702113,0.013182636,0.29654273,2021:12:23:14:31:58.163
9373,1640237518181,-0.041811593,0.061652128,0.3213101,2021:12:23:14:31:58.181
9374,1640237518197,-0.021837901,0.041145805,0.3245059,2021:12:23:14:31:58.197
9375,1640237518216,0.033555802,0.082957394,0.30506483,2021:12:23:14:31:58.216
9376,1640237518234,0.013049478,0.08375634,0.24967113,2021:12:23:14:31:58.234
9377,1640237518265,0.026098955,0.1284974,0.17057532,2021:12:23:14:31:58.265
9378,1640237518280,0.027963167,0.139949,0.118910044,2021:12:23:14:31:58.280
9379,1640237518298,0.06578002,0.13435636,-0.0017310532,2021:12:23:14:31:58.298
9380,1640237518318,0.074834764,0.15246584,-0.11864372,2021:12:23:14:31:58.318
9381,1640237518339,0.011984214,0.11624688,-0.16791217,2021:12:23:14:31:58.339
9382,1640237518358,0.01810948,0.10346372,-0.26112273,2021:12:23:14:31:58.358
9383,1640237518382,0.054861072,0.100534245,-0.3460775,2021:12:23:14:31:58.382
9384,1640237518401,0.0026631588,0.07763108,-0.3644533,2021:12:23:14:31:58.401
9385,1640237518419,-0.019973692,0.034754224,-0.37936696,2021:12:23:14:31:58.419
9386,1640237518438,-0.021571586,0.037417382,-0.38309538,2021:12:23:14:31:58.438
9387,1640237518457,0.03488738,-0.014514215,-0.39241645,2021:12:23:14:31:58.457
9388,1640237518480,0.02130527,-0.028096326,-0.36844802,2021:12:23:14:31:58.480
9389,1640237518501,0.016777901,-0.024367902,-0.2992059,2021:12:23:14:31:58.501
9390,1640237518518,0.029561063,-0.046205804,-0.1817606,2021:12:23:14:31:58.518
9391,1640237518547,0.006391581,-0.036352117,-0.14421006,2021:12:23:14:31:58.547
9392,1640237518579,-0.00079894764,-0.03688475,-0.04833633,2021:12:23:14:31:58.579
9393,1640237518596,-0.019973692,-0.028362641,-0.0033289485,2021:12:23:14:31:58.596
9394,1640237518598,0.06844318,-0.010519478,0.026232114,2021:12:23:14:31:58.598
9395,1640237518620,-0.050866332,-0.037683696,0.051532123,2021:12:23:14:31:58.620
9396,1640237518646,-0.052730545,-0.03422159,0.05499423,2021:12:23:14:31:58.646
9397,1640237518664,0.01810948,-0.006524739,0.050733175,2021:12:23:14:31:58.664
9398,1640237518695,0.0018642112,-0.02463422,0.03342264,2021:12:23:14:31:58.695
9399,1640237518714,-0.018375795,-0.011052109,0.019574217,2021:12:23:14:31:58.714
9400,1640237518737,-0.024501061,0.0038615803,0.030493168,2021:12:23:14:31:58.737
9401,1640237518760,0.009321056,-0.0075900024,0.032091063,2021:12:23:14:31:58.760
9402,1640237518779,0.024501061,-0.017976321,0.0057257917,2021:12:23:14:31:58.779
9403,1640237518797,-0.00026631588,-0.020905796,0.019307902,2021:12:23:14:31:58.797
9404,1640237518817,0.007989476,0.008921582,0.032091063,2021:12:23:14:31:58.817
9405,1640237518837,0.020240007,0.001997369,0.03422159,2021:12:23:14:31:58.837
9406,1640237518863,0.00079894764,0.0142479,-0.0054594753,2021:12:23:14:31:58.863
9407,1640237518878,-0.013049478,0.006791055,-0.027563693,2021:12:23:14:31:58.878
9408,1640237518898,-0.020240007,-0.025433166,-0.036085803,2021:12:23:14:31:58.898
9409,1640237518919,-0.006924213,-0.015845794,-0.05179844,2021:12:23:14:31:58.919
9410,1640237518939,-0.075900026,-0.042477384,-0.048602648,2021:12:23:14:31:58.939
9411,1640237518962,-0.029294748,-0.023835272,-0.02516685,2021:12:23:14:31:58.962
9412,1640237518982,0.008788424,0.0006657897,0.007323687,2021:12:23:14:31:58.982
9413,1640237518998,0.0053263176,-0.0014647373,0.009454214,2021:12:23:14:31:58.998
9414,1640237519018,-0.037017908,0.0041278964,0.036352117,2021:12:23:14:31:59.018
9415,1640237519037,-0.01810948,0.017710006,0.05632581,2021:12:23:14:31:59.037
9416,1640237519056,0.01038632,0.014780532,0.03342264,2021:12:23:14:31:59.056
9417,1640237519080,0.039947383,0.022503693,-0.0017310532,2021:12:23:14:31:59.080
9418,1640237519098,0.046871595,0.037151065,-0.044075277,2021:12:23:14:31:59.098
9419,1640237519115,-0.019441059,0.0014647373,-0.08162582,2021:12:23:14:31:59.115
9420,1640237519136,-0.03542001,0.0014647373,-0.09547424,2021:12:23:14:31:59.136
9421,1640237519162,0.00026631588,-0.0014647373,-0.12397004,2021:12:23:14:31:59.162
9422,1640237519178,0.007989476,-0.01877527,-0.15619427,2021:12:23:14:31:59.178
9423,1640237519195,-0.028229482,-0.018508954,-0.15219952,2021:12:23:14:31:59.195
9424,1640237519217,0.027696852,-0.02463422,-0.119975306,2021:12:23:14:31:59.217
9425,1640237519236,0.022370534,-0.032623697,-0.1181111,2021:12:23:14:31:59.236
9426,1640237519262,0.0010652635,-0.03368896,-0.08535424,2021:12:23:14:31:59.262
9427,1640237519280,-0.049002122,-0.069375284,-0.029427905,2021:12:23:14:31:59.280
9428,1640237519299,0.030093694,-0.052863702,-0.037151065,2021:12:23:14:31:59.299
9429,1640237519319,-0.014647374,-0.06032055,-0.031292114,2021:12:23:14:31:59.319
9430,1640237519346,-0.0077231606,-0.06032055,-0.042477384,2021:12:23:14:31:59.346
9431,1640237519361,0.004793686,-0.06484792,-0.02969422,2021:12:23:14:31:59.361
9432,1640237519377,0.01810948,-0.073370025,-0.05366265,2021:12:23:14:31:59.377
9433,1640237519397,0.020506322,-0.07177213,-0.03954791,2021:12:23:14:31:59.397
9434,1640237519419,0.004261054,-0.08535424,0.013448952,2021:12:23:14:31:59.419
9435,1640237519445,-0.040213697,-0.088816345,0.032623697,2021:12:23:14:31:59.445
9436,1640237519461,-0.008522108,-0.08029424,0.052064754,2021:12:23:14:31:59.461
9437,1640237519477,-0.023435798,-0.08215845,0.06884266,2021:12:23:14:31:59.477
9438,1640237519501,-0.003994738,-0.06831002,0.06032055,2021:12:23:14:31:59.501
9439,1640237519519,0.019707374,-0.0645816,0.0478037,2021:12:23:14:31:59.519
9440,1640237519546,0.012783162,-0.07869634,0.023568956,2021:12:23:14:31:59.546
9441,1640237519561,0.0058589494,-0.082957394,-0.009986846,2021:12:23:14:31:59.561
9442,1640237519578,-0.026098955,-0.07843003,-0.02649843,2021:12:23:14:31:59.578
9443,1640237519595,0.03169159,-0.09254477,0.00039947382,2021:12:23:14:31:59.595
9444,1640237519617,0.06311686,-0.0712395,0.039814223,2021:12:23:14:31:59.617
9445,1640237519635,0.06258423,-0.049934227,0.09201214,2021:12:23:14:31:59.635
9446,1640237519662,0.030892642,-0.057391074,0.14367741,2021:12:23:14:31:59.662
9447,1640237519678,0.033555802,-0.029960537,0.16391742,2021:12:23:14:31:59.678
9448,1640237519697,-0.02902843,-0.04727107,0.1567269,2021:12:23:14:31:59.697
9449,1640237519717,0.009321056,-0.04700475,0.14660689,2021:12:23:14:31:59.717
9450,1640237519740,0.00053263176,-0.028096326,0.14820479,2021:12:23:14:31:59.740
9451,1640237519765,-0.02583264,-0.020106848,0.12769847,2021:12:23:14:31:59.765
9452,1640237519780,-0.025566325,-0.010519478,0.12769847,2021:12:23:14:31:59.780
9453,1640237519798,-0.017310532,-0.001997369,0.11677951,2021:12:23:14:31:59.798
9454,1640237519819,-0.013049478,0.0062584234,0.09414266,2021:12:23:14:31:59.819
9455,1640237519842,-0.014647374,0.004394212,0.07257108,2021:12:23:14:31:59.842
9456,1640237519862,-0.00452737,-0.0049268436,0.069375284,2021:12:23:14:31:59.862
9457,1640237519880,-0.018908428,0.00039947382,0.048602648,2021:12:23:14:31:59.880
9458,1640237519899,0.0101200035,0.009187898,0.050200544,2021:12:23:14:31:59.899
9459,1640237519919,0.0037284223,0.010785793,0.06724476,2021:12:23:14:31:59.919
9460,1640237519941,0.046605278,0.033156328,0.07177213,2021:12:23:14:31:59.941
9461,1640237519960,-0.0034621065,0.024900535,0.09387635,2021:12:23:14:31:59.960
9462,1640237519979,0.00905474,0.03155843,0.10799109,2021:12:23:14:31:59.979
9463,1640237519996,0.024767376,0.03954791,0.1098553,2021:12:23:14:31:59.996
9464,1640237520014,0.025033694,0.04833633,0.11917636,2021:12:23:14:32:00.014
9465,1640237520034,0.01358211,0.053396333,0.10106688,2021:12:23:14:32:00.034
9466,1640237520059,-0.0029294747,0.044075277,0.10133319,2021:12:23:14:32:00.059
9467,1640237520079,-0.046338964,0.054727912,0.043276332,2021:12:23:14:32:00.079
9468,1640237520095,-0.05166528,0.045673173,0.020639481,2021:12:23:14:32:00.095
9469,1640237520118,-0.049002122,0.059787914,-0.0025300009,2021:12:23:14:32:00.118
9470,1640237520146,0.009853687,0.06644581,-0.042743698,2021:12:23:14:32:00.146
9471,1640237520160,-0.07163897,0.030493168,-0.027031062,2021:12:23:14:32:00.160
9472,1640237520177,-0.057257913,0.039814223,-0.060586862,2021:12:23:14:32:00.177
9473,1640237520197,0.0055926335,0.03954791,-0.08189213,2021:12:23:14:32:00.197
9474,1640237520218,-0.0,0.020106848,-0.09414266,2021:12:23:14:32:00.218
9475,1640237520243,-0.022104219,0.013448952,-0.111985825,2021:12:23:14:32:00.243
9476,1640237520258,0.01358211,0.0075900024,-0.1231711,2021:12:23:14:32:00.258
9477,1640237520278,0.039148435,-0.010519478,-0.14421006,2021:12:23:14:32:00.278
9478,1640237520301,0.02716422,-0.027563693,-0.12610057,2021:12:23:14:32:00.301
9479,1640237520319,-0.019973692,-0.04008054,-0.096805826,2021:12:23:14:32:00.319
9480,1640237520344,-0.0,-0.03342264,-0.08748477,2021:12:23:14:32:00.344
9481,1640237520363,0.0101200035,-0.020905796,-0.06804371,2021:12:23:14:32:00.363
9482,1640237520381,0.0050600017,-0.059787914,-0.02783001,2021:12:23:14:32:00.381
9483,1640237520398,-0.009321056,-0.0478037,0.0011984215,2021:12:23:14:32:00.398
9484,1640237520427,0.074834764,-0.028628957,0.030759484,2021:12:23:14:32:00.427
9485,1640237520461,0.061785284,-0.04460791,0.060586862,2021:12:23:14:32:00.461
9486,1640237520476,0.014913689,-0.03954791,0.09494161,2021:12:23:14:32:00.476
9487,1640237520495,-0.024767376,-0.022770008,0.07949529,2021:12:23:14:32:00.495
9488,1640237520515,-0.0013315794,-0.049401596,0.07763108,2021:12:23:14:32:00.515
9489,1640237520545,0.017843165,-0.041145805,0.07044055,2021:12:23:14:32:00.545
9490,1640237520561,-0.004261054,-0.043808963,0.050733175,2021:12:23:14:32:00.561
9491,1640237520580,-0.00905474,-0.06484792,0.07603318,2021:12:23:14:32:00.580
9492,1640237520596,0.05113265,-0.040879488,0.06831002,2021:12:23:14:32:00.596
9493,1640237520629,0.08495477,-0.0310258,0.075500555,2021:12:23:14:32:00.629
9494,1640237520645,0.00079894764,-0.042743698,0.104262665,2021:12:23:14:32:00.645
9495,1640237520658,0.02716422,-0.036618434,0.102398455,2021:12:23:14:32:00.658
9496,1640237520679,0.06604634,-0.021704745,0.12104057,2021:12:23:14:32:00.679
9497,1640237520701,0.031158958,-0.03182475,0.14048162,2021:12:23:14:32:00.701
9498,1640237520718,0.037017908,-0.017710006,0.16125427,2021:12:23:14:32:00.718
9499,1640237520744,0.023435798,-0.0062584234,0.18708691,2021:12:23:14:32:00.744
9500,1640237520761,0.036485277,-0.0041278964,0.19214691,2021:12:23:14:32:00.761
9501,1640237520778,0.00053263176,0.020373166,0.20839217,2021:12:23:14:32:00.778
9502,1640237520796,0.00079894764,0.022237375,0.22303955,2021:12:23:14:32:00.796
9503,1640237520817,-0.037017908,0.043808963,0.19960375,2021:12:23:14:32:00.817
9504,1640237520832,-0.0055926335,0.073370025,0.19374481,2021:12:23:14:32:00.832
9505,1640237520863,-0.026098955,0.068576336,0.18069533,2021:12:23:14:32:00.863
9506,1640237520878,-0.041811593,0.07017423,0.16551532,2021:12:23:14:32:00.878
9507,1640237520895,-0.028229482,0.08349003,0.0914795,2021:12:23:14:32:00.895
9508,1640237520915,-0.040213697,0.07177213,0.059255283,2021:12:23:14:32:00.915
9509,1640237520936,-0.036485277,0.07656582,0.02649843,2021:12:23:14:32:00.936
9510,1640237520957,-0.010918951,0.08002792,-0.008921582,2021:12:23:14:32:00.957
9511,1640237520975,-0.075900026,0.057923704,0.0038615803,2021:12:23:14:32:00.975
9512,1640237520996,-0.00905474,0.09041424,0.0033289485,2021:12:23:14:32:00.996
9513,1640237521016,0.029827379,0.096805826,0.006791055,2021:12:23:14:32:01.016
9514,1640237521043,-0.002396843,0.09334372,-0.0009321056,2021:12:23:14:32:01.043
9515,1640237521060,-0.020506322,0.09254477,-0.016911058,2021:12:23:14:32:01.060
9516,1640237521077,-0.013049478,0.07603318,-0.022770008,2021:12:23:14:32:01.077
9517,1640237521099,-0.03488738,0.07390266,-0.06884266,2021:12:23:14:32:01.099
9518,1640237521127,-0.0074568447,0.058456335,-0.0914795,2021:12:23:14:32:01.127
9519,1640237521143,-0.0029294747,0.04913528,-0.114116356,2021:12:23:14:32:01.143
9520,1640237521159,0.04207791,0.039814223,-0.1266332,2021:12:23:14:32:01.159
9521,1640237521180,0.039947383,0.03289001,-0.13781847,2021:12:23:14:32:01.180
9522,1640237521196,0.03302317,0.028895274,-0.12556794,2021:12:23:14:32:01.196
9523,1640237521224,0.00079894764,0.011052109,-0.11837741,2021:12:23:14:32:01.224
9524,1640237521245,-0.0029294747,0.001997369,-0.118910044,2021:12:23:14:32:01.245
9525,1640237521260,0.017576847,0.0041278964,-0.107192144,2021:12:23:14:32:01.260
9526,1640237521278,0.007989476,-0.014780532,-0.0880174,2021:12:23:14:32:01.278
9527,1640237521307,0.053263176,-0.011318425,-0.08961529,2021:12:23:14:32:01.307
9528,1640237521327,0.0013315794,-0.020905796,-0.071505815,2021:12:23:14:32:01.327
9529,1640237521343,0.0284958,-0.05419528,-0.06271739,2021:12:23:14:32:01.343
9530,1640237521358,0.03675159,-0.051532123,-0.037950013,2021:12:23:14:32:01.358
9531,1640237521375,0.011185267,-0.055793177,-0.028628957,2021:12:23:14:32:01.375
9532,1640237521394,-0.04074633,-0.06511423,0.019840533,2021:12:23:14:32:01.394
9533,1640237521424,-0.00905474,-0.06218476,0.034487907,2021:12:23:14:32:01.424
9534,1640237521442,0.023169482,-0.06351634,0.028895274,2021:12:23:14:32:01.442
9535,1640237521461,0.002396843,-0.075500555,0.04647212,2021:12:23:14:32:01.461
9536,1640237521476,-0.015712637,-0.07949529,0.042477384,2021:12:23:14:32:01.476
9537,1640237521494,0.004793686,-0.08588687,0.04008054,2021:12:23:14:32:01.494
9538,1640237521516,-0.042344224,-0.102398455,0.036618434,2021:12:23:14:32:01.516
9539,1640237521543,-0.0569916,-0.10559425,0.06538055,2021:12:23:14:32:01.543
9540,1640237521559,-0.05752423,-0.10000161,0.088816345,2021:12:23:14:32:01.559
9541,1640237521579,0.017576847,-0.10266477,0.073370025,2021:12:23:14:32:01.579
9542,1640237521597,0.025566325,-0.09440898,0.060586862,2021:12:23:14:32:01.597
9543,1640237521622,-0.03302317,-0.11571425,0.09440898,2021:12:23:14:32:01.622
9544,1640237521642,-0.014913689,-0.104262665,0.096805826,2021:12:23:14:32:01.642
9545,1640237521660,0.0026631588,-0.110121615,0.104262665,2021:12:23:14:32:01.660
9546,1640237521678,-0.004793686,-0.111985825,0.11065425,2021:12:23:14:32:01.678
9547,1640237521707,-0.030626327,-0.12104057,0.170309,2021:12:23:14:32:01.707
9548,1640237521722,0.044741068,-0.08428898,0.18469006,2021:12:23:14:32:01.722
9549,1640237521742,-0.004261054,-0.08668582,0.19427744,2021:12:23:14:32:01.742
9550,1640237521759,0.011451583,-0.090680555,0.19720691,2021:12:23:14:32:01.759
9551,1640237521775,-0.021837901,-0.07576687,0.21691428,2021:12:23:14:32:01.775
9552,1640237521792,-0.03302317,-0.08855003,0.21771324,2021:12:23:14:32:01.792
9553,1640237521825,-0.0077231606,-0.07656582,0.24381219,2021:12:23:14:32:01.825
9554,1640237521843,0.012516847,-0.075234234,0.27497116,2021:12:23:14:32:01.843
9555,1640237521859,0.06551371,-0.056059495,0.28855327,2021:12:23:14:32:01.859
9556,1640237521876,0.015180005,-0.062451076,0.3058638,2021:12:23:14:32:01.876
9557,1640237521897,0.013049478,-0.057124756,0.29494485,2021:12:23:14:32:01.897
9558,1640237521918,0.014114741,-0.03821633,0.32690275,2021:12:23:14:32:01.918
9559,1640237521944,0.0074568447,-0.027297378,0.32503852,2021:12:23:14:32:01.944
9560,1640237521961,-0.003994738,-0.02197106,0.32423958,2021:12:23:14:32:01.961
9561,1640237521978,0.0018642112,0.0011984215,0.35273537,2021:12:23:14:32:01.978
9562,1640237521997,-0.0053263176,0.019307902,0.34927326,2021:12:23:14:32:01.997
9563,1640237522026,-0.039947383,0.010519478,0.3213101,2021:12:23:14:32:02.026
9564,1640237522044,-0.03036001,0.019574217,0.327968,2021:12:23:14:32:02.044
9565,1640237522058,-0.037284225,0.027031062,0.34048486,2021:12:23:14:32:02.058
9566,1640237522079,0.0015978953,0.061119493,0.32024485,2021:12:23:14:32:02.079
9567,1640237522100,-0.011185267,0.07310371,0.31704906,2021:12:23:14:32:02.100
9568,1640237522122,-0.03808317,0.075500555,0.31518483,2021:12:23:14:32:02.122
9569,1640237522143,-0.021038955,0.09201214,0.30985853,2021:12:23:14:32:02.143
9570,1640237522174,-0.061785284,0.10772477,0.2709764,2021:12:23:14:32:02.174
9571,1640237522193,-0.06977476,0.08988161,0.25659534,2021:12:23:14:32:02.193
9572,1640237522217,0.037017908,0.11757846,0.24940482,2021:12:23:14:32:02.217
9573,1640237522238,0.08628634,0.14793848,0.18975006,2021:12:23:14:32:02.238
9574,1640237522257,-0.012783162,0.11571425,0.17270584,2021:12:23:14:32:02.257
9575,1640237522275,0.024767376,0.13249215,0.18761954,2021:12:23:14:32:02.275
9576,1640237522296,0.04926844,0.11917636,0.18442374,2021:12:23:14:32:02.296
9577,1640237522317,0.013049478,0.10772477,0.14234585,2021:12:23:14:32:02.317
9578,1640237522341,0.031158958,0.12769847,0.14021531,2021:12:23:14:32:02.341
9579,1640237522357,0.012783162,0.122638464,0.14793848,2021:12:23:14:32:02.357
9580,1640237522378,0.026365273,0.14394373,0.119975306,2021:12:23:14:32:02.378
9581,1640237522398,0.020240007,0.12556794,0.13409005,2021:12:23:14:32:02.398
9582,1640237522426,0.047670543,0.14580795,0.13435636,2021:12:23:14:32:02.426
9583,1640237522441,-0.054594755,0.14447637,0.15992269,2021:12:23:14:32:02.441
9584,1640237522459,0.00026631588,0.15246584,0.1332911,2021:12:23:14:32:02.459
9585,1640237522478,-0.008522108,0.1719069,0.1418132,2021:12:23:14:32:02.478
9586,1640237522507,0.021038955,0.13755216,0.13915005,2021:12:23:14:32:02.507
9587,1640237522524,0.0101200035,0.14634058,0.11704583,2021:12:23:14:32:02.524
9588,1640237522541,0.051931597,0.15086795,0.114915304,2021:12:23:14:32:02.541
9589,1640237522557,0.033555802,0.1535311,0.110121615,2021:12:23:14:32:02.557
9590,1640237522579,0.00079894764,0.15086795,0.13275847,2021:12:23:14:32:02.579
9591,1640237522598,0.034088433,0.1719069,0.12743215,2021:12:23:14:32:02.598
9592,1640237522627,0.0074568447,0.18655427,0.11571425,2021:12:23:14:32:02.627
9593,1640237522641,-0.0,0.15619427,0.098403715,2021:12:23:14:32:02.641
9594,1640237522658,0.08202529,0.19507638,0.07097318,2021:12:23:14:32:02.658
9595,1640237522675,0.043675803,0.17164059,0.028895274,2021:12:23:14:32:02.675
9596,1640237522695,0.004793686,0.15219952,0.034487907,2021:12:23:14:32:02.695
9597,1640237522715,0.021571586,0.17776585,0.013715268,2021:12:23:14:32:02.715
9598,1640237522743,0.0569916,0.1852227,0.00519316,2021:12:23:14:32:02.743
9599,1640237522760,0.054062124,0.1719069,0.012650005,2021:12:23:14:32:02.760
9600,1640237522777,0.04447475,0.18042901,-0.004660528,2021:12:23:14:32:02.777
9601,1640237522796,-0.024767376,0.17536901,0.019307902,2021:12:23:14:32:02.796
9602,1640237522817,-0.016777901,0.16897742,-0.0030626326,2021:12:23:14:32:02.817
9603,1640237522845,0.11638004,0.19054902,-0.03155843,2021:12:23:14:32:02.845
9604,1640237522861,0.039947383,0.170309,-0.027563693,2021:12:23:14:32:02.861
9605,1640237522878,-0.0015978953,0.17563532,-0.050200544,2021:12:23:14:32:02.878
9606,1640237522907,0.041811593,0.17270584,-0.082957394,2021:12:23:14:32:02.907
9607,1640237522925,-0.026098955,0.17883112,-0.11278477,2021:12:23:14:32:02.925
9608,1640237522942,0.009587372,0.14474268,-0.13036162,2021:12:23:14:32:02.942
9609,1640237522958,-0.019174743,0.14421006,-0.13142689,2021:12:23:14:32:02.958
9610,1640237522980,0.015712637,0.12689951,-0.15912373,2021:12:23:14:32:02.980
9611,1640237523008,0.019707374,0.13701952,-0.14554162,2021:12:23:14:32:03.008
9612,1640237523024,0.018375795,0.13808478,-0.12769847,2021:12:23:14:32:03.024
9613,1640237523039,0.03302317,0.1567269,-0.10346372,2021:12:23:14:32:03.039
9614,1640237523061,-0.00905474,0.14314479,-0.1165132,2021:12:23:14:32:03.061
9615,1640237523077,-0.0018642112,0.12636688,-0.11278477,2021:12:23:14:32:03.077
9616,1640237523107,-0.0034621065,0.13808478,-0.09627319,2021:12:23:14:32:03.107
9617,1640237523124,-0.013315794,0.15539531,-0.11677951,2021:12:23:14:32:03.124
9618,1640237523142,-0.06737792,0.10745846,-0.110121615,2021:12:23:14:32:03.142
9619,1640237523158,-0.0031957906,0.13142689,-0.14207952,2021:12:23:14:32:03.158
9620,1640237523175,0.1006674,0.13382374,-0.13462268,2021:12:23:14:32:03.175
9621,1640237523195,-0.016245268,0.10586056,-0.13701952,2021:12:23:14:32:03.195
9622,1640237523221,0.04846949,0.14154689,-0.11464899,2021:12:23:14:32:03.221
9623,1640237523240,-0.00452737,0.10026793,-0.11385004,2021:12:23:14:32:03.240
9624,1640237523257,0.07563371,0.1316932,-0.16205321,2021:12:23:14:32:03.257
9625,1640237523277,-0.03941475,0.11837741,-0.16418374,2021:12:23:14:32:03.277
9626,1640237523298,0.014381058,0.10346372,-0.1902827,2021:12:23:14:32:03.298
9627,1640237523326,-0.008255793,0.10586056,-0.22836587,2021:12:23:14:32:03.326
9628,1640237523343,0.040480014,0.09547424,-0.24674167,2021:12:23:14:32:03.343
9629,1640237523358,0.0053263176,0.07869634,-0.26671535,2021:12:23:14:32:03.358
9630,1640237523380,-0.026365273,0.07283739,-0.27337325,2021:12:23:14:32:03.380
9631,1640237523399,-0.010918951,0.060586862,-0.28855327,2021:12:23:14:32:03.399
9632,1640237523422,-0.009587372,0.054727912,-0.2880206,2021:12:23:14:32:03.422
9633,1640237523439,0.03808317,0.07576687,-0.2845585,2021:12:23:14:32:03.439
9634,1640237523458,0.002130527,0.058988966,-0.2826943,2021:12:23:14:32:03.458
9635,1640237523478,-0.03621896,0.020106848,-0.272308,2021:12:23:14:32:03.478
9636,1640237523507,-0.004793686,0.04673844,-0.32663643,2021:12:23:14:32:03.507
9637,1640237523524,-0.04314317,0.03235738,-0.32850063,2021:12:23:14:32:03.524
9638,1640237523542,-0.022104219,0.0017310532,-0.32157642,2021:12:23:14:32:03.542
9639,1640237523558,0.010918951,0.007856319,-0.3245059,2021:12:23:14:32:03.558
9640,1640237523576,0.054861072,0.006791055,-0.31731537,2021:12:23:14:32:03.576
9641,1640237523593,-0.0031957906,-0.019041585,-0.27204168,2021:12:23:14:32:03.593
9642,1640237523622,-0.02716422,-0.009454214,-0.2555301,2021:12:23:14:32:03.622
9643,1640237523639,0.060986336,0.011584741,-0.25419852,2021:12:23:14:32:03.639
9644,1640237523658,0.0503337,-0.001997369,-0.25180167,2021:12:23:14:32:03.658
9645,1640237523677,0.0284958,-0.023835272,-0.23981746,2021:12:23:14:32:03.677
9646,1640237523707,0.01038632,-0.043276332,-0.2238385,2021:12:23:14:32:03.707
9647,1640237523723,0.034621064,-0.03289001,-0.23129535,2021:12:23:14:32:03.723
9648,1640237523740,-0.0122505305,-0.0544616,-0.22863218,2021:12:23:14:32:03.740
9649,1640237523756,0.05885581,-0.05499423,-0.20652796,2021:12:23:14:32:03.756
9650,1640237523780,0.03755054,-0.044075277,-0.19773954,2021:12:23:14:32:03.780
9651,1640237523806,0.01810948,-0.06644581,-0.18096164,2021:12:23:14:32:03.806
9652,1640237523822,0.026365273,-0.049401596,-0.18548901,2021:12:23:14:32:03.822
9653,1640237523839,0.03542001,-0.057124756,-0.20785955,2021:12:23:14:32:03.839
9654,1640237523860,0.032756854,-0.0712395,-0.21797955,2021:12:23:14:32:03.860
9655,1640237523878,-0.012783162,-0.06910897,-0.24434482,2021:12:23:14:32:03.878
9656,1640237523907,0.045007385,-0.07656582,-0.25979114,2021:12:23:14:32:03.907
9657,1640237523923,0.043675803,-0.07416897,-0.26618272,2021:12:23:14:32:03.923
9658,1640237523942,0.050866332,-0.10772477,-0.2241048,2021:12:23:14:32:03.942
9659,1640237523959,0.03621896,-0.08482161,-0.21505007,2021:12:23:14:32:03.959
9660,1640237523980,-0.013848426,-0.08402266,-0.1934785,2021:12:23:14:32:03.980
9661,1640237524022,0.0031957906,-0.09174582,-0.17457005,2021:12:23:14:32:04.022
9662,1640237524038,0.02263685,-0.075234234,-0.18309216,2021:12:23:14:32:04.038
9663,1640237524059,0.027696852,-0.08269108,-0.18921743,2021:12:23:14:32:04.059
9664,1640237524074,0.009587372,-0.10346372,-0.17243953,2021:12:23:14:32:04.074
9665,1640237524098,0.008522108,-0.10159951,-0.16471638,2021:12:23:14:32:04.098
9666,1640237524118,0.054594755,-0.08934898,-0.15912373,2021:12:23:14:32:04.118
9667,1640237524142,0.052730545,-0.09227845,-0.16658059,2021:12:23:14:32:04.142
9668,1640237524159,0.06551371,-0.073370025,-0.17723322,2021:12:23:14:32:04.159
9669,1640237524179,0.0101200035,-0.09041424,-0.16391742,2021:12:23:14:32:04.179
9670,1640237524197,0.040213697,-0.106393196,-0.17483638,2021:12:23:14:32:04.197
9671,1640237524223,-0.003994738,-0.11385004,-0.19454375,2021:12:23:14:32:04.223
9672,1640237524240,0.044741068,-0.122638464,-0.19827217,2021:12:23:14:32:04.240
9673,1640237524257,0.056458965,-0.110121615,-0.23156166,2021:12:23:14:32:04.257
9674,1640237524277,0.0452737,-0.12290478,-0.20865849,2021:12:23:14:32:04.277
9675,1640237524306,0.007190529,-0.115980566,-0.19614165,2021:12:23:14:32:04.306
9676,1640237524320,-0.07163897,-0.12769847,-0.19880481,2021:12:23:14:32:04.320
9677,1640237524339,0.05566002,-0.12716584,-0.18602164,2021:12:23:14:32:04.339
9678,1640237524356,0.074834764,-0.12929636,-0.19800586,2021:12:23:14:32:04.356
9679,1640237524378,0.039681066,-0.13409005,-0.17536901,2021:12:23:14:32:04.378
9680,1640237524403,0.039681066,-0.12956268,-0.14607427,2021:12:23:14:32:04.403
9681,1640237524420,0.0077231606,-0.14740583,-0.123703726,2021:12:23:14:32:04.420
9682,1640237524437,0.06311686,-0.12530163,-0.121839516,2021:12:23:14:32:04.437
9683,1640237524460,0.023169482,-0.12716584,-0.10373004,2021:12:23:14:32:04.460
9684,1640237524476,-0.0,-0.13462268,-0.07976161,2021:12:23:14:32:04.476
9685,1640237524495,-0.022370534,-0.13382374,-0.053928968,2021:12:23:14:32:04.495
9686,1640237524520,0.054062124,-0.11757846,-0.051265806,2021:12:23:14:32:04.520
9687,1640237524542,0.07430213,-0.105327934,-0.04700475,2021:12:23:14:32:04.542
9688,1640237524556,0.056725282,-0.11251846,-0.017177375,2021:12:23:14:32:04.556
9689,1640237524578,0.0037284223,-0.12130688,0.011052109,2021:12:23:14:32:04.578
9690,1640237524597,0.031957906,-0.09387635,0.011052109,2021:12:23:14:32:04.597
9691,1640237524622,0.033822116,-0.09414266,-0.013715268,2021:12:23:14:32:04.622
9692,1640237524639,0.049534753,-0.10506161,-0.063782655,2021:12:23:14:32:04.639
9693,1640237524659,0.06791055,-0.104528986,-0.07017423,2021:12:23:14:32:04.659
9694,1640237524679,0.031425275,-0.110387936,-0.09733845,2021:12:23:14:32:04.679
9695,1640237524705,0.043675803,-0.11731215,-0.12024162,2021:12:23:14:32:04.705
9696,1640237524720,0.05166528,-0.11092056,-0.1484711,2021:12:23:14:32:04.720
9697,1640237524741,0.0015978953,-0.12343741,-0.1516669,2021:12:23:14:32:04.741
9698,1640237524758,0.037284225,-0.114116356,-0.150069,2021:12:23:14:32:04.758
9699,1640237524779,-0.007190529,-0.112252146,-0.12343741,2021:12:23:14:32:04.779
9700,1640237524804,-0.012783162,-0.1215732,-0.11624688,2021:12:23:14:32:04.804
9701,1640237524822,0.017310532,-0.12130688,-0.10586056,2021:12:23:14:32:04.822
9702,1640237524840,-0.014114741,-0.110121615,-0.07470161,2021:12:23:14:32:04.840
9703,1640237524861,-0.027963167,-0.112252146,-0.049401596,2021:12:23:14:32:04.861
9704,1640237524878,0.0010652635,-0.09707214,-0.04460791,2021:12:23:14:32:04.878
9705,1640237524905,-0.042344224,-0.13142689,0.00039947382,2021:12:23:14:32:04.905
9706,1640237524921,-0.06791055,-0.12530163,0.011318425,2021:12:23:14:32:04.921
9707,1640237524939,0.013049478,-0.106393196,-0.00519316,2021:12:23:14:32:04.939
9708,1640237524954,0.07270423,-0.11571425,-0.018242639,2021:12:23:14:32:04.954
9709,1640237524978,0.07163897,-0.12237215,-0.023302639,2021:12:23:14:32:04.978
9710,1640237524993,0.021571586,-0.10879004,-0.06191844,2021:12:23:14:32:04.993
9711,1640237525019,-0.046605278,-0.14048162,-0.10159951,2021:12:23:14:32:05.019
9712,1640237525039,-0.020240007,-0.150069,-0.1250353,2021:12:23:14:32:05.039
9713,1640237525057,0.053529494,-0.14740583,-0.14740583,2021:12:23:14:32:05.057
9714,1640237525078,0.042344224,-0.16098794,-0.1434111,2021:12:23:14:32:05.078
9715,1640237525105,0.03808317,-0.15033531,-0.15193321,2021:12:23:14:32:05.105
9716,1640237525121,-0.007190529,-0.15965638,-0.15619427,2021:12:23:14:32:05.121
9717,1640237525138,0.060986336,-0.1684448,-0.1484711,2021:12:23:14:32:05.138
9718,1640237525157,0.046871595,-0.18575533,-0.12583426,2021:12:23:14:32:05.157
9719,1640237525180,-0.01358211,-0.19667427,-0.0997353,2021:12:23:14:32:05.180
9720,1640237525205,-0.044208437,-0.20759323,-0.06325002,2021:12:23:14:32:05.205
9721,1640237525220,-0.013848426,-0.20253323,-0.037151065,2021:12:23:14:32:05.220
9722,1640237525238,0.006391581,-0.21105534,-0.0017310532,2021:12:23:14:32:05.238
9723,1640237525259,0.014647374,-0.20706059,0.044874225,2021:12:23:14:32:05.259
9724,1640237525278,-0.029827379,-0.20999007,0.08721845,2021:12:23:14:32:05.278
9725,1640237525304,0.19547586,-0.21052271,0.10133319,2021:12:23:14:32:05.304
9726,1640237525319,0.057257913,-0.23529008,0.07656582,2021:12:23:14:32:05.319
9727,1640237525343,-0.02130527,-0.2020006,0.155129,2021:12:23:14:32:05.343
9728,1640237525357,-0.016511586,-0.2339585,0.2555301,2021:12:23:14:32:05.357
9729,1640237525375,0.033822116,-0.19880481,0.2155827,2021:12:23:14:32:05.375
9730,1640237525395,-0.015712637,-0.19241323,0.24035008,2021:12:23:14:32:05.395
9731,1640237525420,-0.25885904,-0.23049639,0.29840696,2021:12:23:14:32:05.420
9732,1640237525437,-0.027430536,-0.1902827,0.36871433,2021:12:23:14:32:05.437
9733,1640237525462,0.0010652635,-0.15273216,0.35246906,2021:12:23:14:32:05.462
9734,1640237525479,-0.051931597,-0.1801627,0.3343596,2021:12:23:14:32:05.479
9735,1640237525500,-0.031957906,-0.16817848,0.42251015,2021:12:23:14:32:05.500
9736,1640237525524,-0.0029294747,-0.14287847,0.41265646,2021:12:23:14:32:05.524
9737,1640237525540,-0.05832318,-0.13568795,0.37590486,2021:12:23:14:32:05.540
9738,1640237525559,-0.19148111,-0.13036162,0.41265646,2021:12:23:14:32:05.559
9739,1640237525579,0.049534753,-0.114915304,0.43609226,2021:12:23:14:32:05.579
9740,1640237525606,-0.023169482,-0.11118688,0.42064592,2021:12:23:14:32:05.606
9741,1640237525619,0.066312656,-0.09574056,0.43236384,2021:12:23:14:32:05.619
9742,1640237525639,-0.011451583,-0.09920266,0.44967437,2021:12:23:14:32:05.639
9743,1640237525659,0.008788424,-0.083223715,0.4922849,2021:12:23:14:32:05.659
9744,1640237525678,0.20106849,-0.03874896,0.5213133,2021:12:23:14:32:05.678
9745,1640237525703,-0.162719,-0.020905796,0.5684512,2021:12:23:14:32:05.703
9746,1640237525720,0.00452737,-0.037417382,0.6579334,2021:12:23:14:32:05.720
9747,1640237525740,0.021038955,-0.001997369,0.64914495,2021:12:23:14:32:05.740
9748,1640237525773,0.038349487,0.035286855,0.6906902,2021:12:23:14:32:05.773
9749,1640237525792,-0.012516847,0.073370025,0.7327681,2021:12:23:14:32:05.792
9750,1640237525820,0.029561063,0.08189213,0.68429863,2021:12:23:14:32:05.820
9751,1640237525837,0.019707374,0.0762995,0.5434176,2021:12:23:14:32:05.837
9752,1640237525856,0.0037284223,0.025699483,0.36711645,2021:12:23:14:32:05.856
9753,1640237525875,0.00905474,-0.009187898,0.2374206,2021:12:23:14:32:05.875
9754,1640237525902,0.045007385,-0.008655266,0.13915005,2021:12:23:14:32:05.902
9755,1640237525918,0.026098955,0.0083889505,0.10772477,2021:12:23:14:32:05.918
9756,1640237525936,0.015978953,0.021172112,0.13249215,2021:12:23:14:32:05.936
9757,1640237525957,0.05566002,0.024900535,0.1836248,2021:12:23:14:32:05.957
9758,1640237525976,0.115581095,0.020106848,0.22437114,2021:12:23:14:32:05.976
9759,1640237526001,0.09960214,0.03954791,0.23369218,2021:12:23:14:32:06.001
9760,1640237526020,-0.0015978953,0.011052109,0.24807325,2021:12:23:14:32:06.020
9761,1640237526037,0.03435475,0.004394212,0.24700798,2021:12:23:14:32:06.037
9762,1640237526060,0.021038955,0.018242639,0.2589922,2021:12:23:14:32:06.060
9763,1640237526077,0.016511586,0.004660528,0.3093259,2021:12:23:14:32:06.077
9764,1640237526102,0.030093694,0.0033289485,0.37297538,2021:12:23:14:32:06.102
9765,1640237526117,0.02716422,-0.0139815835,0.41904804,2021:12:23:14:32:06.117
9766,1640237526141,0.008788424,0.0075900024,0.45793015,2021:12:23:14:32:06.141
9767,1640237526155,0.050067388,0.01744369,0.52264494,2021:12:23:14:32:06.155
9768,1640237526173,0.05060002,0.0006657897,0.5788376,2021:12:23:14:32:06.173
9769,1640237526195,0.033822116,-0.0035952644,0.6326334,2021:12:23:14:32:06.195
9770,1640237526219,0.014381058,-0.008655266,0.6725808,2021:12:23:14:32:06.219
9771,1640237526236,0.022104219,0.015046847,0.72105026,2021:12:23:14:32:06.236
9772,1640237526255,0.055393703,0.037950013,0.75327444,2021:12:23:14:32:06.255
9773,1640237526275,0.02902843,0.06271739,0.7356976,2021:12:23:14:32:06.275
9774,1640237526303,-0.048203174,0.06804371,0.75620395,2021:12:23:14:32:06.303
9775,1640237526320,0.0018642112,0.06404897,0.7772429,2021:12:23:14:32:06.320
9776,1640237526337,0.113450564,0.07097318,0.79854816,2021:12:23:14:32:06.337
9777,1640237526359,0.132359,0.114915304,0.80280924,2021:12:23:14:32:06.359
9778,1640237526376,0.06737792,0.11518162,0.76978606,2021:12:23:14:32:06.376
9779,1640237526400,0.07856318,0.13968268,0.7442197,2021:12:23:14:32:06.400
9780,1640237526418,0.08974845,0.15912373,0.7468829,2021:12:23:14:32:06.418
9781,1640237526438,0.121173725,0.15939006,0.75114393,2021:12:23:14:32:06.438
9782,1640237526459,0.12463583,0.1668469,0.7325018,2021:12:23:14:32:06.459
9783,1640237526486,0.09693898,0.18575533,0.6936197,2021:12:23:14:32:06.486
9784,1640237526503,0.10812425,0.20679428,0.6414218,2021:12:23:14:32:06.503
9785,1640237526519,0.0788295,0.19827217,0.6214481,2021:12:23:14:32:06.519
9786,1640237526540,0.107857935,0.20120165,0.5799028,2021:12:23:14:32:06.540
9787,1640237526559,0.07723161,0.19507638,0.5705818,2021:12:23:14:32:06.559
9788,1640237526585,0.15632743,0.21744692,0.55353755,2021:12:23:14:32:06.585
9789,1640237526602,0.17257269,0.23262691,0.55380386,2021:12:23:14:32:06.602
9790,1640237526620,0.13555479,0.23475745,0.56711966,2021:12:23:14:32:06.620
9791,1640237526635,0.097205296,0.23502377,0.52930284,2021:12:23:14:32:06.635
9792,1640237526660,0.09294424,0.26724797,0.5508744,2021:12:23:14:32:06.660
9793,1640237526686,0.061518967,0.26991114,0.617986,2021:12:23:14:32:06.686
9794,1640237526702,-0.047670543,0.30186906,0.64728075,2021:12:23:14:32:06.702
9795,1640237526719,-0.06391581,0.3058638,0.68483126,2021:12:23:14:32:06.719
9796,1640237526737,-0.09454214,0.30639642,0.6898913,2021:12:23:14:32:06.737
9797,1640237526756,-0.014913689,0.3716438,0.7106639,2021:12:23:14:32:06.756
9798,1640237526777,-0.002396843,0.33835432,0.7575355,2021:12:23:14:32:06.777
9799,1640237526802,-0.06897581,0.4568649,0.7391597,2021:12:23:14:32:06.802
9800,1640237526818,-0.10412951,0.40440068,0.668586,2021:12:23:14:32:06.818
9801,1640237526836,-0.115581095,0.44647858,0.5367597,2021:12:23:14:32:06.836
9802,1640237526859,-0.105727404,0.4438154,0.45979437,2021:12:23:14:32:06.859
9803,1640237526876,-0.16351795,0.42304277,0.40386802,2021:12:23:14:32:06.876
9804,1640237526900,-0.1912148,0.46591964,0.38362804,2021:12:23:14:32:06.900
9805,1640237526918,-0.0050600017,0.12689951,0.2757701,2021:12:23:14:32:06.918
9806,1640237526939,0.92438245,0.6150565,0.4888228,2021:12:23:14:32:06.939
9807,1640237526960,1.2298467,0.5122586,0.3359575,2021:12:23:14:32:06.960
9808,1640237526985,-0.09693898,0.19001637,0.3258375,2021:12:23:14:32:06.985
9809,1640237527002,0.32277486,0.37697014,-0.034487907,2021:12:23:14:32:07.002
9810,1640237527020,0.31744853,0.3479417,-0.69388604,2021:12:23:14:32:07.020
9811,1640237527038,0.40719697,0.32024485,-0.58016914,2021:12:23:14:32:07.038
9812,1640237527057,0.6604634,0.3681817,-0.24754061,2021:12:23:14:32:07.057
9813,1640237527085,0.49774438,0.26724797,-0.2155827,2021:12:23:14:32:07.085
9814,1640237527102,0.49188542,0.139949,-0.17164059,2021:12:23:14:32:07.102
9815,1640237527120,0.5097286,0.0813595,-0.27363956,2021:12:23:14:32:07.120
9816,1640237527137,1.0508825,0.1953427,-0.5237102,2021:12:23:14:32:07.137
9817,1640237527155,1.0373003,0.26351956,-0.6486123,2021:12:23:14:32:07.155
9818,1640237527176,0.17710006,0.48003438,-0.3948133,2021:12:23:14:32:07.176
9819,1640237527204,-0.31771484,0.32530484,-0.2675143,2021:12:23:14:32:07.204
9820,1640237527219,0.03435475,0.3394196,-0.46512067,2021:12:23:14:32:07.219
9821,1640237527236,-0.023435798,-0.08002792,-0.3969438,2021:12:23:14:32:07.236
9822,1640237527255,0.12969583,0.10133319,-0.75806814,2021:12:23:14:32:07.255
9823,1640237527275,0.37630433,0.13595426,-1.0587388,2021:12:23:14:32:07.275
9824,1640237527303,0.035153694,-0.20892482,-1.1269157,2021:12:23:14:32:07.303
9825,1640237527320,0.38642433,-0.10373004,-0.94076085,2021:12:23:14:32:07.320
9826,1640237527339,-0.1073253,-0.25686166,-0.7170555,2021:12:23:14:32:07.339
9827,1640237527358,0.23222744,0.012650005,-0.4403533,2021:12:23:14:32:07.358
9828,1640237527385,-0.05219791,0.063782655,-0.0014647373,2021:12:23:14:32:07.385
9829,1640237527400,0.22104219,0.077098444,0.32850063,2021:12:23:14:32:07.400
9830,1640237527419,0.29241484,0.13036162,0.32024485,2021:12:23:14:32:07.419
9831,1640237527439,-0.062317915,0.0595216,0.46299016,2021:12:23:14:32:07.439
9832,1640237527469,-0.22157481,-0.042477384,0.65606916,2021:12:23:14:32:07.469
9833,1640237527484,-0.22370534,0.07496792,0.80733657,2021:12:23:14:32:07.484
9834,1640237527502,-0.2833601,0.069375284,1.0273135,2021:12:23:14:32:07.502
9835,1640237527519,0.008522108,0.21691428,1.1381009,2021:12:23:14:32:07.519
9836,1640237527541,0.007989476,0.14207952,1.0427598,2021:12:23:14:32:07.541
9837,1640237527576,-0.15366426,0.2440785,1.0361019,2021:12:23:14:32:07.576
9838,1640237527600,-0.026897904,0.16897742,1.0147966,2021:12:23:14:32:07.600
9839,1640237527619,-0.109455824,0.23342587,0.7990808,2021:12:23:14:32:07.619
9840,1640237527634,0.04074633,0.327968,0.699745,2021:12:23:14:32:07.634
9841,1640237527659,-0.0452737,0.35220274,0.61212707,2021:12:23:14:32:07.659
9842,1640237527684,-0.061252654,0.40413436,0.4315649,2021:12:23:14:32:07.684
9843,1640237527699,-0.077764235,0.4001396,0.22943114,2021:12:23:14:32:07.699
9844,1640237527718,0.1291632,0.32637012,0.17164059,2021:12:23:14:32:07.718
9845,1640237527736,-0.26258746,0.34634382,0.06591318,2021:12:23:14:32:07.736
9846,1640237527759,-0.24101587,0.45739752,-0.10586056,2021:12:23:14:32:07.759
9847,1640237527787,-0.085487396,0.28535748,-0.28162906,2021:12:23:14:32:07.787
9848,1640237527805,-0.114515826,0.38575855,-0.49681228,2021:12:23:14:32:07.805
9849,1640237527817,-0.07723161,0.27736798,-0.58735967,2021:12:23:14:32:07.817
9850,1640237527837,-0.12463583,0.47124594,-0.6496776,2021:12:23:14:32:07.837
9851,1640237527856,-0.027430536,0.28509116,-0.7902924,2021:12:23:14:32:07.856
9852,1640237527882,0.37630433,0.28509116,-0.7998797,2021:12:23:14:32:07.882
9853,1640237527900,0.15286532,0.1165132,-0.8342345,2021:12:23:14:32:07.900
9854,1640237527917,0.06791055,0.19880481,-0.85633874,2021:12:23:14:32:07.917
9855,1640237527942,-0.06391581,0.20439744,-0.8238482,2021:12:23:14:32:07.942
9856,1640237527956,-0.04340949,0.25606272,-0.8076029,2021:12:23:14:32:07.956
9857,1640237527975,0.015180005,0.23981746,-0.8547408,2021:12:23:14:32:07.975
9858,1640237528004,-0.019840533,0.051265806,-0.87391555,2021:12:23:14:32:08.004
9859,1640237528023,-0.1098553,0.12769847,-0.97138715,2021:12:23:14:32:08.023
9860,1640237528036,-0.21265323,0.22490376,-0.91359663,2021:12:23:14:32:08.036
9861,1640237528059,-0.1801627,0.06138581,-0.9098682,2021:12:23:14:32:08.059
9862,1640237528075,0.09520793,0.2842922,-0.92291766,2021:12:23:14:32:08.075
9863,1640237528102,0.17936374,0.040346857,-1.0030788,2021:12:23:14:32:08.102
9864,1640237528117,0.1047953,0.10159951,-1.024384,2021:12:23:14:32:08.117
9865,1640237528136,0.11438267,0.10745846,-0.90747136,2021:12:23:14:32:08.136
9866,1640237528156,-0.021172112,0.0595216,-0.9032103,2021:12:23:14:32:08.156
9867,1640237528182,-0.071505815,0.016112112,-0.8528766,2021:12:23:14:32:08.182
9868,1640237528201,0.1468732,0.097604774,-0.8882966,2021:12:23:14:32:08.201
9869,1640237528219,0.075500555,0.06085318,-1.0384988,2021:12:23:14:32:08.219
9870,1640237528239,-0.032490537,-0.025433166,-1.1040125,2021:12:23:14:32:08.239
9871,1640237528259,-0.30306748,-0.14447637,-1.2105389,2021:12:23:14:32:08.259
9872,1640237528282,-0.036485277,0.119975306,-1.335441,2021:12:23:14:32:08.282
9873,1640237528302,-0.300138,-0.14873742,-1.4116074,2021:12:23:14:32:08.302
9874,1640237528319,0.14061478,-0.009986846,-1.7229306,2021:12:23:14:32:08.319
9875,1640237528341,-0.007190529,-0.22916481,-1.7647421,2021:12:23:14:32:08.341
9876,1640237528364,0.06551371,-0.15539531,-1.55382,2021:12:23:14:32:08.364
9877,1640237528383,-0.04447475,-0.2624543,-1.2763189,2021:12:23:14:32:08.383
9878,1640237528401,0.23755376,-0.18469006,-1.0888325,2021:12:23:14:32:08.401
9879,1640237528421,0.30067062,-0.21291955,-0.8904272,2021:12:23:14:32:08.421
9880,1640237528439,0.544616,-0.23049639,-0.88350296,2021:12:23:14:32:08.439
9881,1640237528461,0.19680743,-0.40413436,-0.7788408,2021:12:23:14:32:08.461
9882,1640237528487,0.17310533,-0.1769669,-0.47470805,2021:12:23:14:32:08.487
9883,1640237528501,0.1760348,-0.28402588,-0.60866493,2021:12:23:14:32:08.501
9884,1640237528518,0.21252008,-0.33675644,-0.9167924,2021:12:23:14:32:08.518
9885,1640237528550,0.22237375,-0.29041746,-1.1482209,2021:12:23:14:32:08.550
9886,1640237528565,0.3033338,-0.33063117,-1.2576767,2021:12:23:14:32:08.565
9887,1640237528584,0.2162485,-0.3814975,-1.233442,2021:12:23:14:32:08.584
9888,1640237528600,0.2181127,-0.34581116,-1.1578083,2021:12:23:14:32:08.600
9889,1640237528617,0.2535327,-0.41638488,-1.025183,2021:12:23:14:32:08.617
9890,1640237528635,0.3467433,-0.44940805,-0.8837693,2021:12:23:14:32:08.635
9891,1640237528656,0.34168327,-0.55540174,-0.70240813,2021:12:23:14:32:08.656
9892,1640237528682,0.2836264,-0.5878923,-0.44248384,2021:12:23:14:32:08.682
9893,1640237528701,0.29960537,-0.495747,-0.25286692,2021:12:23:14:32:08.701
9894,1640237528718,0.24394535,-0.48429543,-0.14447637,2021:12:23:14:32:08.718
9895,1640237528740,0.23169482,-0.4067975,0.05632581,2021:12:23:14:32:08.740
9896,1640237528756,0.2745717,-0.36099118,0.12397004,2021:12:23:14:32:08.756
9897,1640237528783,0.2263685,-0.48962176,-0.0054594753,2021:12:23:14:32:08.783
9898,1640237528801,0.18375796,-0.43555963,-0.18575533,2021:12:23:14:32:08.801
9899,1640237528820,0.086552665,-0.4347607,-0.18788585,2021:12:23:14:32:08.820
9900,1640237528839,0.019973692,-0.37883434,-0.2912164,2021:12:23:14:32:08.839
9901,1640237528865,0.19307901,-0.36525223,-0.3814975,2021:12:23:14:32:08.865
9902,1640237528882,0.17683375,-0.5085302,-0.41984698,2021:12:23:14:32:08.882
9903,1640237528900,0.084422134,-0.52450913,-0.37883434,2021:12:23:14:32:08.900
9904,1640237528918,-0.025566325,-0.49654597,-0.31065747,2021:12:23:14:32:08.918
9905,1640237528937,0.12783162,-0.46272385,-0.28828695,2021:12:23:14:32:08.937
9906,1640237528956,0.17843165,-0.5021386,-0.21398482,2021:12:23:14:32:08.956
9907,1640237528981,0.2511359,-0.49521437,-0.09414266,2021:12:23:14:32:08.981
9908,1640237529000,0.21678112,-0.44275016,0.0930774,2021:12:23:14:32:09.000
9909,1640237529015,0.11584741,-0.44301647,0.2946785,2021:12:23:14:32:09.015
9910,1640237529037,0.14887057,-0.3716438,0.44647858,2021:12:23:14:32:09.037
9911,1640237529067,0.14727268,-0.31731537,0.6198502,2021:12:23:14:32:09.067
9912,1640237529083,0.11025477,-0.3143859,0.7306376,2021:12:23:14:32:09.083
9913,1640237529099,0.09454214,-0.2890859,0.89415556,2021:12:23:14:32:09.099
9914,1640237529117,0.071905285,-0.23102903,1.0459557,2021:12:23:14:32:09.117
9915,1640237529139,-0.08628634,-0.19747323,1.1916304,2021:12:23:14:32:09.139
9916,1640237529169,-0.13022846,-0.08668582,1.2896347,2021:12:23:14:32:09.169
9917,1640237529185,-0.14034846,-0.03422159,1.2598072,2021:12:23:14:32:09.185
9918,1640237529198,-0.010652635,-0.049934227,1.2920315,2021:12:23:14:32:09.198
9919,1640237529219,-0.018908428,0.0035952644,1.3623389,2021:12:23:14:32:09.219
9920,1640237529238,-0.10998846,-0.006524739,1.2829767,2021:12:23:14:32:09.238
9921,1640237529266,-0.032490537,0.011584741,1.1942936,2021:12:23:14:32:09.266
9922,1640237529283,-0.10599372,-0.011584741,1.1151978,2021:12:23:14:32:09.283
9923,1640237529300,-0.021571586,0.05632581,0.91572714,2021:12:23:14:32:09.300
9924,1640237529318,-0.0013315794,0.16152059,0.7109302,2021:12:23:14:32:09.318
9925,1640237529348,0.024767376,0.16445005,0.45100594,2021:12:23:14:32:09.348
9926,1640237529382,-0.024501061,0.07496792,0.12876374,2021:12:23:14:32:09.382
9927,1640237529399,0.0055926335,0.010519478,-0.21291955,2021:12:23:14:32:09.399
9928,1640237529417,-0.015978953,-0.0083889505,-0.45926175,2021:12:23:14:32:09.417
9929,1640237529435,-0.03169159,-0.013182636,-0.6328997,2021:12:23:14:32:09.435
9930,1640237529466,-0.018908428,-0.017710006,-0.80467343,2021:12:23:14:32:09.466
9931,1640237529482,0.11052109,0.004660528,-0.9154608,2021:12:23:14:32:09.482
9932,1640237529497,-0.03755054,-0.069375284,-0.8576703,2021:12:23:14:32:09.497
9933,1640237529517,-0.041012645,-0.05819002,-0.7748461,2021:12:23:14:32:09.517
9934,1640237529538,0.018642113,-0.045140542,-0.64248705,2021:12:23:14:32:09.538
9935,1640237529565,0.00053263176,-0.11278477,-0.5242428,2021:12:23:14:32:09.565
9936,1640237529581,0.012783162,-0.07310371,-0.37590486,2021:12:23:14:32:09.581
9937,1640237529600,-0.035952643,-0.06298371,-0.20146796,2021:12:23:14:32:09.600
9938,1640237529619,0.06498107,-0.023568956,-0.09041424,2021:12:23:14:32:09.619
9939,1640237529637,-0.03169159,-0.044874225,0.007323687,2021:12:23:14:32:09.637
9940,1640237529666,0.03036001,-0.03342264,0.11944267,2021:12:23:14:32:09.666
9941,1640237529681,-0.014913689,-0.05313002,0.21265323,2021:12:23:14:32:09.681
9942,1640237529701,0.07749792,-0.041678436,0.24221429,2021:12:23:14:32:09.701
9943,1640237529715,0.017843165,-0.036618434,0.3181143,2021:12:23:14:32:09.715
9944,1640237529749,0.07563371,0.002263685,0.32690275,2021:12:23:14:32:09.749
9945,1640237529764,0.02077264,-0.018508954,0.35246906,2021:12:23:14:32:09.764
9946,1640237529781,0.06471476,0.0033289485,0.36205643,2021:12:23:14:32:09.781
9947,1640237529797,0.00452737,0.017177375,0.36072487,2021:12:23:14:32:09.797
9948,1640237529816,0.024501061,0.029427905,0.35566485,2021:12:23:14:32:09.816
9949,1640237529834,-0.007989476,0.04540686,0.36338803,2021:12:23:14:32:09.834
9950,1640237529864,-0.03435475,0.037417382,0.37883434,2021:12:23:14:32:09.864
9951,1640237529882,-0.019174743,0.06644581,0.3649859,2021:12:23:14:32:09.882
9952,1640237529899,-0.030093694,0.0661795,0.33063117,2021:12:23:14:32:09.899
9953,1640237529917,-0.04394212,0.046205804,0.32024485,2021:12:23:14:32:09.917
9954,1640237529936,-0.049534753,0.052064754,0.31172273,2021:12:23:14:32:09.936
9955,1640237529957,-0.02077264,0.07976161,0.2909501,2021:12:23:14:32:09.957
9956,1640237529984,-0.048203174,0.051532123,0.2472743,2021:12:23:14:32:09.984
9957,1640237530003,-0.026365273,0.07843003,0.1684448,2021:12:23:14:32:10.003
9958,1640237530018,-0.05432844,0.06191844,0.12796478,2021:12:23:14:32:10.018
9959,1640237530037,-0.0018642112,0.07203845,0.042211067,2021:12:23:14:32:10.037
9960,1640237530059,-0.06977476,0.035819486,-0.0014647373,2021:12:23:14:32:10.059
9961,1640237530084,-0.02077264,0.08242477,-0.056059495,2021:12:23:14:32:10.084
9962,1640237530100,-0.03542001,0.08189213,-0.09201214,2021:12:23:14:32:10.100
9963,1640237530118,-0.04980107,0.077098444,-0.12104057,2021:12:23:14:32:10.118
9964,1640237530149,-0.057790548,0.06591318,-0.14820479,2021:12:23:14:32:10.149
9965,1640237530163,-0.045806333,0.043542646,-0.1868206,2021:12:23:14:32:10.163
9966,1640237530182,-0.01810948,0.029960537,-0.18761954,2021:12:23:14:32:10.182
9967,1640237530198,-0.03169159,0.043010015,-0.14873742,2021:12:23:14:32:10.198
9968,1640237530216,0.027696852,0.036618434,-0.13861741,2021:12:23:14:32:10.216
9969,1640237530233,-0.010652635,0.015046847,-0.083223715,2021:12:23:14:32:10.233
9970,1640237530255,0.023568956,0.054727912,-0.07416897,2021:12:23:14:32:10.255
9971,1640237530281,0.027563693,0.040346857,-0.0025300009,2021:12:23:14:32:10.281
9972,1640237530299,0.024367902,0.042743698,0.08535424,2021:12:23:14:32:10.299
9973,1640237530315,-0.012650005,0.05552686,0.1668469,2021:12:23:14:32:10.315
9974,1640237530349,0.010519478,0.047537386,0.18975006,2021:12:23:14:32:10.349
9975,1640237530365,-0.017710006,0.024900535,0.19640796,2021:12:23:14:32:10.365
9976,1640237530379,-0.0035952644,0.029427905,0.24754061,2021:12:23:14:32:10.379
9977,1640237530397,-0.023835272,0.02916159,0.29041746,2021:12:23:14:32:10.397
9978,1640237530417,-0.0139815835,0.02516685,0.32983223,2021:12:23:14:32:10.417
9979,1640237530439,-0.019307902,0.025699483,0.33063117,2021:12:23:14:32:10.439
9980,1640237530463,-0.012650005,0.04913528,0.3042659,2021:12:23:14:32:10.463
9981,1640237530481,-0.005992107,0.03928159,0.26511747,2021:12:23:14:32:10.481
9982,1640237530502,-0.0014647373,0.042743698,0.2020006,2021:12:23:14:32:10.502
9983,1640237530518,-0.0017310532,0.03289001,0.10506161,2021:12:23:14:32:10.518
9984,1640237530536,0.0017310532,0.013715268,0.023835272,2021:12:23:14:32:10.536
9985,1640237530565,0.005992107,0.011052109,-0.020639481,2021:12:23:14:32:10.565
9986,1640237530580,0.008921582,0.018508954,-0.07177213,2021:12:23:14:32:10.580
9987,1640237530599,0.009454214,0.020373166,-0.0864195,2021:12:23:14:32:10.599
9988,1640237530620,0.0075900024,0.009720529,-0.08934898,2021:12:23:14:32:10.620
9989,1640237530637,0.009187898,-0.008122634,-0.09041424,2021:12:23:14:32:10.637
9990,1640237530665,0.0038615803,-0.02197106,-0.08961529,2021:12:23:14:32:10.665
9991,1640237530678,0.0017310532,-0.035020538,-0.061119493,2021:12:23:14:32:10.678
9992,1640237530697,0.0035952644,-0.044341594,-0.0041278964,2021:12:23:14:32:10.697
9993,1640237530716,0.0014647373,-0.03874896,0.05419528,2021:12:23:14:32:10.716
9994,1640237530737,0.0027963168,-0.03368896,0.0981374,2021:12:23:14:32:10.737
9995,1640237530765,0.013715268,-0.02463422,0.12796478,2021:12:23:14:32:10.765
9996,1640237530779,0.004660528,-0.014514215,0.13355741,2021:12:23:14:32:10.779
9997,1640237530797,0.004660528,-0.0083889505,0.114915304,2021:12:23:14:32:10.797
9998,1640237530817,0.010785793,-0.0139815835,0.0880174,2021:12:23:14:32:10.817
9999,1640237530836,0.0142479,-0.027563693,0.04540686,2021:12:23:14:32:10.836
10000,1640237530865,0.009454214,-0.024900535,0.0142479,2021:12:23:14:32:10.865
10001,1640237530881,0.012383688,-0.015046847,-0.013715268,2021:12:23:14:32:10.881
10002,1640237530898,0.008921582,-0.012117373,-0.03555317,2021:12:23:14:32:10.898
10003,1640237530917,0.007323687,-0.015046847,-0.048602648,2021:12:23:14:32:10.917
10004,1640237530947,0.0057257917,-0.008921582,-0.058722652,2021:12:23:14:32:10.947
10005,1640237530963,0.0057257917,-0.001997369,-0.06404897,2021:12:23:14:32:10.963
10006,1640237530981,0.00519316,0.012117373,-0.058456335,2021:12:23:14:32:10.981
10007,1640237530999,0.004660528,0.023302639,-0.04540686,2021:12:23:14:32:10.999
10008,1640237531019,0.0038615803,0.023568956,-0.024101587,2021:12:23:14:32:11.019
10009,1640237531038,0.0017310532,0.019307902,0.004394212,2021:12:23:14:32:11.038
10010,1640237531061,0.0009321056,0.022770008,0.02969422,2021:12:23:14:32:11.061
10011,1640237531077,0.0006657897,0.028895274,0.04647212,2021:12:23:14:32:11.077
10012,1640237531103,0.0011984215,0.03901528,0.048070017,2021:12:23:14:32:11.103
10013,1640237531135,-0.002263685,0.038482644,0.029427905,2021:12:23:14:32:11.135
10014,1640237531155,0.0054594753,0.0478037,0.0030626326,2021:12:23:14:32:11.155
10015,1640237531177,-0.010785793,0.02516685,-0.006791055,2021:12:23:14:32:11.177
10016,1640237531195,-0.04913528,-0.013715268,-0.03555317,2021:12:23:14:32:11.195
10017,1640237531218,-0.048868965,-0.01291632,-0.057391074,2021:12:23:14:32:11.218
10018,1640237531236,0.024234746,0.06404897,-0.059255283,2021:12:23:14:32:11.236
10019,1640237531263,0.04207791,0.069375284,-0.06591318,2021:12:23:14:32:11.263
10020,1640237531279,0.023435798,0.04540686,-0.068576336,2021:12:23:14:32:11.279
10021,1640237531296,0.008522108,0.028362641,-0.06724476,2021:12:23:14:32:11.296
10022,1640237531318,0.008788424,0.03342264,-0.058988966,2021:12:23:14:32:11.318
10023,1640237531338,0.0061252653,0.028362641,-0.04593949,2021:12:23:14:32:11.338
10024,1640237531362,-0.0050600017,0.013182636,-0.02916159,2021:12:23:14:32:11.362
10025,1640237531380,0.017044216,0.03555317,-0.008122634,2021:12:23:14:32:11.380
10026,1640237531396,0.030093694,0.036618434,0.012383688,2021:12:23:14:32:11.396
10027,1640237531417,-0.023435798,-0.0017310532,0.023835272,2021:12:23:14:32:11.417
10028,1640237531435,-0.008788424,0.007856319,0.021704745,2021:12:23:14:32:11.435
10029,1640237531460,0.009587372,0.015046847,0.015845794,2021:12:23:14:32:11.460
